Test_ID,Validity_Label,oof_probability_invalid,prediction_at_selected_threshold,fold,selected_threshold,Applied_Voltage_kV,Load_Current_A,Ambient_Temperature_C,Test_Duration_min,Sensor_S1,Sensor_S2,Sensor_S3,Sensor_S4,Reference_Parameter,missing_any,missing_columns,missing_critical_measurement,non_finite_value,duplicate_full_row,duplicate_test_id,duplicate_measurement_pair,malformed_numeric,invalid_voltage,invalid_current,invalid_duration,invalid_ambient_temp,sensor_s2_negative,sensor_zero_reading,data_quality_issue_count,data_quality_issue,S1_minus_S2,S1_minus_S3,S1_minus_S4,S2_minus_S3,S2_minus_S4,S3_minus_S4,sensor_mean_S1_S2_S3,sensor_median_S1_S2_S3,sensor_std_S1_S2_S3,sensor_mean_S1_S2_S3_S4,sensor_median_S1_S2_S3_S4,sensor_std_S1_S2_S3_S4,max_minus_min_sensors,pairwise_abs_diff_mean,pairwise_abs_diff_max,Apparent_Power_kVA,Thermal_Loading_Index,Apparent_Impedance_Proxy,Sensor_S1_Expected,Sensor_S1_Residual,Sensor_S1_AbsResidual,Sensor_S2_Expected,Sensor_S2_Residual,Sensor_S2_AbsResidual,Sensor_S3_Expected,Sensor_S3_Residual,Sensor_S3_AbsResidual,Sensor_S4_Expected,Sensor_S4_Residual,Sensor_S4_AbsResidual,p1_max_abs_residual,p1_mean_abs_residual,p1_residual_error,p1_consistency_index,p1_sensor_disagreement_index,p1_regime_cluster,source_index,true_invalid,model_name,feature_set_name,OOF_Rank
TRN-0889,Valid,0.08502698455885038,Valid,5,0.4,16.7196,93.1228,33.3421,19.9546,13.6343,15.1361,16.5062,62.9115,34.8501,False,None,False,False,False,False,False,False,False,False,False,False,False,False,0,False,-1.5018000000000011,-2.8719,-49.27719999999999,-1.370099999999999,-47.7754,-46.4053,15.0922,15.1361,1.4364532049461272,27.047024999999998,15.82115,23.938399312871777,49.27719999999999,24.86695,49.27719999999999,1556.97596688,1858.22822488,179.543551144988,13.386363314356895,0.24793668564310423,0.24793668564310423,14.837509356983347,0.29859064301665406,0.29859064301665406,16.062980156980988,0.44321984301901196,0.44321984301901196,49.31060635726554,13.600893642734455,13.600893642734455,13.600893642734455,3.6476602036033063,13.600893642734455,0.2151620291054637,1.821907650875595,2,0,0,Random_Forest,Set_D_Full_Stage5,1
TRN-0820,Valid,0.016291284872435755,Valid,3,0.4,21.4477,82.523,34.4915,47.0553,15.6466,15.9849,19.3289,39.8667,30.4762,False,None,False,False,False,False,False,False,False,False,False,False,False,False,0,False,-0.33830000000000027,-3.6823000000000015,-24.220100000000002,-3.344000000000001,-23.881800000000002,-20.5378,16.9868,15.9849,2.035358943773801,22.706775,17.6569,11.560027970950879,24.220100000000002,12.667383333333335,24.220100000000002,1769.9285471,3883.1445219,259.8996328417977,15.389301684365533,0.2572983156344666,0.2572983156344666,15.834489140496126,0.15041085950387334,0.15041085950387334,19.04359316841162,0.28530683158838244,0.28530683158838244,48.541143379740696,-8.674443379740694,8.674443379740694,8.674443379740694,2.341864846616854,8.674443379740694,0.2992341240287897,1.0666459386478535,4,1,0,Random_Forest,Set_D_Full_Stage5,2
TRN-0411,Valid,0.07913278780522877,Valid,4,0.4,19.2432,107.3619,29.4673,5.2763,15.108,16.6481,18.3834,44.539,46.8046,False,None,False,False,False,False,False,False,False,False,False,False,False,False,0,False,-1.540099999999999,-3.275400000000001,-29.431,-1.7353000000000023,-27.890900000000002,-26.1556,16.713166666666666,16.6481,1.6386691378473373,23.669625,17.51575,13.977102985567742,29.431,15.004716666666667,29.431,2065.9865140800002,566.47359297,179.23675165615066,15.21190347957065,-0.10390347957064883,0.10390347957064883,16.664796805448926,-0.01669680544892671,0.01669680544892671,18.119183113617787,0.26421688638221497,0.26421688638221497,50.67912551461976,-6.140125514619761,6.140125514619761,6.140125514619761,1.631235671505388,6.140125514619761,0.38004957550148977,1.2434074289696484,2,2,0,Random_Forest,Set_D_Full_Stage5,3
TRN-0754,Valid,0.006260794587343393,Valid,5,0.4,22.7191,69.969,26.9695,20.3051,14.9296,14.7026,18.6269,44.2673,23.7153,False,None,False,False,False,False,False,False,False,False,False,False,False,False,0,False,0.2270000000000003,-3.6972999999999985,-29.337699999999998,-3.924299999999999,-29.5647,-25.6404,16.086366666666667,14.9296,2.2030920233465805,23.1316,16.77825,14.204822908435007,29.5647,15.398566666666667,29.5647,1589.6327079,1420.7275418999998,324.7023217850303,14.986812754073075,-0.057212754073074024,0.057212754073074024,14.744090271772336,-0.041490271772335774,0.041490271772335774,18.736354527215806,-0.10945452721580651,0.10945452721580651,48.9582906214785,-4.690990621478498,4.690990621478498,4.690990621478498,1.2247870436349286,4.690990621478498,0.44948122242125604,1.2781081818342952,4,3,0,Random_Forest,Set_D_Full_Stage5,4
TRN-0707,Valid,0.030668118840930913,Valid,1,0.4,13.5008,108.8999,35.5415,29.1939,12.6845,15.2455,14.6132,44.072,48.5994,False,None,False,False,False,False,False,False,False,False,False,False,False,False,0,False,-2.561,-1.928700000000001,-31.387500000000003,0.632299999999999,-28.826500000000003,-29.458800000000004,14.181066666666666,14.6132,1.334066963586661,21.6538,14.92935,14.985108063007088,31.387500000000003,15.799133333333335,31.387500000000003,1470.23576992,3179.21279061,123.9743907960989,12.81740719807179,-0.13290719807178952,0.13290719807178952,15.208774050490703,0.03672594950929664,0.03672594950929664,14.911952828002235,-0.29875282800223424,0.29875282800223424,50.21945548777993,-6.147455487779929,6.147455487779929,6.147455487779929,1.6539603658408124,6.147455487779929,0.3767953782848546,1.4495139654407239,2,4,0,Random_Forest,Set_D_Full_Stage5,5
TRN-0140,Valid,0.03119693034238489,Valid,1,0.4,13.4841,75.9719,25.2769,59.8003,11.3356,12.4198,13.764,,22.9154,True,Sensor_S4,False,False,False,False,False,False,False,False,False,False,False,False,1,True,-1.084200000000001,-2.4284,,-1.344199999999999,,,12.506466666666668,12.4198,1.2165175598129823,12.506466666666668,12.4198,1.2165175598129823,2.4284,1.6189333333333333,2.4284,1024.4126967900002,4543.14241157,177.4879689085084,11.335751993848378,-0.0001519938483784955,0.0001519938483784955,12.341173018902577,0.07862698109742361,0.07862698109742361,13.645547225882176,0.11845277411782362,0.11845277411782362,49.46724449181881,,,0.11845277411782362,0.06574391635454191,0.11845277411782362,0.9383117132120969,0.1941713933287366,4,5,0,Random_Forest,Set_D_Full_Stage5,6
TRN-0881,Valid,0.03969171665337511,Valid,4,0.4,21.5217,69.0397,30.813,17.2425,14.6484,14.5557,18.4782,54.8324,24.2957,False,None,False,False,False,False,False,False,False,False,False,False,False,False,0,False,0.09270000000000067,-3.8298000000000005,-40.184,-3.922500000000001,-40.2767,-36.3542,15.8941,14.6484,2.2383761815208816,25.628675,16.5633,19.554744190157535,40.2767,20.77665,40.2767,1485.8517114899998,1190.4170272499998,311.729293185038,14.330918638670862,0.31748136132913807,0.31748136132913807,14.347675232682661,0.20802476731733854,0.20802476731733854,17.91252619100817,0.5656738089918321,0.5656738089918321,50.379255891262304,4.453144108737696,4.453144108737696,4.453144108737696,1.3860810115940012,4.453144108737696,0.4190972540919549,1.571547662316658,4,6,0,Random_Forest,Set_D_Full_Stage5,7
TRN-0381,Valid,0.0003593972596026449,Valid,3,0.4,27.5517,31.9359,38.4775,36.8148,15.6381,13.8904,20.6009,46.5897,20.8262,False,None,False,False,False,False,False,False,False,False,False,False,False,False,0,False,1.7477,-4.9628,-30.9516,-6.7105,-32.6993,-25.9888,16.7098,15.6381,3.4812509576300297,24.179775,18.1195,15.20794238183347,32.6993,17.176783333333333,32.6993,879.88833603,1175.71377132,862.7184883724935,15.417784325193109,0.22031567480689063,0.22031567480689063,13.698087750213965,0.19231224978603478,0.19231224978603478,20.40470830102151,0.1961916989784882,0.1961916989784882,50.12779037583828,-3.53809037583828,3.53809037583828,3.53809037583828,1.0367274998524234,3.53809037583828,0.49098369814933895,1.352340395086226,3,7,0,Random_Forest,Set_D_Full_Stage5,8
TRN-0095,Valid,0.04309573668392959,Valid,5,0.4,27.0232,98.1134,49.9673,29.2064,18.5386,19.0188,22.7145,43.2755,51.1599,False,None,False,False,False,False,False,False,False,False,False,False,False,False,0,False,-0.48019999999999996,-4.175900000000002,-24.736900000000002,-3.695700000000002,-24.256700000000002,-20.561,20.090633333333333,19.0188,2.2849847315317753,25.886850000000003,20.86665,11.74160469172194,24.736900000000002,12.9844,24.736900000000002,2651.3380308799997,2865.5392057599997,275.4282008952701,18.755471167910468,-0.2168711679104689,0.2168711679104689,19.440450075715773,-0.4216500757157746,0.4216500757157746,23.349977848742604,-0.6354778487426032,0.6354778487426032,48.67121008557958,-5.39571008557958,5.39571008557958,5.39571008557958,1.6674272944871067,5.39571008557958,0.3748930672137702,0.9555774628518098,1,8,0,Random_Forest,Set_D_Full_Stage5,9
TRN-0135,Invalid,0.9888311688311688,Invalid,1,0.4,23.8796,37.0768,27.7869,13.8211,4.7556,12.2665,17.5003,34.8471,18.4965,False,None,False,False,False,False,False,False,False,False,False,False,False,False,0,False,-7.5109,-12.744699999999998,-30.091499999999996,-5.233799999999999,-22.580599999999997,-17.346799999999998,11.507466666666668,12.2665,6.406164470518481,17.342375,14.8834,12.788429008906188,30.091499999999996,15.91805,30.091499999999996,885.37915328,512.44216048,644.0575659017051,13.644926569006559,-8.88932656900656,8.88932656900656,12.316838268999694,-0.050338268999693625,0.050338268999693625,17.770444992892447,-0.27014499289244753,0.27014499289244753,49.32371114941998,-14.47661114941998,14.47661114941998,14.47661114941998,5.92160524507967,14.47661114941998,0.14447515635348684,1.7351419657676839,4,9,1,Random_Forest,Set_D_Full_Stage5,10
TRN-0633,Valid,0.07369552699152761,Valid,3,0.4,27.3166,35.2106,18.0,41.4065,15.4562,13.3195,20.1433,61.2734,18.9191,False,None,False,False,False,False,False,False,False,False,False,False,False,False,0,False,2.136700000000001,-4.687099999999999,-45.8172,-6.8238,-47.953900000000004,-41.1301,16.30633333333333,15.4562,3.490430721749586,27.548099999999998,17.79975,22.66343624063512,47.953900000000004,24.758133333333333,47.953900000000004,961.83387596,1457.9477089,775.8059289515292,15.509988151430116,-0.053788151430115505,0.053788151430115505,13.273384119160662,0.04611588083933782,0.04611588083933782,20.242054452671276,-0.09875445267127603,0.09875445267127603,48.150090118136625,13.123309881863378,13.123309881863378,13.123309881863378,3.330492091701027,13.123309881863378,0.23092063876906835,1.740732848823386,3,10,0,Random_Forest,Set_D_Full_Stage5,11
TRN-0138,Valid,0.029067040224580194,Valid,5,0.4,17.7127,48.0925,30.733,23.2218,11.7089,11.4861,14.8118,65.0676,17.5449,False,None,False,False,False,False,False,False,False,False,False,False,False,False,0,False,0.22279999999999944,-3.1029,-53.3587,-3.3256999999999994,-53.5815,-50.2558,12.668933333333333,11.7089,1.8591175657642882,25.7686,13.260349999999999,26.243271122200703,53.5815,27.3079,53.5815,851.8480247500001,1116.7944165000001,368.3047526527519,11.413981965545288,0.294918034454712,0.294918034454712,11.305414316874856,0.18068568312514444,0.18068568312514444,14.50296016598726,0.3088398340127405,0.3088398340127405,49.7905379625461,15.277062037453902,15.277062037453902,15.277062037453902,4.015376397261624,15.277062037453902,0.1993868297793155,2.0793321797334046,4,11,0,Random_Forest,Set_D_Full_Stage5,12
TRN-0591,Valid,0.0983864070490656,Valid,3,0.4,10.2728,88.373,37.5953,58.4948,10.6857,12.8873,12.4997,83.903,31.5651,False,None,False,False,False,False,False,False,False,False,False,False,False,False,0,False,-2.201599999999999,-1.814,-73.21730000000001,0.38759999999999906,-71.01570000000001,-71.4033,12.024233333333333,12.4997,1.1752923267567659,29.993925,12.6935,35.95219254902961,73.21730000000001,36.67325,73.21730000000001,907.8381544,5169.3609604,116.24363592458828,10.487570157892643,0.19812984210735785,0.19812984210735785,12.6644878142156,0.22281218578440054,0.22281218578440054,12.306558034278474,0.19314196572152653,0.19314196572152653,49.086993257950404,34.8160067420496,34.8160067420496,34.8160067420496,8.857522683915722,34.8160067420496,0.10144536635271208,2.441070169685972,2,12,0,Random_Forest,Set_D_Full_Stage5,13
TRN-0262,Valid,0.07225948620604605,Valid,2,0.4,30.7232,28.9017,38.9336,45.1598,17.0465,14.7144,22.609,53.4406,22.15,False,None,False,False,False,False,False,False,False,False,False,False,False,False,0,False,2.3321000000000023,-5.5625,-36.3941,-7.894600000000002,-38.726200000000006,-30.8316,18.1233,17.0465,4.05595869924732,26.952625,19.82775,17.966499950440173,38.726200000000006,20.290183333333335,38.726200000000006,887.95270944,1305.19499166,1063.0236065616878,16.87316169497565,0.17333830502435177,0.17333830502435177,14.624090740705423,0.09030925929457645,0.09030925929457645,22.440831594713238,0.1681684052867638,0.1681684052867638,48.50809082569534,4.932509174304663,4.932509174304663,4.932509174304663,1.3410812859775887,4.932509174304663,0.42715304504363677,1.4368242659762211,3,13,0,Random_Forest,Set_D_Full_Stage5,14
TRN-0729,Valid,0.22195370731138328,Valid,4,0.4,27.8122,59.7061,25.295,56.0876,17.8995,16.2175,22.741,53.7565,22.7879,False,None,False,False,False,False,False,False,False,False,False,False,False,False,0,False,1.6819999999999986,-4.8415,-35.857,-6.5234999999999985,-37.539,-31.015500000000003,18.95266666666667,17.8995,3.386869215563738,27.653625,20.32025,17.62027125394215,37.539,19.576416666666667,37.539,1660.55799442,3348.77185436,465.81832244639617,17.28497505935765,0.614524940642351,0.614524940642351,15.883138547812443,0.334361452187558,0.334361452187558,22.087674830878157,0.6533251691218425,0.6533251691218425,47.816019568726325,5.940480431273677,5.940480431273677,5.940480431273677,1.8856729983063572,5.940480431273677,0.3465396115869381,1.3574707267236297,3,14,0,Random_Forest,Set_D_Full_Stage5,15
TRN-0307,Valid,0.05907313174584217,Valid,3,0.4,30.2039,105.7357,25.4332,14.8461,20.5299,20.3649,25.1377,39.4088,47.2164,False,None,False,False,False,False,False,False,False,False,False,False,False,False,0,False,0.1650000000000027,-4.6077999999999975,-18.878899999999998,-4.7728,-19.0439,-14.2711,22.010833333333334,20.5299,2.7092023943096852,26.360325,22.8338,8.97582843581397,19.0439,10.289916666666668,19.0439,3193.63050923,1569.76277577,285.6546761732626,20.468466024335967,0.06143397566403408,0.06143397566403408,20.25795898723709,0.10694101276290979,0.10694101276290979,25.223991827805403,-0.0862918278054039,0.0862918278054039,47.32971232187472,-7.920912321874724,7.920912321874724,7.920912321874724,2.043894784526768,7.920912321874724,0.32852646717073347,0.7224452951754976,1,15,0,Random_Forest,Set_D_Full_Stage5,16
TRN-0091,Valid,0.15133089288994184,Valid,5,0.4,13.8779,70.3753,33.7208,28.7584,10.7783,12.0405,12.8023,60.3125,23.2446,False,None,False,False,False,False,False,False,False,False,False,False,False,False,0,False,-1.2622,-2.024000000000001,-49.5342,-0.7618000000000009,-48.272,-47.5102,11.8737,12.0405,1.0222576387584497,23.9834,12.4214,24.233778288716486,49.5342,24.894066666666664,49.5342,976.6613758699999,2023.88102752,197.19842086663633,10.870712691532692,-0.09241269153269194,0.09241269153269194,12.013023419025352,0.027476580974648,0.027476580974648,13.243146341266957,-0.44084634126695654,0.44084634126695654,49.77415599105365,10.538344008946353,10.538344008946353,10.538344008946353,2.7747699056801625,10.538344008946353,0.26491680949750857,2.065352675036619,4,16,0,Random_Forest,Set_D_Full_Stage5,17
TRN-0542,Valid,0.03068653241388994,Valid,1,0.4,29.8252,29.6371,52.0927,40.8807,16.4051,14.7736,21.9869,50.5573,29.9678,False,None,False,False,False,False,False,False,False,False,False,False,False,False,0,False,1.6315000000000008,-5.581799999999998,-34.15219999999999,-7.2132999999999985,-35.783699999999996,-28.5704,17.721866666666667,16.4051,3.782635333115436,25.930725,19.195999999999998,16.705696850351178,35.783699999999996,18.822149999999997,35.783699999999996,883.93243492,1211.58539397,1006.3464352630873,16.445990689421514,-0.04089068942151286,0.04089068942151286,14.744718415872924,0.028881584127075755,0.028881584127075755,21.977409788424662,0.00949021157533636,0.00949021157533636,48.197930112052816,2.3593698879471816,2.3593698879471816,2.3593698879471816,0.6096580932677766,2.3593698879471816,0.621249943812536,1.3799724535382432,3,17,0,Random_Forest,Set_D_Full_Stage5,18
TRN-0937,Valid,0.014490048944430874,Valid,3,0.4,18.9717,104.0403,31.8576,48.305,15.2581,16.7679,18.2016,48.5457,45.3832,False,None,False,False,False,False,False,False,False,False,False,False,False,False,0,False,-1.5098000000000003,-2.9434999999999985,-33.2876,-1.4336999999999982,-31.777799999999996,-30.344099999999997,16.742533333333334,16.7679,1.4719139456277093,24.693325,17.48475,15.946934071554317,33.2876,16.882749999999998,33.2876,1973.8213595099999,5025.6666915,182.34951433727943,15.395897913294355,-0.13779791329435476,0.13779791329435476,16.72751177447114,0.040388225528861454,0.040388225528861454,18.48057312550532,-0.2789731255053205,0.2789731255053205,47.8505367771976,0.6951632228023996,0.6951632228023996,0.6951632228023996,0.2880806217827341,0.6951632228023996,0.7763489203152333,1.3480398658180435,2,18,0,Random_Forest,Set_D_Full_Stage5,19
TRN-0092,Valid,0.0412025619346448,Valid,5,0.4,22.8334,18.3011,31.7408,26.9067,12.3229,10.8597,16.5175,28.9254,17.4823,False,None,False,False,False,False,False,False,False,False,False,False,False,False,0,False,1.4632000000000005,-4.194599999999998,-16.6025,-5.657799999999998,-18.0657,-12.407900000000001,13.233366666666667,12.3229,2.936730728775338,17.156375,14.4202,8.204240922585912,18.0657,9.73195,18.0657,417.87633674000006,492.4222073700001,1247.6510987584907,12.278337532137977,0.04456246786202378,0.04456246786202378,10.61326593736399,0.24643406263601086,0.24643406263601086,16.424823160957583,0.09267683904241508,0.09267683904241508,49.7758010770011,-20.8504010770011,20.8504010770011,20.8504010770011,5.308518611635387,20.8504010770011,0.15851581988766858,1.0530015501517365,4,19,0,Random_Forest,Set_D_Full_Stage5,20
TRN-0268,Valid,0.3605385323681098,Valid,1,0.4,31.5596,18.2128,38.845,24.4453,16.4547,13.878,22.1,70.4553,20.7222,False,None,False,False,False,False,False,False,False,False,False,False,False,False,0,False,2.576699999999999,-5.645300000000002,-54.00059999999999,-8.222000000000001,-56.577299999999994,-48.35529999999999,17.477566666666664,16.4547,4.205355295731068,30.721999999999998,19.27735,26.710486069332397,56.577299999999994,29.229533333333332,56.577299999999994,574.78868288,445.21735984000003,1732.8243143150341,16.436551819761554,0.018148180238444667,0.018148180238444667,13.812611922073609,0.06538807792639112,0.06538807792639112,22.12558867999288,-0.025588679992878838,0.025588679992878838,48.32058489584045,22.134715104159547,22.134715104159547,22.134715104159547,5.560960010579315,22.134715104159547,0.1524167192586962,1.8415884898156076,3,20,0,Random_Forest,Set_D_Full_Stage5,21
TRN-0782,Valid,0.05343891585303265,Valid,4,0.4,16.2048,93.1196,42.8621,12.8741,13.1151,14.8764,15.7166,32.2974,36.8118,False,None,False,False,False,False,False,False,False,False,False,False,False,False,0,False,-1.7613000000000003,-2.6014999999999997,-19.182300000000005,-0.8401999999999994,-17.421000000000003,-16.580800000000004,14.569366666666667,14.8764,1.3276492998278322,19.001375000000003,15.2965,8.930055612508806,19.182300000000005,9.731183333333336,19.182300000000005,1508.9844940799999,1198.83104236,174.02134738322033,13.069866982089264,0.04523301791073564,0.04523301791073564,14.901386717418626,-0.024986717418626014,0.024986717418626014,15.720264291556463,-0.003664291556463084,0.003664291556463084,51.44847036853156,-19.151070368531556,19.151070368531556,19.151070368531556,4.806238598854345,19.151070368531556,0.17222854055589698,1.0095211480636808,2,21,0,Random_Forest,Set_D_Full_Stage5,22
TRN-0919,Valid,0.008406485791985295,Valid,3,0.4,22.6926,50.8001,43.6073,31.9818,14.0837,13.6443,18.1982,49.2786,21.2594,False,None,False,False,False,False,False,False,False,False,False,False,False,False,0,False,0.4394000000000009,-4.1145,-35.1949,-4.5539000000000005,-35.634299999999996,-31.080399999999997,15.308733333333334,14.0837,2.511977568238485,23.8012,16.14095,17.10832101269243,35.634299999999996,18.502899999999997,35.634299999999996,1152.78634926,1624.67863818,446.70375713753367,14.071649329636925,0.01205067036307561,0.01205067036307561,13.739517226747585,-0.09521722674758593,0.09521722674758593,18.159585497867482,0.038614502132517714,0.038614502132517714,50.485292321920916,-1.2066923219209187,1.2066923219209187,1.2066923219209187,0.3381436802910245,1.2066923219209187,0.7473039066944711,1.4971633795088566,4,22,0,Random_Forest,Set_D_Full_Stage5,23
TRN-0053,Valid,0.07176914430091359,Valid,1,0.4,26.4931,101.8024,42.852,30.4912,18.56,19.2644,22.9828,68.2684,48.1264,False,None,False,False,False,False,False,False,False,False,False,False,False,False,0,False,-0.7043999999999997,-4.422800000000002,-49.7084,-3.7184000000000026,-49.004000000000005,-45.2856,20.269066666666664,19.2644,2.3764061717924694,32.2689,21.1236,24.077974810463882,49.7084,25.473933333333335,49.7084,2697.06116344,3104.0773388800003,260.2404009885424,18.700922964180243,-0.14092296418024475,0.14092296418024475,19.344158807378648,-0.07975880737864927,0.07975880737864927,23.11066618390354,-0.12786618390353865,0.12786618390353865,48.920979418142885,19.347420581857115,19.347420581857115,19.347420581857115,4.923992134329887,19.347420581857115,0.1688050857132204,1.540442487831166,1,23,0,Random_Forest,Set_D_Full_Stage5,24
TRN-0408,Valid,0.05511110052394169,Valid,2,0.4,31.1979,55.0224,21.7758,25.6304,18.3841,16.3698,23.7608,30.0802,22.1385,False,None,False,False,False,False,False,False,False,False,False,False,False,False,0,False,2.0142999999999986,-5.3767,-11.696100000000001,-7.390999999999998,-13.7104,-6.319400000000002,19.504900000000003,18.3841,3.820846075151418,22.148725000000002,21.07245,6.1393663361267725,13.7104,7.751316666666667,13.7104,1716.58333296,1410.24612096,567.0035172941352,18.296780436349938,0.08731956365006255,0.08731956365006255,16.30006459647361,0.06973540352639063,0.06973540352639063,23.53601622758793,0.2247837724120707,0.2247837724120707,48.367112915765475,-18.286912915765473,18.286912915765473,18.286912915765473,4.667187913838499,18.286912915765473,0.17645435711742263,0.6190150362989127,3,24,0,Random_Forest,Set_D_Full_Stage5,25
TRN-0501,Valid,0.013235603837576423,Valid,5,0.4,14.229,84.784,39.199,37.0993,11.9475,13.5096,14.4506,42.1564,30.3824,False,None,False,False,False,False,False,False,False,False,False,False,False,False,0,False,-1.562100000000001,-2.5031,-30.2089,-0.940999999999999,-28.6468,-27.705799999999996,13.302566666666666,13.5096,1.2643276882728358,20.516025,13.9801,14.463803355589658,30.2089,15.261283333333333,30.2089,1206.391536,3145.4270512000003,167.8264568991252,11.943576734804697,0.0039232651953025055,0.0039232651953025055,13.604487561878637,-0.094887561878636,0.094887561878636,14.385814985297044,0.06478501470295583,0.06478501470295583,49.543031312271,-7.386631312271,7.386631312271,7.386631312271,1.8875567885119735,7.386631312271,0.34631353536611265,1.4724531323913224,4,25,0,Random_Forest,Set_D_Full_Stage5,26
TRN-0311,Valid,0.00929397064625865,Valid,1,0.4,20.0873,84.2981,33.9545,11.1637,14.4518,15.2547,17.5092,45.2027,29.9962,False,None,False,False,False,False,False,False,False,False,False,False,False,False,0,False,-0.8028999999999993,-3.0573999999999995,-30.7509,-2.2545,-29.948,-27.6935,15.738566666666665,15.2547,1.585092711273802,23.104599999999998,16.38195,14.788806607476255,30.7509,15.751199999999999,30.7509,1693.32122413,941.0786989700001,238.288853688416,14.409895863241607,0.04190413675839366,0.04190413675839366,15.191485025326141,0.06321497467385839,0.06321497467385839,17.669324188423452,-0.16012418842345255,0.16012418842345255,49.88866042202228,-4.685960422022276,4.685960422022276,4.685960422022276,1.2378009304694952,4.685960422022276,0.4468672733057618,1.3309421799372507,4,26,0,Random_Forest,Set_D_Full_Stage5,27
TRN-0562,Valid,0.0652605973643181,Valid,4,0.4,30.7015,55.1126,37.3272,53.9099,18.3063,16.9658,23.7367,31.425,23.8068,False,None,False,False,False,False,False,False,False,False,False,False,False,False,0,False,1.3404999999999987,-5.430399999999999,-13.1187,-6.7708999999999975,-14.4592,-7.688300000000002,19.6696,18.3063,3.5854165546000356,22.60845,21.0215,6.5663915917851465,14.4592,8.134666666666666,14.4592,1692.0394889,2971.11475474,557.0685184388835,18.409081407450635,-0.10278140745063524,0.10278140745063524,16.856023540255112,0.10977645974488937,0.10977645974488937,23.84437501560621,-0.10767501560621184,0.10767501560621184,48.339866534164436,-16.914866534164435,16.914866534164435,16.914866534164435,4.308774854241543,16.914866534164435,0.18836737805918283,0.6395482045216702,3,27,0,Random_Forest,Set_D_Full_Stage5,28
TRN-0126,Valid,0.012502254402459787,Valid,3,0.4,27.1839,35.792,32.8674,28.726,15.6886,13.7668,20.7464,46.0688,20.623,False,None,False,False,False,False,False,False,False,False,False,False,False,False,0,False,1.9217999999999993,-5.057800000000002,-30.380200000000002,-6.979600000000001,-32.30200000000001,-25.322400000000002,16.733933333333333,15.6886,3.6053079443139584,24.06765,18.2175,14.959916360171718,32.30200000000001,16.99396666666667,32.30200000000001,972.9661488,1028.160992,759.4963233414385,15.346858545891829,0.3417414541081705,0.3417414541081705,13.646193830543673,0.12060616945632674,0.12060616945632674,20.155265884210895,0.5911341157891066,0.5911341157891066,49.74742610504577,-3.6786261050457654,3.6786261050457654,3.6786261050457654,1.1830269610998423,3.6786261050457654,0.45807954634522,1.342132970135028,3,28,0,Random_Forest,Set_D_Full_Stage5,29
TRN-0676,Valid,0.057201838321061134,Valid,3,0.4,28.9435,99.9672,33.2564,54.1579,20.242,19.9359,25.0693,38.6309,45.2288,False,None,False,False,False,False,False,False,False,False,False,False,False,False,0,False,0.3061000000000007,-4.8272999999999975,-18.388899999999996,-5.133399999999998,-18.694999999999997,-13.561599999999999,21.749066666666664,20.242,2.8794767481841776,25.969524999999997,22.65565,8.762229457687503,18.694999999999997,10.152049999999997,18.694999999999997,2893.4006532000003,5414.01362088,289.52993686629844,20.034147778733995,0.20785222126600544,0.20785222126600544,19.92779790443374,0.008102095566261625,0.008102095566261625,24.861509839463128,0.20779016053687016,0.20779016053687016,47.314240347294515,-8.683340347294518,8.683340347294518,8.683340347294518,2.2767712061659138,8.683340347294518,0.3051784629083336,0.7198819693922128,1,29,0,Random_Forest,Set_D_Full_Stage5,30
TRN-0360,Valid,0.01727919484818466,Valid,2,0.4,31.1338,64.9587,39.5961,9.0647,18.6229,17.3282,24.1833,48.479,28.4009,False,None,False,False,False,False,False,False,False,False,False,False,False,False,0,False,1.2947000000000024,-5.560399999999998,-29.856099999999998,-6.8551,-31.1508,-24.2957,20.0448,18.6229,3.6420390868303425,27.15335,21.403100000000002,14.52476843934755,31.1508,16.502133333333333,31.1508,2022.41117406,588.83112789,479.28599567325153,18.642233699358165,-0.01933369935816387,0.01933369935816387,17.54566883811229,-0.21746883811229267,0.21746883811229267,23.927785144176678,0.25551485582332134,0.25551485582332134,48.434481421544206,0.044518578455793545,0.044518578455793545,0.25551485582332134,0.13420899293739286,0.25551485582332134,0.8816717256051584,1.147217139978257,3,30,0,Random_Forest,Set_D_Full_Stage5,31
TRN-0367,Valid,0.012252074027279411,Valid,3,0.4,24.0314,97.8945,45.1767,31.2893,17.3437,18.1727,21.6014,52.8876,45.131,False,None,False,False,False,False,False,False,False,False,False,False,False,False,0,False,-0.8290000000000006,-4.257700000000003,-35.5439,-3.4287000000000027,-34.7149,-31.286199999999997,19.039266666666666,18.1727,2.2572562245640926,27.501350000000002,19.887050000000002,17.02422453848241,35.5439,18.3434,35.5439,2352.5418873,3063.05037885,245.48261184411672,17.301367151415704,0.042332848584294425,0.042332848584294425,18.238594178672628,-0.06589417867262881,0.06589417867262881,21.34251917529249,0.2588808247075107,0.2588808247075107,49.270856629008904,3.616743370991095,3.616743370991095,3.616743370991095,0.9959628057388823,3.616743370991095,0.5010113400534093,1.292441537436694,2,31,0,Random_Forest,Set_D_Full_Stage5,32
TRN-0405,Valid,0.034470238095238095,Valid,5,0.4,24.6143,33.6779,42.1612,26.794,14.0177,13.065,18.7117,,20.1763,True,Sensor_S4,False,False,False,False,False,False,False,False,False,False,False,False,1,True,0.9527000000000001,-4.694000000000001,,-5.646700000000001,,,15.2648,14.0177,3.0228709912928804,15.2648,14.0177,3.0228709912928804,5.646700000000001,3.7644666666666673,5.646700000000001,828.95793397,902.3656526000001,730.8737388988804,13.99983256031776,0.017867439682239805,0.017867439682239805,12.870212738412004,0.19478726158799553,0.19478726158799553,18.468187980673612,0.24351201932638844,0.24351201932638844,49.68795867574828,,,0.24351201932638844,0.15205557353220792,0.24351201932638844,0.8680136817827243,0.3699161666604433,4,32,0,Random_Forest,Set_D_Full_Stage5,33
TRN-0868,Valid,0.025194701678798892,Valid,4,0.4,28.3339,101.6303,50.6215,7.7931,19.0319,19.8449,23.5519,54.1915,55.1412,False,None,False,False,False,False,False,False,False,False,False,False,False,False,0,False,-0.8129999999999988,-4.52,-35.1596,-3.7070000000000007,-34.346599999999995,-30.639599999999998,20.80956666666667,19.8449,2.40946806024345,29.155050000000003,21.6984,16.80650843641633,35.1596,18.197633333333332,35.1596,2879.58275717,792.01509093,278.7937968505655,19.319430010873795,-0.2875300108737946,0.2875300108737946,20.012263123104884,-0.16736312310488444,0.16736312310488444,24.02900977141578,-0.4771097714157797,0.4771097714157797,50.92297262706395,3.268527372936049,3.268527372936049,3.268527372936049,1.050132569582627,3.268527372936049,0.48777333467931955,1.2059518999446406,1,33,0,Random_Forest,Set_D_Full_Stage5,34
TRN-0020,Valid,0.07024026847439624,Valid,5,0.4,9.4876,21.4776,37.3279,15.6388,6.1571,6.5039,8.2616,52.9346,13.5381,False,None,False,False,False,False,False,False,False,False,False,False,False,False,0,False,-0.3468,-2.1045,-46.7775,-1.7576999999999998,-46.4307,-44.673,6.9742,6.5039,1.1283247006070547,18.4643,7.38275,22.99865944919399,46.7775,23.681700000000003,46.7775,203.77087776,335.88389087999997,441.74375081771205,5.911675087104806,0.24542491289519397,0.24542491289519397,6.35565739186363,0.14824260813636947,0.14824260813636947,7.813956174070761,0.447643825929239,0.447643825929239,51.22905041271715,1.705549587282853,1.705549587282853,1.705549587282853,0.6367152335609139,1.705549587282853,0.6109798329574739,2.5334009231864068,4,34,0,Random_Forest,Set_D_Full_Stage5,35
TRN-0316,Valid,0.395951568978115,Valid,4,0.4,22.2248,47.0868,39.5367,20.27,13.0209,12.675,16.6458,61.0745,19.7399,False,None,False,False,False,False,False,False,False,False,False,False,False,False,0,False,0.34589999999999854,-3.624900000000002,-48.0536,-3.9708000000000006,-48.3995,-44.4287,14.113900000000001,13.0209,2.199499922709706,25.85405,14.83335,23.548878700057035,48.3995,24.8039,48.3995,1046.4947126399998,954.4494359999999,471.99629790168416,13.501939299473607,-0.4810392994736077,0.4810392994736077,13.033561882637208,-0.3585618826372077,0.3585618826372077,17.435864475900125,-0.7900644759001239,0.7900644759001239,50.85840597702174,10.216094022978261,10.216094022978261,10.216094022978261,2.9614399202473,10.216094022978261,0.25243346362238234,1.8720270626741022,4,35,0,Random_Forest,Set_D_Full_Stage5,36
TRN-0067,Valid,0.21615784708037927,Valid,5,0.4,30.9408,29.3598,18.0356,35.4607,16.7021,13.7519,21.9045,43.0005,19.7801,False,None,False,False,False,False,False,False,False,False,False,False,False,False,0,False,2.9502000000000024,-5.202399999999997,-26.2984,-8.1526,-29.248600000000003,-21.096000000000004,17.452833333333334,16.7021,4.127822924173629,23.839750000000002,19.3033,13.2109840444735,29.248600000000003,15.49136666666667,29.248600000000003,908.41569984,1041.11905986,1053.8487817189553,16.8649969843769,-0.16289698437689992,0.16289698437689992,13.980546546840655,-0.22864654684065577,0.22864654684065577,22.19567691897705,-0.291176918977051,0.291176918977051,48.365704470210645,-5.365204470210642,5.365204470210642,5.365204470210642,1.5119812301013122,5.365204470210642,0.39809214655623376,1.2268831565418443,3,36,0,Random_Forest,Set_D_Full_Stage5,37
TRN-0317,Valid,0.01395820901283874,Valid,5,0.4,25.933,70.3816,24.6378,10.6208,16.6609,15.9391,20.9687,48.0101,24.0015,False,None,False,False,False,False,False,False,False,False,False,False,False,False,0,False,0.7218000000000018,-4.307799999999997,-31.3492,-5.0295999999999985,-32.071,-27.041400000000003,17.856233333333332,16.6609,2.7195285204118242,25.3947,18.814799999999998,15.239569405115532,32.071,16.753466666666668,32.071,1825.2060328000002,747.50889728,368.4627276926458,16.43528709547046,0.22561290452954097,0.22561290452954097,15.73254068303073,0.206559316969269,0.206559316969269,20.6557296174554,0.31297038254459864,0.31297038254459864,48.76519655416346,-0.7550965541634582,0.7550965541634582,0.7550965541634582,0.3750597895517167,0.7550965541634582,0.7272411044220921,1.2629008167449047,3,37,0,Random_Forest,Set_D_Full_Stage5,38
TRN-0087,Invalid,0.929625,Invalid,3,0.4,17.6142,31.0902,47.58,51.1189,10.8589,10.9508,3.2181,51.1091,20.3176,False,None,False,False,False,False,False,False,False,False,False,False,False,False,0,False,-0.09189999999999898,7.6408000000000005,-40.2502,7.7326999999999995,-40.1583,-47.891,8.3426,10.8589,4.438185055853349,19.034225,10.90485,21.688131277018005,47.891,23.960816666666663,47.891,547.62900084,1589.29682478,566.5513356133652,10.785528947716847,0.07337105228315366,0.07337105228315366,10.607187384098674,0.34361261590132486,0.34361261590132486,14.261161333161093,-11.043061333161093,11.043061333161093,51.235100032102935,-0.12600003210293664,0.12600003210293664,11.043061333161093,2.896511258362127,11.043061333161093,0.2566398333519363,2.5160454307725004,4,38,1,Random_Forest,Set_D_Full_Stage5,39
TRN-0801,Valid,0.06847738025806531,Valid,3,0.4,11.2999,91.5588,48.8199,21.2042,10.7983,13.3691,12.9707,43.4485,39.321,False,None,False,False,False,False,False,False,False,False,False,False,False,False,0,False,-2.5708,-2.1724000000000014,-32.650200000000005,0.39839999999999876,-30.079400000000003,-30.477800000000002,12.379366666666668,12.9707,1.383658011697014,20.14665,13.1699,15.575593124607916,32.650200000000005,16.391500000000004,32.650200000000005,1034.60528412,1941.43110696,123.41685087431782,10.720869231089283,0.0774307689107161,0.0774307689107161,13.327402175604197,0.041697824395802385,0.041697824395802385,12.652908768890484,0.317791231109517,0.317791231109517,50.80793610611633,-7.359436106116327,7.359436106116327,7.359436106116327,1.9490889826330906,7.359436106116327,0.33908776774417676,1.6206259499093152,2,39,0,Random_Forest,Set_D_Full_Stage5,40
TRN-0012,Valid,0.06811267333488852,Valid,2,0.4,30.2939,43.3171,28.5824,30.3499,17.0338,15.1496,22.2573,38.2619,21.3846,False,None,False,False,False,False,False,False,False,False,False,False,False,False,0,False,1.8841999999999999,-5.223500000000001,-21.228099999999998,-7.107700000000001,-23.112299999999998,-16.004599999999996,18.1469,17.0338,3.6822674441164653,23.175649999999997,19.64555,10.497271166196796,23.112299999999998,12.426733333333331,23.112299999999998,1312.24389569,1314.6696532900003,699.3518265646069,17.278506960348153,-0.24470696034815376,0.24470696034815376,15.247678396514543,-0.09807839651454309,0.09807839651454309,22.523187688578833,-0.2658876885788324,0.2658876885788324,48.52397473238765,-10.262074732387653,10.262074732387653,10.262074732387653,2.7176869444572955,10.262074732387653,0.2689844559103884,0.9972660972761941,3,40,0,Random_Forest,Set_D_Full_Stage5,41
TRN-0578,Valid,0.08345632280868033,Valid,1,0.4,30.4866,60.5018,36.4074,15.0767,18.0583,16.8822,23.2278,38.5682,23.1545,False,None,False,False,False,False,False,False,False,False,False,False,False,False,0,False,1.1760999999999981,-5.169499999999999,-20.5099,-6.3455999999999975,-21.685999999999996,-15.340399999999999,19.389433333333333,18.0583,3.3757364831001437,24.184125,20.64305,9.977641868155354,21.685999999999996,11.704583333333332,21.685999999999996,1844.49417588,912.1674880600001,503.89566857586567,18.146304575376888,-0.088004575376889,0.088004575376889,16.878509688934667,0.0036903110653341287,0.0036903110653341287,23.342776123865555,-0.11497612386555645,0.11497612386555645,48.73325420161339,-10.165054201613394,10.165054201613394,10.165054201613394,2.5929313029802934,10.165054201613394,0.27832427499254214,0.896703562066619,3,41,0,Random_Forest,Set_D_Full_Stage5,42
TRN-0859,Valid,0.13968097902785706,Valid,1,0.4,16.4487,20.9785,23.3935,58.5618,9.8089,8.7051,12.9031,61.0478,15.4105,False,None,False,False,False,False,False,False,False,False,False,False,False,False,0,False,1.1037999999999997,-3.0942000000000007,-51.2389,-4.198,-52.3427,-48.1447,10.472366666666666,9.8089,2.1762219586552596,23.116225,11.356,25.35006723638355,52.3427,26.68705,52.3427,345.06905294999996,1228.5387213,784.0737974241258,9.702038152266628,0.10686184773337182,0.10686184773337182,8.621801567309596,0.0832984326904036,0.0832984326904036,12.81027948395187,0.09282051604813013,0.09282051604813013,49.051731189529576,11.996068810470426,11.996068810470426,11.996068810470426,3.069762401735583,11.996068810470426,0.24571459001477386,2.2643263489923857,4,42,0,Random_Forest,Set_D_Full_Stage5,43
TRN-0533,Invalid,0.8078458550226187,Invalid,2,0.4,17.5311,72.927,28.746,36.0802,12.6016,13.0752,,56.541,23.5153,True,Sensor_S3,False,False,False,False,False,False,False,False,False,False,False,False,1,True,-0.47360000000000113,,-43.9394,,-43.465799999999994,,12.8384,12.8384,0.3348857715699497,27.405933333333333,13.0752,25.232819035798066,43.9394,29.292933333333327,43.9394,1278.4905297,2631.2207454,240.39241427833113,12.843780484741927,-0.24218048474192777,0.24218048474192777,13.393337425597286,-0.31813742559728553,0.31813742559728553,15.796787271217426,,,49.91858716903904,6.622412830960954,6.622412830960954,6.622412830960954,2.3942435804333893,6.622412830960954,0.2946164517374785,1.6032799698070357,4,43,1,Random_Forest,Set_D_Full_Stage5,44
TRN-0967,Valid,0.04159920390101666,Valid,2,0.4,26.4104,30.8751,38.339,14.2777,14.5452,13.0594,19.2013,49.5647,19.7664,False,None,False,False,False,False,False,False,False,False,False,False,False,False,0,False,1.4857999999999993,-4.6561,-35.0195,-6.1419,-36.505300000000005,-30.363400000000002,15.601966666666664,14.5452,3.2044189400472174,24.09265,16.87325,17.181744605733922,36.505300000000005,19.02866666666667,36.505300000000005,815.42374104,440.82541526999995,855.3945232907672,14.548350395303915,-0.0031503953039155874,0.0031503953039155874,13.018657382025888,0.040742617974112605,0.040742617974112605,19.247164388570944,-0.045864388570944215,0.045864388570944215,49.11582682492236,0.4488731750776438,0.4488731750776438,0.4488731750776438,0.13465764423165405,0.4488731750776438,0.8813231066513997,1.5152042157237933,3,44,0,Random_Forest,Set_D_Full_Stage5,45
TRN-0788,Valid,0.05177534722128589,Valid,1,0.4,20.1531,58.459,22.9316,43.5898,13.2875,12.8528,16.6355,61.1192,18.6948,False,None,False,False,False,False,False,False,False,False,False,False,False,False,0,False,0.4346999999999994,-3.3480000000000008,-47.8317,-3.7827,-48.2664,-44.4837,14.258600000000001,13.2875,2.069898845354526,25.973750000000003,14.961500000000001,23.491174489795096,48.2664,24.6912,48.2664,1178.1300729,2548.2161182,344.73898890863865,13.380714973568974,-0.09321497356897446,0.09321497356897446,12.94662717527198,-0.09382717527197926,0.09382717527197926,16.827871868882355,-0.19237186888235414,0.19237186888235414,49.107927552783195,12.011272447216804,12.011272447216804,12.011272447216804,3.097671616235028,12.011272447216804,0.24404102955395138,1.85827542874039,4,45,0,Random_Forest,Set_D_Full_Stage5,46
TRN-0700,Valid,0.17954248514315677,Valid,2,0.4,24.4753,49.2252,36.9219,22.1919,14.2996,13.6599,18.5642,60.5208,20.5104,False,None,False,False,False,False,False,False,False,False,False,False,False,False,0,False,0.6396999999999995,-4.2646,-46.2212,-4.904299999999999,-46.8609,-41.9566,15.5079,14.2996,2.666089137669631,26.761125,16.4319,22.6114789239706,46.8609,24.14121666666667,46.8609,1204.80153756,1092.40071588,497.2106772119407,14.72165273056931,-0.4220527305693107,0.4220527305693107,13.928283440831482,-0.2683834408314816,0.2683834408314816,19.006395694063198,-0.4421956940631979,0.4421956940631979,49.24583118985021,11.274968810149794,11.274968810149794,11.274968810149794,3.101900168903446,11.274968810149794,0.2437894533809018,1.751080438105484,4,46,0,Random_Forest,Set_D_Full_Stage5,47
TRN-0151,Valid,0.033399889326702084,Valid,2,0.4,25.549,19.7697,34.1753,21.4309,13.6684,11.704,18.6616,46.3824,18.466,False,None,False,False,False,False,False,False,False,False,False,False,False,False,0,False,1.9643999999999995,-4.9932,-32.714,-6.957599999999999,-34.678399999999996,-27.720799999999997,14.677999999999999,13.6684,3.5869929690480293,22.6041,16.165,16.12048150273434,34.678399999999996,18.1714,34.678399999999996,505.0960653,423.68246373000005,1292.330540002863,13.599441961460524,0.06895803853947591,0.06895803853947591,11.705634298779184,-0.0016342987791837515,0.0016342987791837515,18.2047792116984,0.45682078830159867,0.45682078830159867,49.22935240110781,-2.8469524011078136,2.8469524011078136,2.8469524011078136,0.843591381682018,2.8469524011078136,0.542419545858172,1.5341634773499155,3,47,0,Random_Forest,Set_D_Full_Stage5,48
TRN-0236,Valid,0.029010461017553807,Valid,2,0.4,22.9858,28.4295,35.2647,27.6778,12.9089,11.5537,17.0815,35.1347,18.4935,False,None,False,False,False,False,False,False,False,False,False,False,False,False,0,False,1.3552,-4.172599999999999,-22.225800000000003,-5.527799999999999,-23.581000000000003,-18.053200000000004,13.848033333333333,12.9089,2.881079966494046,19.1697,14.995199999999999,10.90019689241132,23.581000000000003,12.485933333333335,23.581000000000003,653.4748011,786.8660151,808.5190353263213,12.9191332961784,-0.010233296178400408,0.010233296178400408,11.639908440396786,-0.08620844039678666,0.08620844039678666,17.080163489322853,0.0013365106771452417,0.0013365106771452417,49.48487102180716,-14.350171021807157,14.350171021807157,14.350171021807157,3.611987317264872,14.350171021807157,0.21682626841936928,1.230117722177331,4,48,0,Random_Forest,Set_D_Full_Stage5,49
TRN-0130,Valid,0.03305457681962505,Valid,1,0.4,27.9593,15.8726,33.4249,45.782,14.8659,12.4537,20.2947,51.5568,19.0968,False,None,False,False,False,False,False,False,False,False,False,False,False,False,0,False,2.4122000000000003,-5.428799999999999,-36.6909,-7.840999999999999,-39.103100000000005,-31.262100000000004,15.871433333333334,14.8659,4.01604820854199,24.792775,17.5803,18.14149325007454,39.103100000000005,20.45635,39.103100000000005,443.78678518,726.6793732,1761.480941067663,14.819945753954983,0.0459542460450173,0.0459542460450173,12.379176244046048,0.07452375595395111,0.07452375595395111,19.949646329818535,0.34505367018146416,0.34505367018146416,48.20484841832663,3.351951581673376,3.351951581673376,3.351951581673376,0.9543708134634521,3.351951581673376,0.5116736256554317,1.577196753006974,3,49,0,Random_Forest,Set_D_Full_Stage5,50
TRN-0558,Valid,0.041590286517113134,Valid,3,0.4,10.8607,21.0036,44.5708,31.3091,6.8793,7.0831,9.3319,47.3849,15.0884,False,None,False,False,False,False,False,False,False,False,False,False,False,False,0,False,-0.2038000000000002,-2.4525999999999994,-40.5056,-2.2487999999999992,-40.3018,-38.053000000000004,7.764766666666667,7.0831,1.3609973450868051,17.669800000000002,8.2075,19.841210073648902,40.5056,20.6276,40.5056,228.11379852,657.60381276,517.0873007068785,6.741741697207333,0.1375583027926668,0.1375583027926668,7.146617109679667,-0.06351710967966717,0.06351710967966717,9.026127466344779,0.3057725336552206,0.3057725336552206,52.14582314217086,-4.76092314217086,4.76092314217086,4.76092314217086,1.3169427720746036,4.76092314217086,0.43160323683980956,2.2923619439031886,4,50,0,Random_Forest,Set_D_Full_Stage5,51
TRN-0335,Valid,0.023810363713060154,Valid,3,0.4,19.3366,109.2824,43.2863,42.829,15.6796,17.4192,19.0115,46.0047,53.154,False,None,False,False,False,False,False,False,False,False,False,False,False,False,0,False,-1.7395999999999994,-3.331900000000001,-30.3251,-1.5923000000000016,-28.5855,-26.993199999999998,17.370099999999997,17.4192,1.6664925772411954,24.52875,18.21535,14.381812969742953,30.3251,15.427933333333334,30.3251,2113.15005584,4680.4559096,176.94155903040573,15.810557473662078,-0.1309574736620771,0.1309574736620771,17.619191743790687,-0.19999174379068663,0.19999174379068663,19.02155459505215,-0.010054595052150006,0.010054595052150006,48.81630682975661,-2.811606829756613,2.811606829756613,2.811606829756613,0.7881526605653817,2.811606829756613,0.5592363683779762,1.2363079095722735,2,51,0,Random_Forest,Set_D_Full_Stage5,52
TRN-0747,Valid,0.13880959552143765,Valid,4,0.4,8.1623,16.276,27.7498,24.8249,4.8959,4.9854,6.5243,58.8781,11.9183,False,None,False,False,False,False,False,False,False,False,False,False,False,False,0,False,-0.08950000000000014,-1.6284,-53.982200000000006,-1.5389,-53.892700000000005,-52.35380000000001,5.468533333333333,4.9854,0.9154152081614841,18.820925000000003,5.75485,26.71524114712736,53.982200000000006,27.247583333333335,53.982200000000006,132.8495948,404.0500724,501.49268770417325,5.080040536859327,-0.18414053685932696,0.18414053685932696,5.2321477786335775,-0.24674777863357722,0.24674777863357722,6.71486366501463,-0.19056366501463007,0.19056366501463007,51.59508936827484,7.283010631725162,7.283010631725162,7.283010631725162,1.976115653058174,7.283010631725162,0.33600844744471803,2.8681996935858924,4,52,0,Random_Forest,Set_D_Full_Stage5,53
TRN-0065,Valid,0.08283190177380004,Valid,2,0.4,29.5509,88.0838,38.0994,34.3734,19.4764,19.0039,24.1937,67.1977,37.4703,False,None,False,False,False,False,False,False,False,False,False,False,False,False,0,False,0.47250000000000014,-4.717299999999998,-47.7213,-5.189799999999998,-48.193799999999996,-43.004,20.891333333333332,19.4764,2.869674766124783,32.467925,21.835050000000003,23.271440020817362,48.193799999999996,24.883116666666666,48.193799999999996,2602.95556542,3027.7396909199997,335.4861693652897,19.450899212122728,0.025500787877273723,0.025500787877273723,19.126680959198353,-0.12278095919835152,0.12278095919835152,24.424255550680464,-0.23055555068046374,0.23055555068046374,48.44679477956608,18.750905220433914,18.750905220433914,18.750905220433914,4.782435629547501,18.750905220433914,0.1729375066261229,1.484350637020802,1,53,0,Random_Forest,Set_D_Full_Stage5,54
TRN-0257,Valid,0.04331666666666666,Valid,1,0.4,30.6035,29.4846,36.2652,41.0898,16.7405,14.3861,22.2693,,21.5145,True,Sensor_S4,False,False,False,False,False,False,False,False,False,False,False,False,1,True,2.3544,-5.5288,,-7.8832,,,17.798633333333335,16.7405,4.046720298381559,17.798633333333335,16.7405,4.046720298381559,7.8832,5.255466666666667,7.8832,902.3319561000001,1211.51631708,1037.9482719968146,16.793671007856766,-0.053171007856764874,0.053171007856764874,14.50106538137659,-0.11496538137658874,0.11496538137658874,22.299235110101563,-0.02993511010156169,0.02993511010156169,48.08853340106673,,,0.11496538137658874,0.06602383311163844,0.11496538137658874,0.93806533112968,0.4429101618793792,3,54,0,Random_Forest,Set_D_Full_Stage5,55
TRN-0443,Valid,0.03465715309418149,Valid,4,0.4,9.6318,92.6893,34.5091,30.5353,10.1782,12.5837,11.7777,64.1771,32.9683,False,None,False,False,False,False,False,False,False,False,False,False,False,False,0,False,-2.4055,-1.599499999999999,-53.99889999999999,0.8060000000000009,-51.593399999999995,-52.3994,11.5132,11.7777,1.2243683065156497,24.679175,12.1807,26.35091983155743,53.99889999999999,27.133783333333326,53.99889999999999,892.7647997400001,2830.29558229,103.91489590331398,10.083050271930185,0.09514972806981525,0.09514972806981525,12.481308579592667,0.10239142040733284,0.10239142040733284,11.61133381011468,0.16636618988531993,0.16636618988531993,50.779548207172546,13.39755179282745,13.39755179282745,13.39755179282745,3.4403647827974795,13.39755179282745,0.2252067226265111,2.1880341672547123,2,55,0,Random_Forest,Set_D_Full_Stage5,56
TRN-0507,Valid,0.07057068181403378,Valid,2,0.4,10.6681,75.8719,33.3623,5.2737,9.6188,11.4513,11.3341,67.399,23.1349,False,None,False,False,False,False,False,False,False,False,False,False,False,False,0,False,-1.8324999999999996,-1.7152999999999992,-57.7802,0.11720000000000041,-55.9477,-56.0649,10.801400000000001,11.3341,1.025836746271062,24.9508,11.3927,28.311192877140776,57.7802,28.909633333333332,57.7802,809.40901639,400.12563902999995,140.60671465895612,9.353278453083616,0.26552154691638385,0.26552154691638385,11.152142613426053,0.2991573865739472,0.2991573865739472,11.057056517597575,0.2770434824024246,0.2770434824024246,50.841259132665435,16.557740867334566,16.557740867334566,16.557740867334566,4.34986582080683,16.557740867334566,0.18692057586019734,2.3157644982267107,4,56,0,Random_Forest,Set_D_Full_Stage5,57
TRN-0943,Valid,0.04694771950040127,Valid,2,0.4,24.4524,69.9741,29.5096,22.3974,15.7061,15.1518,19.6866,30.7207,25.1708,False,None,False,False,False,False,False,False,False,False,False,False,False,False,0,False,0.5542999999999996,-3.9804999999999993,-15.014600000000002,-4.534799999999999,-15.568900000000001,-11.034100000000002,16.848166666666668,15.7061,2.4737299697689985,20.3163,17.69635,7.22435846609695,15.568900000000001,8.447866666666666,15.568900000000001,1711.0346828400002,1567.2379073400002,349.44924629981,15.85024702952564,-0.14414702952564085,0.14414702952564085,15.449800233158145,-0.2980002331581453,0.2980002331581453,19.935128576705473,-0.2485285767054748,0.2485285767054748,49.146746932773404,-18.426046932773403,18.426046932773403,18.426046932773403,4.779180693040666,18.426046932773403,0.17303490808034566,0.7663251840516315,4,57,0,Random_Forest,Set_D_Full_Stage5,58
TRN-0438,Valid,0.05708632808515927,Valid,1,0.4,9.2579,44.797,28.7596,5.9031,6.9661,7.9532,8.5018,71.9907,13.9035,False,None,False,False,False,False,False,False,False,False,False,False,False,False,0,False,-0.9870999999999999,-1.5356999999999994,-65.0246,-0.5485999999999995,-64.03750000000001,-63.4889,7.807033333333333,7.9532,0.7782140729473689,23.85295,8.2275,32.09812317654518,65.0246,32.60373333333334,65.0246,414.7261462999999,264.4411707,206.6633465045993,6.944487383358507,0.02161261664149272,0.02161261664149272,7.876331335659322,0.07686866434067774,0.07686866434067774,8.531367365871812,-0.029567365871812967,0.029567365871812967,50.93726651739182,21.053433482608185,21.053433482608185,21.053433482608185,5.295370532365542,21.053433482608185,0.15884688516090267,2.726059994231324,4,58,0,Random_Forest,Set_D_Full_Stage5,59
TRN-0323,Invalid,0.9397195512820512,Invalid,2,0.4,23.8319,94.5641,40.9548,12.1292,23.0025,17.4622,20.4693,53.8698,40.1544,False,None,False,False,False,False,False,False,False,False,False,False,False,False,0,False,5.540300000000002,2.533200000000001,-30.867299999999997,-3.007100000000001,-36.4076,-33.400499999999994,20.311333333333334,20.4693,2.7735259370219234,28.70095,21.7359,16.931360508535633,36.4076,18.626,36.4076,2253.64217479,1146.98688172,252.018445475773,16.803305287214755,6.199194712785246,6.199194712785246,17.59849088060019,-0.136290880600189,0.136290880600189,20.71610509103424,-0.24680509103423987,0.24680509103423987,49.18607602290421,4.683723977095788,4.683723977095788,6.199194712785246,2.8165036653788658,6.199194712785246,0.2620199239087406,1.2685150601234245,2,59,1,Random_Forest,Set_D_Full_Stage5,60
TRN-0541,Valid,0.008606825519561934,Valid,4,0.4,29.5137,89.7528,32.8875,44.0727,19.4791,18.9202,24.4323,46.1615,36.989,False,None,False,False,False,False,False,False,False,False,False,False,False,False,0,False,0.5588999999999977,-4.9532000000000025,-26.682399999999998,-5.5121,-27.241299999999995,-21.729199999999995,20.943866666666665,19.4791,3.0339689588612035,27.248275,21.9557,12.84986003150099,27.241299999999995,14.44618333333333,27.241299999999995,2648.93721336,3955.6482285599996,328.83315853843465,19.631871047460812,-0.1527710474608135,0.1527710474608135,19.156861038129648,-0.23666103812964678,0.23666103812964678,24.57504748655684,-0.14274748655683922,0.14274748655683922,48.317555195409575,-2.1560551954095786,2.1560551954095786,2.1560551954095786,0.6720586918892195,2.1560551954095786,0.5980651306385206,0.9997436535914094,1,60,0,Random_Forest,Set_D_Full_Stage5,61
TRN-0513,Valid,0.33208326831448715,Valid,3,0.4,8.5988,18.8074,39.8048,25.8064,5.467,6.0593,7.4333,30.0082,13.1153,False,None,False,False,False,False,False,False,False,False,False,False,False,False,0,False,-0.5923000000000007,-1.9663000000000004,-24.5412,-1.3739999999999997,-23.9489,-22.5749,6.319866666666666,6.0593,1.0087146094576669,12.24195,6.7463,11.872768034596367,24.5412,12.499600000000001,24.5412,161.72107112000003,485.35128736,457.20277273691596,5.460529027754225,0.006470972245774753,0.006470972245774753,5.97633805603577,0.0829619439642304,0.0829619439642304,7.304132830089759,0.12916716991024124,0.12916716991024124,52.062417647033506,-22.054217647033507,22.054217647033507,22.054217647033507,5.568204433288439,22.054217647033507,0.1522486107362739,2.0046789893121693,4,61,0,Random_Forest,Set_D_Full_Stage5,62
TRN-0830,Valid,0.05504639897927757,Valid,4,0.4,29.6897,109.4003,33.5982,31.3241,20.6293,20.8849,25.3653,48.7288,53.7412,False,None,False,False,False,False,False,False,False,False,False,False,False,False,0,False,-0.2555999999999976,-4.736000000000001,-28.0995,-4.480400000000003,-27.8439,-23.3635,22.293166666666668,20.8849,2.6636131951417683,28.902075000000004,23.1251,13.39554282597387,28.0995,14.796483333333335,28.0995,3248.06208691,3426.8659372300003,271.38588546961154,20.654072455487118,-0.02477245548711693,0.02477245548711693,20.796794856281476,0.08810514371852207,0.08810514371852207,25.465785418870748,-0.10048541887074691,0.10048541887074691,48.73223100313508,-0.0034310031350770487,0.0034310031350770487,0.10048541887074691,0.05419850530286574,0.10048541887074691,0.948587950912248,0.9722308961446897,1,62,0,Random_Forest,Set_D_Full_Stage5,63
TRN-0124,Invalid,0.9290918803418802,Invalid,5,0.4,28.7059,44.4546,28.3929,31.8519,16.5947,25.0,21.7478,58.4106,20.567,False,None,False,False,False,False,False,False,False,False,False,False,False,False,0,False,-8.4053,-5.153100000000002,-41.8159,3.2521999999999984,-33.4106,-36.662800000000004,21.114166666666666,21.7478,4.238323421275603,30.438275,23.3739,18.96659102551554,41.8159,21.449983333333336,41.8159,1276.10930214,1415.96347374,645.7350542497168,16.59814760832218,-0.0034476083221797182,0.0034476083221797182,14.793860550644009,10.206139449355991,10.206139449355991,21.56329494540269,0.18450505459731303,0.18450505459731303,48.68546373628993,9.72513626371007,9.72513626371007,10.206139449355991,5.029807093996388,10.206139449355991,0.16584278475436728,1.3737929058749532,3,63,1,Random_Forest,Set_D_Full_Stage5,64
TRN-0434,Valid,0.020864915572232644,Valid,3,0.4,18.3304,91.2825,54.8353,42.0785,14.206,15.9913,17.3458,,51.9073,True,Sensor_S4,False,False,False,False,False,False,False,False,False,False,False,False,1,True,-1.7853000000000012,-3.139800000000001,,-1.3544999999999998,,,15.847699999999998,15.9913,1.57481799900814,15.847699999999998,15.9913,1.57481799900814,3.139800000000001,2.093200000000001,3.139800000000001,1673.244738,3841.03067625,200.80955267334346,14.344620752175365,-0.13862075217536507,0.13862075217536507,16.11180355250356,-0.12050355250355871,0.12050355250355871,17.61345990217672,-0.267659902176721,0.267659902176721,50.400145401474646,,,0.267659902176721,0.17559473561854824,0.267659902176721,0.8506332749728096,0.1981232619728656,2,64,0,Random_Forest,Set_D_Full_Stage5,65
TRN-0742,Valid,0.0037570321838449427,Valid,2,0.4,31.1274,41.4679,25.8498,14.7618,17.5962,15.2001,23.0903,49.2011,21.1804,False,None,False,False,False,False,False,False,False,False,False,False,False,False,0,False,2.396099999999999,-5.4940999999999995,-31.604899999999997,-7.890199999999998,-34.001,-26.110799999999998,18.628866666666667,17.5962,4.045196452996236,26.271925,20.343249999999998,15.638875885939925,34.001,17.916183333333333,34.001,1290.7879104600001,612.14084622,750.6382646243806,17.39260847858066,0.2035915214193409,0.2035915214193409,15.161896057338081,0.0382039426619194,0.0382039426619194,22.696155850195566,0.3941441498044327,0.3941441498044327,48.47489040576433,0.7262095942356694,0.7262095942356694,0.7262095942356694,0.3405373020303406,0.7262095942356694,0.7459695440667169,1.2941947367028732,3,65,0,Random_Forest,Set_D_Full_Stage5,66
TRN-0351,Valid,0.07166935246340363,Valid,4,0.4,8.8242,109.9343,21.3625,17.1093,10.3528,12.9679,11.602,47.0632,43.8924,False,None,False,False,False,False,False,False,False,False,False,False,False,False,0,False,-2.6151,-1.2492,-36.7104,1.3659,-34.0953,-35.461200000000005,11.640900000000002,11.602,1.307983910451501,20.496475000000004,12.28495,17.743319369906523,36.7104,18.58285,36.7104,970.0822500599999,1880.89891899,80.26793455109691,10.474919790823945,-0.12211979082394464,0.12211979082394464,13.13024055942159,-0.1623405594215903,0.1623405594215903,11.571128345678604,0.03087165432139649,0.03087165432139649,50.607409806842846,-3.5442098068428436,3.5442098068428436,3.5442098068428436,0.9648854528524438,3.5442098068428436,0.5089355201588418,1.7910583204876345,2,66,0,Random_Forest,Set_D_Full_Stage5,67
TRN-0736,Valid,0.0052203788456648866,Valid,2,0.4,29.5104,28.1679,36.3961,51.5832,16.1474,13.8079,21.6011,49.2212,20.9866,False,None,False,False,False,False,False,False,False,False,False,False,False,False,0,False,2.339500000000001,-5.453699999999998,-33.073800000000006,-7.793199999999999,-35.41330000000001,-27.620100000000004,17.185466666666667,16.1474,3.998959660128285,25.1944,18.87425,16.3472680121175,35.41330000000001,18.615600000000004,35.41330000000001,831.24599616,1452.99041928,1047.6602630440102,16.321357763190637,-0.17395776319063572,0.17395776319063572,14.115366244912869,-0.30746624491286845,0.30746624491286845,21.689818176763872,-0.08871817676387295,0.08871817676387295,48.629133782587,0.5920662174130058,0.5920662174130058,0.5920662174130058,0.29055210057009573,0.5920662174130058,0.7748621691121609,1.4056014806459054,3,67,0,Random_Forest,Set_D_Full_Stage5,68
TRN-0518,Invalid,0.9610416666666667,Invalid,5,0.4,30.191,68.5258,29.2458,38.1312,11.105,17.2072,23.2016,42.7267,26.6751,False,None,False,False,False,False,False,False,False,False,False,False,False,False,0,False,-6.1022,-12.096599999999999,-31.6217,-5.994399999999999,-25.5195,-19.525100000000002,17.171266666666668,17.2072,6.048380055298552,23.560125,20.2044,13.698855575406046,31.6217,16.809916666666666,31.6217,2068.8624278,2612.9709849600004,440.57852070628564,18.716696282670927,-7.611696282670927,7.611696282670927,17.428989431973978,-0.2217894319739777,0.2217894319739777,23.827475434664564,-0.6258754346645645,0.6258754346645645,48.10687633575988,-5.380176335759877,5.380176335759877,7.611696282670927,3.4598843712673366,7.611696282670927,0.22422105973026302,1.3421697286539318,3,68,1,Random_Forest,Set_D_Full_Stage5,69
TRN-0097,Invalid,0.6924372294372294,Invalid,4,0.4,24.0983,15.5749,32.5565,32.3226,12.5641,10.8077,5.4559,72.9077,17.5511,False,None,False,False,False,False,False,False,False,False,False,False,False,False,0,False,1.7563999999999993,7.1082,-60.34360000000001,5.351800000000001,-62.10000000000001,-67.4518,9.609233333333334,10.8077,3.7025489292288,25.43385,11.6859,31.793288856350383,67.4518,34.018633333333334,67.4518,375.32861267,503.42126274000003,1547.2513163799983,12.793393403626213,-0.22929340362621353,0.22929340362621353,10.889086799202019,-0.08138679920201852,0.08138679920201852,17.205929919691734,-11.750029919691734,11.750029919691734,50.082673402753365,22.82502659724664,22.82502659724664,22.82502659724664,8.721434179941651,22.82502659724664,0.10286548069865162,2.65204731016055,4,69,1,Random_Forest,Set_D_Full_Stage5,70
TRN-0220,Valid,0.14853868053476627,Valid,2,0.4,12.1699,57.0484,31.2917,52.7784,9.5998,10.3563,11.9747,50.9553,17.0452,False,None,False,False,False,False,False,False,False,False,False,False,False,False,0,False,-0.7564999999999991,-2.3749000000000002,-41.3555,-1.6184000000000012,-40.599000000000004,-38.9806,10.6436,10.3563,1.2132367740882242,20.721525,11.1655,20.18017801876799,41.3555,20.947483333333334,41.3555,694.27332316,3010.9232745599998,213.32584028196402,9.586494622349946,0.01330537765005424,0.01330537765005424,10.408213120778884,-0.05191312077888455,0.05191312077888455,11.825716479252971,0.14898352074702892,0.14898352074702892,50.57672100119576,0.37857899880424384,0.37857899880424384,0.37857899880424384,0.14819525449505289,0.37857899880424384,0.8709320092424303,1.995773961726291,4,70,0,Random_Forest,Set_D_Full_Stage5,71
TRN-0713,Valid,0.11158321386443525,Valid,4,0.4,11.9594,108.4812,34.5381,58.1279,12.1882,14.8651,14.0675,69.0032,47.8264,False,None,False,False,False,False,False,False,False,False,False,False,False,False,0,False,-2.6769,-1.8793000000000006,-56.815000000000005,0.7975999999999992,-54.13810000000001,-54.935700000000004,13.706933333333334,14.0675,1.374392463357295,27.531000000000002,14.4663,27.670897707037504,56.815000000000005,28.540433333333336,56.815000000000005,1297.37006328,6305.7843454799995,110.24397681404918,12.396237114622478,-0.20803711462247776,0.20803711462247776,14.860008902245317,0.00509109775468275,0.00509109775468275,14.339903711416504,-0.2724037114165032,0.2724037114165032,49.13088973657894,19.872310263421063,19.872310263421063,19.872310263421063,5.089460546803682,19.872310263421063,0.16421815895086034,2.063672927364452,2,71,0,Random_Forest,Set_D_Full_Stage5,72
TRN-0890,Valid,0.06796162206327627,Valid,1,0.4,27.1695,81.7422,25.519,26.4742,17.8631,17.0967,22.0936,62.1795,29.1343,False,None,False,False,False,False,False,False,False,False,False,False,False,False,0,False,0.7664000000000009,-4.230499999999999,-44.3164,-4.9969,-45.0828,-40.085899999999995,19.017799999999998,17.8631,2.691143153011374,29.808225,19.97835,21.692423893358868,45.0828,23.246483333333334,45.0828,2220.8947029,2164.05935124,332.3802965444658,17.846039718835108,0.017060281164891222,0.017060281164891222,17.28891464099498,-0.1922146409949832,0.1922146409949832,22.296313369545288,-0.20271336954528962,0.20271336954528962,48.853781158621075,13.325718841378922,13.325718841378922,13.325718841378922,3.4344267832710216,13.325718841378922,0.2255082897687077,1.512427689864898,3,72,0,Random_Forest,Set_D_Full_Stage5,73
TRN-0531,Valid,0.027974034381165653,Valid,4,0.4,20.7203,99.2481,31.085,54.7814,16.2072,17.0458,19.816,39.6731,41.019,False,None,False,False,False,False,False,False,False,False,False,False,False,False,0,False,-0.8385999999999996,-3.6087999999999987,-23.465899999999998,-2.770199999999999,-22.627299999999998,-19.8571,17.689666666666668,17.0458,1.8885927494654136,23.185525,18.4309,11.099355401516192,23.465899999999998,12.194649999999998,23.465899999999998,2056.45040643,5436.94986534,208.7727413650497,16.053228641183786,0.15397135881621438,0.15397135881621438,16.96156976453902,0.08423023546097852,0.08423023546097852,19.48080850597177,0.3351914940282299,0.3351914940282299,48.41478534973679,-8.741685349736791,8.741685349736791,8.741685349736791,2.3287696095105535,8.741685349736791,0.3004112982595498,1.0120922376818133,2,73,0,Random_Forest,Set_D_Full_Stage5,74
TRN-0369,Valid,0.010077296020117608,Valid,2,0.4,24.5577,62.3376,30.1652,56.576,15.5392,14.881,19.6012,46.2767,24.6977,False,None,False,False,False,False,False,False,False,False,False,False,False,False,0,False,0.658199999999999,-4.061999999999999,-30.737499999999997,-4.720199999999998,-31.395699999999998,-26.6755,16.6738,15.5392,2.5564741109582934,24.074525,17.5702,14.947908282515652,31.395699999999998,16.37485,31.395699999999998,1530.86807952,3526.8120576,393.94676825114084,15.877746555807716,-0.3385465558077172,0.3385465558077172,15.146079826283659,-0.26507982628365845,0.26507982628365845,20.171634156856655,-0.5704341568566562,0.5704341568566562,49.055387995264255,-2.7786879952642565,2.7786879952642565,2.7786879952642565,0.9881871335530721,2.7786879952642565,0.5029707632263511,1.304104108345187,4,74,0,Random_Forest,Set_D_Full_Stage5,75
TRN-0781,Valid,0.035787783019333996,Valid,5,0.4,17.8894,74.0111,26.7258,14.7152,12.9996,13.5775,15.9195,62.4277,23.4299,False,None,False,False,False,False,False,False,False,False,False,False,False,False,0,False,-0.5779000000000014,-2.9199,-49.4281,-2.3419999999999987,-48.8502,-46.5082,14.165533333333334,13.5775,1.546218420318854,26.231075,14.7485,24.164085825369707,49.4281,25.104383333333335,49.4281,1324.01417234,1089.08813872,241.71235913094665,12.82037198626399,0.17922801373600983,0.17922801373600983,13.362221206252006,0.21527879374799497,0.21527879374799497,15.710245371799488,0.20925462820051166,0.20925462820051166,49.39875765046761,13.028942349532393,13.028942349532393,13.028942349532393,3.4081759463042274,13.028942349532393,0.226851199267214,1.8843330346419143,4,75,0,Random_Forest,Set_D_Full_Stage5,76
TRN-0928,Valid,0.006680628333753558,Valid,2,0.4,25.7367,90.4034,33.5964,54.4149,17.8868,17.9832,22.3347,46.1552,36.6371,False,None,False,False,False,False,False,False,False,False,False,False,False,False,0,False,-0.09639999999999915,-4.447900000000001,-28.2684,-4.3515000000000015,-28.172,-23.8205,19.401566666666668,17.9832,2.540625238663376,26.089975000000003,20.15895,13.536705970650074,28.2684,14.85945,28.2684,2326.68518478,4919.2919706600005,284.6872700930197,17.97313731641655,-0.08633731641655018,0.08633731641655018,18.0283248793705,-0.04512487937050125,0.04512487937050125,22.328073733335486,0.006626266664515157,0.006626266664515157,48.818505449841744,-2.6633054498417437,2.6633054498417437,2.6633054498417437,0.7003484780733276,2.6633054498417437,0.5881147381818488,1.0834962151185599,1,76,0,Random_Forest,Set_D_Full_Stage5,77
TRN-0194,Valid,0.1990175898953321,Valid,2,0.4,15.343,109.4771,33.6951,57.5039,14.2222,16.389,16.6468,72.3277,50.4105,False,None,False,False,False,False,False,False,False,False,False,False,False,False,0,False,-2.1667999999999985,-2.424599999999998,-58.10549999999999,-0.2577999999999996,-55.9387,-55.680899999999994,15.752666666666665,16.389,1.331676151822706,29.896424999999997,16.517899999999997,28.308405820224138,58.10549999999999,29.095716666666664,58.10549999999999,1679.7071452999999,6295.36021069,140.1480181564895,14.064919672142345,0.15728032785765578,0.15728032785765578,16.075831761791243,0.31316823820875683,0.31316823820875683,16.576094696415115,0.0707053035848837,0.0707053035848837,49.97924553461443,22.348454465385565,22.348454465385565,22.348454465385565,5.722402083759215,22.348454465385565,0.14875635041467095,1.9435594912905167,2,77,0,Random_Forest,Set_D_Full_Stage5,78
TRN-0743,Invalid,0.7197854851351825,Invalid,5,0.4,16.6379,22.9675,37.3504,24.5539,9.2704,8.9039,12.3042,61.3833,15.879,False,None,False,False,False,False,False,False,False,False,False,False,False,False,0,False,0.36650000000000027,-3.0337999999999994,-52.112899999999996,-3.4002999999999997,-52.4794,-49.0791,10.159500000000001,9.2704,1.8663826322595265,22.96545,10.7873,25.657195437082883,52.4794,26.74533333333333,52.4794,382.13096824999997,563.94169825,724.41026476096,9.538454178870126,-0.26805417887012517,0.26805417887012517,9.029656433902533,-0.12575643390253255,0.12575643390253255,12.669311071202491,-0.36511107120249164,0.36511107120249164,50.4412640436917,10.942035956308295,10.942035956308295,10.942035956308295,2.925239410070861,10.942035956308295,0.2547615305793405,2.2851447347451344,4,78,1,Random_Forest,Set_D_Full_Stage5,79
TRN-0294,Valid,0.014069162076692012,Valid,1,0.4,31.8012,33.9683,33.232,36.4063,17.3683,15.0914,22.6319,49.1939,21.8126,False,None,False,False,False,False,False,False,False,False,False,False,False,False,0,False,2.2769000000000013,-5.2636,-31.825599999999998,-7.5405000000000015,-34.1025,-26.561999999999998,18.363866666666667,17.3683,3.8675767352870114,26.071375,20.000100000000003,15.735146605688172,34.1025,17.928516666666667,34.1025,1080.23270196,1236.6601202900001,936.202007106035,17.558672233541124,-0.19037223354112243,0.19037223354112243,15.16028970296269,-0.06888970296268937,0.06888970296268937,23.19015697356674,-0.5582569735667384,0.5582569735667384,48.07738152751212,1.1165184724878827,1.1165184724878827,1.1165184724878827,0.48350934563960823,1.1165184724878827,0.6740773173686039,1.3080432819353478,3,79,0,Random_Forest,Set_D_Full_Stage5,80
TRN-0304,Invalid,0.8300575627740013,Invalid,3,0.4,23.6657,17.7618,19.2181,49.6166,12.9498,16.1247,17.0497,54.4657,17.0368,False,None,False,False,False,False,False,False,False,False,False,False,False,False,0,False,-3.174900000000001,-4.099900000000002,-41.5159,-0.9250000000000007,-38.340999999999994,-37.416,15.374733333333333,16.1247,2.1503796184239974,25.147475,16.587200000000003,19.624185938169084,41.5159,20.912116666666666,41.5159,420.34543026000006,881.28012588,1332.392363165691,12.897278810733122,0.05252118926687821,0.05252118926687821,10.642451287844558,5.482248712155442,5.482248712155442,17.168304288512722,-0.11860428851272076,0.11860428851272076,48.767374571081085,5.698325428918913,5.698325428918913,5.698325428918913,2.8379249047134887,5.698325428918913,0.260557469160448,1.650896700007973,4,80,1,Random_Forest,Set_D_Full_Stage5,81
TRN-0382,Valid,0.06466696248562244,Valid,4,0.4,14.1328,104.1859,27.4694,17.0621,12.7062,14.6844,14.7467,55.5636,41.6252,False,None,False,False,False,False,False,False,False,False,False,False,False,False,0,False,-1.9781999999999993,-2.0404999999999998,-42.8574,-0.062300000000000466,-40.8792,-40.816900000000004,14.045766666666665,14.6844,1.1605168948935352,24.425224999999998,14.71555,20.78053145332188,42.8574,21.439083333333333,42.8574,1472.43848752,1777.6302443900001,135.6498205947426,12.715515594212192,-0.009315594212191414,0.009315594212191414,14.669187851916515,0.015212148083485033,0.015212148083485033,14.806297487124198,-0.0595974871241971,0.0595974871241971,50.51532257909816,5.04827742090184,5.04827742090184,5.04827742090184,1.2831006625804284,5.04827742090184,0.4380008364895178,1.7546361375847563,2,81,0,Random_Forest,Set_D_Full_Stage5,82
TRN-0417,Valid,0.18926453678575342,Valid,5,0.4,26.973,68.6493,28.7009,27.9014,17.2997,16.4962,21.6952,57.9395,25.9572,False,None,False,False,False,False,False,False,False,False,False,False,False,False,0,False,0.8034999999999997,-4.395499999999998,-40.6398,-5.198999999999998,-41.4433,-36.2443,18.497033333333334,17.2997,2.7986792569591334,28.35765,19.49745,19.853180632919585,41.4433,21.454233333333335,41.4433,1851.6775688999999,1915.4115790199999,392.9099942883621,17.05312510505956,0.24657489494044071,0.24657489494044071,16.223018952500627,0.27318104749937433,0.27318104749937433,21.574497262204563,0.12070273779543683,0.12070273779543683,48.53578811343666,9.403711886563343,9.403711886563343,9.403711886563343,2.5110426416996487,9.403711886563343,0.28481568071070573,1.461449922172704,3,82,0,Random_Forest,Set_D_Full_Stage5,83
TRN-0297,Valid,0.09145715274807173,Valid,2,0.4,26.5298,89.9603,18.0,53.9437,18.1662,17.589,22.426,33.5126,31.7561,False,None,False,False,False,False,False,False,False,False,False,False,False,False,0,False,0.5772000000000013,-4.2597999999999985,-15.3464,-4.837,-15.9236,-11.0866,19.393733333333333,18.1662,2.641830958508385,22.923450000000003,20.2961,7.381628966337082,15.9236,8.671766666666668,15.9236,2386.6287669400003,4852.79143511,294.9056089290933,18.30665658539462,-0.14045658539462025,0.14045658539462025,17.7684665551853,-0.17946655518530008,0.17946655518530008,22.635468365295452,-0.20946836529545365,0.20946836529545365,48.68693879523263,-15.174338795232629,15.174338795232629,15.174338795232629,3.9259325752770007,15.174338795232629,0.20300724476395557,0.694642082826938,1,83,0,Random_Forest,Set_D_Full_Stage5,84
TRN-0622,Invalid,0.8236319444444444,Invalid,3,0.4,21.0295,23.2536,34.0265,49.4829,5.4912,11.0359,16.266,51.2347,17.9097,False,None,False,False,False,False,False,False,False,False,False,False,False,False,0,False,-5.5447,-10.774799999999999,-45.7435,-5.230099999999998,-40.1988,-34.9687,10.931033333333332,11.0359,5.38816541350888,21.006949999999996,13.650949999999998,20.626470154714628,45.7435,23.743433333333332,45.7435,489.01158119999997,1150.65556344,904.3542056480693,11.954169611714606,-6.462969611714606,6.462969611714606,10.672754215985474,0.3631457840145256,0.3631457840145256,15.903007786580467,0.36299221341953114,0.36299221341953114,50.084644676923,1.150055323076998,1.150055323076998,6.462969611714606,2.0847907330564155,6.462969611714606,0.3241710983127852,2.1775402057222943,4,84,1,Random_Forest,Set_D_Full_Stage5,85
TRN-0563,Valid,0.02929761552713517,Valid,2,0.4,16.5004,76.4705,23.6697,55.7837,12.9151,13.4514,15.6811,38.7838,23.4619,False,None,False,False,False,False,False,False,False,False,False,False,False,False,0,False,-0.5362999999999989,-2.766,-25.868699999999997,-2.229700000000001,-25.3324,-23.1027,14.015866666666668,13.4514,1.4668523999821297,20.20785,14.56625,12.441746971788167,25.868699999999997,13.305966666666665,25.868699999999997,1261.7938382,4265.80743085,215.77468229255953,12.767367963695664,0.14773203630433684,0.14773203630433684,13.342428255506471,0.10897174449352853,0.10897174449352853,15.555256039236255,0.1258439607637456,0.1258439607637456,49.951360184241835,-11.167560184241836,11.167560184241836,11.167560184241836,2.8875269814508617,11.167560184241836,0.2572329413458606,1.2801306026466928,4,85,0,Random_Forest,Set_D_Full_Stage5,86
TRN-0920,Valid,0.044870748299319724,Valid,4,0.4,28.0007,43.5856,29.5635,31.3067,16.4039,14.665,21.3004,,20.6462,True,Sensor_S4,False,False,False,False,False,False,False,False,False,False,False,False,1,True,1.738900000000001,-4.8965,,-6.635400000000001,,,17.456433333333333,16.4039,3.4406399264284158,17.456433333333333,16.4039,3.4406399264284158,6.635400000000001,4.4236,6.635400000000001,1220.42730992,1364.52130352,642.4299212515323,16.200927316894216,0.2029726831057843,0.2029726831057843,14.50595274417532,0.15904725582467982,0.15904725582467982,21.072095982746088,0.2283040172539117,0.2283040172539117,49.339030153713395,,,0.2283040172539117,0.1967746520614586,0.2283040172539117,0.835579194694246,0.38011179444151766,3,86,0,Random_Forest,Set_D_Full_Stage5,87
TRN-0568,Valid,0.02857057573239025,Valid,3,0.4,17.0624,18.7827,25.3896,23.4091,9.6033,8.647,12.7841,69.2815,14.8344,False,None,False,False,False,False,False,False,False,False,False,False,False,False,0,False,0.9563000000000006,-3.1807999999999996,-59.67819999999999,-4.1371,-60.634499999999996,-56.49739999999999,10.344800000000001,9.6033,2.1659330068125375,25.078975,11.1937,29.521367892581917,60.634499999999996,30.84738333333333,60.634499999999996,320.47794048,439.68610256999995,908.4099152891145,9.473378415133885,0.12992158486611594,0.12992158486611594,8.415821557016695,0.23117844298330503,0.23117844298330503,12.580256847633791,0.20384315236620942,0.20384315236620942,50.322611184916425,18.95888881508357,18.95888881508357,18.95888881508357,4.880957998824799,18.95888881508357,0.17004032339626154,2.4177413878591976,4,87,0,Random_Forest,Set_D_Full_Stage5,88
TRN-0227,Valid,0.03270487155530184,Valid,2,0.4,10.4857,104.8969,33.4685,24.2937,10.7743,13.447,12.3912,44.9239,42.3603,False,None,False,False,False,False,False,False,False,False,False,False,False,False,0,False,-2.672699999999999,-1.6168999999999993,-34.14960000000001,1.0557999999999996,-31.476900000000004,-32.532700000000006,12.204166666666666,12.3912,1.3461305372560761,20.3841,12.9191,16.396746088782372,34.14960000000001,17.250766666666667,34.14960000000001,1099.91742433,2548.3338195300003,99.9619531214027,11.089754352134381,-0.3154543521343811,0.3154543521343811,13.717224090307523,-0.2702240903075239,0.2702240903075239,12.672970447194565,-0.2817704471945657,0.2817704471945657,50.686724052656274,-5.762824052656271,5.762824052656271,5.762824052656271,1.6575682355731853,5.762824052656271,0.37628384724590885,1.675304931144897,2,88,0,Random_Forest,Set_D_Full_Stage5,89
TRN-0581,Valid,0.0766700119609359,Valid,3,0.4,31.4401,34.7442,44.4525,37.6516,17.718,15.566,23.4067,53.4032,23.1496,False,None,False,False,False,False,False,False,False,False,False,False,False,False,0,False,2.1519999999999992,-5.688700000000001,-35.685199999999995,-7.8407,-37.837199999999996,-29.996499999999997,18.8969,17.718,4.051110715593935,27.523474999999998,20.562350000000002,17.567361316064705,37.837199999999996,19.866716666666665,37.837199999999996,1092.36112242,1308.17472072,904.9018527115741,17.459119608689676,0.25888039131032414,0.25888039131032414,15.481273016208053,0.08472698379194732,0.08472698379194732,23.149765586648105,0.25693441335189604,0.25693441335189604,50.30890561276445,3.09429438723555,3.09429438723555,3.09429438723555,0.9237090439224294,3.09429438723555,0.5198291306886029,1.3747241673792399,3,89,0,Random_Forest,Set_D_Full_Stage5,90
TRN-0320,Valid,0.12515074114104272,Valid,2,0.4,26.2045,71.2287,39.427,5.5082,16.4818,16.3147,20.7495,74.076,28.4389,False,None,False,False,False,False,False,False,False,False,False,False,False,False,0,False,0.16710000000000136,-4.267700000000001,-57.594199999999994,-4.434800000000003,-57.76129999999999,-53.326499999999996,17.848666666666663,16.4818,2.5135843179279544,31.905499999999996,18.615650000000002,28.188478571808965,57.76129999999999,29.59193333333333,57.76129999999999,1866.51246915,392.34192534000005,367.89238496667986,16.576762036227077,-0.0949620362270771,0.0949620362270771,16.33487089249647,-0.02017089249646986,0.02017089249646986,20.981252421579335,-0.2317524215793334,0.2317524215793334,49.01168914195948,25.064310858040514,25.064310858040514,25.064310858040514,6.352799052085849,25.064310858040514,0.13600262878343167,1.810386356463194,3,90,0,Random_Forest,Set_D_Full_Stage5,91
TRN-0167,Invalid,0.7951811594202899,Invalid,3,0.4,9.1955,28.8878,39.9113,21.6789,6.0801,0.0631,7.9135,42.5394,14.3812,False,None,False,False,False,False,False,False,False,False,False,False,False,False,0,False,6.0169999999999995,-1.8334000000000001,-36.4593,-7.8504,-42.4763,-34.6259,4.685566666666666,6.0801,4.106791625263368,14.149025,6.9968,19.221654441692404,42.4763,21.54371666666667,42.4763,265.6377649,626.25572742,318.3176571709659,6.2521824747471095,-0.1720824747471097,0.1720824747471097,7.004583815253223,-6.941483815253223,6.941483815253223,8.118672990915762,-0.20517299091576202,0.20517299091576202,51.85768765855645,-9.31828765855645,9.31828765855645,9.31828765855645,4.159256734868136,9.31828765855645,0.19382636906623307,3.002063391602325,4,91,1,Random_Forest,Set_D_Full_Stage5,92
TRN-0450,Valid,0.04474655197465378,Valid,5,0.4,12.2914,80.6737,25.0689,28.09,10.7961,12.1847,12.857,26.3365,23.8166,False,None,False,False,False,False,False,False,False,False,False,False,False,False,0,False,-1.3886000000000003,-2.0609,-15.540400000000002,-0.6722999999999999,-14.151800000000001,-13.479500000000002,11.945933333333334,12.1847,1.0509920757709514,15.543575,12.52085,7.246274339905072,15.540400000000002,7.882250000000002,15.540400000000002,991.5927161799999,2266.124233,152.35942415441164,10.652969037444858,0.14313096255514068,0.14313096255514068,12.051181638775267,0.13351836122473237,0.13351836122473237,12.603590103114419,0.25340989688558047,0.25340989688558047,49.51287117719281,-23.176371177192806,23.176371177192806,23.176371177192806,5.926607599464565,23.176371177192806,0.1443708172637499,0.9997950923162193,4,92,0,Random_Forest,Set_D_Full_Stage5,93
TRN-0287,Valid,0.11720975723563745,Valid,1,0.4,24.9197,109.5992,39.1933,44.5793,18.6125,19.6007,22.8927,62.0009,54.3793,False,None,False,False,False,False,False,False,False,False,False,False,False,False,0,False,-0.9881999999999991,-4.280200000000001,-43.388400000000004,-3.2920000000000016,-42.4002,-39.1082,20.368633333333335,19.6007,2.241053148261624,30.7767,21.2467,20.896402076912665,43.388400000000004,22.242866666666668,43.388400000000004,2731.17918424,4885.85561656,227.37116444543713,18.537089025167887,0.07541097483211345,0.07541097483211345,19.467447038250274,0.13325296174972578,0.13325296174972578,22.65783025906932,0.23486974093068014,0.23486974093068014,48.79155129673472,13.209348703265285,13.209348703265285,13.209348703265285,3.413220595194451,13.209348703265285,0.22659189098521348,1.4097803176492876,2,93,0,Random_Forest,Set_D_Full_Stage5,94
TRN-0650,Valid,0.0572693883168278,Valid,5,0.4,9.3389,69.1289,34.8242,7.8153,8.6751,10.3544,10.3503,43.2764,21.5834,False,None,False,False,False,False,False,False,False,False,False,False,False,False,0,False,-1.6792999999999996,-1.6752000000000002,-34.6013,0.004099999999999326,-32.922000000000004,-32.926100000000005,9.793266666666666,10.3503,0.9683629089000327,18.16405,10.352350000000001,16.760226895938295,34.6013,17.301333333333336,34.6013,645.5878842100001,540.2630921699999,135.09398600382966,8.371381027754907,0.30371897224509325,0.30371897224509325,10.197349077422462,0.15705092257753783,0.15705092257753783,9.913490284714301,0.43680971528569934,0.43680971528569934,50.56228022670698,-7.285880226706979,7.285880226706979,7.285880226706979,2.0458649592038274,7.285880226706979,0.3283139644711611,1.9049320471304325,4,94,0,Random_Forest,Set_D_Full_Stage5,95
TRN-0901,Valid,0.03983803186658207,Valid,2,0.4,24.5837,32.3434,44.0985,18.3583,13.6707,12.6833,18.0113,56.004,20.0391,False,None,False,False,False,False,False,False,False,False,False,False,False,False,0,False,0.9874000000000009,-4.3405999999999985,-42.333299999999994,-5.327999999999999,-43.3207,-37.9927,14.788433333333332,13.6707,2.8344120824843606,25.092325,15.841,20.737325329362832,43.3207,22.383783333333337,43.3207,795.12044258,593.76984022,760.0837388512837,13.805204832857953,-0.134504832857953,0.134504832857953,12.726819303890467,-0.04351930389046821,0.04351930389046821,18.26436801086519,-0.25306801086519215,0.25306801086519215,49.330480486161925,6.673519513838073,6.673519513838073,6.673519513838073,1.7761529153629216,6.673519513838073,0.3602107054212004,1.7264515239414748,4,95,0,Random_Forest,Set_D_Full_Stage5,96
TRN-0031,Valid,0.35979099833437195,Valid,2,0.4,31.5827,42.3262,21.2104,46.5375,18.086,15.3435,23.7902,63.3815,21.3218,False,None,False,False,False,False,False,False,False,False,False,False,False,False,0,False,2.742499999999998,-5.7042,-45.295500000000004,-8.446699999999998,-48.038000000000004,-39.591300000000004,19.07323333333333,18.086,4.30902047608657,30.1503,20.9381,22.43176457749145,48.038000000000004,24.9697,48.038000000000004,1336.7756767399999,1969.7555325,746.1735884219257,18.023425133341462,0.06257486665853662,0.06257486665853662,15.513237001546225,-0.16973700154622406,0.16973700154622406,23.48114772651123,0.30905227348876707,0.30905227348876707,48.3021705408331,15.0793294591669,15.0793294591669,15.0793294591669,3.905173400215107,15.0793294591669,0.20386639134024231,1.5932837838151581,3,96,0,Random_Forest,Set_D_Full_Stage5,97
TRN-0199,Valid,0.03725212018441502,Valid,1,0.4,20.0134,74.4171,30.5929,34.5742,14.1476,14.6017,17.3784,29.7774,25.6966,False,None,False,False,False,False,False,False,False,False,False,False,False,False,0,False,-0.4540999999999986,-3.2307999999999986,-15.6298,-2.7767,-15.1757,-12.399000000000001,15.3759,14.6017,1.749015834691041,18.976275,15.99005,7.340992541146372,15.6298,8.277683333333332,15.6298,1489.3391891400001,2572.91169882,268.93546390070776,14.099997606536244,0.04760239346375705,0.04760239346375705,14.420352504307651,0.1813474956923482,0.1813474956923482,17.469316961346347,-0.0909169613463483,0.0909169613463483,49.36903856993907,-19.59163856993907,19.59163856993907,19.59163856993907,4.977876355110381,19.59163856993907,0.1672834867427657,0.8236490967541855,4,97,0,Random_Forest,Set_D_Full_Stage5,98
TRN-0630,Valid,0.007820920774579744,Valid,4,0.4,24.2394,42.3827,37.0505,29.3917,14.3383,13.4411,18.6192,44.5871,20.1279,False,None,False,False,False,False,False,False,False,False,False,False,False,False,0,False,0.8971999999999998,-4.280899999999999,-30.2488,-5.178099999999999,-31.146,-25.9679,15.4662,14.3383,2.7671824497130646,22.746425000000002,16.478749999999998,14.734706308887418,31.146,16.286483333333333,31.146,1027.3312183799999,1245.69960359,571.9171803785081,14.313644133255712,0.02465586674428799,0.02465586674428799,13.328618032525375,0.11248196747462558,0.11248196747462558,18.627351232217734,-0.008151232217734616,0.008151232217734616,50.17118021074514,-5.584080210745142,5.584080210745142,5.584080210745142,1.4323423192954476,5.584080210745142,0.4111263419080173,1.36926951410188,4,98,0,Random_Forest,Set_D_Full_Stage5,99
TRN-0605,Valid,0.07113441134290706,Valid,4,0.4,13.0001,85.6198,45.944,9.1593,11.1971,13.4391,13.1292,44.0425,32.9308,False,None,False,False,False,False,False,False,False,False,False,False,False,False,0,False,-2.241999999999999,-1.9321000000000002,-32.8454,0.30989999999999895,-30.603399999999997,-30.913299999999996,12.588466666666667,13.1292,1.2148808185716542,20.451974999999997,13.28415,15.758267993950561,32.8454,16.474349999999998,32.8454,1113.0659619799999,784.21743414,151.83518860880443,11.075773361505183,0.12132663849481773,0.12132663849481773,13.22637873363987,0.21272126636013056,0.21272126636013056,13.245944999920855,-0.1167449999208543,0.1167449999208543,52.14611468559182,-8.103614685591822,8.103614685591822,8.103614685591822,2.138601897591906,8.103614685591822,0.31861320187413716,1.6059761436359357,2,99,0,Random_Forest,Set_D_Full_Stage5,100
TRN-0704,Invalid,0.9045075757575758,Invalid,4,0.4,24.0661,67.4291,32.3245,15.834,15.4074,15.0642,30.0999,60.9044,25.2527,False,None,False,False,False,False,False,False,False,False,False,False,False,False,0,False,0.3432000000000013,-14.6925,-45.497,-15.035700000000002,-45.8402,-30.8045,20.1905,15.4074,8.583507606450874,30.368975,22.75365,21.529587746227286,45.8402,25.36885,45.8402,1622.75546351,1067.6723694,356.9096492597929,15.450162074115894,-0.04276207411589361,0.04276207411589361,15.125302398262788,-0.06110239826278807,0.06110239826278807,19.481071452054184,10.618828547945817,10.618828547945817,50.31326138515927,10.59113861484073,10.59113861484073,10.618828547945817,5.328457908791307,10.618828547945817,0.1580163784625682,1.5094412934775399,4,100,1,Random_Forest,Set_D_Full_Stage5,101
TRN-0614,Valid,0.010378331355688879,Valid,1,0.4,20.2532,103.5468,45.9658,19.1421,15.4626,17.1631,18.7869,44.9124,48.5665,False,None,False,False,False,False,False,False,False,False,False,False,False,False,0,False,-1.7005,-3.324299999999999,-29.449799999999996,-1.6237999999999992,-27.749299999999998,-26.1255,17.137533333333334,17.1631,1.6622974653573082,24.081249999999997,17.975,13.953600246173027,29.449799999999996,14.995533333333332,29.449799999999996,2097.15404976,1982.10320028,195.59463010014503,15.664990764874059,-0.2023907648740586,0.2023907648740586,17.33449882372695,-0.1713988237269497,0.1713988237269497,18.994070523836108,-0.20717052383610834,0.20717052383610834,49.77839161585053,-4.8659916158505325,4.8659916158505325,4.8659916158505325,1.3617379320719123,4.8659916158505325,0.4234170042409054,1.2229343481196582,2,101,0,Random_Forest,Set_D_Full_Stage5,102
TRN-0315,Valid,0.014215176930825904,Valid,4,0.4,17.4271,55.0366,20.4553,35.888,11.7702,11.6673,14.6101,43.8198,17.1108,False,None,False,False,False,False,False,False,False,False,False,False,False,False,0,False,0.10290000000000177,-2.8398999999999983,-32.0496,-2.9428,-32.1525,-29.2097,12.682533333333334,11.7702,1.6701143803145138,20.46685,13.19015,15.628239351571246,32.1525,16.549566666666667,32.1525,959.12833186,1975.1535007999998,316.64559281540045,11.794328658725934,-0.024128658725933505,0.024128658725933505,11.576674914796559,0.09062508520344004,0.09062508520344004,14.735331137281737,-0.1252311372817374,0.1252311372817374,49.47505449726694,-5.655254497266938,5.655254497266938,5.655254497266938,1.4738098446195123,5.655254497266938,0.404234788771247,1.570954215741936,4,102,0,Random_Forest,Set_D_Full_Stage5,103
TRN-0018,Invalid,0.8257903924566767,Invalid,4,0.4,9.606,80.1658,36.9003,58.9581,7.4058,5.6122,11.8582,50.8925,26.5112,False,None,False,False,False,False,False,False,False,False,False,False,False,False,0,False,1.7936000000000005,-4.4524,-43.4867,-6.246,-45.2803,-39.0343,8.292066666666667,7.4058,3.215933838457087,18.942175,9.632,21.46145499142979,45.2803,23.382216666666665,45.2803,770.0726748000001,4726.42325298,119.82664430135489,9.71336372275867,-2.30756372275867,2.30756372275867,11.730098556814884,-6.117898556814884,6.117898556814884,11.454429824183668,0.4037701758163319,0.4037701758163319,49.71451907821241,1.1779809217875865,1.1779809217875865,6.117898556814884,2.5018033442943683,6.117898556814884,0.2855671497456706,2.390447564523311,4,103,1,Random_Forest,Set_D_Full_Stage5,104
TRN-0669,Valid,0.31142322662351124,Valid,3,0.4,19.456,70.6109,26.7711,19.4439,13.949,13.9951,17.503,32.6376,22.7601,False,None,False,False,False,False,False,False,False,False,False,False,False,False,0,False,-0.04610000000000092,-3.5540000000000003,-18.6886,-3.5078999999999994,-18.6425,-15.134599999999999,15.149033333333334,13.9951,2.0387252397842466,19.521175,15.74905,8.90131589986372,18.6886,9.928949999999999,18.6886,1373.8056704,1372.95127851,275.53815692220934,13.430344949943523,0.518655050056477,0.518655050056477,13.646412878831454,0.34868712116854716,0.34868712116854716,16.623403458873103,0.8795965411268973,0.8795965411268973,48.974064639768535,-16.336464639768536,16.336464639768536,16.336464639768536,4.520850838030114,16.336464639768536,0.1811315011649198,0.9573496690902731,4,104,0,Random_Forest,Set_D_Full_Stage5,105
TRN-0168,Invalid,0.5538649167003662,Invalid,5,0.4,15.3642,103.1518,32.9891,37.3924,13.7518,15.742,16.2821,60.6418,43.7129,False,None,False,False,False,False,True,False,False,False,False,False,False,False,0,False,-1.9902000000000015,-2.5303000000000004,-46.89,-0.5400999999999989,-44.8998,-44.359700000000004,15.258633333333334,15.742,1.3326053516826857,26.604425,16.012050000000002,22.717654930086866,46.89,23.535016666666667,46.89,1584.84488556,3857.09336632,148.947459089666,13.495456692971434,0.25634330702856545,0.25634330702856545,15.355122016770757,0.38687798322924394,0.38687798322924394,15.956218898753477,0.32588110124652303,0.32588110124652303,48.97650168634192,11.665298313658084,11.665298313658084,11.665298313658084,3.158600176290604,11.665298313658084,0.240465531094163,1.76248809643956,2,105,1,Random_Forest,Set_D_Full_Stage5,106
TRN-0397,Valid,0.05327848463217839,Valid,3,0.4,12.6677,60.0778,26.2891,30.817,10.0417,10.7811,12.4172,51.166,16.9303,False,None,False,False,False,False,False,False,False,False,False,False,False,False,0,False,-0.7393999999999998,-2.375499999999999,-41.1243,-1.636099999999999,-40.384899999999995,-38.748799999999996,11.08,10.7811,1.2156298655429614,21.1015,11.59915,20.06756137767284,41.1243,20.834833333333332,41.1243,761.04754706,1851.4175626,210.85488968389492,9.727303779136056,0.31439622086394436,0.31439622086394436,10.488994032098182,0.29210596790181853,0.29210596790181853,11.884870782832586,0.5323292171674137,0.5323292171674137,49.37675214351154,1.7892478564884584,1.7892478564884584,1.7892478564884584,0.7320198156054087,1.7892478564884584,0.5773606000289673,1.948879487771254,4,106,0,Random_Forest,Set_D_Full_Stage5,107
TRN-0324,Valid,0.02461858974358974,Valid,5,0.4,18.6204,80.1765,35.0088,24.0491,13.5275,14.4397,16.6685,,28.5561,True,Sensor_S4,False,False,False,False,False,False,False,False,False,False,False,False,1,True,-0.9122000000000003,-3.141000000000002,,-2.2288000000000014,,,14.878566666666666,14.4397,1.6158351442314085,14.878566666666666,14.4397,1.6158351442314085,3.141000000000002,2.094000000000001,3.141000000000002,1492.9185006,1928.17266615,232.2425857648331,13.63786113555493,-0.1103611355549301,0.1103611355549301,14.48552137797518,-0.045821377975180155,0.045821377975180155,16.743337298899405,-0.07483729889940349,0.07483729889940349,49.326939610097796,,,0.1103611355549301,0.07700660414317125,0.1103611355549301,0.9284994132376422,0.2111089031141645,4,107,0,Random_Forest,Set_D_Full_Stage5,108
TRN-0154,Invalid,0.7080097178105063,Invalid,2,0.4,15.6191,87.307,31.2849,31.8206,12.6735,13.9206,15.2714,60.0861,24.836,False,None,False,False,False,False,False,False,False,False,False,False,False,False,0,False,-1.2470999999999997,-2.597899999999999,-47.4126,-1.3507999999999996,-46.1655,-44.8147,13.955166666666665,13.9206,1.2992949023733342,25.4879,14.596,23.08985052745037,47.4126,23.93143333333333,47.4126,1363.6567637,2778.1611242,178.89857870519216,12.671817483663572,0.0016825163364284634,0.0016825163364284634,13.996450496619156,-0.07585049661915555,0.07585049661915555,15.228429824810586,0.042970175189413595,0.042970175189413595,50.1110723013169,9.9750276986831,9.9750276986831,9.9750276986831,2.5238827217070243,9.9750276986831,0.2837778890426819,1.86019960051648,2,108,1,Random_Forest,Set_D_Full_Stage5,109
TRN-0666,Valid,0.0650687034846725,Valid,4,0.4,8.1382,65.7363,39.0356,11.4716,7.6017,9.7427,9.234,32.6448,21.455,False,None,False,False,False,False,False,False,False,False,False,False,False,False,0,False,-2.140999999999999,-1.6322999999999999,-25.043099999999995,0.5086999999999993,-22.902099999999997,-23.410799999999995,8.859466666666668,9.234,1.1185600848114206,14.8058,9.48835,11.927683690474021,25.043099999999995,12.60633333333333,25.043099999999995,534.9751566599999,754.10053908,123.80068184539107,7.6591408493270166,-0.05744084932701643,0.05744084932701643,9.662533224288472,0.0801667757115272,0.0801667757115272,9.062012804824134,0.17198719517586625,0.17198719517586625,52.310826759841994,-19.666026759841998,19.666026759841998,19.666026759841998,4.993905395014102,19.666026759841998,0.16683613338839615,1.6914373479059908,4,109,0,Random_Forest,Set_D_Full_Stage5,110
TRN-0826,Valid,0.0005144619628601192,Valid,3,0.4,28.4712,27.8256,35.3796,21.3808,15.2771,13.2259,19.943,48.6539,20.0595,False,None,False,False,False,False,False,False,False,False,False,False,False,False,0,False,2.0512000000000015,-4.665900000000001,-33.3768,-6.717100000000002,-35.428,-28.7109,16.148666666666667,15.2771,3.4423218099610238,24.274974999999998,17.61005,16.49385546627895,35.428,18.49165,35.428,792.2282227200001,594.93358848,1023.2012883095824,15.441250128286432,-0.1641501282864315,0.1641501282864315,13.433455140766666,-0.20755514076666692,0.20755514076666692,20.50984119155281,-0.5668411915528075,0.5668411915528075,50.278491404867665,-1.6245914048676653,1.6245914048676653,1.6245914048676653,0.6407844663683928,1.6245914048676653,0.6094645704522885,1.4594447741162353,3,110,0,Random_Forest,Set_D_Full_Stage5,111
TRN-0131,Valid,0.03907692606284678,Valid,2,0.4,18.5812,92.627,32.678,29.3111,14.2849,15.4514,17.3894,51.1103,34.9359,False,None,False,False,False,False,False,False,False,False,False,False,False,False,0,False,-1.1664999999999992,-3.104499999999998,-36.8254,-1.9379999999999988,-35.6589,-33.7209,15.708566666666664,15.4514,1.5681457468403026,24.558999999999997,16.4204,17.747114360932034,36.8254,18.7357,36.8254,1721.1208123999997,2714.9992597,200.6023944851507,14.362197671646584,-0.07729767164658341,0.07729767164658341,15.497530611229003,-0.04613061122900319,0.04613061122900319,17.38954707819122,-0.00014707819122250498,0.00014707819122250498,49.74652711867777,1.3637728813222338,1.3637728813222338,1.3637728813222338,0.37183706059726074,1.3637728813222338,0.7289495441715411,1.4994659801026184,2,111,0,Random_Forest,Set_D_Full_Stage5,112
TRN-0206,Valid,0.02660346513847809,Valid,5,0.4,15.64,43.7312,36.5787,24.7762,10.3069,10.4717,13.1759,67.9744,17.0176,False,None,False,False,False,False,False,False,False,False,False,False,False,False,0,False,-0.1647999999999996,-2.8689999999999998,-57.667500000000004,-2.7042,-57.502700000000004,-54.798500000000004,11.318166666666668,10.4717,1.6109530140054777,25.482225,11.8238,28.358637254914655,57.667500000000004,29.284450000000003,57.667500000000004,683.9559680000001,1083.49295744,357.63931526248643,10.205479420624908,0.10142057937509286,0.10142057937509286,10.422123362655103,0.04957663734489692,0.04957663734489692,13.04156773769439,0.13433226230561068,0.13433226230561068,50.181112544199806,17.793287455800197,17.793287455800197,17.793287455800197,4.519654233706449,17.793287455800197,0.1811707686132542,2.26304717776914,4,112,0,Random_Forest,Set_D_Full_Stage5,113
TRN-0641,Valid,0.18507851137214296,Valid,2,0.4,24.5801,94.9394,27.697,34.8704,17.3518,17.6709,21.5468,56.5225,37.4487,False,None,False,False,False,False,False,False,False,False,False,False,False,False,0,False,-0.31909999999999883,-4.195,-39.1707,-3.8759000000000015,-38.851600000000005,-34.9757,18.8565,17.6709,2.335324767564461,28.273000000000003,19.60885,18.929281995011504,39.1707,20.231333333333335,39.1707,2333.6199459400004,3310.5748537599998,258.90302035793144,17.43326246095507,-0.08146246095506982,0.08146246095506982,17.661820207089043,0.009079792910956286,0.009079792910956286,21.42679165016874,0.12000834983125941,0.12000834983125941,48.987439298649996,7.535060701350005,7.535060701350005,7.535060701350005,1.9364028262618227,7.535060701350005,0.34055273038714734,1.3854449879938497,2,113,0,Random_Forest,Set_D_Full_Stage5,114
TRN-0478,Valid,0.014325381612883319,Valid,2,0.4,22.1023,75.3986,39.5437,15.7804,15.0451,15.3171,18.7467,40.8439,29.3263,False,None,False,False,False,False,False,False,False,False,False,False,False,False,0,False,-0.27200000000000024,-3.701600000000001,-25.7988,-3.4296000000000006,-25.526799999999998,-22.097199999999997,16.369633333333336,15.3171,2.06308760195328,22.4882,17.0319,12.352529532582924,25.7988,13.470999999999998,25.7988,1666.48247678,1189.82006744,293.13935628256274,14.95428579692884,0.09081420307115984,0.09081420307115984,15.357706096719717,-0.040606096719717044,0.040606096719717044,18.688542492875513,0.05815750712448775,0.05815750712448775,49.45400719858276,-8.61010719858276,8.61010719858276,8.61010719858276,2.199921251374531,8.61010719858276,0.31250769048471067,1.1472144737175614,4,114,0,Random_Forest,Set_D_Full_Stage5,115
TRN-0026,Valid,0.013094420821778342,Valid,1,0.4,23.3843,84.4197,26.1531,13.7255,16.0969,15.9865,19.9008,42.4546,28.9849,False,None,False,False,False,False,False,False,False,False,False,False,False,False,0,False,0.11040000000000205,-3.8038999999999987,-26.357699999999998,-3.914300000000001,-26.4681,-22.5538,17.32806666666667,16.0969,2.228736108949046,23.6097,17.99885,12.694375884619141,26.4681,13.868033333333335,26.4681,1974.0955907100001,1158.70259235,277.0004777320367,16.02301106709941,0.07388893290059073,0.07388893290059073,16.117358876030956,-0.13085887603095614,0.13085887603095614,19.771016786308493,0.12978321369150692,0.12978321369150692,49.499722132630865,-7.0451221326308655,7.0451221326308655,7.0451221326308655,1.8449132888134798,7.0451221326308655,0.3515045621714071,1.1210684078711683,4,115,0,Random_Forest,Set_D_Full_Stage5,116
TRN-0363,Valid,0.05186206124401605,Valid,5,0.4,12.5154,100.0179,26.6011,17.9126,11.5718,13.6642,13.2085,54.963,36.6662,False,None,False,False,False,False,False,False,False,False,False,False,False,False,0,False,-2.0923999999999996,-1.6367000000000012,-43.3912,0.45569999999999844,-41.2988,-41.7545,12.814833333333333,13.2085,1.1003474557308404,23.351875,13.436350000000001,21.09322556389057,43.3912,21.77155,43.3912,1251.76402566,1791.58063554,125.1315889324222,11.709105762799592,-0.13730576279959195,0.13730576279959195,13.732693488955423,-0.06849348895542384,0.06849348895542384,13.559297098471578,-0.3507970984715776,0.3507970984715776,49.40639448974625,5.556605510253753,5.556605510253753,5.556605510253753,1.5283004651200867,5.556605510253753,0.3955226104633505,1.858145498746675,2,116,0,Random_Forest,Set_D_Full_Stage5,117
TRN-0430,Valid,0.03651664309640457,Valid,5,0.4,20.7575,53.4003,34.8645,24.8433,12.9698,12.7579,16.7595,48.1514,19.0719,False,None,False,False,False,False,False,False,False,False,False,False,False,False,0,False,0.21189999999999998,-3.7897,-35.1816,-4.0016,-35.3935,-31.391900000000003,14.1624,12.9698,2.2516486648675897,22.65965,14.86465,17.09365315129176,35.3935,18.328366666666668,35.3935,1108.45672725,1326.63967299,388.7149718793767,13.197428494346624,-0.22762849434662513,0.22762849434662513,12.955862152726,-0.19796215272600115,0.19796215272600115,16.81790502085044,-0.05840502085044008,0.05840502085044008,49.53805528580239,-1.3866552858023908,1.3866552858023908,1.3866552858023908,0.4676627384313643,1.3866552858023908,0.6813554461897687,1.5619607708147432,4,117,0,Random_Forest,Set_D_Full_Stage5,118
TRN-0936,Valid,0.03341539757590579,Valid,3,0.4,10.8932,25.4503,34.2131,51.1712,7.0372,7.1364,9.181,62.3112,14.5568,False,None,False,False,False,False,False,False,False,False,False,False,False,False,0,False,-0.09919999999999973,-2.143799999999999,-55.274,-2.044599999999999,-55.1748,-53.1302,7.784866666666666,7.1364,1.2101038688200827,21.416449999999998,8.1587,27.28106469592661,55.274,27.977766666666668,55.274,277.23520795999997,1302.32239136,428.0183620553149,7.227468428130024,-0.19026842813002354,0.19026842813002354,7.3733548953760195,-0.23695489537601944,0.23695489537601944,9.465966629138569,-0.2849666291385695,0.2849666291385695,50.64149128315696,11.66970871684304,11.66970871684304,11.66970871684304,3.095474667371913,11.66970871684304,0.2441719412811568,2.580912064832377,4,118,0,Random_Forest,Set_D_Full_Stage5,119
TRN-0129,Valid,0.04243849206349206,Valid,2,0.4,21.1678,103.3248,40.2966,38.4533,16.1599,17.4796,19.4539,,47.0142,True,Sensor_S4,False,False,False,False,False,False,False,False,False,False,False,False,1,True,-1.319700000000001,-3.2940000000000005,,-1.9742999999999995,,,17.6978,17.4796,1.6578050036117036,17.6978,17.4796,1.6578050036117036,3.2940000000000005,2.196,3.2940000000000005,2187.1587014399997,3973.1795318399995,204.86657560754284,16.311719889826286,-0.15181988982628525,0.15181988982628525,17.620053627464678,-0.1404536274646766,0.1404536274646766,19.827052873370828,-0.37315287337082736,0.37315287337082736,49.38381838567932,,,0.37315287337082736,0.22180879688726307,0.37315287337082736,0.8184586676308491,0.18612472390651727,2,119,0,Random_Forest,Set_D_Full_Stage5,120
TRN-0688,Valid,0.0288639052174356,Valid,5,0.4,20.0467,29.4538,26.8279,33.6621,11.6891,10.7337,15.4426,54.0091,16.7953,False,None,False,False,False,False,False,False,False,False,False,False,False,False,0,False,0.9553999999999991,-3.7535000000000007,-42.31999999999999,-4.7089,-43.2754,-38.5665,12.6218,11.6891,2.48915282174478,22.968625,13.565850000000001,20.793213752788834,43.2754,22.26328333333333,43.2754,590.45149246,991.4767609800001,680.6148338703889,11.625751499883236,0.06334850011676352,0.06334850011676352,10.493104111182763,0.24059588881723748,0.24059588881723748,15.215693287052531,0.22690671294746956,0.22690671294746956,49.59161570207639,4.4174842979236075,4.4174842979236075,4.4174842979236075,1.2370838499512695,4.4174842979236075,0.4470105132723492,1.884108480978517,4,120,0,Random_Forest,Set_D_Full_Stage5,121
TRN-0157,Valid,0.058196944193661115,Valid,5,0.4,22.4119,20.8205,26.7832,21.6598,11.8651,10.3674,15.741,52.7544,16.6935,False,None,False,False,False,False,False,False,False,False,False,False,False,False,0,False,1.4977,-3.8758999999999997,-40.8893,-5.3736,-42.387,-37.0134,12.657833333333334,11.8651,2.7731234814435024,22.681975,13.803049999999999,20.175739734703654,42.387,21.839483333333334,42.387,466.62696394999995,450.9678659,1076.4337665119633,12.143392170375584,-0.2782921703755843,0.2782921703755843,10.475870033468007,-0.10847003346800754,0.10847003346800754,16.129069379140535,-0.38806937914053563,0.38806937914053563,49.715960849454405,3.0384391505455923,3.0384391505455923,3.0384391505455923,0.95331768338243,3.0384391505455923,0.511949494189991,1.8687517869357553,4,121,0,Random_Forest,Set_D_Full_Stage5,122
TRN-0422,Valid,0.02885255776395165,Valid,2,0.4,29.5699,19.6229,39.3521,44.9731,15.9528,13.5415,21.3873,41.892,20.6111,False,None,False,False,False,False,False,False,False,False,False,False,False,False,0,False,2.4113000000000007,-5.4345,-25.939200000000003,-7.8458000000000006,-28.350500000000004,-20.504700000000003,16.960533333333334,15.9528,4.018804456966441,23.1934,18.67005,12.89037239105217,28.350500000000004,15.081000000000001,28.350500000000004,580.24719071,882.5026439900001,1506.9069776093352,15.804586675621165,0.14821332437883505,0.14821332437883505,13.448150529282822,0.09334947071717714,0.09334947071717714,21.23602410473862,0.15127589526138152,0.15127589526138152,48.68482239262558,-6.792822392625574,6.792822392625574,6.792822392625574,1.796415270745742,6.792822392625574,0.35760067914853083,1.2223515214019847,3,122,0,Random_Forest,Set_D_Full_Stage5,123
TRN-0561,Invalid,0.9193836449498213,Invalid,2,0.4,21.2552,28.753,28.5431,55.9749,14.8131,15.3306,16.1621,58.7379,17.9232,False,None,False,False,False,False,False,False,False,False,False,False,False,False,0,False,-0.5175000000000001,-1.3489999999999984,-43.924800000000005,-0.8314999999999984,-43.407300000000006,-42.5758,15.435266666666669,15.3306,0.6805634307934362,26.260925,15.74635,21.658446184398827,43.924800000000005,22.100983333333335,43.924800000000005,611.1507656,1609.4462997,739.2339097715334,12.426526731036423,2.386573268963577,2.386573268963577,11.093324922599729,4.237275077400271,4.237275077400271,16.341935072540696,-0.17983507254069764,0.17983507254069764,49.58229881544787,9.155601184552133,9.155601184552133,9.155601184552133,3.9898211508641697,9.155601184552133,0.2004079845280253,1.6726289448566856,4,123,1,Random_Forest,Set_D_Full_Stage5,124
TRN-0281,Valid,0.028276687879896064,Valid,3,0.4,20.3633,63.1516,37.9498,43.269,14.0488,13.9778,17.9825,33.7963,25.6006,False,None,False,False,False,False,False,False,False,False,False,False,False,False,0,False,0.07099999999999973,-3.9337000000000018,-19.747500000000002,-4.0047000000000015,-19.8185,-15.8138,15.336366666666668,14.0488,2.291893641365877,19.95135,16.01565,9.41775640178346,19.8185,10.564866666666667,19.8185,1285.97497628,2732.5065804,322.45100322857957,13.761283955494191,0.2875160445058089,0.2875160445058089,13.89626532373462,0.08153467626538102,0.08153467626538102,17.37077264264473,0.6117273573552708,0.6117273573552708,49.53100164779507,-15.73470164779507,15.73470164779507,15.73470164779507,4.178869931480383,15.73470164779507,0.19309231805984928,0.9933408048373644,4,124,0,Random_Forest,Set_D_Full_Stage5,125
TRN-0108,Invalid,0.9162767896354853,Invalid,2,0.4,18.4548,83.0207,37.7378,7.6421,13.5164,7.7951,16.5216,45.0359,30.0347,False,None,False,False,False,False,False,False,False,False,False,False,False,False,0,False,5.721300000000001,-3.0051999999999985,-31.519499999999997,-8.7265,-37.2408,-28.5143,12.611033333333333,13.5164,4.433138522912783,20.71725,15.019,16.61158649948884,37.2408,19.121266666666667,37.2408,1532.13041436,634.45249147,222.29152219970172,13.524587024510293,-0.008187024510291963,0.008187024510291963,14.615575944561995,-6.820475944561995,6.820475944561995,16.549704442646796,-0.028104442646796457,0.028104442646796457,49.88284167293715,-4.846941672937149,4.846941672937149,6.820475944561995,2.925927271164058,6.820475944561995,0.25471689385205926,1.797573617360597,4,125,1,Random_Forest,Set_D_Full_Stage5,126
TRN-0332,Valid,0.08349176792497344,Valid,1,0.4,19.9914,90.3498,42.0529,54.2919,15.1578,16.3139,18.691,51.4997,37.3545,False,None,False,False,False,False,False,False,False,False,False,False,False,False,0,False,-1.1561000000000003,-3.533199999999999,-36.341899999999995,-2.3770999999999987,-35.1858,-32.8087,16.7209,16.3139,1.8014195263735757,25.415599999999998,17.50245,17.451493935095257,36.341899999999995,18.567133333333334,36.341899999999995,1806.2189917199998,4905.26230662,221.26665235931318,15.219293244596551,-0.06149324459655148,0.06149324459655148,16.299764212346762,0.014135787653238197,0.014135787653238197,18.689701704786174,0.0012982952138251846,0.0012982952138251846,49.01941071196498,2.480289288035017,2.480289288035017,2.480289288035017,0.639304153874658,2.480289288035017,0.6100149247083897,1.4299046924311476,2,126,0,Random_Forest,Set_D_Full_Stage5,127
TRN-0185,Invalid,0.8423822426633768,Invalid,2,0.4,13.0874,48.0294,42.0912,28.1127,9.6031,10.4584,12.469,52.8484,46.1158,False,None,False,False,False,False,False,False,False,False,False,False,False,False,0,False,-0.8552999999999997,-2.8659,-43.2453,-2.0106,-42.39,-40.3794,10.843499999999999,10.4584,1.4712485208148893,21.344724999999997,11.4637,21.036776229795763,43.2453,21.95775,43.2453,628.5799695600001,1350.23611338,272.4872114814652,9.254938293676268,0.3481617063237312,0.3481617063237312,10.094086554035512,0.36431344596448767,0.36431344596448767,11.710517512697642,0.7584824873023575,0.7584824873023575,50.60989024999837,2.2385097500016258,2.2385097500016258,2.2385097500016258,0.9273668473980505,2.2385097500016258,0.5188425863763311,2.026040613762598,4,127,1,Random_Forest,Set_D_Full_Stage5,128
TRN-0746,Valid,0.06785863741440849,Valid,1,0.4,11.5123,78.7144,35.2434,11.023,9.9073,11.8385,11.9057,50.1068,25.1387,False,None,False,False,False,False,False,False,False,False,False,False,False,False,0,False,-1.9312000000000005,-1.9984000000000002,-40.1995,-0.0671999999999997,-38.268299999999996,-38.2011,11.217166666666666,11.8385,1.1348753118000823,20.939574999999998,11.8721,19.466882728945073,40.1995,20.11095,40.1995,906.1837871199999,867.6688312,146.2540340453546,9.97507144533129,-0.06777144533129054,0.06777144533129054,11.789214312014156,0.04928568798584365,0.04928568798584365,11.83100039964352,0.07469960035647993,0.07469960035647993,50.71376694278617,-0.6069669427861726,0.6069669427861726,0.6069669427861726,0.19968091911494668,0.6069669427861726,0.833554976216293,1.91978494320685,4,128,0,Random_Forest,Set_D_Full_Stage5,129
TRN-0656,Valid,0.027812075475973544,Valid,4,0.4,12.9859,56.5878,41.075,23.6554,9.7232,10.5824,12.1611,23.4386,17.7576,False,None,False,False,False,False,False,False,False,False,False,False,False,False,0,False,-0.8591999999999995,-2.437899999999999,-13.7154,-1.5786999999999995,-12.856200000000001,-11.277500000000002,10.822233333333331,10.5824,1.2365189538916628,13.976325,11.371749999999999,6.3884658864628845,13.7154,7.120816666666667,13.7154,734.84351202,1338.60704412,229.48228602591266,9.628134790081857,0.09506520991814327,0.09506520991814327,10.729008623015897,-0.14660862301589717,0.14660862301589717,11.975846681165098,0.18525331883490104,0.18525331883490104,51.5117639432877,-28.073163943287696,28.073163943287696,28.073163943287696,7.12502277376416,28.073163943287696,0.12307657810252759,0.9813302271303601,4,129,0,Random_Forest,Set_D_Full_Stage5,130
TRN-0270,Valid,0.001392222323196547,Valid,2,0.4,18.3775,49.9777,28.7527,20.261,11.6306,11.4468,14.7626,43.6153,17.1733,False,None,False,False,False,False,False,False,False,False,False,False,False,False,0,False,0.18379999999999974,-3.1320000000000014,-31.984699999999997,-3.315800000000001,-32.168499999999995,-28.8527,12.613333333333332,11.6306,1.8635868676649705,20.363825,13.1966,15.575486775994086,32.168499999999995,16.60625,32.168499999999995,918.46518175,1012.5981797,367.713926868598,11.799435786231108,-0.1688357862311083,0.1688357862311083,11.604798487330145,-0.1579984873301452,0.1579984873301452,14.963481135695545,-0.20088113569554444,0.20088113569554444,49.95934743032793,-6.344047430327933,6.344047430327933,6.344047430327933,1.7179407098961827,6.344047430327933,0.36792561234280824,1.5796877159925917,4,130,0,Random_Forest,Set_D_Full_Stage5,131
TRN-0462,Valid,0.07696329679475272,Valid,2,0.4,9.376,27.3945,36.0394,38.8804,6.3963,7.0118,8.4734,42.8012,14.3644,False,None,False,False,False,False,False,False,False,False,False,False,False,False,0,False,-0.6154999999999999,-2.0770999999999997,-36.4049,-1.4615999999999998,-35.7894,-34.3278,7.2938333333333345,7.0118,1.0668848125891253,16.170675000000003,7.7425999999999995,17.775041510570375,36.4049,18.44605,36.4049,256.85083199999997,1065.1091178000001,342.2583576052282,6.449404371280629,-0.053104371280628726,0.053104371280628726,6.95499089884819,0.056809101151809926,0.056809101151809926,8.383564089845063,0.08983591015493708,0.08983591015493708,51.08637080450936,-8.285170804509356,8.285170804509356,8.285170804509356,2.121230046774183,8.285170804509356,0.32038650948958675,2.2512899113426545,4,131,0,Random_Forest,Set_D_Full_Stage5,132
TRN-0245,Valid,0.02875288984744268,Valid,5,0.4,12.2692,79.2162,37.8168,33.9754,10.6367,12.3656,12.7798,33.0432,26.8149,False,None,False,False,False,False,False,False,False,False,False,False,False,False,0,False,-1.7289000000000012,-2.1431000000000004,-22.4065,-0.41419999999999924,-20.677599999999998,-20.263399999999997,11.927366666666666,12.3656,1.1367742710553113,17.206325,12.572700000000001,10.598637090171861,22.4065,11.272283333333334,22.4065,971.91940104,2691.40208148,154.88244135890872,10.654356489145695,-0.017656489145695176,0.017656489145695176,12.383662201504524,-0.018062201504523756,0.018062201504523756,12.771963472331596,0.007836527668404258,0.007836527668404258,49.809914410455825,-16.766714410455826,16.766714410455826,16.766714410455826,4.202567407193612,16.766714410455826,0.19221279067279276,1.302223861153465,4,132,0,Random_Forest,Set_D_Full_Stage5,133
TRN-0986,Valid,0.04563886982277277,Valid,1,0.4,16.4933,30.86,41.2013,54.7611,10.5093,10.1223,13.7721,54.7129,17.9657,False,None,False,False,False,False,False,False,False,False,False,False,False,False,0,False,0.38700000000000045,-3.2628000000000004,-44.203599999999994,-3.649800000000001,-44.590599999999995,-40.940799999999996,11.4679,10.5093,2.00485547608799,22.27915,12.140699999999999,21.684375401887873,44.590599999999995,22.8391,44.590599999999995,508.98323800000003,1689.927546,534.4554327752974,10.248779366570654,0.26052063342934595,0.26052063342934595,10.009202856503023,0.11309714349697586,0.11309714349697586,13.469774673265167,0.3023253267348327,0.3023253267348327,49.18681964952308,5.526080350476917,5.526080350476917,5.526080350476917,1.550505863534518,5.526080350476917,0.3920790829369784,2.001448887660037,4,133,0,Random_Forest,Set_D_Full_Stage5,134
TRN-0905,Valid,0.019535140624481796,Valid,4,0.4,20.6906,44.6437,44.5003,38.915,12.5439,12.4742,16.1979,53.5546,20.3892,False,None,False,False,False,False,False,False,False,False,False,False,False,False,0,False,0.06970000000000098,-3.654,-41.0107,-3.723700000000001,-41.0804,-37.356700000000004,13.738666666666667,12.5439,2.1300436529173137,23.69265,14.3709,19.983789950273863,41.0804,21.1492,41.0804,923.70493922,1737.3095855000001,463.46058604896405,12.853313693597208,-0.3094136935972074,0.3094136935972074,12.614858333287625,-0.14065833328762523,0.14065833328762523,16.672284507657494,-0.4743845076574935,0.4743845076574935,50.41583083547399,3.1387691645260105,3.1387691645260105,3.1387691645260105,1.0158064247670842,3.1387691645260105,0.496079379306247,1.733887203885085,4,134,0,Random_Forest,Set_D_Full_Stage5,135
TRN-0355,Valid,0.04387349488090239,Valid,3,0.4,12.6951,77.0043,34.7021,7.1159,10.4104,11.9463,12.3935,66.5491,24.5341,False,None,False,False,False,False,False,False,False,False,False,False,False,False,0,False,-1.5359000000000016,-1.9831000000000003,-56.1387,-0.4471999999999987,-54.602799999999995,-54.15559999999999,11.5834,11.9463,1.0401652320665218,25.324824999999997,12.1699,27.495969521534725,56.1387,28.14388333333333,56.1387,977.57728893,547.95489837,164.8622005703317,10.397531149512565,0.012868850487434358,0.012868850487434358,11.99821359741631,-0.05191359741630919,0.05191359741630919,12.444716204898391,-0.05121620489839174,0.05121620489839174,50.21587561973698,16.33322438026302,16.33322438026302,16.33322438026302,4.112305758266288,16.33322438026302,0.195606453777351,2.2167449462158393,4,135,0,Random_Forest,Set_D_Full_Stage5,136
TRN-0684,Valid,0.006692132033236796,Valid,2,0.4,28.7954,59.5556,32.8725,33.6192,17.5358,16.2295,22.6425,49.5823,22.6681,False,None,False,False,False,False,False,False,False,False,False,False,False,False,0,False,1.3062999999999967,-5.1067,-32.046499999999995,-6.412999999999997,-33.352799999999995,-26.939799999999998,18.802599999999998,17.5358,3.388986416319781,26.497524999999996,20.089149999999997,15.636633343183776,33.352799999999995,17.52751666666666,33.352799999999995,1714.92732424,2002.2116275199999,483.50440873664127,17.49761572781059,0.03818427218940812,0.03818427218940812,16.2706099053162,-0.041109905316197626,0.041109905316197626,22.453395867285703,0.18910413271429505,0.18910413271429505,48.639599299560814,0.9427007004391825,0.9427007004391825,0.9427007004391825,0.30277475266477083,0.9427007004391825,0.7675924007235649,1.2587133105022787,3,136,0,Random_Forest,Set_D_Full_Stage5,137
TRN-0433,Valid,0.11458947111224893,Valid,1,0.4,14.1649,48.5547,35.8988,14.1726,9.8755,10.08,12.6932,52.2889,17.3311,False,None,False,False,False,False,False,False,False,False,False,False,False,False,0,False,-0.20449999999999946,-2.8176999999999985,-42.413399999999996,-2.613199999999999,-42.2089,-39.5957,10.8829,10.08,1.5710966329287317,21.2344,11.3866,20.742704068820597,42.413399999999996,21.642233333333333,42.413399999999996,687.7724700299999,688.14634122,291.73070954393506,9.620624081869503,0.25487591813049804,0.25487591813049804,10.191110651579507,-0.11111065157950684,0.11111065157950684,12.120939225895066,0.572260774104933,0.572260774104933,50.30821497844968,1.9806850215503147,1.9806850215503147,1.9806850215503147,0.7297330913413131,1.9806850215503147,0.5781238764557339,1.997390085243715,4,137,0,Random_Forest,Set_D_Full_Stage5,138
TRN-0205,Valid,0.06354856043216796,Valid,1,0.4,11.8979,97.544,25.2669,56.4937,11.918,13.5932,14.1341,49.7389,35.013,False,None,False,False,False,False,False,False,False,False,False,False,False,False,0,False,-1.6752000000000002,-2.216100000000001,-37.8209,-0.5409000000000006,-36.145700000000005,-35.6048,13.2151,13.5932,1.1554196250713422,22.346049999999998,13.86365,18.286251336728366,37.8209,19.000600000000002,37.8209,1160.5687576,5510.6214727999995,121.97468609297485,11.727106152544797,0.190893847455202,0.190893847455202,13.597388764466636,-0.004188764466636741,0.004188764466636741,13.62873439916162,0.5053656008383793,0.5053656008383793,49.750091257125,-0.011191257124998799,0.011191257124998799,0.5053656008383793,0.17790986747130422,0.5053656008383793,0.8489613913726396,1.6925086570070969,2,138,0,Random_Forest,Set_D_Full_Stage5,139
TRN-0806,Valid,0.0013688775741762752,Valid,1,0.4,25.4865,99.3398,44.008,55.3353,18.2879,18.9374,22.9072,48.9598,46.4182,False,None,False,False,False,False,False,False,False,False,False,False,False,False,0,False,-0.6494999999999997,-4.619299999999999,-30.6719,-3.9697999999999993,-30.0224,-26.0526,20.04416666666667,18.9374,2.5006364116627053,27.273075000000002,20.9223,14.601275666044845,30.6719,15.997583333333333,30.6719,2531.8238127,5496.997634939999,256.55877537917576,18.375644400002102,-0.08774440000210149,0.08774440000210149,19.036438653386373,-0.09903865338637274,0.09903865338637274,22.745748532805834,0.1614514671941656,0.1614514671941656,48.49032512789915,0.4694748721008537,0.4694748721008537,0.4694748721008537,0.20442734817087338,0.4694748721008537,0.8302700877048907,1.1246215820469154,1,139,0,Random_Forest,Set_D_Full_Stage5,140
TRN-0177,Valid,0.06472212608602643,Valid,2,0.4,8.8071,96.5473,34.9594,44.9813,10.2865,12.7489,11.7695,36.0828,36.0541,False,None,False,False,False,False,False,False,False,False,False,False,False,False,0,False,-2.4624000000000006,-1.4830000000000005,-25.7963,0.9794,-23.3339,-24.313299999999998,11.601633333333334,11.7695,1.23975314209456,17.721925,12.2592,12.282366991307768,25.7963,13.061383333333334,25.7963,850.3017258300001,4342.82306549,91.22056326582273,10.064087476874768,0.2224125231252323,0.2224125231252323,12.647719980122902,0.10118001987709846,0.10118001987709846,11.513983165318532,0.2555168346814689,0.2555168346814689,50.85788557679551,-14.775085576795512,14.775085576795512,14.775085576795512,3.838548738619828,14.775085576795512,0.20667354077025274,1.4556141865998267,2,140,0,Random_Forest,Set_D_Full_Stage5,141
TRN-0744,Valid,0.11337214508255411,Valid,4,0.4,28.2125,108.5078,19.6145,8.0209,19.8403,20.0427,24.2394,52.7439,48.0361,False,None,False,False,False,False,False,False,False,False,False,False,False,False,0,False,-0.2024000000000008,-4.399100000000001,-32.9036,-4.1967,-32.7012,-28.504499999999997,21.374133333333333,20.0427,2.483456511262747,29.216575,22.14105,15.815412398748885,32.9036,17.151249999999997,32.9036,3061.2763075,870.33021302,260.004325955892,19.605738301064832,0.23456169893516687,0.23456169893516687,19.565986286948252,0.4767137130517476,0.4767137130517476,23.929082754340442,0.310317245659558,0.310317245659558,49.218704803062145,3.525195196937851,3.525195196937851,3.525195196937851,1.1366969636460809,3.525195196937851,0.468012084546416,1.1261959602739333,1,141,0,Random_Forest,Set_D_Full_Stage5,142
TRN-0295,Valid,0.05912298947534701,Valid,1,0.4,28.491,65.9864,38.1329,46.6129,18.1348,17.2158,23.268,39.7368,29.2011,False,None,False,False,False,False,False,False,False,False,False,False,False,False,0,False,0.9189999999999969,-5.133200000000002,-21.602000000000004,-6.052199999999999,-22.521,-16.4688,19.539533333333335,18.1348,3.2614778879111435,24.58885,20.7014,10.443844465042556,22.521,12.116033333333334,22.521,1880.0185224000002,3075.81746456,431.7707236990162,17.86480469262657,0.2699953073734278,0.2699953073734278,16.979644477369863,0.2361555226301384,0.2361555226301384,22.841906702442035,0.42609329755796566,0.42609329755796566,48.28038117753614,-8.54358117753614,8.54358117753614,8.54358117753614,2.368956326274418,8.54358117753614,0.2968278312784946,0.9159025672601333,3,142,0,Random_Forest,Set_D_Full_Stage5,143
TRN-0948,Valid,0.10874506390789664,Valid,3,0.4,27.7984,49.1388,26.1832,34.6076,16.6847,14.9078,21.5841,60.4037,21.0112,False,None,False,False,False,False,False,False,False,False,False,False,False,False,0,False,1.7768999999999995,-4.8994,-43.719,-6.6762999999999995,-45.4959,-38.8196,17.725533333333335,16.6847,3.457708192333953,28.395075,19.1344,21.525031354274493,45.4959,23.564516666666666,45.4959,1365.9800179200001,1700.57593488,565.7117052692158,16.43806154518557,0.24663845481443047,0.24663845481443047,14.825403890882344,0.08239610911765638,0.08239610911765638,21.22376051039014,0.36033948960985995,0.36033948960985995,48.61894339596021,11.784756604039792,11.784756604039792,11.784756604039792,3.1185326643954348,11.784756604039792,0.2428049214335396,1.6022455998987148,3,143,0,Random_Forest,Set_D_Full_Stage5,144
TRN-0844,Valid,0.007435311716043558,Valid,4,0.4,21.372,93.2079,34.9139,44.387,15.903,16.6672,19.6773,49.3534,37.785,False,None,False,False,False,False,False,False,False,False,False,False,False,False,0,False,-0.7642000000000007,-3.7742999999999984,-33.4504,-3.0100999999999978,-32.6862,-29.6761,17.415833333333335,16.6672,1.995413246255855,25.400225,18.17225,16.05168185879079,33.4504,17.226883333333333,33.4504,1992.0392387999998,4137.2190573,229.29384426707992,15.916089843747637,-0.01308984374763611,0.01308984374763611,16.707710056989903,-0.040510056989901955,0.040510056989901955,19.486314647213625,0.19098535278637385,0.19098535278637385,49.10257606186502,0.25082393813497816,0.25082393813497816,0.25082393813497816,0.12385229791472252,0.25082393813497816,0.8897966412983921,1.3169326976699234,2,144,0,Random_Forest,Set_D_Full_Stage5,145
TRN-0035,Valid,0.01171600116439932,Valid,3,0.4,21.0816,84.4086,44.5723,45.0304,15.2472,16.1899,18.847,46.072,34.834,False,None,False,False,False,False,False,False,False,False,False,False,False,False,0,False,-0.9427000000000021,-3.599800000000002,-30.824800000000003,-2.6571,-29.8821,-27.225,16.761366666666667,16.1899,1.8667004642773666,24.089025,17.51845,14.73435962919665,30.824800000000003,15.855250000000003,30.824800000000003,1779.4683417600004,3800.95302144,249.75651180608233,15.30790686811819,-0.06070686811819037,0.06070686811819037,16.175377532641797,0.014522467358204949,0.014522467358204949,18.986342533147376,-0.13934253314737433,0.13934253314737433,49.44422644113018,-3.3722264411301808,3.3722264411301808,3.3722264411301808,0.8966995774384876,3.3722264411301808,0.5272316248156234,1.2796195447430752,4,145,0,Random_Forest,Set_D_Full_Stage5,146
TRN-0971,Valid,0.06420767033544009,Valid,2,0.4,10.7856,47.0839,39.4542,52.5867,8.5482,9.3426,10.8938,58.0583,16.9186,False,None,False,False,False,False,False,False,False,False,False,False,False,False,0,False,-0.7943999999999996,-2.345600000000001,-49.5101,-1.5512000000000015,-48.715700000000005,-47.164500000000004,9.594866666666666,9.3426,1.1929747245157103,21.710725,10.1182,24.2512862561109,49.5101,25.013583333333333,49.5101,507.82811184,2475.98692413,229.07188464169607,8.377801022732804,0.17039897726719566,0.17039897726719566,9.338780566875027,0.003819433124972349,0.003819433124972349,10.525408544940113,0.36839145505988746,0.36839145505988746,50.80362594457012,7.254674055429881,7.254674055429881,7.254674055429881,1.949320980220484,7.254674055429881,0.3390610946405848,2.28044329222387,4,146,0,Random_Forest,Set_D_Full_Stage5,147
TRN-0455,Valid,0.005710407360612746,Valid,3,0.4,25.6612,102.5107,36.9688,45.8239,18.5978,19.1275,22.9467,48.6426,46.962,False,None,False,False,False,False,False,False,False,False,False,False,False,False,0,False,-0.5297000000000018,-4.3489,-30.044800000000002,-3.8191999999999986,-29.5151,-25.6959,20.224,19.1275,2.372755147502582,27.328650000000003,21.037100000000002,14.340764199186411,30.044800000000002,15.658933333333332,30.044800000000002,2630.54757484,4697.44006573,250.3270146114489,18.502217926660784,0.09558207333921587,0.09558207333921587,19.055229917366958,0.07227008263304313,0.07227008263304313,22.765257357950286,0.1814426420497135,0.1814426420497135,47.97633740715816,0.6662625928418393,0.6662625928418393,0.6662625928418393,0.25388934771595295,0.6662625928418393,0.7975185384751612,1.0993879685282777,1,147,0,Random_Forest,Set_D_Full_Stage5,148
TRN-0792,Valid,0.04689662579319626,Valid,5,0.4,14.0843,67.8778,45.1334,50.613,11.2984,12.3105,14.1442,31.1149,26.6744,False,None,False,False,False,False,False,False,False,False,False,False,False,False,0,False,-1.0120999999999984,-2.8457999999999988,-19.816499999999998,-1.8337000000000003,-18.8044,-16.9707,12.584366666666666,12.3105,1.442531324905401,17.217,13.22735,9.339830342142195,19.816499999999998,10.213866666666666,19.816499999999998,956.01129854,3435.4990913999995,207.49490886638802,11.112915931794767,0.1854840682052341,0.1854840682052341,12.427793196303696,-0.11729319630369694,0.11729319630369694,13.749388062005927,0.39481193799407244,0.39481193799407244,49.766504904396086,-18.651604904396088,18.651604904396088,18.651604904396088,4.837298526724773,18.651604904396088,0.17131212245214503,1.1509838235558902,4,148,0,Random_Forest,Set_D_Full_Stage5,149
TRN-0662,Valid,0.03614102127033004,Valid,3,0.4,8.1213,69.3968,29.281,41.901,8.2046,10.0533,9.4808,46.976,19.9671,False,None,False,False,False,False,False,False,False,False,False,False,False,False,0,False,-1.848700000000001,-1.2762000000000011,-38.7714,0.5724999999999998,-36.9227,-37.4952,9.246233333333334,9.4808,0.9464085076399801,18.678675,9.767050000000001,18.880703091317862,38.7714,19.48111666666667,38.7714,563.59223184,2907.7953168000004,117.0269930274893,8.195698617199437,0.00890138280056263,0.00890138280056263,9.899185971045132,0.1541140289548686,0.1541140289548686,9.60994489814308,-0.12914489814308006,0.12914489814308006,49.40776617914027,-2.4317661791402685,2.4317661791402685,2.4317661791402685,0.6809816222596949,2.4317661791402685,0.5948905013344101,2.075702866663258,4,149,0,Random_Forest,Set_D_Full_Stage5,150
TRN-0266,Valid,0.0010545144297754412,Valid,5,0.4,15.9753,99.6298,30.1634,13.0101,13.3042,14.9661,15.6586,44.586,38.6543,False,None,False,False,False,False,False,False,False,False,False,False,False,False,0,False,-1.661900000000001,-2.3544,-31.281799999999997,-0.692499999999999,-29.619899999999998,-28.9274,14.642966666666666,14.9661,1.210004629467728,22.128725,15.31235,15.00407895993064,31.281799999999997,15.756316666666669,31.281799999999997,1591.61594394,1296.19366098,160.34658703052833,13.299041600877366,0.005158399122633384,0.005158399122633384,14.970094197736463,-0.003994197736462368,0.003994197736462368,15.749720610786088,-0.09112061078608846,0.09112061078608846,49.29656648119453,-4.710566481194533,4.710566481194533,4.710566481194533,1.2027099222099293,4.710566481194533,0.4539862420907073,1.4136280270878565,2,150,0,Random_Forest,Set_D_Full_Stage5,151
TRN-0326,Valid,0.08586153319528816,Valid,1,0.4,30.0836,84.8342,42.2461,45.3787,19.8302,19.4816,24.9872,63.2539,37.3695,False,None,False,False,False,False,False,False,False,False,False,False,False,False,0,False,0.34860000000000113,-5.157,-43.4237,-5.505600000000001,-43.7723,-38.2667,21.433000000000003,19.8302,3.0829585984894448,31.888225000000002,22.408700000000003,21.0614183207708,43.7723,22.74565,43.7723,2552.11813912,3849.66571154,354.616374691295,19.664836381048204,0.16536361895179752,0.16536361895179752,19.252771231379135,0.22882876862086476,0.22882876862086476,24.836846063923595,0.15035393607640657,0.15035393607640657,48.21007139497249,15.043828605027514,15.043828605027514,15.043828605027514,3.8970937321691457,15.043828605027514,0.2042027485467497,1.372678669735092,3,151,0,Random_Forest,Set_D_Full_Stage5,152
TRN-0173,Valid,0.02237044468473876,Valid,1,0.4,8.8793,48.0957,34.4588,23.3188,7.1496,8.3093,8.9484,47.6605,15.0183,False,None,False,False,False,False,False,False,False,False,False,False,False,False,0,False,-1.1597,-1.798799999999999,-40.5109,-0.6390999999999991,-39.3512,-38.7121,8.135766666666667,8.3093,0.9118693565052686,18.01695,8.62885,19.776386763427404,40.5109,20.361966666666664,40.5109,427.05614901,1121.53400916,184.61729746790306,7.158305825409549,-0.008705825409548673,0.008705825409548673,8.355946146626277,-0.04664614662627642,0.04664614662627642,8.792382483465797,0.15601751653420237,0.15601751653420237,50.62608985647239,-2.9655898564723913,2.9655898564723913,2.9655898564723913,0.7942398362606047,2.9655898564723913,0.5573390913469579,2.2484869811555335,4,152,0,Random_Forest,Set_D_Full_Stage5,153
TRN-0473,Valid,0.008660412680311851,Valid,3,0.4,21.7807,79.7624,44.4431,34.0606,15.1516,16.0863,18.7589,49.0243,32.4963,False,None,False,False,False,False,False,False,False,False,False,False,False,False,0,False,-0.9347000000000012,-3.6073000000000004,-33.872699999999995,-2.672599999999999,-32.937999999999995,-30.265399999999996,16.6656,16.0863,1.872123043499011,24.755275,17.422600000000003,16.25139777216614,33.872699999999995,17.38178333333333,33.872699999999995,1737.28090568,2716.75520144,273.06973297321383,15.254634980040825,-0.10303498004082456,0.10303498004082456,15.923762380651167,0.16253761934883393,0.16253761934883393,19.030999615126362,-0.27209961512636127,0.27209961512636127,49.77703449468906,-0.7527344946890651,0.7527344946890651,0.7527344946890651,0.3226016773012712,0.7527344946890651,0.7560855374389588,1.3683017585941748,4,153,0,Random_Forest,Set_D_Full_Stage5,154
TRN-0759,Valid,0.040420051725702615,Valid,4,0.4,14.1698,79.0463,27.4585,28.9708,11.6621,12.8104,14.0205,55.029,24.5945,False,None,False,False,False,False,False,False,False,False,False,False,False,False,0,False,-1.148299999999999,-2.3583999999999996,-43.3669,-1.2101000000000006,-42.2186,-41.008500000000005,12.831000000000001,12.8104,1.1793349439408636,23.3805,13.41545,21.120961663870013,43.3669,21.885133333333332,43.3669,1120.07026174,2290.03454804,179.2594746041909,11.483295304517226,0.1788046954827749,0.1788046954827749,12.652330968378418,0.15806903162158115,0.15806903162158115,13.777702980990798,0.24279701900920259,0.24279701900920259,50.213240121179666,4.815759878820337,4.815759878820337,4.815759878820337,1.348857656233474,4.815759878820337,0.42573886814561446,1.8548312248107504,4,154,0,Random_Forest,Set_D_Full_Stage5,155
TRN-0090,Valid,0.008334541949091794,Valid,2,0.4,25.4547,40.4219,23.6058,25.1758,14.7793,13.0121,19.0257,45.9565,18.5905,False,None,False,False,False,False,False,False,False,False,False,False,False,False,0,False,1.767199999999999,-4.246400000000001,-31.1772,-6.0136,-32.9444,-26.930799999999998,15.605699999999999,14.7793,3.090800698848116,23.193399999999997,16.9025,15.38380526614487,32.9444,17.179933333333334,32.9444,1028.92733793,1017.6536700199999,629.7253148107053,14.725942690179556,0.05335730982044318,0.05335730982044318,13.124166585469814,-0.11206658546981352,0.11206658546981352,19.102099966827804,-0.07639996682780392,0.07639996682780392,49.119700489499806,-3.1632004894998076,3.1632004894998076,3.1632004894998076,0.851256087904467,3.1632004894998076,0.5401737806744782,1.4204207143322178,3,155,0,Random_Forest,Set_D_Full_Stage5,156
TRN-0346,Invalid,0.7536868708044081,Invalid,3,0.4,13.4272,55.4707,35.9373,17.5331,9.7561,10.4939,12.1206,55.9888,17.4079,False,None,False,False,False,False,False,False,False,False,False,False,False,False,0,False,-0.7378,-2.3644999999999996,-46.232699999999994,-1.6266999999999996,-45.4949,-43.8682,10.790199999999999,10.4939,1.209776975314045,22.08985,11.30725,22.620876803887743,46.232699999999994,23.387466666666665,46.232699999999994,744.8161830399999,972.5733301700001,242.05927777019616,9.691859889306613,0.06424011069338675,0.06424011069338675,10.556995682736876,-0.0630956827368756,0.0630956827368756,12.050076881685769,0.07052311831423097,0.07052311831423097,50.616344208073606,5.3724557919263916,5.3724557919263916,5.3724557919263916,1.3925786759177212,5.3724557919263916,0.4179590874337414,2.0929376646117266,4,156,1,Random_Forest,Set_D_Full_Stage5,157
TRN-0250,Valid,0.0807999947285919,Valid,1,0.4,19.19,70.3763,45.3644,54.5215,13.7609,14.6353,17.4645,53.9176,29.2459,False,None,False,False,False,False,False,False,False,False,False,False,False,False,0,False,-0.8744000000000014,-3.7036000000000016,-40.1567,-2.8292,-39.2823,-36.4531,15.286900000000001,14.6353,1.93587193791325,24.944575,16.0499,19.37991604030231,40.1567,20.549883333333337,40.1567,1350.521197,3837.0214404500002,272.6769846273554,13.735554180470777,0.02534581952922288,0.02534581952922288,14.431500897599342,0.20379910240065868,0.20379910240065868,17.221709575132156,0.2427904248678452,0.2427904248678452,49.04431241254452,4.873287587455479,4.873287587455479,4.873287587455479,1.3363057335633015,4.873287587455479,0.4280261721032605,1.6098363632828527,4,157,0,Random_Forest,Set_D_Full_Stage5,158
TRN-0585,Valid,0.050429471252861735,Valid,4,0.4,19.7951,57.3239,36.9512,42.1921,13.0019,13.2516,16.721,24.2143,20.122,False,None,False,False,False,False,False,False,False,False,False,False,False,False,0,False,-0.2497000000000007,-3.719100000000001,-11.212400000000002,-3.4694000000000003,-10.962700000000002,-7.493300000000001,14.324833333333332,13.2516,2.0788935863418634,16.7972,14.9863,5.2279620089157754,11.212400000000002,6.184433333333335,11.212400000000002,1134.7323328900002,2418.6157211900004,345.3201290700512,13.152525384878313,-0.1506253848783139,0.1506253848783139,13.167913523010268,0.08368647698973142,0.08368647698973142,16.67983887065591,0.041161129344089886,0.041161129344089886,49.8169858816733,-25.602685881673295,25.602685881673295,25.602685881673295,6.469539718221357,25.602685881673295,0.13387705772024724,0.6675156171769003,4,158,0,Random_Forest,Set_D_Full_Stage5,159
TRN-0057,Valid,0.16594601390120103,Valid,5,0.4,30.1846,57.0555,30.0486,29.5513,18.1997,16.6974,23.4507,84.119,22.705,False,None,False,False,False,False,False,False,False,False,False,False,False,False,0,False,1.5023000000000017,-5.251000000000001,-65.91929999999999,-6.753300000000003,-67.4216,-60.6683,19.449266666666663,18.1997,3.545818362992293,35.616699999999994,20.825200000000002,32.464218573582414,67.4216,34.58596666666666,67.4216,1722.1974453,1686.0641971500002,529.0391760585436,17.979789293071434,0.21991070692856596,0.21991070692856596,16.40782130317064,0.2895786968293592,0.2895786968293592,23.128381082053036,0.32231891794696566,0.32231891794696566,48.448672802185555,35.670327197814444,35.670327197814444,35.670327197814444,9.125533879879834,35.670327197814444,0.09876022458302887,1.8929766393358625,3,159,0,Random_Forest,Set_D_Full_Stage5,160
TRN-0187,Valid,0.024675894750786312,Valid,4,0.4,31.0442,84.7434,25.919,22.4294,19.9745,19.1135,25.0038,51.3905,32.1574,False,None,False,False,False,False,False,False,False,False,False,False,False,False,0,False,0.8610000000000007,-5.029299999999999,-31.416000000000004,-5.8903,-32.277,-26.386700000000005,21.363933333333332,19.9745,3.1814779998191614,28.870575,22.48915,15.236356015218997,32.277,16.97671666666667,32.277,2630.79105828,1900.74361596,366.3317301014911,19.82951749541862,0.14498250458137818,0.14498250458137818,18.852928634633194,0.26057136536680403,0.26057136536680403,24.897304703690505,0.10649529630949317,0.10649529630949317,48.86966144407966,2.520838555920342,2.520838555920342,2.520838555920342,0.7582219305445044,2.520838555920342,0.5687564138676792,1.117989122839042,3,160,0,Random_Forest,Set_D_Full_Stage5,161
TRN-0557,Invalid,0.9632301587301587,Invalid,4,0.4,15.5447,29.2815,39.9119,30.1967,0.1218,9.5419,12.5008,57.9382,16.9847,False,None,False,False,False,False,False,False,False,False,False,False,False,False,0,False,-9.4201,-12.379,-57.8164,-2.9589,-48.396300000000004,-45.437400000000004,7.388166666666667,9.5419,6.464428490078093,20.025675,11.02135,25.82025738257657,57.8164,29.401349999999997,57.8164,455.17213305,884.20467105,530.8708464829854,9.424105730055032,-9.302305730055032,9.302305730055032,9.315999287642303,0.2259007123576975,0.2259007123576975,12.379700145387355,0.12109985461264472,0.12109985461264472,51.19483457976684,6.743365420233161,6.743365420233161,9.302305730055032,4.098167929314634,9.302305730055032,0.19614889385066483,2.887112226123601,4,161,1,Random_Forest,Set_D_Full_Stage5,162
TRN-0098,Valid,0.04940488360222387,Valid,3,0.4,21.2152,65.8614,33.6448,35.9575,14.2849,14.3922,18.1252,58.3774,24.619,False,None,False,False,False,False,False,False,False,False,False,False,False,False,0,False,-0.1073000000000004,-3.840299999999999,-44.0925,-3.7329999999999988,-43.9852,-40.2522,15.600766666666667,14.3922,2.186881584204625,26.294925,16.2587,21.462720949183026,44.0925,22.668416666666662,44.0925,1397.26277328,2368.2112905000004,322.1188249689765,14.22445866003227,0.06044133996772949,0.06044133996772949,14.218019914236317,0.17418008576368393,0.17418008576368393,17.884680810160724,0.24051918983927578,0.24051918983927578,49.200578656126225,9.176821343873776,9.176821343873776,9.176821343873776,2.4129904898611163,9.176821343873776,0.29299817944722506,1.676843848444577,4,162,0,Random_Forest,Set_D_Full_Stage5,163
TRN-0734,Invalid,0.6963315972222222,Invalid,4,0.4,30.9058,62.5443,43.9515,46.107,18.7959,17.6931,16.8485,56.4007,30.8448,False,None,False,False,False,False,False,False,False,False,False,False,False,False,0,False,1.1027999999999984,1.9473999999999982,-37.6048,0.8445999999999998,-38.7076,-39.5522,17.77916666666667,17.6931,0.9765486640886524,27.43455,18.244500000000002,19.327221065550695,39.5522,19.9599,39.5522,1932.9816269399998,2883.7300400999998,494.14247275251734,18.834921680017708,-0.039021680017707894,0.039021680017707894,17.701154907851755,-0.008054907851754223,0.008054907851754223,24.298210334034707,-7.449710334034705,7.449710334034705,48.957959517971055,7.442740482028945,7.442740482028945,7.449710334034705,3.734881850983278,7.449710334034705,0.21119851169936438,1.4416925221326675,3,163,1,Random_Forest,Set_D_Full_Stage5,164
TRN-0718,Invalid,0.6758833598211534,Invalid,4,0.4,11.7229,106.4226,33.7749,44.7718,11.9335,,13.9352,52.3137,45.356,True,Sensor_S2,False,False,False,False,False,False,False,False,False,False,False,False,1,True,,-2.0016999999999996,-40.380199999999995,,,-38.378499999999995,12.93435,12.93435,1.4154156439011119,26.0608,13.9352,22.757696929390722,40.380199999999995,26.92013333333333,40.380199999999995,1247.5814975399999,4764.73136268,110.1542238063885,12.01203095264008,-0.07853095264007948,0.07853095264007948,14.46534448167148,,,13.864246928177835,0.07095307182216537,0.07095307182216537,49.75317515327379,2.56052484672621,2.56052484672621,2.56052484672621,0.9033362903961516,2.56052484672621,0.5253932292710422,1.5494606652671192,2,164,1,Random_Forest,Set_D_Full_Stage5,165
TRN-0389,Valid,0.04485907925710981,Valid,4,0.4,14.6259,73.7701,26.7014,45.617,11.3153,12.2835,13.6233,67.4187,22.432,False,None,False,False,False,False,False,False,False,False,False,False,False,False,0,False,-0.9681999999999995,-2.308,-56.1034,-1.3398000000000003,-55.1352,-53.7954,12.407366666666666,12.2835,1.1589750701949257,26.1602,12.9534,27.52193999194097,56.1034,28.274999999999995,56.1034,1078.95410559,3365.1706517,198.26322612234142,11.60432407904243,-0.289024079042429,0.289024079042429,12.4806183405261,-0.19711834052609944,0.19711834052609944,14.068134539885934,-0.44483453988593347,0.44483453988593347,49.4127332801836,18.0059667198164,18.0059667198164,18.0059667198164,4.734235919817715,18.0059667198164,0.17439115062286953,2.144608166371753,4,165,0,Random_Forest,Set_D_Full_Stage5,166
TRN-0680,Valid,0.05196472896236637,Valid,1,0.4,20.7467,66.0727,27.8669,12.5571,13.8576,13.7229,16.9478,56.1486,22.4213,False,None,False,False,False,False,False,False,False,False,False,False,False,False,0,False,0.13470000000000049,-3.090200000000001,-42.291000000000004,-3.2249000000000017,-42.425700000000006,-39.2008,14.842766666666668,13.8576,1.8242560191303567,25.169225,15.4027,20.706558707870798,42.425700000000006,21.727883333333335,42.425700000000006,1370.79048509,829.6815011699999,313.99801824384076,13.727144454446828,0.13045554555317196,0.13045554555317196,13.689311700590512,0.03358829940948738,0.03358829940948738,17.149265405299726,-0.20146540529972512,0.20146540529972512,49.73442843807779,6.41417156192221,6.41417156192221,6.41417156192221,1.6949202030461485,6.41417156192221,0.37106850097812555,1.685617381696345,4,166,0,Random_Forest,Set_D_Full_Stage5,167
TRN-0709,Valid,0.10114080821574639,Valid,1,0.4,29.2852,102.7158,48.2417,54.5325,20.3658,20.6792,25.271,68.8564,54.4227,False,None,False,False,False,False,False,False,False,False,False,False,False,False,0,False,-0.31340000000000146,-4.905200000000001,-48.49059999999999,-4.591799999999999,-48.17719999999999,-43.58539999999999,22.105333333333334,20.6792,2.746022391265835,33.793099999999995,22.9751,23.48281608467491,48.49059999999999,25.010599999999997,48.49059999999999,3008.05274616,5601.3493634999995,285.10898176239857,20.38628860813428,-0.020488608134279218,0.020488608134279218,20.7652524425357,-0.08605244253569921,0.08605244253569921,25.417521337032234,-0.14652133703223313,0.14652133703223313,48.15424708603215,20.702152913967844,20.702152913967844,20.702152913967844,5.238803825417514,20.702152913967844,0.16028713644206916,1.4349256401674777,1,167,0,Random_Forest,Set_D_Full_Stage5,168
TRN-0406,Invalid,0.8598214285714286,Invalid,3,0.4,25.1233,40.9434,43.4653,22.5027,22.7285,13.9656,19.5208,49.8444,21.013,False,None,False,False,False,False,False,False,False,False,False,False,False,False,0,False,8.7629,3.207699999999999,-27.1159,-5.555200000000001,-35.8788,-30.3236,18.7383,19.5208,4.4335464122979475,26.514825000000002,21.124650000000003,15.968769108142514,35.8788,18.474016666666667,35.8788,1028.63332122,921.33704718,613.6103465734778,14.581256708693498,8.147243291306502,8.147243291306502,13.657851964396151,0.3077480356038489,0.3077480356038489,19.096384249788002,0.42441575021199895,0.42441575021199895,50.81401889786465,-0.9696188978646489,0.9696188978646489,8.147243291306502,2.4622564937467497,8.147243291306502,0.2888289766532664,1.353159467143582,3,168,1,Random_Forest,Set_D_Full_Stage5,169
TRN-0496,Valid,0.11914091865189173,Valid,4,0.4,13.5539,39.9312,20.6458,47.9961,8.8443,8.5335,10.9148,48.4001,15.0114,False,None,False,False,False,False,False,False,False,False,False,False,False,False,0,False,0.3108000000000004,-2.070499999999999,-39.555800000000005,-2.3812999999999995,-39.866600000000005,-37.4853,9.430866666666667,8.8443,1.2944855207121215,19.173175,9.87955,19.51326254514691,39.866600000000005,20.278383333333334,39.866600000000005,541.2234916799999,1916.5418683199998,339.4312368696065,9.239867887316567,-0.39556788731656667,0.39556788731656667,9.06929509437925,-0.5357950943792495,0.5357950943792495,11.66791319626417,-0.7531131962641702,0.7531131962641702,49.42208346178799,-1.0219834617879897,1.0219834617879897,1.0219834617879897,0.676614909936994,1.0219834617879897,0.5964398825712335,2.0792893825412944,4,169,0,Random_Forest,Set_D_Full_Stage5,170
TRN-0500,Valid,0.019678761088182752,Valid,3,0.4,18.4778,63.4249,40.0174,37.7434,12.4168,13.2615,15.4617,34.8244,25.4269,False,None,False,False,False,False,False,False,False,False,False,False,False,False,0,False,-0.8446999999999996,-3.0449,-22.407599999999995,-2.2002000000000006,-21.5629,-19.362699999999997,13.713333333333333,13.2615,1.5719316217104782,18.9911,14.3616,10.633277793480865,22.407599999999995,11.570500000000001,22.407599999999995,1171.9526172199999,2393.87137066,291.33348395764375,12.80683008748049,-0.39003008748048984,0.39003008748048984,13.285831654342084,-0.02433165434208462,0.02433165434208462,16.095535838685876,-0.6338358386858758,0.6338358386858758,49.955635823335356,-15.13123582333536,15.13123582333536,15.13123582333536,4.044858350960952,15.13123582333536,0.19822162099150287,1.1798994371577014,4,170,0,Random_Forest,Set_D_Full_Stage5,171
TRN-0238,Valid,0.004852987465769183,Valid,3,0.4,24.5424,90.2796,44.3099,53.5612,17.2203,17.7766,21.3428,43.8869,39.469,False,None,False,False,False,False,False,False,False,False,False,False,False,False,0,False,-0.5562999999999967,-4.122499999999999,-26.666599999999995,-3.566200000000002,-26.1103,-22.544099999999997,18.779899999999998,17.7766,2.236897344537742,25.056649999999998,19.5597,12.685667847483106,26.666599999999995,13.927666666666665,26.666599999999995,2215.67805504,4835.48371152,271.84875964794264,17.39640731813934,-0.1761073181393371,0.1761073181393371,17.93589543521675,-0.1592954352167517,0.1592954352167517,21.655214491875256,-0.3124144918752556,0.3124144918752556,48.838980649296374,-4.952080649296377,4.952080649296377,4.952080649296377,1.3999744736319304,4.952080649296377,0.41667109837492544,1.0642519793140826,2,171,0,Random_Forest,Set_D_Full_Stage5,172
TRN-0494,Valid,0.07438822758654243,Valid,3,0.4,16.9402,91.4089,28.7547,32.746,13.7494,14.6965,16.65,55.3822,32.4537,False,None,False,False,False,False,False,False,False,False,False,False,False,False,0,False,-0.9471000000000007,-2.900599999999999,-41.632799999999996,-1.9534999999999982,-40.6857,-38.7322,15.031966666666667,14.6965,1.4791124038873218,25.119525,15.67325,20.21123074388346,41.632799999999996,21.141983333333332,41.632799999999996,1548.48504778,2993.2758394,185.32329069452857,13.531373487920485,0.21802651207951484,0.21802651207951484,14.718655373338004,-0.02215537333800377,0.02215537333800377,16.252107319824336,0.39789268017566215,0.39789268017566215,48.42258436496077,6.959615635039228,6.959615635039228,6.959615635039228,1.8994225501581021,6.959615635039228,0.3448962621696762,1.6573873680384608,2,172,0,Random_Forest,Set_D_Full_Stage5,173
TRN-0597,Valid,0.04457874223126258,Valid,1,0.4,11.0549,38.0733,34.939,28.6861,7.5375,8.2343,9.2702,52.9228,15.2692,False,None,False,False,False,False,False,False,False,False,False,False,False,False,0,False,-0.6967999999999996,-1.7327000000000012,-45.3853,-1.0359000000000016,-44.688500000000005,-43.6526,8.347333333333333,8.2343,0.8718627892812805,19.4912,8.75225,22.299099091368394,45.3853,22.8653,45.3853,420.89652417,1092.17449113,290.35825884326835,7.714624378649537,-0.17712437864953756,0.17712437864953756,8.318102246389516,-0.08380224638951717,0.08380224638951717,9.80223525926747,-0.5320352592674684,0.5320352592674684,50.27464302889727,2.648156971102729,2.648156971102729,2.648156971102729,0.860279713852313,2.648156971102729,0.5375535692582356,2.3285008986101943,4,173,0,Random_Forest,Set_D_Full_Stage5,174
TRN-0749,Valid,0.007234397259602645,Valid,3,0.4,16.9551,49.3238,37.9182,46.079,11.5897,11.7664,14.8056,46.527,18.7843,False,None,False,False,False,False,False,False,False,False,False,False,False,False,0,False,-0.1767000000000003,-3.2158999999999995,-34.9373,-3.0391999999999992,-34.7606,-31.721400000000003,12.720566666666668,11.7664,1.8078519638878987,21.172175000000003,13.286000000000001,16.967546065823228,34.9373,17.975183333333334,34.9373,836.28996138,2272.7913802,343.75081730304294,11.39710850621024,0.19259149378976126,0.19259149378976126,11.568828633427161,0.19757136657283958,0.19757136657283958,14.528402685531736,0.277197314468264,0.277197314468264,50.05357122355292,-3.5265712235529207,3.5265712235529207,3.5265712235529207,1.0484828495959464,3.5265712235529207,0.4881661568205198,1.6501508937315632,4,174,0,Random_Forest,Set_D_Full_Stage5,175
TRN-0973,Valid,0.035630947670525714,Valid,2,0.4,28.9136,58.5679,27.1528,37.1643,17.6326,16.1946,22.4584,51.0747,22.3777,False,None,False,False,False,False,False,False,False,False,False,False,False,False,0,False,1.4379999999999988,-4.825800000000001,-33.442099999999996,-6.2638,-34.8801,-28.6163,18.761866666666666,17.6326,3.281040995375299,26.840075,20.0455,16.37701497574675,34.8801,18.24435,34.8801,1693.40883344,2176.63500597,493.67648598012113,17.53461726083954,0.09798273916046085,0.09798273916046085,16.076690962536482,0.11790903746351944,0.11790903746351944,22.47185351691221,-0.01345351691220742,0.01345351691220742,48.603281279221406,2.471418720778594,2.471418720778594,2.471418720778594,0.6751910035786954,2.471418720778594,0.5969468543370332,1.2995525163202726,3,175,0,Random_Forest,Set_D_Full_Stage5,176
TRN-0995,Valid,0.1354595238095238,Valid,1,0.4,14.8736,90.321,43.7769,6.3052,12.5782,14.5,15.1172,,35.587,True,Sensor_S4,False,False,False,False,False,False,False,False,False,False,False,False,1,True,-1.9217999999999993,-2.5389999999999997,,-0.6172000000000004,,,14.065133333333335,14.5,1.324183527058592,14.065133333333335,14.5,1.324183527058592,2.5389999999999997,1.6926666666666665,2.5389999999999997,1343.3984255999999,569.4919692,164.6748635782527,12.19005622298429,0.3881437770157099,0.3881437770157099,14.169052208893444,0.33094779110655637,0.33094779110655637,14.611840873360732,0.5053591266392683,0.5053591266392683,50.53306642327962,,,0.5053591266392683,0.40815023158717817,0.5053591266392683,0.710151500577366,0.180517179230073,2,176,0,Random_Forest,Set_D_Full_Stage5,177
TRN-0420,Valid,0.07226896336930605,Valid,3,0.4,16.7887,100.0701,39.1768,10.3787,13.9253,15.7353,16.7186,56.4779,42.4476,False,None,False,False,False,False,False,False,False,False,False,False,False,False,0,False,-1.8100000000000005,-2.7932999999999986,-42.5526,-0.9832999999999981,-40.742599999999996,-39.759299999999996,15.459733333333332,15.7353,1.4168923612375541,25.714275,16.22695,20.54168660267457,42.5526,21.440183333333334,42.5526,1680.0468878699999,1038.59754687,167.76937688986249,13.679844516256368,0.24545548374363158,0.24545548374363158,15.541943420141854,0.19335657985814692,0.19335657985814692,16.336967364053084,0.38163263594691443,0.38163263594691443,49.642507169598254,6.835392830401744,6.835392830401744,6.835392830401744,1.9139593824876093,6.835392830401744,0.34317568254719905,1.6548233793006493,2,177,0,Random_Forest,Set_D_Full_Stage5,178
TRN-0621,Valid,0.051962842931698505,Valid,3,0.4,20.8151,108.1273,37.7482,18.9016,16.2126,17.5534,19.6291,65.7172,50.4377,False,None,False,False,False,False,False,False,False,False,False,False,False,False,0,False,-1.3408000000000015,-3.4165000000000028,-49.50460000000001,-2.075700000000001,-48.16380000000001,-46.088100000000004,17.798366666666666,17.5534,1.721372871673461,29.778075,18.591250000000002,24.000605479497807,49.50460000000001,25.098250000000004,49.50460000000001,2250.6805622300003,2043.77897368,192.5054826574341,16.15850469211542,0.05409530788457673,0.05409530788457673,17.645688748487515,-0.09228874848751545,0.09228874848751545,19.465666847475102,0.16343315252489887,0.16343315252489887,48.83994944551015,16.877250554489855,16.877250554489855,16.877250554489855,4.2967669408467115,16.877250554489855,0.18879441198146157,1.6624507586703445,2,178,0,Random_Forest,Set_D_Full_Stage5,179
TRN-0128,Valid,0.20581929730913567,Valid,2,0.4,26.0646,105.4747,36.4848,29.7454,18.6229,19.0469,22.9939,59.9133,49.6719,False,None,False,False,False,False,False,False,False,False,False,False,False,False,0,False,-0.4239999999999995,-4.370999999999999,-41.2904,-3.946999999999999,-40.8664,-36.919399999999996,20.221233333333334,19.0469,2.410540257563298,30.14425,21.020400000000002,19.943390934258563,41.2904,21.30303333333333,41.2904,2749.15586562,3137.38714138,247.11705772881479,18.679192062543635,-0.05629206254363339,0.05629206254363339,19.30558577461499,-0.2586857746149889,0.2586857746149889,22.929975412782227,0.06392458721777317,0.06392458721777317,48.80669087268032,11.106609127319679,11.106609127319679,11.106609127319679,2.8713778879240186,11.106609127319679,0.2583059646848989,1.3697599476649949,1,179,0,Random_Forest,Set_D_Full_Stage5,180
TRN-0436,Valid,0.10267192835354264,Valid,2,0.4,12.9292,15.0079,18.0,47.765,7.7726,6.8596,10.0741,61.009,13.2914,False,None,False,False,False,False,False,False,False,False,False,False,False,False,0,False,0.9129999999999994,-2.3015,-53.2364,-3.2144999999999992,-54.1494,-50.9349,8.235433333333333,7.7726,1.6564762549862682,21.428825,8.92335,26.421423322798113,54.1494,27.458283333333338,54.1494,194.04014067999998,716.8523435,861.4923730219598,7.55662876451688,0.2159712354831198,0.2159712354831198,6.6387112513343745,0.2208887486656259,0.2208887486656259,10.01125184984206,0.0628481501579401,0.0628481501579401,50.634719703567235,10.374280296432765,10.374280296432765,10.374280296432765,2.718497107684863,10.374280296432765,0.2689258512352589,2.526940918626701,4,180,0,Random_Forest,Set_D_Full_Stage5,181
TRN-0733,Valid,0.10048887746858191,Valid,5,0.4,11.1191,95.9778,32.2408,9.3445,10.3419,12.6769,11.9418,52.1243,34.3407,False,None,False,False,False,False,False,False,False,False,False,False,False,False,0,False,-2.334999999999999,-1.5998999999999999,-41.782399999999996,0.7350999999999992,-39.4474,-40.1825,11.653533333333334,11.9418,1.1938925845038708,21.771225,12.30935,20.258849711895458,41.782399999999996,21.013716666666667,41.782399999999996,1067.18675598,896.8645521,115.85073674842133,10.722385398783306,-0.38048539878330523,0.38048539878330523,13.018299536943154,-0.34139953694315395,0.34139953694315395,12.386540253810676,-0.44474025381067506,0.44474025381067506,49.89373735459485,2.2305626454051506,2.2305626454051506,2.2305626454051506,0.8492969587355712,2.2305626454051506,0.5407460360956495,1.919156170975142,2,181,0,Random_Forest,Set_D_Full_Stage5,182
TRN-0451,Valid,0.019172957339551606,Valid,1,0.4,15.2425,33.3987,35.7329,11.8259,9.3907,9.3412,12.0736,32.7026,16.184,False,None,False,False,False,False,False,False,False,False,False,False,False,False,0,False,0.0495000000000001,-2.6829,-23.311899999999994,-2.7324,-23.361399999999996,-20.628999999999998,10.268500000000001,9.3907,1.5634583684895482,15.877025,10.73215,11.289455792131875,23.361399999999996,12.127849999999997,23.361399999999996,509.07968474999996,394.96968633,456.3799020980151,9.2725003822947,0.11819961770530085,0.11819961770530085,9.25020985760766,0.09099014239234116,0.09099014239234116,12.03200620907811,0.04159379092189042,0.04159379092189042,50.211273503702294,-17.508673503702298,17.508673503702298,17.508673503702298,4.439864263680457,17.508673503702298,0.18382811620439746,1.4713956352681719,4,182,0,Random_Forest,Set_D_Full_Stage5,183
TRN-0061,Valid,0.025930821529391492,Valid,2,0.4,30.0389,73.7471,41.4148,46.8461,19.0801,18.3148,24.107,44.198,31.9481,False,None,False,False,False,False,False,False,False,False,False,False,False,False,0,False,0.7652999999999999,-5.026899999999998,-25.1179,-5.792199999999998,-25.8832,-20.091,20.500633333333337,19.0801,3.1465586635772937,26.424975000000003,21.59355,12.124019589881621,25.8832,13.779416666666668,25.8832,2215.2817621900003,3454.7640213100003,407.32308018578624,19.04286197262569,0.037238027374311145,0.037238027374311145,18.28801765848808,0.026782341511921715,0.026782341511921715,24.266836846951225,-0.1598368469512259,0.1598368469512259,48.41319199121952,-4.21519199121952,4.21519199121952,4.21519199121952,1.1097623017642446,4.21519199121952,0.47398704544287806,0.9794972447477263,3,183,0,Random_Forest,Set_D_Full_Stage5,184
TRN-0051,Valid,0.18232998564890365,Valid,2,0.4,31.1752,99.3175,25.9078,5.095,20.6205,20.1688,25.4065,34.0022,42.1474,False,None,False,False,False,False,False,False,False,False,False,False,False,False,0,False,0.4516999999999989,-4.786000000000001,-13.381700000000002,-5.2377,-13.833400000000001,-8.5957,22.065266666666663,20.6205,2.9023935576233173,25.0495,23.0135,6.421722504645205,13.833400000000001,7.714366666666667,13.833400000000001,3096.242926,506.02266249999997,313.8942971888844,20.49746809309651,0.12303190690348842,0.12303190690348842,20.011715892632914,0.157084107367087,0.157084107367087,25.433210776127225,-0.02671077612722428,0.02671077612722428,48.271246902658525,-14.269046902658523,14.269046902658523,14.269046902658523,3.6439684232640808,14.269046902658523,0.2153330748311022,0.5522423392713072,1,184,0,Random_Forest,Set_D_Full_Stage5,185
TRN-0093,Valid,0.0426617168890456,Valid,4,0.4,20.1057,35.7746,27.7187,59.2091,12.5668,11.4561,16.472,51.154,18.1969,False,None,False,False,False,False,False,False,False,False,False,False,False,False,0,False,1.1107000000000014,-3.9052000000000007,-38.5872,-5.015900000000002,-39.697900000000004,-34.682,13.4983,12.5668,2.6344985082554144,22.912225,14.519400000000001,18.95032956307533,39.697900000000004,20.499816666666668,39.697900000000004,719.2733752199999,2118.18186886,562.0103196093542,12.298478083578566,0.268321916421435,0.268321916421435,11.299259537521621,0.15684046247837813,0.15684046247837813,15.978750574368618,0.4932494256313831,0.4932494256313831,48.730514316877695,2.4234856831223084,2.4234856831223084,2.4234856831223084,0.8354743719133761,2.4234856831223084,0.5448182852902259,1.7326070547024333,4,185,0,Random_Forest,Set_D_Full_Stage5,186
TRN-0457,Valid,0.06135263483268111,Valid,4,0.4,14.4873,100.0648,36.7584,54.3708,12.7881,14.6488,15.1889,44.7178,41.1164,False,None,False,False,False,False,False,False,False,False,False,False,False,False,0,False,-1.8606999999999996,-2.4008000000000003,-31.929699999999997,-0.5401000000000007,-30.068999999999996,-29.528899999999997,14.208599999999999,14.6488,1.25948092085589,21.8359,14.918849999999999,15.289223305539972,31.929699999999997,16.054866666666666,31.929699999999997,1449.6687770400001,5440.603227840001,144.77916862081682,13.104987416007955,-0.31688741600795467,0.31688741600795467,15.057545831081733,-0.4087458310817329,0.4087458310817329,15.532898169053666,-0.3439981690536662,0.3439981690536662,49.28189857197616,-4.56409857197616,4.56409857197616,4.56409857197616,1.4084324970298785,4.56409857197616,0.41520781721439887,1.462256439049254,2,186,0,Random_Forest,Set_D_Full_Stage5,187
TRN-0939,Valid,0.00929006068176906,Valid,5,0.4,22.3374,56.6306,28.9941,18.4958,13.9008,13.3433,17.7527,49.9282,19.3513,False,None,False,False,False,False,False,False,False,False,False,False,False,False,0,False,0.557500000000001,-3.8519000000000005,-36.0274,-4.4094000000000015,-36.5849,-32.1755,14.998933333333333,13.9008,2.401067409160629,23.73125,15.82675,17.57432314305921,36.5849,18.934433333333335,36.5849,1264.98036444,1047.42825148,394.44039186581244,14.049324685988218,-0.14852468598821744,0.14852468598821744,13.53163628140489,-0.18833628140489012,0.18833628140489012,17.8261502897973,-0.07345028979730017,0.07345028979730017,49.285609269346,0.6425907306539997,0.6425907306539997,0.6425907306539997,0.26322549696110187,0.6425907306539997,0.7916243001789195,1.5416332718953818,4,187,0,Random_Forest,Set_D_Full_Stage5,188
TRN-0872,Invalid,0.6347692821883998,Invalid,4,0.4,26.9568,40.5601,40.3636,25.9641,,14.5565,20.7849,74.7142,21.4579,True,Sensor_S1,False,False,False,False,False,False,False,False,False,False,False,False,1,True,,,,-6.228400000000001,-60.157700000000006,-53.929300000000005,17.6707,17.6707,4.404143875942293,36.6852,20.7849,33.08098959206028,60.157700000000006,40.105133333333335,60.157700000000006,1093.37050368,1053.1064924099999,664.6135821623758,15.482960078004941,,,14.188189594143324,0.3683104058566755,0.3683104058566755,20.286989014976477,0.49791098502352327,0.49791098502352327,50.28065855521818,24.433541444781824,24.433541444781824,24.433541444781824,8.433254278554008,24.433541444781824,0.10600795552320112,1.6398352360528943,3,188,1,Random_Forest,Set_D_Full_Stage5,189
TRN-0652,Invalid,0.8264890109890112,Invalid,5,0.4,27.089,62.907,40.7783,13.492,16.8702,0.0,21.7538,66.6104,28.0562,False,None,False,False,False,False,False,False,False,False,False,False,False,True,0,False,16.8702,-4.883599999999998,-49.7402,-21.7538,-66.6104,-44.8566,12.874666666666664,16.8702,11.414033843183281,26.3086,19.311999999999998,28.43827886728262,66.6104,34.11913333333334,66.6104,1704.0877229999999,848.741244,430.61973538402157,16.641169759334247,0.22903024066575384,0.22903024066575384,16.046833290209744,-16.046833290209744,16.046833290209744,21.284953980536564,0.4688460194634345,0.4688460194634345,49.2009108925801,17.4094891074199,17.4094891074199,17.4094891074199,8.538549664439708,17.4094891074199,0.10483774108007853,2.53188594912464,3,189,1,Random_Forest,Set_D_Full_Stage5,190
TRN-0084,Valid,0.0716022677061798,Valid,4,0.4,16.1984,104.131,47.1348,13.1686,13.8563,16.0643,16.4932,45.0811,49.5151,False,None,False,False,False,False,False,False,False,False,False,False,False,False,0,False,-2.208,-2.6369000000000025,-31.224800000000002,-0.4289000000000023,-29.0168,-28.587899999999998,15.471266666666667,16.0643,1.414947632717669,22.873725,16.278750000000002,14.849925096640499,31.224800000000002,15.683883333333336,31.224800000000002,1686.7555903999998,1371.2594866,155.55788808732385,13.683846095122496,0.17245390487750356,0.17245390487750356,15.971468433894422,0.09283156610557697,0.09283156610557697,16.314544881111583,0.17865511888841823,0.17865511888841823,51.54891201803452,-6.467812018034522,6.467812018034522,6.467812018034522,1.7279381519765051,6.467812018034522,0.366577225834632,1.3650940696829792,2,190,0,Random_Forest,Set_D_Full_Stage5,191
TRN-0461,Valid,0.10108237862886037,Valid,5,0.4,10.4319,41.9366,32.0292,45.3324,7.5731,8.4603,9.6327,36.0315,15.0741,False,None,False,False,False,False,False,False,False,False,False,False,False,False,0,False,-0.8872,-2.0595999999999997,-28.4584,-1.1723999999999997,-27.5712,-26.3988,8.555366666666666,8.4603,1.033085811214796,15.4244,9.0465,13.763937903085733,28.4584,14.424600000000003,28.4584,437.47841754,1901.0867258399999,248.75401230571572,7.83963714959005,-0.26653714959005015,0.26653714959005015,8.495434994858172,-0.035134994858172064,0.035134994858172064,9.849710554217488,-0.21701055421748805,0.21701055421748805,50.19028785090161,-14.15878785090161,14.15878785090161,14.15878785090161,3.6693676373918303,14.15878785090161,0.21416176186087807,1.8450235697832202,4,191,0,Random_Forest,Set_D_Full_Stage5,192
TRN-0615,Valid,0.008443729057430991,Valid,5,0.4,28.5161,46.13,36.8821,25.4588,16.5328,15.279,21.4779,48.4752,21.8358,False,None,False,False,False,False,False,False,False,False,False,False,False,False,0,False,1.2538000000000018,-4.9451,-31.9424,-6.198900000000002,-33.196200000000005,-26.9973,17.763233333333336,16.5328,3.2775089539669207,25.441225000000003,19.00535,15.587418027450857,33.196200000000005,17.422283333333336,33.196200000000005,1315.447693,1174.414444,618.1680862414727,16.53781382519613,-0.005013825196130028,0.005013825196130028,15.092066514399814,0.18693348560018563,0.18693348560018563,21.526180338262783,-0.04828033826278144,0.04828033826278144,49.02694786490364,-0.5517478649036391,0.5517478649036391,0.5517478649036391,0.19799387849068406,0.5517478649036391,0.8347288061770979,1.3048187322667315,3,192,0,Random_Forest,Set_D_Full_Stage5,193
TRN-0828,Valid,0.02363257575757576,Valid,5,0.4,12.2969,56.5112,39.2929,28.3125,9.4048,10.5472,11.7256,,17.4859,True,Sensor_S4,False,False,False,False,False,False,False,False,False,False,False,False,1,True,-1.1424000000000003,-2.3208,,-1.1784,,,10.559199999999999,10.5472,1.1604465347442767,10.559199999999999,10.5472,1.1604465347442767,2.3208,1.5472000000000001,2.3208,694.91257528,1599.97335,217.60107419395197,9.350011196320757,0.05478880367924255,0.05478880367924255,10.4681612014436,0.07903879855640028,0.07903879855640028,11.595589562074938,0.13001043792506195,0.13001043792506195,50.293788076159345,,,0.13001043792506195,0.0879460133869016,0.13001043792506195,0.9191632559844439,0.21978916983372815,4,193,0,Random_Forest,Set_D_Full_Stage5,194
TRN-0082,Valid,0.09249490402875243,Valid,5,0.4,24.2607,41.2419,35.6057,24.8717,14.0427,13.1631,18.3995,59.6223,20.2629,False,None,False,False,False,False,False,False,False,False,False,False,False,False,0,False,0.8795999999999999,-4.3568,-45.5796,-5.2364,-46.4592,-41.22280000000001,15.201766666666666,14.0427,2.804023518684059,26.3069,16.2211,22.32795655674742,46.4592,23.955733333333338,46.4592,1000.55736333,1025.75616423,588.2535508176028,14.212744584967146,-0.1700445849671457,0.1700445849671457,13.160200267617094,0.00289973238290564,0.00289973238290564,18.499261511272245,-0.09976151127224497,0.09976151127224497,49.44347373321823,10.178826266781776,10.178826266781776,10.178826266781776,2.612883023851018,10.178826266781776,0.27678726197287373,1.7660454990722971,4,194,0,Random_Forest,Set_D_Full_Stage5,195
TRN-0969,Valid,0.14795021645021644,Valid,4,0.4,30.7801,21.4751,27.9207,33.4875,16.1614,13.5707,21.6122,,19.9597,True,Sensor_S4,False,False,False,False,False,False,False,False,False,False,False,False,1,True,2.5907,-5.450800000000001,,-8.041500000000001,,,17.114766666666668,16.1614,4.1046451202672,17.114766666666668,16.1614,4.1046451202672,8.041500000000001,5.361000000000001,8.041500000000001,661.00572551,719.14741125,1433.2918434410815,16.33850883265068,-0.17710883265068134,0.17710883265068134,13.556925868399201,0.013774131600799322,0.013774131600799322,21.801054447076027,-0.18885444707602517,0.18885444707602517,49.12695471254208,,,0.18885444707602517,0.1265791371091686,0.18885444707602517,0.8876429245494692,0.4698571390453435,3,195,0,Random_Forest,Set_D_Full_Stage5,196
TRN-0675,Valid,0.011778341720069132,Valid,5,0.4,30.2286,45.8892,26.7456,33.7286,17.466,15.4147,22.8149,43.5912,21.585,False,None,False,False,False,False,False,False,False,False,False,False,False,False,0,False,2.0513000000000012,-5.3489,-26.1252,-7.400200000000002,-28.1765,-20.7763,18.5652,17.466,3.820591641356088,24.8217,20.14045,12.895985783439228,28.1765,14.979733333333334,28.1765,1387.1662711200001,1547.7784711200002,658.7300151822182,17.428994252495876,0.037005747504125,0.037005747504125,15.40420077220784,0.010499227792159616,0.010499227792159616,22.63139952506069,0.18350047493931143,0.18350047493931143,48.452951861378196,-4.861751861378195,4.861751861378195,4.861751861378195,1.2731893279034479,4.861751861378195,0.43991056430055275,1.1351554747839694,3,196,0,Random_Forest,Set_D_Full_Stage5,197
TRN-0458,Invalid,0.908047619047619,Invalid,2,0.4,20.8054,64.9584,26.8743,57.8686,14.1824,22.0046,17.7369,45.5514,23.0209,False,None,False,False,False,False,False,False,False,False,False,False,False,False,0,False,-7.8222000000000005,-3.554499999999999,-31.369,4.267700000000001,-23.5468,-27.814500000000002,17.974633333333333,17.7369,3.916515168275662,24.868825,19.87075,14.154348294988129,31.369,16.395783333333338,31.369,1351.48549536,3759.05166624,320.2880119756625,14.229558415730375,-0.047158415730375935,0.047158415730375935,13.975316095947656,8.029283904052344,8.029283904052344,17.849243022381557,-0.11234302238155891,0.11234302238155891,49.48228960419885,-3.930889604198846,3.930889604198846,8.029283904052344,3.029918736590781,8.029283904052344,0.24814396154448934,1.2613779455290124,4,197,1,Random_Forest,Set_D_Full_Stage5,198
TRN-0190,Valid,0.04692592404570446,Valid,4,0.4,15.2603,79.1605,29.4847,21.3996,11.7469,12.7595,14.0645,19.9086,24.475,False,None,False,False,False,False,False,False,False,False,False,False,False,False,0,False,-1.012599999999999,-2.3176000000000005,-8.1617,-1.3050000000000015,-7.149100000000001,-5.844099999999999,12.856966666666667,12.7595,1.161870153387776,14.619875,13.411999999999999,3.6512113974907927,8.1617,4.29835,8.1617,1208.01297815,1694.0030358,192.77667614824614,11.927811743877138,-0.1809117438771377,0.1809117438771377,13.038216079626986,-0.27871607962698697,0.27871607962698697,14.395554337331689,-0.3310543373316879,0.3310543373316879,50.57316221246017,-30.66456221246017,30.66456221246017,30.66456221246017,7.863811093323996,30.66456221246017,0.11281828882309726,0.5582602051931325,4,198,0,Random_Forest,Set_D_Full_Stage5,199
TRN-0202,Invalid,0.9769444444444444,Invalid,4,0.4,25.3237,106.6343,38.858,25.9433,1.0,19.0542,22.2274,54.544,50.9883,False,None,False,False,False,False,False,False,False,False,False,False,False,False,0,False,-18.0542,-21.2274,-53.544,-3.173199999999998,-35.489799999999995,-32.316599999999994,14.093866666666665,19.0542,11.450078941794827,24.2064,20.6408,22.281296944298372,53.544,27.300866666666664,53.544,2700.3750229099996,2766.44563519,237.48172609735082,18.346637604311738,-17.346637604311738,17.346637604311738,19.177599935974335,-0.12339993597433363,0.12339993597433363,22.470088898291166,-0.24268889829116702,0.24268889829116702,49.67788777274995,4.866112227250049,4.866112227250049,17.346637604311738,5.644709666456822,17.346637604311738,0.15049566500220513,2.21197608402072,1,199,1,Random_Forest,Set_D_Full_Stage5,200
TRN-0068,Valid,0.06516104874416229,Valid,5,0.4,12.3176,57.5176,21.598,48.011,9.8896,10.3904,12.1167,36.3548,16.2433,False,None,False,False,False,False,False,False,False,False,False,False,False,False,0,False,-0.5007999999999999,-2.2271,-26.465199999999996,-1.7263000000000002,-25.964399999999998,-24.238099999999996,10.798900000000001,10.3904,1.1683953911240836,17.187875,11.25355,12.813512583564533,26.465199999999996,13.520316666666664,26.465199999999996,708.47878976,2761.4774936000003,214.153543584304,9.619748499283945,0.26985150071605446,0.26985150071605446,10.152230613621654,0.2381693863783454,0.2381693863783454,11.754820231497794,0.36187976850220593,0.36187976850220593,49.44034397798751,-13.085543977987513,13.085543977987513,13.085543977987513,3.4888611583960296,13.085543977987513,0.22277365343091216,1.539758963944662,4,200,0,Random_Forest,Set_D_Full_Stage5,201
TRN-0214,Valid,0.10692814625973358,Valid,5,0.4,27.8415,15.6042,28.6918,50.5509,14.726,12.1316,19.753,57.192,19.1633,False,None,False,False,False,False,False,False,False,False,False,False,False,False,0,False,2.5944000000000003,-5.026999999999999,-42.466,-7.6213999999999995,-45.0604,-37.439,15.536866666666668,14.726,3.874862972200866,25.950650000000003,17.2395,21.066495720851787,45.0604,23.368033333333333,45.0604,434.44433430000004,788.80635378,1784.2300251022,14.814522878579984,-0.0885228785799832,0.0885228785799832,12.216345678934706,-0.08474567893470564,0.08474567893470564,19.88316650676936,-0.1301665067693598,0.1301665067693598,48.90721667284293,8.284783327157072,8.284783327157072,8.284783327157072,2.14705459786028,8.284783327157072,0.31775743601013845,1.7363874367742476,3,201,0,Random_Forest,Set_D_Full_Stage5,202
TRN-0477,Valid,0.006630964921228051,Valid,4,0.4,10.8498,54.5137,33.8139,24.3945,8.3735,9.3847,10.2987,66.5264,15.9991,False,None,False,False,False,False,False,False,False,False,False,False,False,False,0,False,-1.0112000000000005,-1.9252000000000002,-58.152899999999995,-0.9139999999999997,-57.14169999999999,-56.2277,9.352300000000001,9.3847,0.9630088680796248,23.645825,9.8417,28.597861547485792,58.152899999999995,29.22878333333333,58.152899999999995,591.46274226,1329.83445465,199.02883146276412,8.486679151206307,-0.11317915120630673,0.11317915120630673,9.59073929135477,-0.20603929135477017,0.20603929135477017,10.412464111413104,-0.11376411141310427,0.11376411141310427,51.3066071493659,15.219792850634093,15.219792850634093,15.219792850634093,3.9131938511520685,15.219792850634093,0.20353359348227534,2.459329518285144,4,202,0,Random_Forest,Set_D_Full_Stage5,203
TRN-0394,Valid,0.019301963432694053,Valid,3,0.4,17.3998,27.4014,32.6194,7.1219,10.1519,9.3392,13.4439,43.0775,16.065,False,None,False,False,False,False,False,False,False,False,False,False,False,False,0,False,0.8126999999999995,-3.292,-32.9256,-4.104699999999999,-33.7383,-29.6336,10.978333333333333,10.1519,2.17356494343586,19.003125,11.797899999999998,16.147405825162753,33.7383,17.417816666666667,33.7383,476.77887971999996,195.15003066,634.99652025206,9.92326293051036,0.2286370694896398,0.2286370694896398,9.354528463097743,-0.015328463097743494,0.015328463097743494,13.04138782872094,0.40251217127906,0.40251217127906,51.088132257865965,-8.010632257865964,8.010632257865964,8.010632257865964,2.164277490433102,8.010632257865964,0.3160279093800739,1.7754070578354573,4,203,0,Random_Forest,Set_D_Full_Stage5,204
TRN-0530,Valid,0.10038755244321643,Valid,1,0.4,18.4973,100.7009,36.7309,6.1492,14.4387,16.0742,17.2039,51.6816,42.1886,False,None,False,False,False,False,False,False,False,False,False,False,False,False,0,False,-1.6355000000000004,-2.7652,-37.242900000000006,-1.1296999999999997,-35.6074,-34.4777,15.905600000000002,16.0742,1.3902885419940711,24.849600000000002,16.63905,17.923982411469463,37.242900000000006,18.809733333333334,37.242900000000006,1862.69475757,619.2299742800001,183.68552975340538,14.496853853581472,-0.05815385358147118,0.05815385358147118,16.080632328542546,-0.0064323285425444965,0.0064323285425444965,17.39855490771934,-0.19465490771933958,0.19465490771933958,50.198915727551636,1.4826842724483669,1.4826842724483669,1.4826842724483669,0.43548134057293053,1.4826842724483669,0.6966304414663301,1.4987317708406693,2,204,0,Random_Forest,Set_D_Full_Stage5,205
TRN-0037,Valid,0.19736926874324937,Valid,3,0.4,20.7384,99.3801,27.8355,9.009,15.4736,16.4851,18.3568,61.3818,39.6381,False,None,False,False,False,False,False,False,False,False,False,False,False,False,0,False,-1.0114999999999998,-2.8832000000000004,-45.9082,-1.8717000000000006,-44.896699999999996,-43.025,16.771833333333333,16.4851,1.4628303262283477,27.924325,17.420949999999998,22.33693943245508,45.9082,23.266049999999996,45.9082,2060.98426584,895.3153209000001,208.6775713973349,15.50516684376701,-0.0315668437670098,0.0315668437670098,16.47177043595459,0.01332956404541008,0.01332956404541008,18.70644425777122,-0.3496442577712209,0.3496442577712209,48.45088693893038,12.930913061069617,12.930913061069617,12.930913061069617,3.3313634316633145,12.930913061069617,0.23087418448651945,1.6440212452686878,2,205,0,Random_Forest,Set_D_Full_Stage5,206
TRN-0267,Invalid,0.8018072940028074,Invalid,3,0.4,12.3628,100.7801,22.3968,23.5885,11.9041,13.7706,13.9312,40.4923,36.3126,False,None,False,False,False,False,False,False,False,False,False,False,False,False,0,False,-1.8665000000000003,-2.027100000000001,-28.5882,-0.16060000000000052,-26.7217,-26.5611,13.201966666666669,13.7706,1.1268502577243056,20.02455,13.8509,13.676150811906105,28.5882,14.320866666666667,28.5882,1245.92422028,2377.2513888500002,122.67103101991056,11.728143323968483,0.17595667603151632,0.17595667603151632,13.644576856369667,0.1260231436303325,0.1260231436303325,13.515962623564342,0.41523737643565894,0.41523737643565894,48.117925378127325,-7.625625378127324,7.625625378127324,7.625625378127324,2.085710643556208,7.625625378127324,0.3240744565885555,1.4276568374036682,2,206,1,Random_Forest,Set_D_Full_Stage5,207
TRN-0440,Valid,0.10029265425889046,Valid,1,0.4,9.7342,73.9139,18.0,45.948,9.1737,10.3878,10.8464,53.3581,18.5615,False,None,False,False,False,False,False,False,False,False,False,False,False,False,0,False,-1.2141000000000002,-1.672699999999999,-44.1844,-0.4585999999999988,-42.9703,-42.511700000000005,10.135966666666667,10.3878,0.8643184270471923,20.9415,10.6171,21.622586185899845,44.1844,22.168633333333332,44.1844,719.4926853799999,3396.1958772,131.69645605272402,9.244208288646236,-0.07050828864623604,0.07050828864623604,10.51898632386381,-0.13118632386381002,0.13118632386381002,10.80124873650561,0.04515126349438958,0.04515126349438958,50.1057635630222,3.2523364369777994,3.2523364369777994,3.2523364369777994,0.8747955782455588,3.2523364369777994,0.5333914863058318,2.1098956092468972,4,207,0,Random_Forest,Set_D_Full_Stage5,208
TRN-0697,Valid,0.049063016619928936,Valid,3,0.4,13.9074,63.999,35.716,17.3181,10.4776,11.3127,12.9265,53.7765,22.287,False,None,False,False,False,False,False,False,False,False,False,False,False,False,0,False,-0.8350999999999988,-2.4489,-43.298899999999996,-1.6138000000000012,-42.4638,-40.849999999999994,11.57226666666667,11.3127,1.24491322723045,22.123325,12.1196,21.126583580310218,43.298899999999996,21.918416666666662,43.298899999999996,890.0596926000001,1108.3410819,217.30648645971243,10.389072552098519,0.08852744790148215,0.08852744790148215,11.436880367858395,-0.12418036785839526,0.12418036785839526,12.773151035435479,0.15334896456452185,0.15334896456452185,50.3392521068927,3.4372478931072976,3.4372478931072976,3.4372478931072976,0.9508261683579242,3.4372478931072976,0.5126033350484187,1.9571597139400545,4,208,0,Random_Forest,Set_D_Full_Stage5,209
TRN-0974,Valid,0.023767497990505225,Valid,1,0.4,18.163,28.358,31.2924,32.175,10.7058,9.9377,14.0611,50.49,16.6652,False,None,False,False,False,False,False,False,False,False,False,False,False,False,0,False,0.7681000000000004,-3.3552999999999997,-39.7842,-4.1234,-40.5523,-36.4289,11.5682,10.7058,2.1928080650161794,21.298650000000002,12.38345,19.543086593899815,40.5523,20.83536666666667,40.5523,515.066354,912.41865,640.4892303797058,10.633578107269976,0.072221892730024,0.072221892730024,9.866226537357075,0.07147346264292409,0.07147346264292409,13.956777025024875,0.10432297497512444,0.10432297497512444,49.47585519245037,1.0141448075496342,1.0141448075496342,1.0141448075496342,0.3155407844744267,1.0141448075496342,0.7601436700417549,1.903983630895089,4,209,0,Random_Forest,Set_D_Full_Stage5,210
TRN-0869,Valid,0.00694998767739437,Valid,5,0.4,31.3848,62.2443,36.8918,34.7087,18.6216,17.3424,23.8142,52.9131,28.7862,False,None,False,False,False,False,False,False,False,False,False,False,False,False,0,False,1.2791999999999994,-5.192599999999999,-34.2915,-6.471799999999998,-35.5707,-29.0989,19.926066666666667,18.6216,3.4274296161020326,28.172825,21.2179,16.729244091784302,35.5707,18.650783333333333,35.5707,1953.52490664,2160.41873541,504.21958248071184,18.916648444043155,-0.2950484440431538,0.2950484440431538,17.528477857169513,-0.18607785716951142,0.18607785716951142,24.332109084410956,-0.517909084410956,0.517909084410956,48.378197562835226,4.534902437164774,4.534902437164774,4.534902437164774,1.3834844556970989,4.534902437164774,0.41955381651840035,1.2625885893272724,3,210,0,Random_Forest,Set_D_Full_Stage5,211
TRN-0025,Invalid,0.7155417200442513,Invalid,2,0.4,16.5478,64.1575,36.9451,5.6956,11.3731,6.9911,14.1633,58.3087,22.9904,False,None,False,False,False,False,False,False,False,False,False,False,False,False,0,False,4.382000000000001,-2.7901999999999987,-46.9356,-7.172199999999999,-51.3176,-44.1454,10.842500000000001,11.3731,3.6154205121949503,22.70905,12.7682,23.91598236737656,51.3176,26.123833333333334,51.3176,1061.6654784999998,365.415457,257.92459838294843,11.542522176677554,-0.16942217667755344,0.16942217667755344,12.311445506831541,-5.320345506831541,5.320345506831541,14.340924707196148,-0.17762470719614853,0.17762470719614853,50.190547160172095,8.118152839827907,8.118152839827907,8.118152839827907,3.4463863076332872,8.118152839827907,0.224901736109447,2.2597853015492495,4,211,1,Random_Forest,Set_D_Full_Stage5,212
TRN-0523,Invalid,0.9422916666666665,Invalid,2,0.4,11.8296,21.4584,32.3691,57.9892,25.0,7.3582,9.8972,38.2451,14.6204,False,None,False,False,False,False,False,False,False,False,False,False,False,False,0,False,17.6418,15.1028,-13.2451,-2.5389999999999997,-30.8869,-28.347900000000003,14.085133333333332,9.8972,9.537419253306071,20.125124999999997,17.4486,14.372458894560573,30.8869,17.960583333333332,30.8869,253.84428864,1244.35544928,551.2803604740518,7.5195571398260475,17.48044286017395,17.48044286017395,7.3457961705039345,0.012403829496065555,0.012403829496065555,9.941223058456846,-0.04402305845684573,0.04402305845684573,50.74450161909635,-12.499401619096346,12.499401619096346,17.48044286017395,7.509067841805802,17.48044286017395,0.11752168611077604,1.5347424998639763,4,212,1,Random_Forest,Set_D_Full_Stage5,213
TRN-0172,Valid,0.01346043198002267,Valid,3,0.4,28.6209,35.1609,28.1335,24.3318,15.7314,13.8399,20.6323,43.6457,19.8299,False,None,False,False,False,False,False,False,False,False,False,False,False,False,0,False,1.8915000000000006,-4.9009,-27.914299999999997,-6.792400000000001,-29.805799999999998,-23.013399999999997,16.734533333333335,15.7314,3.5055501427498275,23.462325,18.18185,13.756646055967515,29.805799999999998,15.719716666666665,29.805799999999998,1006.3366028099999,855.52798662,813.9977036999326,15.94186203644531,-0.2104620364453087,0.2104620364453087,13.898749871399044,-0.05884987139904396,0.05884987139904396,20.92763526191171,-0.2953352619117098,0.2953352619117098,49.36394219162546,-5.718242191625464,5.718242191625464,5.718242191625464,1.5707223403453816,5.718242191625464,0.3889957247835828,1.2703680175055039,3,213,0,Random_Forest,Set_D_Full_Stage5,214
TRN-0723,Valid,0.11102806567509925,Valid,3,0.4,12.3018,61.145,38.4586,12.285,9.4748,10.5765,11.5015,53.5863,17.7216,False,None,False,False,False,False,False,False,False,False,False,False,False,False,0,False,-1.1016999999999992,-2.0267,-44.1115,-0.9250000000000007,-43.0098,-42.0848,10.5176,10.5765,1.0146330026172024,21.284775,11.039,21.55027958076569,44.1115,22.20991666666667,44.1115,752.193561,751.166325,201.19057957468644,9.403873403665902,0.07092659633409859,0.07092659633409859,10.684295756824216,-0.10779575682421694,0.10779575682421694,11.542426134095042,-0.04092613409504153,0.04092613409504153,50.878827615596144,2.7074723844038573,2.7074723844038573,2.7074723844038573,0.7317802179143036,2.7074723844038573,0.5774404798343092,2.0724428271180564,4,214,0,Random_Forest,Set_D_Full_Stage5,215
TRN-0041,Valid,0.024190045996221984,Valid,2,0.4,15.098,38.9042,25.1113,36.8095,9.7416,9.5803,12.384,42.8213,16.1036,False,None,False,False,False,False,False,False,False,False,False,False,False,False,0,False,0.16130000000000067,-2.6424000000000003,-33.0797,-2.803700000000001,-33.241,-30.4373,10.568633333333333,9.7416,1.574220925833898,18.6318,11.0628,16.177476352220907,33.241,17.0609,33.241,587.3756116000001,1432.0441499,388.0813927335884,9.799566397609167,-0.05796639760916733,0.05796639760916733,9.55218172877748,0.028118271222519198,0.028118271222519198,12.507528669073281,-0.12352866907328064,0.12352866907328064,50.33356219002585,-7.512262190025851,7.512262190025851,7.512262190025851,1.9304688819827045,7.512262190025851,0.34124232000833166,1.7840993440787558,4,215,0,Random_Forest,Set_D_Full_Stage5,216
TRN-0958,Valid,0.047613392572800874,Valid,5,0.4,13.9218,61.6483,44.9454,43.3601,10.3708,11.515,12.7252,52.0169,19.7819,False,None,False,False,False,False,False,False,False,False,False,False,False,False,0,False,-1.1442000000000014,-2.3544,-41.646100000000004,-1.2101999999999986,-40.5019,-39.2917,11.536999999999999,11.515,1.1773541693135503,21.656975,12.1201,20.262765965250153,41.646100000000004,21.02475,41.646100000000004,858.25530294,2673.07645283,225.82614186828476,10.604199140990776,-0.23339914099077674,0.23339914099077674,11.776067380986353,-0.2610673809863524,0.2610673809863524,13.216900534113204,-0.491700534113205,0.491700534113205,49.990415085922244,2.0264849140777557,2.0264849140777557,2.0264849140777557,0.7531629925420225,2.0264849140777557,0.570397620902342,1.9229869716398662,4,216,0,Random_Forest,Set_D_Full_Stage5,217
TRN-0364,Valid,0.03885573543395987,Valid,1,0.4,10.1665,93.6094,41.4084,43.4711,10.5852,13.1681,12.3919,36.9169,36.1226,False,None,False,False,False,False,False,False,False,False,False,False,False,False,0,False,-2.5829000000000004,-1.8066999999999993,-26.331699999999998,0.7762000000000011,-23.748799999999996,-24.525,12.0484,12.3919,1.325268761421622,18.265525,12.780000000000001,12.481244512834714,26.331699999999998,13.295216666666667,26.331699999999998,951.6799650999999,4069.30358834,108.60553442223383,10.543569543147088,0.041630456852912445,0.041630456852912445,13.06374616015409,0.10435383984591162,0.10435383984591162,12.28329090397435,0.10860909602564917,0.10860909602564917,50.21204764634528,-13.295147646345285,13.295147646345285,13.295147646345285,3.3874352597674395,13.295147646345285,0.22792359107151955,1.4416057345158517,2,217,0,Random_Forest,Set_D_Full_Stage5,218
TRN-0553,Valid,0.07304370344255012,Valid,3,0.4,12.9588,91.6201,24.6224,7.4809,11.674,13.1147,13.7081,50.501,29.8408,False,None,False,False,False,False,False,False,False,False,False,False,False,False,0,False,-1.4406999999999996,-2.0341000000000005,-38.827,-0.5934000000000008,-37.3863,-36.792899999999996,12.832266666666667,13.1147,1.0460483465563786,22.24945,13.4114,18.85372233353403,38.827,19.5124,38.827,1187.28655188,685.40080609,141.44056364918137,11.318080067753812,0.3559199322461879,0.3559199322461879,13.006015083424073,0.1086849165759265,0.1086849165759265,13.216756638406242,0.49134336159375813,0.49134336159375813,48.9091190676353,1.5918809323646954,1.5918809323646954,1.5918809323646954,0.636957285695142,1.5918809323646954,0.6108894891385911,1.7450760602729234,2,218,0,Random_Forest,Set_D_Full_Stage5,219
TRN-0253,Valid,0.2473295679120504,Valid,5,0.4,31.6361,32.2472,36.1817,55.1522,17.5824,15.0875,23.2255,71.4929,22.5182,False,None,False,False,False,False,False,False,False,False,False,False,False,False,0,False,2.4948999999999995,-5.6431000000000004,-53.910500000000006,-8.138,-56.40540000000001,-48.26740000000001,18.6318,17.5824,4.169255481497866,31.847075,20.403950000000002,26.648873037131732,56.40540000000001,29.14321666666667,56.40540000000001,1020.17564392,1778.50402384,981.0492132497662,17.625292623514184,-0.042892623514184436,0.042892623514184436,15.221355495062294,-0.13385549506229388,0.13385549506229388,23.33447949409185,-0.10897949409184804,0.10897949409184804,48.46318347992103,23.029716520078978,23.029716520078978,23.029716520078978,5.828861033186826,23.029716520078978,0.14643730413317985,1.771132271603508,3,219,0,Random_Forest,Set_D_Full_Stage5,220
TRN-0566,Valid,0.0114065953811486,Valid,2,0.4,12.9328,79.8868,40.2712,33.5667,11.013,12.7045,13.3102,37.6164,27.8973,False,None,False,False,False,False,False,False,False,False,False,False,False,False,0,False,-1.6914999999999996,-2.2972,-26.6034,-0.6057000000000006,-24.9119,-24.306199999999997,12.342566666666668,12.7045,1.1906001693823722,18.661025000000002,13.007349999999999,12.674252720213264,26.6034,13.40265,26.6034,1033.16000704,2681.5362495599998,161.889052773543,11.001084819773045,0.011915180226955258,0.011915180226955258,12.734295420025818,-0.029795420025818586,0.029795420025818586,13.248900167780365,0.06129983221963542,0.06129983221963542,50.47981315435209,-12.863413154352088,12.863413154352088,12.863413154352088,3.2416058967061243,12.863413154352088,0.23575976277677363,1.4256122449799808,4,220,0,Random_Forest,Set_D_Full_Stage5,221
TRN-0777,Valid,0.23673441921751764,Valid,5,0.4,8.1947,107.2433,21.406,55.8882,10.373,13.0691,11.2021,49.4159,41.548,False,None,False,False,False,False,False,False,False,False,False,False,False,False,0,False,-2.6961000000000013,-0.8291000000000004,-39.0429,1.8670000000000009,-36.3468,-38.2138,11.548066666666665,11.2021,1.3809447864897912,21.015025,12.1356,18.967460012940585,39.0429,19.832616666666667,39.0429,878.82667051,5993.63499906,76.41222562041398,10.474382858257897,-0.10138285825789772,0.10138285825789772,13.00367977260176,0.06542022739824027,0.06542022739824027,11.661535202144588,-0.4594352021445882,0.4594352021445882,48.89470351329835,0.5211964867016476,0.5211964867016476,0.5211964867016476,0.28685869362559346,0.5211964867016476,0.7770860972952685,1.8578555781610642,2,221,0,Random_Forest,Set_D_Full_Stage5,222
TRN-0485,Valid,0.024054116624284572,Valid,2,0.4,12.9139,39.8236,23.2491,24.6533,8.46,8.7627,10.6013,67.1814,14.2112,False,None,False,False,False,False,False,False,False,False,False,False,False,False,0,False,-0.30269999999999975,-2.1412999999999993,-58.721399999999996,-1.8385999999999996,-58.418699999999994,-56.580099999999995,9.274666666666668,8.7627,1.158824328072781,23.751350000000002,9.682,28.968822733242025,58.721399999999996,29.66713333333333,58.721399999999996,514.27798804,981.7831578800001,324.2774826290233,8.656563905039743,-0.19656390503974208,0.19656390503974208,8.712317194246738,0.05038280575326226,0.05038280575326226,10.923245900059017,-0.321945900059017,0.321945900059017,50.62639065405153,16.55500934594847,16.55500934594847,16.55500934594847,4.280975489200123,16.55500934594847,0.18935895499705566,2.472338426094337,4,222,0,Random_Forest,Set_D_Full_Stage5,223
TRN-0076,Invalid,0.8046249444999444,Invalid,4,0.4,19.98,51.4139,37.8555,12.2375,12.5667,12.777,25.0,21.6472,19.0336,False,None,False,False,False,False,False,False,False,False,False,False,False,False,0,False,-0.21029999999999838,-12.4333,-9.0805,-12.223,-8.870200000000002,3.3527999999999984,16.781233333333333,12.777,7.11843737510792,17.997725,17.2121,6.300860391711066,12.4333,7.6950166666666675,12.4333,1027.249722,629.1776012500001,388.61078645837284,12.566378671479624,0.0003213285203766958,0.0003213285203766958,12.503457309110416,0.27354269088958283,0.27354269088958283,16.04454639336471,8.955453606635292,8.955453606635292,51.299718614977934,-29.652518614977932,29.652518614977932,29.652518614977932,9.720459060255795,29.652518614977932,0.09327958759782247,0.690825817804296,4,223,1,Random_Forest,Set_D_Full_Stage5,224
TRN-0234,Valid,0.04336727581567397,Valid,3,0.4,31.8555,89.9514,38.7023,18.529,20.0978,19.7211,25.2735,50.7539,39.1209,False,None,False,False,False,False,False,False,False,False,False,False,False,False,0,False,0.3766999999999996,-5.175699999999999,-30.656100000000002,-5.552399999999999,-31.0328,-25.480400000000003,21.697466666666667,20.0978,3.102657977175913,28.961575,22.68565,14.747431545724611,31.0328,16.37901666666667,31.0328,2865.4468227,1666.7094906000002,354.1411968973026,20.457397899610733,-0.3595978996107334,0.3595978996107334,19.95182934783088,-0.23072934783088073,0.23072934783088073,25.74156105995795,-0.4680610599579502,0.4680610599579502,48.73009860523263,2.023801394767375,2.023801394767375,2.023801394767375,0.7705474255417348,2.023801394767375,0.5647970709929048,1.0715159408575188,1,224,0,Random_Forest,Set_D_Full_Stage5,225
TRN-0176,Valid,0.10841066482583395,Valid,5,0.4,16.7604,61.6364,46.4971,55.1082,12.021,12.683,14.9245,41.1933,22.1887,False,None,False,False,False,False,False,False,False,False,False,False,False,False,0,False,-0.661999999999999,-2.9034999999999993,-29.1723,-2.2415000000000003,-28.5103,-26.2688,13.2095,12.683,1.5216700529352607,20.20545,13.80375,14.046954074697712,29.1723,14.959733333333332,29.1723,1033.0507185600002,3396.67105848,271.9236892609417,12.11137480114613,-0.09037480114612961,0.09037480114612961,12.905871473250029,-0.22287147325002898,0.22287147325002898,15.266437079509632,-0.34193707950963237,0.34193707950963237,49.59685459583679,-8.403554595836788,8.403554595836788,8.403554595836788,2.2646844874356447,8.403554595836788,0.3063083136666243,1.4437830170656842,4,225,0,Random_Forest,Set_D_Full_Stage5,226
TRN-0931,Valid,0.04981483875570783,Valid,4,0.4,19.7739,19.7536,27.0141,42.8943,11.0173,9.5235,14.5968,39.2832,16.1916,False,None,False,False,False,False,False,False,False,False,False,False,False,False,0,False,1.4938000000000002,-3.5794999999999995,-28.265900000000002,-5.0733,-29.759700000000002,-24.6864,11.712533333333333,11.0173,2.607125862579966,18.6052,12.80705,13.94872103886231,29.759700000000002,15.476433333333333,29.759700000000002,390.60571104,847.31684448,1001.0271540239988,11.062587227865887,-0.04528722786588624,0.04528722786588624,9.6646825625919,-0.14118256259189899,0.14118256259189899,14.705772731139247,-0.10897273113924655,0.10897273113924655,49.64351821050687,-10.360318210506868,10.360318210506868,10.360318210506868,2.663940183025975,10.360318210506868,0.2729302199399227,1.5995358289425383,4,226,0,Random_Forest,Set_D_Full_Stage5,227
TRN-0945,Invalid,0.734144103877593,Invalid,5,0.4,26.7385,70.3804,36.3881,33.2994,17.2828,16.7397,21.7568,56.2922,47.492,False,None,False,False,False,False,False,False,False,False,False,False,False,False,0,False,0.5431000000000026,-4.473999999999997,-39.0094,-5.017099999999999,-39.5525,-34.5354,18.5931,17.2828,2.753268543023,28.017875,19.5198,18.983129184862193,39.5525,20.52191666666667,39.5525,1881.8663253999998,2343.6250917599996,379.91395617047414,17.113706315869937,0.16909368413006476,0.16909368413006476,16.583995741500434,0.15570425849956493,0.15570425849956493,21.691370312666283,0.06542968733371524,0.06542968733371524,48.663393088094175,7.628806911905826,7.628806911905826,7.628806911905826,2.004758635467293,7.628806911905826,0.33280543342027286,1.4116875702787703,3,227,1,Random_Forest,Set_D_Full_Stage5,228
TRN-0715,Valid,0.01485936937166839,Valid,5,0.4,15.2056,97.2858,31.008,34.6975,12.7327,14.3418,14.9446,45.1902,36.8872,False,None,False,False,False,False,False,False,False,False,False,False,False,False,0,False,-1.6090999999999998,-2.2119,-32.457499999999996,-0.6028000000000002,-30.848399999999998,-30.245599999999996,14.006366666666667,14.3418,1.1434649287727776,21.802325,14.6432,15.619844430589996,32.457499999999996,16.329216666666664,32.457499999999996,1479.28896048,3375.5740454999996,156.29823095475075,13.059945654494497,-0.3272456544944973,0.3272456544944973,14.715808287583407,-0.37400828758340765,0.37400828758340765,15.495295443010367,-0.5506954430103672,0.5506954430103672,49.06765955115069,-3.877459551150693,3.877459551150693,3.877459551150693,1.2823522340597413,3.877459551150693,0.4381444656424687,1.4887166902077231,2,228,0,Random_Forest,Set_D_Full_Stage5,229
TRN-0103,Valid,0.05625483219939123,Valid,2,0.4,11.0967,57.7506,32.1577,49.6601,9.3504,10.2755,11.4103,47.7629,16.6986,False,None,False,False,False,False,False,False,False,False,False,False,False,False,0,False,-0.9250999999999987,-2.059899999999999,-38.4125,-1.1348000000000003,-37.4874,-36.3526,10.3454,10.2755,1.0317274397824259,19.699775000000002,10.8429,18.727705881104782,38.4125,19.39538333333333,38.4125,640.84108302,2867.90057106,192.1486197288652,9.073953456434602,0.2764465435653989,0.2764465435653989,10.097124529329717,0.17837547067028225,0.17837547067028225,11.124865070105347,0.28543492989465236,0.28543492989465236,50.71491058584744,-2.9520105858474395,2.9520105858474395,2.9520105858474395,0.9230668824944432,2.9520105858474395,0.5200027149876778,1.9498943770198507,4,229,0,Random_Forest,Set_D_Full_Stage5,230
TRN-0522,Valid,0.21408437623666454,Valid,5,0.4,25.7619,69.1276,32.6964,18.6309,16.2873,15.9744,20.6953,56.4635,25.8008,False,None,False,False,False,False,False,False,False,False,False,False,False,False,0,False,0.31289999999999907,-4.408000000000001,-40.17620000000001,-4.7209,-40.48910000000001,-35.76820000000001,17.65233333333333,16.2873,2.6399263632407126,27.355125,18.4913,19.52492779267485,40.48910000000001,20.97921666666667,40.48910000000001,1780.8583184400002,1287.90940284,372.67164306707554,16.393488254631375,-0.10618825463137682,0.10618825463137682,15.89643574522319,0.07796425477680913,0.07796425477680913,20.71309030280185,-0.017790302801849123,0.017790302801849123,48.90125255654246,7.562247443457544,7.562247443457544,7.562247443457544,1.9410475639168947,7.562247443457544,0.3400149022643474,1.4801279540386112,3,230,0,Random_Forest,Set_D_Full_Stage5,231
TRN-0612,Valid,0.05299094776926958,Valid,5,0.4,22.9325,95.339,21.9622,58.4625,17.1118,17.1518,21.0356,37.9274,36.1073,False,None,False,False,False,False,False,False,False,False,False,False,False,False,0,False,-0.0400000000000027,-3.9238,-20.8156,-3.8837999999999973,-20.775599999999997,-16.8918,18.433066666666665,17.1518,2.2539487157726836,23.306649999999998,19.0937,9.919380755369762,20.8156,11.055100000000001,20.8156,2186.3616175,5573.756287499999,240.5363764528287,16.935801848078917,0.1759981519210818,0.1759981519210818,17.128552001975045,0.023247998024956473,0.023247998024956473,20.680859202350703,0.35474079764929556,0.35474079764929556,47.77642307477715,-9.84902307477715,9.84902307477715,9.84902307477715,2.600752505593121,9.84902307477715,0.27771972620908547,0.8931181044388171,2,231,0,Random_Forest,Set_D_Full_Stage5,232
TRN-0706,Valid,0.022480029346745714,Valid,3,0.4,12.8318,53.2613,36.8491,11.4673,9.0028,9.979,10.9948,42.5072,16.8909,False,None,False,False,False,False,False,False,False,False,False,False,False,False,0,False,-0.9761999999999986,-1.991999999999999,-33.5044,-1.0158000000000005,-32.5282,-31.5124,9.992199999999999,9.979,0.9960656002493005,18.12095,10.486899999999999,16.277829627133954,33.5044,16.921499999999998,33.5044,683.43834934,610.76330549,240.92159956260932,9.212055759807425,-0.20925575980742472,0.20925575980742472,10.140407590487433,-0.1614075904874337,0.1614075904874337,11.46727507489952,-0.47247507489952056,0.47247507489952056,50.938758727038696,-8.431558727038698,8.431558727038698,8.431558727038698,2.3186742880582694,8.431558727038698,0.30132514166826907,1.8489307409761953,4,232,0,Random_Forest,Set_D_Full_Stage5,233
TRN-0409,Valid,0.05624449519664448,Valid,2,0.4,18.9372,42.7286,30.7494,59.6139,12.0414,11.6014,15.4897,71.2505,18.268,False,None,False,False,False,False,False,False,False,False,False,False,False,False,0,False,0.4399999999999995,-3.4482999999999997,-59.20910000000001,-3.888299999999999,-59.649100000000004,-55.7608,13.044166666666667,12.0414,2.1292897790891057,27.595750000000002,13.76555,29.155049191120682,59.649100000000004,30.399266666666666,59.649100000000004,809.16004392,2547.21848754,443.1971927006284,12.128568116281006,-0.08716811628100629,0.08716811628100629,11.577361222428584,0.024038777571416148,0.024038777571416148,15.610688828158903,-0.12098882815890377,0.12098882815890377,49.79863660576399,21.451863394236014,21.451863394236014,21.451863394236014,5.421014779061835,21.451863394236014,0.15573862300720456,2.1615313366981015,4,233,0,Random_Forest,Set_D_Full_Stage5,234
TRN-0741,Valid,0.03837148963796252,Valid,4,0.4,10.1391,102.3696,30.4046,37.2094,10.9162,13.2917,12.6988,45.9982,39.7644,False,None,False,False,False,False,False,False,False,False,False,False,False,False,0,False,-2.3755000000000006,-1.7826000000000004,-35.081999999999994,0.5929000000000002,-32.7065,-33.2994,12.302233333333334,12.6988,1.2364056386693383,20.726225,12.99525,16.878201177924737,35.081999999999994,17.639816666666665,35.081999999999994,1037.93561136,3809.11139424,99.0440424653371,10.934554881856021,-0.01835488185602152,0.01835488185602152,13.403064786229038,-0.11136478622903745,0.11136478622903745,12.476162682122467,0.22263731787753294,0.22263731787753294,50.109523331000375,-4.111323331000378,4.111323331000378,4.111323331000378,1.1159200792407424,4.111323331000378,0.4726076423259006,1.6926373748054095,2,234,0,Random_Forest,Set_D_Full_Stage5,235
TRN-0162,Valid,0.08106778799956789,Valid,5,0.4,13.1679,23.7918,20.5211,29.8586,8.0068,7.4467,10.4513,19.7703,13.4887,False,None,False,False,False,False,False,False,False,False,False,False,False,False,0,False,0.5601000000000003,-2.4444999999999997,-11.763499999999999,-3.0046,-12.323599999999999,-9.318999999999999,8.634933333333334,8.0068,1.5977543313455087,11.418775,9.22905,5.71847680498633,12.323599999999999,6.569216666666667,12.323599999999999,313.28804321999996,710.38983948,553.4635658237015,7.949395260177653,0.057404739822347395,0.057404739822347395,7.398235326087134,0.04846467391286602,0.04846467391286602,10.334080941509892,0.11721905849010739,0.11721905849010739,50.154306555194495,-30.384006555194496,30.384006555194496,30.384006555194496,7.651773756854954,30.384006555194496,0.11558323508028423,1.0792391659883254,4,235,0,Random_Forest,Set_D_Full_Stage5,236
TRN-0980,Valid,0.024713646748892676,Valid,1,0.4,21.2551,92.5878,23.7463,51.8686,15.8742,16.2173,19.1395,77.3263,33.6704,False,None,False,False,False,False,False,False,False,False,False,False,False,False,0,False,-0.3431000000000015,-3.2653000000000016,-61.4521,-2.9222,-61.109,-58.186800000000005,17.077,16.2173,1.794396581026614,32.139325,17.678400000000003,30.160257133339677,61.4521,31.213083333333334,61.4521,1967.96294778,4802.39956308,229.56693759146046,15.898408658537445,-0.024208658537444805,0.024208658537444805,16.326090919622988,-0.10879091962298659,0.10879091962298659,19.374991796611326,-0.23549179661132413,0.23549179661132413,48.92026995907776,28.406030040922246,28.406030040922246,28.406030040922246,7.193630353923501,28.406030040922246,0.12204602316739274,1.9120526295892555,2,236,0,Random_Forest,Set_D_Full_Stage5,237
TRN-0072,Valid,0.11991189276919853,Valid,1,0.4,11.3676,24.7966,47.8326,39.7456,7.1229,7.6559,9.5351,59.5152,17.8875,False,None,False,False,False,False,False,False,False,False,False,False,False,False,0,False,-0.5330000000000004,-2.4122000000000003,-52.3923,-1.8792,-51.8593,-49.9801,8.104633333333334,7.6559,1.2671615577081454,20.957275,8.5955,25.726096805691945,52.3923,26.509349999999998,52.3923,281.87783016000003,985.5557449600001,458.433632661884,7.27818305179288,-0.15528305179288004,0.15528305179288004,7.801414901739468,-0.14551490173946835,0.14551490173946835,9.67237347135516,-0.13727347135515977,0.13727347135515977,49.99824552788436,9.516954472115643,9.516954472115643,9.516954472115643,2.4887564742507875,9.516954472115643,0.28663508255179965,2.4999564590546917,4,237,0,Random_Forest,Set_D_Full_Stage5,238
TRN-0670,Valid,0.12256797579221229,Valid,5,0.4,13.7125,49.7963,29.9628,30.9329,9.5133,9.9252,12.031,61.3026,16.1612,False,None,False,False,False,False,False,False,False,False,False,False,False,False,0,False,-0.41190000000000104,-2.5177000000000014,-51.7893,-2.1058000000000003,-51.377399999999994,-49.2716,10.489833333333332,9.9252,1.3504856250006272,23.193025,10.978100000000001,25.430300595205317,51.7893,26.245616666666667,51.7893,682.83176375,1540.34396827,275.3718096782673,9.675228093422941,-0.1619280934229419,0.1619280934229419,10.107206790741735,-0.18200679074173465,0.18200679074173465,12.107410093587468,-0.07641009358746764,0.07641009358746764,49.96158361692911,11.341016383070887,11.341016383070887,11.341016383070887,2.9403403402057577,11.341016383070887,0.25378518444114445,2.2329677853717724,4,238,0,Random_Forest,Set_D_Full_Stage5,239
TRN-0884,Valid,0.03404189244887204,Valid,5,0.4,14.7955,47.2573,38.2309,35.7656,9.9198,10.4887,12.5743,44.566,17.7695,False,None,False,False,False,False,False,False,False,False,False,False,False,False,0,False,-0.5688999999999993,-2.6544999999999987,-34.6462,-2.0855999999999995,-34.0773,-31.9917,10.994266666666666,10.4887,1.3976018042823684,19.3872,11.5315,16.82461035566649,34.6462,17.6707,34.6462,699.19538215,1690.18568888,313.0838382464004,10.127994792923381,-0.20819479292338094,0.20819479292338094,10.575631587643095,-0.08693158764309494,0.08693158764309494,12.86604845362894,-0.29174845362894075,0.29174845362894075,50.06716079849174,-5.501160798491739,5.501160798491739,5.501160798491739,1.522008908171789,5.501160798491739,0.39650930524464434,1.7870647710526684,4,239,0,Random_Forest,Set_D_Full_Stage5,240
TRN-0765,Invalid,0.9423584054834054,Invalid,5,0.4,25.7638,21.9445,30.2554,47.5049,13.902,20.392,18.6341,52.7792,18.6845,False,None,False,False,False,False,False,False,False,False,False,False,False,False,0,False,-6.49,-4.732100000000001,-38.8772,1.7578999999999994,-32.38720000000001,-34.1451,17.6427,18.6341,3.3566621024464176,26.426825,19.51305,17.780744126980927,38.8772,19.731583333333337,38.8772,565.3737091,1042.4712780500001,1174.0430750105606,14.131654838023032,-0.22965483802303233,0.22965483802303233,12.060817959700216,8.331182040299783,8.331182040299783,18.81919686408968,-0.1850968640896795,0.1850968640896795,49.0845323036652,3.694667696334804,3.694667696334804,8.331182040299783,3.1101503596868247,8.331182040299783,0.24330010157492035,1.471125846133296,3,240,1,Random_Forest,Set_D_Full_Stage5,241
TRN-0208,Valid,0.0042790838480736585,Valid,2,0.4,27.5704,85.3055,24.6014,31.3391,18.2797,17.8617,22.6378,50.0485,31.0727,False,None,False,False,False,False,False,False,False,False,False,False,False,False,0,False,0.41799999999999926,-4.3581,-31.7688,-4.7761,-32.1868,-27.4107,19.593066666666665,18.2797,2.6450863508273854,27.206925,20.45875,15.380106504263875,32.1868,16.81975,32.1868,2351.9067572,2673.39759505,323.19600457227205,18.29444857020141,-0.014748570201412292,0.014748570201412292,17.752236323151692,0.10946367684830705,0.10946367684830705,22.800267267958493,-0.16246726795849398,0.16246726795849398,48.67066816318437,1.3778318368156306,1.3778318368156306,1.3778318368156306,0.416127837955961,1.3778318368156306,0.7061509372228711,1.1830366044539746,1,241,0,Random_Forest,Set_D_Full_Stage5,242
TRN-0116,Valid,0.04969183141127172,Valid,3,0.4,17.1843,57.8166,30.8448,31.3097,11.8278,12.0699,14.9209,40.3349,18.4577,False,None,False,False,False,False,False,False,False,False,False,False,False,False,0,False,-0.24210000000000065,-3.0930999999999997,-28.507099999999998,-2.850999999999999,-28.264999999999997,-25.413999999999998,12.939533333333335,12.0699,1.7201783347471076,19.788375000000002,13.4954,13.76950269142523,28.507099999999998,14.728716666666665,28.507099999999998,993.53779938,1810.22040102,297.22081595582995,11.784950397642097,0.04284960235790258,0.04284960235790258,12.011030530287607,0.05886946971239304,0.05886946971239304,14.766371574539132,0.15452842546086742,0.15452842546086742,49.54024026780185,-9.205340267801851,9.205340267801851,9.205340267801851,2.3653969413332536,9.205340267801851,0.2971417688410434,1.4405976030888825,4,242,0,Random_Forest,Set_D_Full_Stage5,243
TRN-0807,Valid,0.027415977262375598,Valid,5,0.4,13.7129,81.1031,27.6251,31.0034,11.2408,12.5312,13.2541,54.4976,25.0497,False,None,False,False,False,False,False,False,False,False,False,False,False,False,0,False,-1.2904,-2.013299999999999,-43.2568,-0.7228999999999992,-41.9664,-41.2435,12.342033333333333,12.5312,1.0198932509499867,22.880924999999998,12.89265,21.094226818630574,43.2568,21.74888333333333,43.2568,1112.1586999899998,2514.4718505399997,169.0798293678257,11.399400342910539,-0.15860034291053893,0.15860034291053893,12.686588340232502,-0.15538834023250203,0.15538834023250203,13.625825563229885,-0.3717255632298855,0.3717255632298855,49.409378883615524,5.088221116384474,5.088221116384474,5.088221116384474,1.4434838406893502,5.088221116384474,0.40925173448983493,1.8905171488839947,4,243,0,Random_Forest,Set_D_Full_Stage5,244
TRN-0515,Valid,0.20530722790955377,Valid,3,0.4,26.6475,106.3383,29.4929,14.2771,19.0362,19.4561,23.466,35.5775,48.7143,False,None,False,False,False,False,False,False,False,False,False,False,False,False,0,False,-0.4198999999999984,-4.4298,-16.5413,-4.009900000000002,-16.1214,-12.1115,20.65276666666667,19.4561,2.4453609842584254,24.38395,21.46105,7.72485877950745,16.5413,8.938966666666667,16.5413,2833.64984925,1518.2025429300002,250.59171995492497,18.792742480264778,0.24345751973522312,0.24345751973522312,19.204888987663196,0.2512110123368032,0.2512110123368032,22.986191904147066,0.4798080958529347,0.4798080958529347,47.90725301744296,-12.329753017442961,12.329753017442961,12.329753017442961,3.3260574113419805,12.329753017442961,0.23115735759267034,0.6783680747507789,1,244,0,Random_Forest,Set_D_Full_Stage5,245
TRN-0771,Valid,0.02388460348114372,Valid,4,0.4,10.5103,65.8953,33.8904,15.1601,8.8842,10.4931,10.7892,42.4119,20.7145,False,None,False,False,False,False,False,False,False,False,False,False,False,False,0,False,-1.6089000000000002,-1.9049999999999994,-33.5277,-0.29609999999999914,-31.918800000000005,-31.622700000000002,10.0555,10.4931,1.025122709727962,18.1446,10.64115,16.199837641779006,33.5277,16.8132,33.5277,692.5793715900002,998.9793375300001,159.49997048348357,8.844678270616091,0.03952172938390852,0.03952172938390852,10.361900609097994,0.13119939090200639,0.13119939090200639,10.608516888392582,0.1806831116074168,0.1806831116074168,51.65452940023765,-9.242629400237647,9.242629400237647,9.242629400237647,2.3985084080327446,9.242629400237647,0.2942467341367734,1.8478049404203234,4,245,0,Random_Forest,Set_D_Full_Stage5,246
TRN-0252,Valid,0.016682076859956204,Valid,1,0.4,28.7185,102.2871,26.2899,33.8702,19.6977,19.5107,24.4223,43.589,44.555,False,None,False,False,False,False,False,False,False,False,False,False,False,False,0,False,0.18700000000000117,-4.724599999999999,-23.891299999999998,-4.9116,-24.0783,-19.1667,21.21023333333333,19.6977,2.783302256912341,26.804924999999997,22.060000000000002,11.417828763933183,24.0783,12.826583333333332,24.0783,2937.5320813499998,3464.4845344199994,280.76362701028506,19.816657547143606,-0.11895754714360507,0.11895754714360507,19.65934699309591,-0.1486469930959089,0.1486469930959089,24.447202093913713,-0.02490209391371323,0.02490209391371323,48.604202407164976,-5.015202407164978,5.015202407164978,5.015202407164978,1.3269272603295512,5.015202407164978,0.4297512934969763,0.8982786192169465,1,246,0,Random_Forest,Set_D_Full_Stage5,247
TRN-0762,Valid,0.07452262627370328,Valid,3,0.4,25.9956,109.9526,44.171,32.6094,19.0835,20.0698,23.5018,26.7068,57.0971,False,None,False,False,False,False,False,False,False,False,False,False,False,False,0,False,-0.9863,-4.418299999999999,-7.6233,-3.4319999999999986,-6.6370000000000005,-3.205000000000002,20.885033333333336,20.0698,2.3192235259528844,22.340475,21.785800000000002,3.47262248968029,7.6233,4.38365,7.6233,2858.28380856,3585.48831444,236.42549276456464,18.923102764002195,0.16039723599780586,0.16039723599780586,19.91902210070881,0.15077789929119234,0.15077789929119234,23.216776730636777,0.2850232693632222,0.2850232693632222,48.69841964041552,-21.99161964041552,21.99161964041552,21.99161964041552,5.6469545112669355,21.99161964041552,0.15044483880624543,0.341232520242958,1,247,0,Random_Forest,Set_D_Full_Stage5,248
TRN-0722,Valid,0.012748829970476983,Valid,1,0.4,13.5483,30.7805,39.3529,46.8138,8.7059,8.8392,11.4471,42.6593,16.6493,False,None,False,False,False,False,False,False,False,False,False,False,False,False,0,False,-0.1333000000000002,-2.741200000000001,-33.9534,-2.6079000000000008,-33.820100000000004,-31.212200000000003,9.664066666666665,8.8392,1.5455898949376368,17.912875,10.14315,16.54581279647009,33.9534,17.41135,33.9534,417.02344815,1440.9521709,440.1583989349104,8.73097025824831,-0.025070258248311106,0.025070258248311106,8.856534021234904,-0.017334021234903574,0.017334021234903574,11.402977498674211,0.04412250132578954,0.04412250132578954,49.63765192631604,-6.978351926316037,6.978351926316037,6.978351926316037,1.7662196767812604,6.978351926316037,0.36150418869248585,1.8954735655367632,4,248,0,Random_Forest,Set_D_Full_Stage5,249
TRN-0309,Valid,0.05245973547910125,Valid,4,0.4,17.304,91.7646,36.5064,53.8731,13.7505,15.1453,16.6453,74.8414,35.7241,False,None,False,False,False,False,False,False,False,False,False,False,False,False,0,False,-1.3948,-2.8947999999999983,-61.09089999999999,-1.4999999999999982,-59.696099999999994,-58.196099999999994,15.180366666666666,15.1453,1.447718554600075,30.095625,15.895299999999999,29.8539274458571,61.09089999999999,30.79545,61.09089999999999,1587.8946383999998,4943.64347226,188.56942780010723,13.993962364070585,-0.2434623640705844,0.2434623640705844,15.313571363232128,-0.16827136323212777,0.16827136323212777,16.941771398579206,-0.29647139857920735,0.29647139857920735,49.12414065073532,25.717259349264673,25.717259349264673,25.717259349264673,6.606366118786648,25.717259349264673,0.13146882287589887,2.0298923747580004,2,249,0,Random_Forest,Set_D_Full_Stage5,250
TRN-0454,Valid,0.3562771901552486,Valid,1,0.4,18.7967,65.4734,40.9096,30.0071,13.0694,13.9466,16.4915,57.237,25.9462,False,None,False,False,False,False,False,False,False,False,False,False,False,False,0,False,-0.8772000000000002,-3.4220999999999986,-44.1676,-2.5448999999999984,-43.290400000000005,-40.74550000000001,14.502499999999998,13.9466,1.7774871898272564,25.186124999999997,15.21905,21.41648149679354,44.1676,22.507950000000005,44.1676,1230.6838577800002,1964.66686114,287.0890640948746,12.979258892605015,0.09014110739498449,0.09014110739498449,13.526919681117755,0.41968031888224466,0.41968031888224466,16.279897518043366,0.211602481956632,0.211602481956632,49.578296932072305,7.658703067927696,7.658703067927696,7.658703067927696,2.0950317440403894,7.658703067927696,0.32309846318233765,1.7536473936949837,4,250,0,Random_Forest,Set_D_Full_Stage5,251
TRN-0312,Valid,0.07780087086020408,Valid,5,0.4,11.6104,102.0657,46.6395,55.7037,11.7779,14.4485,13.6518,49.1068,46.3609,False,None,False,False,False,False,False,False,False,False,False,False,False,False,0,False,-2.6705999999999985,-1.873899999999999,-37.3289,0.7966999999999995,-34.6583,-35.455,13.292733333333333,13.6518,1.3710298112489498,22.24625,14.050149999999999,17.941989613659537,37.3289,18.79723333333333,37.3289,1185.02360328,5685.43713309,113.7541687604975,11.87292449931232,-0.09502449931231993,0.09502449931231993,14.563400328687997,-0.11490032868799815,0.11490032868799815,13.934494887868855,-0.2826948878688551,0.2826948878688551,49.41292530101132,-0.3061253010113205,0.3061253010113205,0.3061253010113205,0.19968625422012343,0.3061253010113205,0.8335512693275519,1.6779854231677593,2,251,0,Random_Forest,Set_D_Full_Stage5,252
TRN-0191,Valid,0.009510291152435799,Valid,4,0.4,13.4092,41.696,35.3431,54.3964,9.4945,9.707,12.2115,45.3013,16.8215,False,None,False,False,False,False,False,False,False,False,False,False,False,False,0,False,-0.21250000000000036,-2.7169999999999987,-35.806799999999996,-2.5044999999999984,-35.5943,-33.0898,10.471000000000002,9.707,1.511057328495513,19.178575000000002,10.95925,17.458798517915447,35.806799999999996,18.320816666666662,35.806799999999996,559.1100031999999,2268.1122944,321.5943204157904,9.360534510760251,0.13396548923974905,0.13396548923974905,9.692639943001716,0.014360056998285131,0.014360056998285131,11.935013226559423,0.2764867734405758,0.2764867734405758,49.89464674188104,-4.593346741881042,4.593346741881042,4.593346741881042,1.254539765389913,4.593346741881042,0.4435495063565908,1.867019907881629,4,252,0,Random_Forest,Set_D_Full_Stage5,253
TRN-0913,Valid,0.030797930633708493,Valid,4,0.4,30.3803,53.4373,35.2678,10.1371,17.5759,16.0709,22.6921,36.9262,22.5101,False,None,False,False,False,False,False,False,False,False,False,False,False,False,0,False,1.504999999999999,-5.116199999999999,-19.3503,-6.621199999999998,-20.8553,-14.234100000000002,18.779633333333333,17.5759,3.4708504452559357,23.316274999999997,20.134,9.505560074109258,20.8553,11.280349999999999,20.8553,1623.44120519,541.69925383,568.522255330592,17.648778744610993,-0.07287874461099264,0.07287874461099264,16.163198328927948,-0.09229832892794576,0.09229832892794576,22.83583180861918,-0.14373180861917945,0.14373180861917945,50.310590302624384,-13.384390302624382,13.384390302624382,13.384390302624382,3.423324796195625,13.384390302624382,0.22607428711996716,0.8944520964639093,3,253,0,Random_Forest,Set_D_Full_Stage5,254
TRN-0426,Valid,0.09098847163534235,Valid,2,0.4,15.663,92.9721,42.0626,10.8552,12.5411,14.5453,14.8675,57.4867,36.7578,False,None,False,False,False,False,False,False,False,False,False,False,False,False,0,False,-2.004199999999999,-2.3263999999999996,-44.9456,-0.3222000000000005,-42.9414,-42.6192,13.984633333333333,14.5453,1.2604739478994924,24.860149999999997,14.706399999999999,21.77536790619162,44.9456,22.5265,44.9456,1456.2220023,1009.23073992,168.46987768697517,12.774079832323533,-0.23297983232353303,0.23297983232353303,14.657085964509912,-0.11178596450991307,0.11178596450991307,15.329720120317557,-0.4622201203175571,0.4622201203175571,50.17871983711562,7.307980162884377,7.307980162884377,7.307980162884377,2.028741520008845,7.307980162884377,0.330170136141918,1.8079368757079601,2,254,0,Random_Forest,Set_D_Full_Stage5,255
TRN-0286,Valid,0.04736131976967781,Valid,3,0.4,11.876,58.3091,18.0,17.1002,8.8853,9.7133,10.5956,51.7181,14.8376,False,None,False,False,False,False,False,False,False,False,False,False,False,False,0,False,-0.8279999999999994,-1.7102999999999984,-42.8328,-0.882299999999999,-42.0048,-41.1225,9.7314,9.7133,0.8552936513268403,20.228075,10.15445,21.004962010022776,42.8328,21.56345,42.8328,692.4788715999999,997.0972718200001,203.6731481581523,9.07081166793583,-0.1855116679358293,0.1855116679358293,9.678296362955663,0.035003637044336955,0.035003637044336955,10.96062057843459,-0.36502057843459035,0.36502057843459035,49.07608216039666,2.6420178396033407,2.6420178396033407,2.6420178396033407,0.8068884307545243,2.6420178396033407,0.5534376018902384,2.117491596461059,4,255,0,Random_Forest,Set_D_Full_Stage5,256
TRN-0400,Valid,0.11560586442060342,Valid,2,0.4,15.8294,42.461,36.6762,38.4979,10.6434,10.7181,13.7955,58.1528,17.266,False,None,False,False,False,False,False,False,False,False,False,False,False,False,0,False,-0.07469999999999999,-3.152100000000001,-47.5094,-3.077400000000001,-47.4347,-44.357299999999995,11.719,10.7181,1.7986895813341448,23.32745,12.2568,23.263303758279907,47.5094,24.267599999999998,47.5094,672.1321534,1634.6593319,372.7984802999269,10.380534396944926,0.262865603055074,0.262865603055074,10.487489343295815,0.2306106567041848,0.2306106567041848,13.316269797125141,0.4792302028748594,0.4792302028748594,50.25578869038651,7.8970113096134895,7.8970113096134895,7.8970113096134895,2.217429443061902,7.8970113096134895,0.3108071265265538,2.0366297916704177,4,256,0,Random_Forest,Set_D_Full_Stage5,257
TRN-0498,Valid,0.07773247421858025,Valid,4,0.4,9.247,29.5362,30.9868,39.7963,6.3095,6.6922,8.0435,23.9261,14.0908,False,None,False,False,False,False,False,False,False,False,False,False,False,False,0,False,-0.3826999999999998,-1.734,-17.616600000000002,-1.3513000000000002,-17.233900000000002,-15.882600000000002,7.015066666666667,6.6922,0.9109726468634134,11.242825,7.36785,8.488168797950475,17.616600000000002,9.033516666666667,17.616600000000002,273.12124140000003,1175.43147606,313.0733428561078,6.512657859490441,-0.20315785949044152,0.20315785949044152,6.961802069545337,-0.2696020695453374,0.2696020695453374,8.34903960866066,-0.305539608660661,0.305539608660661,50.838713932836185,-26.912613932836184,26.912613932836184,26.912613932836184,6.922728367633156,26.912613932836184,0.12621914492049421,1.5669179526338333,4,257,0,Random_Forest,Set_D_Full_Stage5,258
TRN-0379,Valid,0.026928982340960802,Valid,3,0.4,27.3635,80.9819,24.8846,40.687,17.9053,17.2384,22.3222,41.2935,28.7559,False,None,False,False,False,False,False,False,False,False,False,False,False,False,0,False,0.6669000000000018,-4.416899999999998,-23.3882,-5.0838,-24.055100000000003,-18.971300000000003,19.155299999999997,17.9053,2.7628120837291843,24.68985,20.11375,11.296624652966036,24.055100000000003,12.763700000000002,24.055100000000003,2215.9482206499997,3294.9105652999997,337.8964511950879,18.054055518692905,-0.14875551869290504,0.14875551869290504,17.384746214081993,-0.14634621408199422,0.14634621408199422,22.58558019254323,-0.26338019254323086,0.26338019254323086,47.51961532763884,-6.226115327638837,6.226115327638837,6.226115327638837,1.6961493132392418,6.226115327638837,0.37089933969516226,0.9742906602143554,3,258,0,Random_Forest,Set_D_Full_Stage5,259
TRN-0120,Invalid,0.7107855339105338,Invalid,1,0.4,27.6676,107.92,25.534,37.3577,19.7172,19.6141,,66.4597,49.6937,True,Sensor_S3,False,False,False,False,False,False,False,False,False,False,False,False,1,True,0.10309999999999775,,-46.7425,,-46.8456,,19.66565,19.66565,0.07290270914033146,35.263666666666666,19.7172,27.016606544925907,46.8456,31.2304,46.8456,2985.887392,4031.642984,256.37136245632297,19.662952126543615,0.05424787345638293,0.05424787345638293,19.78051448517818,-0.16641448517817992,0.16641448517817992,24.09006561800889,,,48.646907236905975,17.812792763094023,17.812792763094023,17.812792763094023,6.011151707242862,17.812792763094023,0.14262991898562843,1.3284377701965846,1,259,1,Random_Forest,Set_D_Full_Stage5,260
TRN-0062,Valid,0.10565107233107866,Valid,3,0.4,13.8465,88.0545,18.0,14.4881,11.694,12.8662,13.6891,56.6009,25.5005,False,None,False,False,False,False,False,False,False,False,False,False,False,False,0,False,-1.1721999999999984,-1.995099999999999,-44.9069,-0.8229000000000006,-43.734700000000004,-42.9118,12.749766666666668,12.8662,1.0026333045203177,23.71255,13.27765,21.940844469087025,44.9069,22.5906,44.9069,1219.2466342500002,1275.74240145,157.24918576004794,11.623149867176101,0.07085013282389951,0.07085013282389951,12.858162998990787,0.008037001009212119,0.008037001009212119,13.653116309062867,0.03598369093713316,0.03598369093713316,48.20297273969337,8.39792726030663,8.39792726030663,8.39792726030663,2.128199521269219,8.39792726030663,0.31967270412287047,1.8938022718761702,2,260,0,Random_Forest,Set_D_Full_Stage5,261
TRN-0216,Valid,0.08352426388532659,Valid,2,0.4,10.4524,20.9992,31.1693,8.7182,6.133,6.6738,8.1383,61.5106,13.2191,False,None,False,False,False,False,False,False,False,False,False,False,False,False,0,False,-0.5408,-2.005299999999999,-55.377599999999994,-1.4644999999999992,-54.8368,-53.372299999999996,6.981699999999999,6.6738,1.0375012433727484,20.613925,7.40605,27.277606927462802,55.377599999999994,27.932883333333333,55.377599999999994,219.49203808,183.07522543999997,497.7520582917168,6.257202616024928,-0.12420261602492833,0.12420261602492833,6.3771011330635075,0.2966988669364925,0.2966988669364925,8.235825359573004,-0.09752535957300523,0.09752535957300523,51.06793639669464,10.442663603305355,10.442663603305355,10.442663603305355,2.7402726114599454,10.442663603305355,0.267360191055611,2.68641576681017,4,261,0,Random_Forest,Set_D_Full_Stage5,262
TRN-0246,Valid,0.045317689374780264,Valid,3,0.4,20.7832,99.3301,37.9236,7.0177,15.7143,16.9205,18.9945,72.4032,42.2102,False,None,False,False,False,False,False,False,False,False,False,False,False,False,0,False,-1.2062000000000008,-3.280199999999999,-56.6889,-2.073999999999998,-55.482699999999994,-53.408699999999996,17.209766666666667,16.9205,1.6591215788281857,31.008125,17.9575,27.629945597530586,56.6889,28.690116666666665,56.6889,2064.39733432,697.06884277,209.23363519883347,15.514980585714419,0.19931941428558098,0.19931941428558098,16.791277284349164,0.12922271565083676,0.12922271565083676,18.821524925352346,0.1729750746476526,0.1729750746476526,49.3806027154628,23.0225972845372,23.0225972845372,23.0225972845372,5.881028622280317,23.0225972845372,0.14532710949087843,1.8281944399429375,2,262,0,Random_Forest,Set_D_Full_Stage5,263
TRN-0303,Valid,0.01537764265045472,Valid,1,0.4,15.7997,94.2261,39.2941,32.7851,13.1259,14.9899,15.8749,46.3433,37.2738,False,None,False,False,False,False,False,False,False,False,False,False,False,False,0,False,-1.8640000000000008,-2.7490000000000006,-33.2174,-0.8849999999999998,-31.3534,-30.4684,14.663566666666668,14.9899,1.4032534814969584,22.5835,15.432400000000001,15.881250671992639,33.2174,16.7562,33.2174,1488.74411217,3089.21211111,167.67857656439386,13.158974988796954,-0.033074988796954585,0.033074988796954585,14.90669166667736,0.08320833332263966,0.08320833332263966,15.780533424195568,0.09436657580443253,0.09436657580443253,49.88677185766695,-3.543471857666951,3.543471857666951,3.543471857666951,0.9385304388977445,3.543471857666951,0.5158546803983144,1.470869674377455,2,263,0,Random_Forest,Set_D_Full_Stage5,264
TRN-0213,Valid,0.24580160321198538,Valid,2,0.4,30.1751,79.3309,21.9507,18.1772,18.7655,17.5128,23.4268,32.0832,27.5048,False,None,False,False,False,False,False,False,False,False,False,False,False,False,0,False,1.2527000000000008,-4.661300000000001,-13.317699999999999,-5.9140000000000015,-14.5704,-8.656399999999998,19.9017,18.7655,3.1164181089834533,22.947074999999998,21.09615,6.6009047447426985,14.5704,8.062083333333332,14.5704,2393.81784059,1442.01363548,380.37002222714955,19.06071272832952,-0.2952127283295205,0.2952127283295205,17.95283405922651,-0.4400340592265124,0.4400340592265124,23.957807684942193,-0.5310076849421925,0.5310076849421925,48.41794046503099,-16.33474046503099,16.33474046503099,16.33474046503099,4.400248734382304,16.33474046503099,0.1851766555923989,0.6349564661480969,3,264,0,Random_Forest,Set_D_Full_Stage5,265
TRN-0156,Valid,0.017386868766090625,Valid,2,0.4,19.8281,70.9773,33.1628,38.3599,14.1726,14.261,17.9427,42.5564,25.1633,False,None,False,False,False,False,False,False,False,False,False,False,False,False,0,False,-0.08840000000000003,-3.7700999999999993,-28.383799999999997,-3.6816999999999993,-28.295399999999997,-24.613699999999998,15.458766666666667,14.261,2.1516034121866725,22.233175,16.10185,13.662236196751735,28.383799999999997,14.805516666666664,28.383799999999997,1407.34500213,2722.68213027,279.35829069881623,13.872155608524732,0.300444391475267,0.300444391475267,14.18248623448581,0.07851376551418987,0.07851376551418987,17.277131351208098,0.6655686487919006,0.6655686487919006,49.65480487916158,-7.098404879161585,7.098404879161585,7.098404879161585,2.0357329212357356,7.098404879161585,0.32940974253852895,1.2766412009795267,4,265,0,Random_Forest,Set_D_Full_Stage5,266
TRN-0703,Valid,0.03024970011831783,Valid,4,0.4,26.2089,54.974,41.1151,26.273,16.2704,15.1831,20.948,45.5269,21.8275,False,None,False,False,False,False,False,False,False,False,False,False,False,False,0,False,1.087299999999999,-4.677600000000002,-29.2565,-5.764900000000001,-30.343799999999998,-24.578899999999997,17.467166666666667,16.2704,3.063120278953038,24.4821,18.6092,14.251045432294898,30.343799999999998,15.951500000000001,30.343799999999998,1440.8080685999998,1444.331902,476.75074094103746,15.924423903397988,0.34597609660201023,0.34597609660201023,15.178612009440654,0.004487990559345789,0.004487990559345789,20.526498586317782,0.4215014136822184,0.4215014136822184,50.226552887760874,-4.699652887760877,4.699652887760877,4.699652887760877,1.3679045971511128,4.699652887760877,0.42231431165053096,1.239427483987287,3,266,0,Random_Forest,Set_D_Full_Stage5,267
TRN-0702,Valid,0.0325177298838683,Valid,3,0.4,19.4301,32.991,28.6255,59.8097,12.1253,11.1045,15.7981,39.8642,18.0492,False,None,False,False,False,False,False,False,False,False,False,False,False,False,0,False,1.0207999999999995,-3.6728000000000005,-27.738899999999997,-4.6936,-28.759699999999995,-24.0661,13.009299999999998,12.1253,2.4685141765847733,19.723025,13.9617,13.577878638769999,28.759699999999995,14.991983333333332,28.759699999999995,641.0184290999999,1973.1818127,588.9513537172702,11.839191046169377,0.28610895383062207,0.28610895383062207,10.860352529418094,0.24414747058190578,0.24414747058190578,15.446909709507949,0.35119029049205075,0.35119029049205075,49.200859136843626,-9.336659136843629,9.336659136843629,9.336659136843629,2.554526462937052,9.336659136843629,0.28133142640151143,1.4581782164864583,4,267,0,Random_Forest,Set_D_Full_Stage5,268
TRN-0784,Valid,0.0787888690056678,Valid,2,0.4,15.8702,15.6296,39.2104,56.6342,9.2844,8.3762,12.6375,53.5794,15.9125,False,None,False,False,False,False,False,False,False,False,False,False,False,False,0,False,0.908199999999999,-3.3530999999999995,-44.295,-4.2612999999999985,-45.203199999999995,-40.941900000000004,10.099366666666667,9.2844,2.2445038256446193,20.969375,10.96095,21.81712300654007,45.203199999999995,23.160449999999997,45.203199999999995,248.04487792,885.16989232,1015.3932183848478,9.132568294027433,0.15183170597256712,0.15183170597256712,8.455741458814941,-0.07954145881494057,0.07954145881494057,12.331729766916975,0.30577023308302387,0.30577023308302387,50.30500847033125,3.2743915296687476,3.2743915296687476,3.2743915296687476,0.9528837318848198,3.2743915296687476,0.5120632548026057,2.155676000989061,4,268,0,Random_Forest,Set_D_Full_Stage5,269
TRN-0929,Invalid,0.7553206606517741,Invalid,1,0.4,10.8657,63.1203,31.5599,52.7209,17.2812,10.3317,11.1108,76.6147,20.992,False,None,False,False,False,False,False,False,False,False,False,False,False,False,0,False,6.949499999999999,6.170399999999999,-59.3335,-0.7790999999999997,-66.283,-65.5039,12.907899999999998,11.1108,3.8073696786626847,28.8346,14.195999999999998,32.004736120455675,66.283,34.169900000000005,66.283,685.8462437100001,3327.75902427,172.14269068070166,9.289321290671747,7.991878709328251,7.991878709328251,10.481041323428457,-0.14934132342845707,0.14934132342845707,11.2654175576908,-0.1546175576908002,0.1546175576908002,49.84802470376721,26.76667529623279,26.76667529623279,26.76667529623279,8.765628221670074,26.76667529623279,0.10239996621835196,2.2987305879982425,4,269,1,Random_Forest,Set_D_Full_Stage5,270
TRN-0997,Valid,0.20218001824122567,Valid,3,0.4,15.1471,61.1764,30.4936,18.3832,11.3087,11.8006,14.0115,64.296,18.0475,False,None,False,False,False,False,False,False,False,False,False,False,False,False,0,False,-0.49189999999999934,-2.7028,-52.987300000000005,-2.2109000000000005,-52.495400000000004,-50.28450000000001,12.373599999999998,11.8006,1.43962797624942,25.3542,12.90605,25.987796967936063,52.987300000000005,26.862133333333336,52.987300000000005,926.64504844,1124.6179964799999,247.59707213940797,10.83414577439361,0.47455422560638993,0.47455422560638993,11.467214521173013,0.33338547882698677,0.33338547882698677,13.39372315953079,0.6177768404692099,0.6177768404692099,49.85497175260311,14.441028247396893,14.441028247396893,14.441028247396893,3.96668619807487,14.441028247396893,0.2013414901041279,2.0898817198406108,4,270,0,Random_Forest,Set_D_Full_Stage5,271
TRN-0368,Valid,0.00010926773455377574,Valid,2,0.4,26.4526,41.6867,25.0217,25.7021,15.4035,13.8786,20.0559,44.0599,19.4551,False,None,False,False,False,False,False,False,False,False,False,False,False,False,0,False,1.5248999999999988,-4.652400000000002,-28.656399999999998,-6.177300000000001,-30.1813,-24.003999999999998,16.446,15.4035,3.2178973740627597,23.349474999999998,17.7297,14.054718447642413,30.1813,15.866050000000001,30.1813,1102.72160042,1071.43573207,634.5571526273001,15.283338394628302,0.12016160537169718,0.12016160537169718,13.626539169091428,0.25206083090857234,0.25206083090857234,19.836489349160768,0.21941065083923306,0.21941065083923306,48.996951523300474,-4.937051523300475,4.937051523300475,4.937051523300475,1.3821711526049945,4.937051523300475,0.41978511867481144,1.2925895367713678,3,271,0,Random_Forest,Set_D_Full_Stage5,272
TRN-0015,Valid,0.10889108581620022,Valid,3,0.4,9.8697,106.5144,35.524,34.3863,10.9308,13.743,12.4704,36.746,45.2592,False,None,False,False,False,False,False,False,False,False,False,False,False,False,0,False,-2.8122000000000007,-1.5396,-25.815200000000004,1.2726000000000006,-23.003,-24.275600000000004,12.3814,12.4704,1.4082109074992997,18.47255,13.1067,12.236440329197052,25.815200000000004,13.119700000000002,25.815200000000004,1051.2651736799999,3662.63611272,92.6607019651144,10.99717490866321,-0.06637490866321016,0.06637490866321016,13.78583961580363,-0.04283961580362927,0.04283961580362927,12.51418554406617,-0.043785544066169635,0.043785544066169635,49.01153152850619,-12.265531528506187,12.265531528506187,12.265531528506187,3.104632899259799,12.265531528506187,0.24362714633514068,1.3974890323810023,2,272,0,Random_Forest,Set_D_Full_Stage5,273
TRN-0342,Valid,0.03254868502894961,Valid,4,0.4,28.6801,34.5847,34.5762,26.7751,15.7586,14.168,20.6559,41.1764,20.871,False,None,False,False,False,False,False,False,False,False,False,False,False,False,0,False,1.5906000000000002,-4.8972999999999995,-25.4178,-6.4879,-27.0084,-20.520500000000002,16.860833333333332,15.7586,3.381479017136338,22.939725,18.20725,12.467342505221392,27.0084,14.320416666666667,27.0084,991.8926544699999,926.0088009699999,829.2710854016124,15.983393924582513,-0.22479392458251368,0.22479392458251368,14.098570734860811,0.06942926513918835,0.06942926513918835,21.05616241864117,-0.4002624186411694,0.4002624186411694,49.844421935327816,-8.668021935327815,8.668021935327815,8.668021935327815,2.3406268859226715,8.668021935327815,0.29934501342067804,1.1773632084241603,3,273,0,Random_Forest,Set_D_Full_Stage5,274
TRN-0435,Valid,0.027428511811463784,Valid,4,0.4,16.7485,20.8459,32.3547,55.9328,10.1249,9.1295,13.6252,42.7239,16.4881,False,None,False,False,False,False,False,False,False,False,False,False,False,False,0,False,0.9954000000000001,-3.5002999999999993,-32.599000000000004,-4.495699999999999,-33.5944,-29.0987,10.959866666666665,10.1249,2.361293421693571,18.900875,11.87505,15.998612163221118,33.5944,17.380583333333334,33.5944,349.13755615,1165.96955552,803.4429775433166,9.827667190064098,0.2972328099359025,0.2972328099359025,8.99521376269098,0.1342862373090199,0.1342862373090199,13.063843055360238,0.5613569446397619,0.5613569446397619,49.57872510943217,-6.85482510943217,6.85482510943217,6.85482510943217,1.9619252753292136,6.85482510943217,0.3376182405171756,1.7773982541029165,4,274,0,Random_Forest,Set_D_Full_Stage5,275
TRN-0219,Valid,0.024524161338750284,Valid,3,0.4,31.6478,62.8966,31.4592,47.6283,19.2432,17.5298,24.8905,52.5683,27.1426,False,None,False,False,False,False,False,False,False,False,False,False,False,False,0,False,1.7134,-5.647299999999998,-33.3251,-7.360699999999998,-35.0385,-27.6778,20.5545,19.2432,3.8515720024426376,28.557949999999998,22.066850000000002,16.312896295160666,35.0385,18.460466666666665,35.0385,1990.53901748,2995.6581337800003,503.1717925656088,19.210210670577993,0.032989329422008495,0.032989329422008495,17.606600046117954,-0.07680004611795255,0.07680004611795255,24.671038597949348,0.21946140205065134,0.21946140205065134,48.15219256312993,4.416107436870071,4.416107436870071,4.416107436870071,1.1863395536151708,4.416107436870071,0.4573854954718599,1.2269258728564647,3,275,0,Random_Forest,Set_D_Full_Stage5,276
TRN-0863,Valid,0.047247970972432156,Valid,4,0.4,10.732,30.3546,18.0,26.322,6.7881,6.7639,8.8119,71.1859,12.5632,False,None,False,False,False,False,False,False,False,False,False,False,False,False,0,False,0.024200000000000443,-2.0237999999999996,-64.3978,-2.048,-64.422,-62.374,7.454633333333334,6.7881,1.1754896908664632,23.38745,7.8,31.880084249313608,64.422,32.5483,64.422,325.7655672,798.9937812000001,353.5542047814154,7.098388032036717,-0.3102880320367172,0.3102880320367172,7.01401524945884,-0.25011524945884034,0.25011524945884034,8.988085761005378,-0.17618576100537808,0.17618576100537808,50.638949127391,20.546950872609003,20.546950872609003,20.546950872609003,5.320884978777484,20.546950872609003,0.1582056948287341,2.7545530810100796,4,276,0,Random_Forest,Set_D_Full_Stage5,277
TRN-0217,Invalid,0.9485871212121212,Invalid,2,0.4,12.8841,56.0493,29.0429,48.7273,13.667,16.5939,12.7182,55.1213,17.1996,False,None,False,False,False,False,False,False,False,False,False,False,False,False,0,False,-2.9269000000000016,0.9488000000000003,-41.454299999999996,3.875700000000002,-38.5274,-42.403099999999995,14.326366666666667,13.667,2.0202316509087117,24.525100000000002,15.13045,20.464054755432347,42.403099999999995,21.68936666666667,42.403099999999995,722.14478613,2731.13105589,229.87080483238776,9.825002551917683,3.841997448082317,3.841997448082317,10.465654803600122,6.128245196399879,6.128245196399879,12.150360496240225,0.5678395037597745,0.5678395037597745,50.50244142112992,4.618858578870075,4.618858578870075,6.128245196399879,3.7892351817780114,6.128245196399879,0.20880160652890478,1.728966761005353,4,277,1,Random_Forest,Set_D_Full_Stage5,278
TRN-0791,Valid,0.021611395783740134,Valid,2,0.4,22.6952,45.442,31.1286,36.3539,13.5856,12.7301,17.5582,51.0872,19.3063,False,None,False,False,False,False,False,False,False,False,False,False,False,False,0,False,0.8554999999999993,-3.9726,-37.5016,-4.828099999999999,-38.3571,-33.529,14.624633333333334,13.5856,2.5763016328320973,23.740275,15.5719,18.352236340997614,38.3571,19.84065,38.3571,1031.3152784,1651.9939238000002,499.4321333937473,13.815035558087878,-0.22943555808787863,0.22943555808787863,12.926208987829932,-0.19610898782993225,0.19610898782993225,17.821322192305836,-0.2631221923058362,0.2631221923058362,49.4136177115791,1.6735822884209028,1.6735822884209028,1.6735822884209028,0.5905622566611375,1.6735822884209028,0.6287084933721308,1.615696694458386,4,278,0,Random_Forest,Set_D_Full_Stage5,279
TRN-0993,Valid,0.0692812572872693,Valid,5,0.4,30.921,107.667,40.2538,39.6437,21.2226,21.4006,26.4027,52.0188,54.5231,False,None,False,False,False,False,False,False,False,False,False,False,False,False,0,False,-0.17800000000000082,-5.1800999999999995,-30.7962,-5.002099999999999,-30.618199999999998,-25.6161,23.008633333333332,21.4006,2.940695054461331,30.261174999999998,23.90165,14.702468073167172,30.7962,16.231783333333333,30.7962,3329.171307,4268.318247900001,287.19103465397615,21.264397072691757,-0.041797072691757364,0.041797072691757364,21.370512987243146,0.030087012756855103,0.030087012756855103,26.396610867105952,0.006089132894047111,0.006089132894047111,47.733483184725216,4.285316815274783,4.285316815274783,4.285316815274783,1.0908225084043606,4.285316815274783,0.47828067470115554,1.017679909098074,1,279,0,Random_Forest,Set_D_Full_Stage5,280
TRN-0481,Valid,0.1389841335953784,Valid,1,0.4,28.8309,92.0524,22.5305,20.2385,19.4131,18.7107,24.0829,24.1901,34.7951,False,None,False,False,False,False,False,False,False,False,False,False,False,False,0,False,0.7024000000000008,-4.669799999999999,-4.777000000000001,-5.372199999999999,-5.479400000000002,-0.1072000000000024,20.735566666666667,19.4131,2.9200722205680685,21.5992,21.747999999999998,2.944146393552241,5.479400000000002,3.5180000000000007,5.479400000000002,2653.95353916,1863.0024974,313.2009254293288,19.138259549848975,0.2748404501510251,0.2748404501510251,18.59198757306545,0.11871242693455031,0.11871242693455031,23.75262027195565,0.33027972804434924,0.33027972804434924,48.84614517303043,-24.656045173030428,24.656045173030428,24.656045173030428,6.344969444540088,24.656045173030428,0.13614760518076136,0.25368520422737695,1,280,0,Random_Forest,Set_D_Full_Stage5,281
TRN-0237,Valid,0.09363335746580032,Valid,5,0.4,15.926,15.8727,28.8574,49.7271,9.1475,8.3813,12.2518,39.5061,15.0726,False,None,False,False,False,False,False,False,False,False,False,False,False,False,0,False,0.7662000000000013,-3.1042999999999985,-30.358600000000003,-3.8705,-31.124800000000004,-27.254300000000004,9.926866666666667,9.1475,2.0495735808536693,17.321675,10.69965,14.883993496006598,31.124800000000004,16.079783333333335,31.124800000000004,252.7886202,789.30334017,1003.3573346958397,9.090370169209603,0.05712983079039802,0.05712983079039802,8.118663995817368,0.26263600418263167,0.26263600418263167,12.156933986427411,0.09486601357258806,0.09486601357258806,49.95294928909136,-10.446849289091354,10.446849289091354,10.446849289091354,2.715370284409243,10.446849289091354,0.2691521768896861,1.7968690690311022,4,281,0,Random_Forest,Set_D_Full_Stage5,282
TRN-0424,Valid,0.03654434636333617,Valid,2,0.4,31.766,63.1176,34.6055,14.9161,18.9696,17.6123,24.3552,47.8771,27.2886,False,None,False,False,False,False,False,False,False,False,False,False,False,False,0,False,1.3572999999999986,-5.3856,-28.9075,-6.742899999999999,-30.264799999999997,-23.5219,20.312366666666666,18.9696,3.566362550741768,27.20355,21.662399999999998,14.086622217432632,30.264799999999997,16.029999999999998,30.264799999999997,2004.9936816,941.4684333600001,503.2826813309312,18.90693049960356,0.0626695003964386,0.0626695003964386,17.499832275636017,0.11246772436398444,0.11246772436398444,24.282207549014004,0.07299245098599627,0.07299245098599627,48.334312951675955,-0.457212951675956,0.457212951675956,0.457212951675956,0.17633565685559383,0.457212951675956,0.8500974991041688,1.1125308599315678,3,282,0,Random_Forest,Set_D_Full_Stage5,283
TRN-0224,Valid,0.01681723007995757,Valid,5,0.4,22.1138,69.3864,45.2051,24.9273,14.8369,14.9851,18.8101,50.5464,29.6462,False,None,False,False,False,False,False,False,False,False,False,False,False,False,0,False,-0.14819999999999922,-3.9731999999999985,-35.7095,-3.8249999999999993,-35.5613,-31.7363,16.2107,14.9851,2.2523656630307602,24.794624999999996,16.897599999999997,17.26607003178488,35.7095,18.492250000000002,35.7095,1534.39697232,1729.6156087199997,318.70506054427665,14.750583843483664,0.08631615651633595,0.08631615651633595,15.116768745732939,-0.13166874573293974,0.13166874573293974,18.61814733594896,0.19195266405103695,0.19195266405103695,49.472023199079274,1.0743768009207244,1.0743768009207244,1.0743768009207244,0.37107859180525926,1.0743768009207244,0.7293527927405891,1.440210755270243,4,283,0,Random_Forest,Set_D_Full_Stage5,284
TRN-0024,Valid,0.022739915572232646,Valid,3,0.4,17.4295,76.4987,41.6689,49.1177,12.8582,14.1314,15.8929,,28.5819,True,Sensor_S4,False,False,False,False,False,False,False,False,False,False,False,False,1,True,-1.2731999999999992,-3.034699999999999,,-1.7614999999999998,,,14.294166666666667,14.1314,1.5238834480803747,14.294166666666667,14.1314,1.5238834480803747,3.034699999999999,2.0231333333333326,3.034699999999999,1333.3340916500001,3757.44019699,227.8404433225083,13.163557213862825,-0.3053572138628251,0.3053572138628251,14.183561466585756,-0.0521614665857566,0.0521614665857566,16.262131157463816,-0.3692311574638172,0.3692311574638172,49.53885976680072,,,0.3692311574638172,0.24224994597079963,0.3692311574638172,0.804990978863368,0.21230323863820527,4,284,0,Random_Forest,Set_D_Full_Stage5,285
TRN-0761,Valid,0.03502098399713837,Valid,3,0.4,8.4072,51.5741,32.3668,9.8077,7.052,8.3476,8.6095,67.879,14.9056,False,None,False,False,False,False,False,False,False,False,False,False,False,False,0,False,-1.2956000000000003,-1.557500000000001,-60.827000000000005,-0.2619000000000007,-59.531400000000005,-59.26950000000001,8.003033333333333,8.3476,0.8339641499089359,22.972025000000002,8.47855,29.945726075727404,60.827000000000005,30.457150000000002,60.827000000000005,433.59377352,505.82330057,163.01202289288167,6.967177557899958,0.08482244210004186,0.08482244210004186,8.307770711249473,0.039829288750526715,0.039829288750526715,8.433794582089604,0.17570541791039673,0.17570541791039673,50.91135348551283,16.96764651448718,16.96764651448718,16.96764651448718,4.317000915812036,16.96764651448718,0.188075950302385,2.647871640453273,4,285,0,Random_Forest,Set_D_Full_Stage5,286
TRN-0551,Invalid,0.7906713503069436,Invalid,3,0.4,23.5579,70.8232,32.6027,43.3158,15.7487,24.8572,19.3857,22.1708,26.582,False,None,False,False,False,False,False,False,False,False,False,False,False,False,0,False,-9.1085,-3.6370000000000005,-6.4221,5.471499999999999,2.686399999999999,-2.7851,19.9972,19.3857,4.584936449941264,20.540599999999998,20.77825,3.8981485870431705,9.1085,5.018433333333333,9.1085,1668.44586328,3067.76356656,332.6296562948785,15.71049110874396,0.03820889125603877,0.03820889125603877,15.479342765686019,9.37785723431398,9.37785723431398,19.755240519537743,-0.36954051953774325,0.36954051953774325,48.65045362960284,-26.479653629602844,26.479653629602844,26.479653629602844,9.066315068677651,26.479653629602844,0.09934121803037939,0.44343863205620476,4,286,1,Random_Forest,Set_D_Full_Stage5,287
TRN-0768,Invalid,0.7824891246964418,Invalid,3,0.4,24.9567,103.8645,43.7261,16.1546,17.6763,,21.7368,53.8115,49.1874,True,Sensor_S2,False,False,False,False,False,False,False,False,False,False,False,False,1,True,,-4.0604999999999976,-36.1352,,,-32.07470000000001,19.70655,19.70655,2.8712070850079745,31.07486666666667,21.7368,19.794892941446623,36.1352,24.09013333333333,36.1352,2592.11516715,1677.8894516999999,240.28130494237155,17.888692458424707,-0.21239245842470567,0.21239245842470567,18.886063945229985,,,21.96990275495937,-0.23310275495937205,0.23310275495937205,49.28355794257133,4.527942057428675,4.527942057428675,4.527942057428675,1.6578124236042509,4.527942057428675,0.37624927595300467,1.1628429096473751,2,287,1,Random_Forest,Set_D_Full_Stage5,288
TRN-0109,Valid,0.19296884172413367,Valid,1,0.4,22.871,98.2611,23.1992,7.9469,16.5071,16.9606,20.0505,53.2645,37.4384,False,None,False,False,False,False,False,False,False,False,False,False,False,False,0,False,-0.45349999999999824,-3.5433999999999983,-36.7574,-3.0899,-36.3039,-33.214,17.8394,16.9606,1.9282473829879812,26.695675,18.50555,17.78238415255858,36.7574,18.893683333333332,36.7574,2247.3296181,780.87113559,232.75739506708197,16.46971433797509,0.037385662024910005,0.037385662024910005,16.97310730830037,-0.012507308300371278,0.012507308300371278,19.996050619721416,0.0544493802785837,0.0544493802785837,49.70386706570988,3.560632934290119,3.560632934290119,3.560632934290119,0.916243821223496,3.560632934290119,0.5218542593194186,1.3769041700934064,2,288,0,Random_Forest,Set_D_Full_Stage5,289
TRN-0873,Valid,0.01507046690376041,Valid,5,0.4,26.6998,56.1904,35.416,31.4179,16.3946,15.2187,21.3825,41.5613,21.7451,False,None,False,False,False,False,False,False,False,False,False,False,False,False,0,False,1.1759000000000004,-4.9879,-25.166700000000002,-6.1638,-26.342600000000004,-20.178800000000003,17.665266666666668,16.3946,3.272468936954686,23.639275,18.888550000000002,12.24313974827672,26.342600000000004,14.002616666666668,26.342600000000004,1500.27244192,1765.38436816,475.16649193341,16.288075487011284,0.10652451298871668,0.10652451298871668,15.319956451189098,-0.10125645118909787,0.10125645118909787,20.92284346478318,0.45965653521681915,0.45965653521681915,48.88854088801858,-7.327240888018579,7.327240888018579,7.327240888018579,1.9986695968533033,7.327240888018579,0.333481221488811,1.1143568851595977,3,289,0,Random_Forest,Set_D_Full_Stage5,290
TRN-0589,Invalid,0.7898844551529686,Invalid,1,0.4,23.5742,80.0256,28.2073,5.4162,15.6847,15.9431,19.5115,52.9688,22.5337,False,None,False,False,False,False,False,False,False,False,False,False,False,False,0,False,-0.25839999999999996,-3.826800000000002,-37.2841,-3.5684000000000022,-37.0257,-33.457300000000004,17.046433333333336,15.9431,2.138716412555283,26.027025000000002,17.7273,18.045872436538872,37.2841,19.236783333333335,37.2841,1886.53949952,433.43465471999997,294.5831965542031,15.775680470722055,-0.09098047072205517,0.09098047072205517,15.803327749041728,0.13977225095827173,0.13977225095827173,19.567217754834292,-0.055717754834290645,0.055717754834290645,49.64829965661791,3.3205003433820934,3.3205003433820934,3.3205003433820934,0.9017427049741777,3.3205003433820934,0.5258334880866958,1.432514306758338,4,290,1,Random_Forest,Set_D_Full_Stage5,291
TRN-0203,Invalid,0.74320492007992,Invalid,5,0.4,12.9827,26.2827,18.5198,33.0949,8.5219,-0.2015,11.2283,67.3265,13.8386,False,None,False,False,False,False,False,False,False,False,False,False,True,False,0,False,8.7234,-2.7064000000000004,-58.80459999999999,-11.4298,-67.52799999999999,-56.09819999999999,6.516233333333335,8.5219,5.9730315664102545,21.7188,9.8751,30.793779735741,67.52799999999999,34.215066666666665,67.52799999999999,341.22040928999996,869.82332823,493.96352202645767,8.03290619959083,0.48899380040917073,0.48899380040917073,7.507746756197905,-7.7092467561979054,7.7092467561979054,10.364135330378307,0.8641646696216938,0.8641646696216938,50.020760042967815,17.30573995703218,17.30573995703218,17.30573995703218,6.592036295815237,17.30573995703218,0.13171696775886124,3.1091942882690162,4,291,1,Random_Forest,Set_D_Full_Stage5,292
TRN-0963,Valid,0.014285128459515406,Valid,1,0.4,22.0301,29.581,24.2657,46.4353,12.6477,11.2868,16.7821,72.0159,17.5945,False,None,False,False,False,False,False,False,False,False,False,False,False,False,0,False,1.3609000000000009,-4.134399999999999,-59.3682,-5.4953,-60.7291,-55.2338,13.5722,12.6477,2.8619234283956656,28.183125,14.7149,29.31513126747289,60.7291,31.053616666666667,60.7291,651.6723881,1373.6026092999998,744.7379247699793,12.721304401603005,-0.07360440160300463,0.07360440160300463,11.207999382451991,0.07880061754800849,0.07880061754800849,16.679874033833997,0.10222596616600299,0.10222596616600299,48.78903294225652,23.226867057743483,23.226867057743483,23.226867057743483,5.870374510765124,23.226867057743483,0.1455524729304217,2.154802863485556,4,292,0,Random_Forest,Set_D_Full_Stage5,293
TRN-0445,Valid,0.007566330310678615,Valid,2,0.4,21.45,50.8455,34.0144,31.5401,13.5733,13.0423,17.1751,47.7971,19.8208,False,None,False,False,False,False,False,False,False,False,False,False,False,False,0,False,0.5310000000000006,-3.601800000000001,-34.2238,-4.132800000000001,-34.7548,-30.622,14.5969,13.5733,2.2485165509731084,22.89695,15.3742,16.70131345523459,34.7548,17.977700000000002,34.7548,1090.635975,1603.67215455,421.8661588801056,13.461968938197934,0.11133106180206553,0.11133106180206553,13.00435997636158,0.03794002363841997,0.03794002363841997,17.237447931337435,-0.06234793133743466,0.06234793133743466,49.56442887158926,-1.7673288715892568,1.7673288715892568,1.7673288715892568,0.49473697209179424,1.7673288715892568,0.6690140263276958,1.5178783559040154,4,293,0,Random_Forest,Set_D_Full_Stage5,294
TRN-0935,Invalid,0.8056964285714286,Invalid,2,0.4,9.4254,88.5794,30.4932,48.8792,9.996,12.1686,18.5332,39.0483,29.1563,False,None,False,False,False,False,False,False,False,False,False,False,False,False,0,False,-2.172599999999999,-8.5372,-29.052299999999995,-6.364600000000001,-26.8797,-20.515099999999997,13.565933333333334,12.1686,4.4368176989068795,19.936525,15.3509,13.246181346429617,29.052299999999995,15.586916666666667,29.052299999999995,834.8962767600001,4329.69020848,106.40621787839859,9.961658540480965,0.034341459519035666,0.034341459519035666,12.076902685575051,0.09169731442494822,0.09169731442494822,11.531986161925346,7.001213838074655,7.001213838074655,50.791338640968604,-11.743038640968607,11.743038640968607,11.743038640968607,4.717572813246811,11.743038640968607,0.17489939046917616,1.4572391842413939,2,294,1,Random_Forest,Set_D_Full_Stage5,295
TRN-0415,Valid,0.03688145078527891,Valid,1,0.4,19.177,89.8922,38.4577,56.7523,15.2102,15.9875,18.729,36.1364,36.2324,False,None,False,False,False,False,False,False,False,False,False,False,False,False,0,False,-0.7773000000000003,-3.518799999999999,-20.9262,-2.7414999999999985,-20.1489,-17.407400000000003,16.642233333333333,15.9875,1.8485116075733283,21.515774999999998,17.358249999999998,9.863246437279159,20.9262,10.920016666666669,20.9262,1723.8627194,5101.58910206,213.33327993604783,14.826484008591484,0.38371599140851664,0.38371599140851664,15.88619049412626,0.10130950587373988,0.10130950587373988,18.136193845111915,0.5928061548880841,0.5928061548880841,49.03902764437128,-12.902627644371279,12.902627644371279,12.902627644371279,3.495114824135405,12.902627644371279,0.2224637276517939,0.9725975603492972,2,295,0,Random_Forest,Set_D_Full_Stage5,296
TRN-0209,Invalid,0.7780133605609149,Invalid,3,0.4,29.9956,79.3101,32.0155,17.061,18.8294,18.2246,23.9815,35.0363,30.7826,False,None,False,False,False,False,False,False,False,False,False,False,False,False,0,False,0.6048000000000009,-5.152100000000001,-16.206899999999997,-5.756900000000002,-16.8117,-11.054799999999997,20.345166666666668,18.8294,3.1636428122234874,24.01795,21.405450000000002,7.7865122840717325,16.8117,9.264533333333333,16.8117,2378.95403556,1353.1096161,378.20651112449593,18.950370832752654,-0.12097083275265419,0.12097083275265419,18.17800182382439,0.04659817617561046,0.04659817617561046,23.909611716207674,0.07188828379232604,0.07188828379232604,48.587008736214145,-13.550708736214148,13.550708736214148,13.550708736214148,3.4475415072336846,13.550708736214148,0.22484332037678667,0.6999636938357795,3,296,1,Random_Forest,Set_D_Full_Stage5,297
TRN-0544,Valid,0.032862731794564795,Valid,1,0.4,27.3237,36.5954,27.8369,36.5974,15.3085,13.4413,19.8104,29.1183,20.0523,False,None,False,False,False,False,False,False,False,False,False,False,False,False,0,False,1.8672000000000004,-4.501900000000001,-13.809800000000001,-6.369100000000001,-15.677000000000001,-9.3079,16.186733333333333,15.3085,3.2741150015436746,19.419625,17.559450000000002,6.9966353920414255,15.677000000000001,8.588816666666666,15.677000000000001,999.9217309799999,1339.29649196,746.6428166811082,15.544835422780713,-0.23633542278071218,0.23633542278071218,13.664825160677978,-0.223525160677978,0.223525160677978,20.351154405073903,-0.5407544050739013,0.5407544050739013,48.50667190444192,-19.38837190444192,19.38837190444192,19.38837190444192,5.097246723243629,19.38837190444192,0.1640084525672626,0.8072757289207548,3,297,0,Random_Forest,Set_D_Full_Stage5,298
TRN-0111,Valid,0.03052741340664817,Valid,3,0.4,20.1785,19.6058,37.9269,15.0994,11.127,10.1191,14.7335,33.4432,16.8476,False,None,False,False,False,False,False,False,False,False,False,False,False,False,0,False,1.0079000000000011,-3.6064999999999987,-22.316199999999995,-4.6144,-23.324099999999998,-18.709699999999998,11.9932,11.127,2.4260871109669577,17.3557,12.930250000000001,10.90639983893249,23.324099999999998,12.26313333333333,23.324099999999998,395.61563529999995,296.03581651999997,1029.2102188075883,10.933436708958972,0.19356329104102876,0.19356329104102876,9.895772354656508,0.2233276453434918,0.2233276453434918,14.656128333163839,0.07737166683616081,0.07737166683616081,51.39965839520531,-17.95645839520531,17.95645839520531,17.95645839520531,4.612680249606498,17.95645839520531,0.17816799737881192,1.3438862483874183,4,298,0,Random_Forest,Set_D_Full_Stage5,299
TRN-0526,Valid,0.036936419634817794,Valid,3,0.4,31.4644,29.237,41.6587,52.351,17.3032,15.1398,22.8723,49.0786,22.4432,False,None,False,False,False,False,False,False,False,False,False,False,False,False,0,False,2.163400000000001,-5.569099999999999,-31.7754,-7.7325,-33.9388,-26.206300000000002,18.438433333333332,17.3032,3.989292556749045,26.098475,20.08775,15.662521830019372,33.9388,17.897583333333333,33.9388,919.9246628,1530.5861869999999,1076.183918943832,17.341683590811,-0.03848359081100128,0.03848359081100128,15.060733735828576,0.07906626417142348,0.07906626417142348,23.102906876404834,-0.2306068764048348,0.2306068764048348,49.86215594558606,-0.783555945586059,0.783555945586059,0.783555945586059,0.28292816924332964,0.783555945586059,0.7794668664807629,1.3004126484736567,3,299,0,Random_Forest,Set_D_Full_Stage5,300
TRN-0940,Valid,0.05741105257764684,Valid,1,0.4,9.6406,56.2683,24.8761,48.8917,8.3068,9.0676,10.0189,32.4217,15.3632,False,None,False,False,False,False,False,False,False,False,False,False,False,False,0,False,-0.7607999999999997,-1.7120999999999995,-24.1149,-0.9512999999999998,-23.354100000000003,-22.4028,9.131100000000002,9.0676,0.8578145428937419,14.953750000000001,9.54325,11.666343726720896,24.1149,12.216,24.1149,542.46017298,2751.05284311,171.33267375544062,8.266629930580645,0.040170069419355414,0.040170069419355414,9.229853808782867,-0.16225380878286622,0.16225380878286622,9.9925955216008,0.026304478399200804,0.026304478399200804,50.01730445318262,-17.595604453182617,17.595604453182617,17.595604453182617,4.45608320244601,17.595604453182617,0.18328166248485567,1.612631204459614,4,300,0,Random_Forest,Set_D_Full_Stage5,301
TRN-0838,Valid,0.40617302640191816,Invalid,1,0.4,31.932,79.8589,32.6147,44.5479,20.6119,19.6283,25.9704,14.6559,32.5568,False,None,False,False,False,False,False,False,False,False,False,False,False,False,0,False,0.9835999999999991,-5.358500000000003,5.955999999999998,-6.342100000000002,4.972399999999999,11.3145,22.0702,20.6119,3.4132883367802385,20.216625,20.1201,4.63788593748991,11.3145,5.821183333333334,11.3145,2550.0543948,3557.54629131,399.8551946176074,20.256392123648304,0.35550787635169456,0.35550787635169456,19.1569523362516,0.4713476637484,0.4713476637484,25.66944933598646,0.3009506640135413,0.3009506640135413,48.01656603062128,-33.360666030621275,33.360666030621275,33.360666030621275,8.622118058683728,33.360666030621275,0.10392722204208711,0.5596628716895765,3,301,0,Random_Forest,Set_D_Full_Stage5,302
TRN-0708,Valid,0.0024477587323743213,Valid,1,0.4,17.9052,36.8289,26.0267,32.4417,10.976,10.3199,14.1071,40.9626,16.3153,False,None,False,False,False,False,False,False,False,False,False,False,False,False,0,False,0.6561000000000003,-3.1311,-29.986600000000003,-3.7872000000000003,-30.6427,-26.8555,11.801000000000002,10.976,2.023904570378752,19.0914,12.54155,14.674144669451778,30.6427,15.843200000000001,30.6427,659.42882028,1194.7921251299997,486.172411836245,10.974489281320603,0.0015107186793983374,0.0015107186793983374,10.332456377442407,-0.01255637744240623,0.01255637744240623,14.152761918284614,-0.045661918284613634,0.045661918284613634,49.50878985963764,-8.546189859637636,8.546189859637636,8.546189859637636,2.1514797185110135,8.546189859637636,0.3173112598904721,1.6050516960245473,4,302,0,Random_Forest,Set_D_Full_Stage5,303
TRN-0075,Valid,0.041120790582405364,Valid,5,0.4,10.6255,33.6857,32.3691,40.2823,7.5093,7.9531,9.6454,54.134,14.8973,False,None,False,False,False,False,False,False,False,False,False,False,False,False,0,False,-0.4438000000000004,-2.1361000000000008,-46.624700000000004,-1.6923000000000004,-46.1809,-44.4886,8.369266666666666,7.9531,1.127220840533626,19.81045,8.79925,22.900868734977426,46.624700000000004,23.594400000000004,46.624700000000004,357.92740535,1356.93747311,315.4304896646085,7.41783704596719,0.09146295403281002,0.09146295403281002,7.831147959115858,0.12195204088414169,0.12195204088414169,9.49050895507157,0.15489104492842998,0.15489104492842998,50.393688283952635,3.7403117160473656,3.7403117160473656,3.7403117160473656,1.0271544389731868,3.7403117160473656,0.493302326046026,2.353539493782578,4,303,0,Random_Forest,Set_D_Full_Stage5,304
TRN-0321,Invalid,0.9362308897243108,Invalid,1,0.4,16.4319,106.2896,25.8871,25.654,14.4604,15.843,1.0,69.2522,44.1173,False,None,False,False,False,False,False,False,False,False,False,False,False,False,0,False,-1.3826,13.4604,-54.7918,14.843,-53.4092,-68.2522,10.434466666666667,14.4604,8.199680887286611,25.1389,15.1517,30.161309924913187,68.2522,34.35653333333334,68.2522,1746.5400782399997,2726.7533983999997,154.59554325206386,14.028705960445885,0.4316940395541149,0.4316940395541149,15.66466631495009,0.17833368504991043,0.17833368504991043,16.521744117097874,-15.521744117097874,15.521744117097874,49.984060391611266,19.268139608388736,19.268139608388736,19.268139608388736,8.849977862522659,19.268139608388736,0.10152307080859692,2.7150023608819955,2,304,1,Random_Forest,Set_D_Full_Stage5,305
TRN-0867,Valid,0.08869047619047618,Valid,2,0.4,12.4308,52.8897,31.9177,46.884,9.4185,10.1833,11.7055,,17.0184,True,Sensor_S4,False,False,False,False,False,False,False,False,False,False,False,False,1,True,-0.7647999999999993,-2.287000000000001,,-1.5222000000000016,,,10.435766666666666,10.1833,1.1642151061265846,10.435766666666666,10.1833,1.1642151061265846,2.287000000000001,1.5246666666666673,2.287000000000001,657.4612827599999,2479.6806948,235.03248552506716,9.414421915785018,0.004078084214981459,0.004078084214981459,10.115640078284658,0.0676599217153413,0.0676599217153413,11.703950352319122,0.0015496476808785076,0.0015496476808785076,50.582614298802916,,,0.0676599217153413,0.02442921787040042,0.0676599217153413,0.9761533374446463,0.21914995625625064,4,305,0,Random_Forest,Set_D_Full_Stage5,306
TRN-0416,Valid,0.022583333333333334,Valid,2,0.4,16.6191,71.8971,38.4489,6.7605,12.0738,13.1961,14.7668,,25.4373,True,Sensor_S4,False,False,False,False,False,False,False,False,False,False,False,False,1,True,-1.1222999999999992,-2.6929999999999996,,-1.5707000000000004,,,13.345566666666665,13.1961,1.3527074566710027,13.345566666666665,13.1961,1.3527074566710027,2.6929999999999996,1.795333333333333,2.6929999999999996,1194.86509461,486.06034454999997,231.15115475434268,12.018283407455408,0.05551659254459196,0.05551659254459196,13.04992278131896,0.14617721868103928,0.14617721868103928,14.803402461152366,-0.03660246115236632,0.03660246115236632,50.151697914424446,,,0.14617721868103928,0.07943209079266585,0.14617721868103928,0.9264130726979444,0.2017897066019128,4,306,0,Random_Forest,Set_D_Full_Stage5,307
TRN-0188,Valid,0.07908637685843567,Valid,5,0.4,26.6142,90.5936,48.4553,12.0777,17.7157,18.4443,22.0111,,43.1445,True,Sensor_S4,False,False,False,False,False,False,False,False,False,False,False,False,1,True,-0.7286000000000001,-4.295400000000001,,-3.5668000000000006,,,19.390366666666665,18.4443,2.2986728547867212,19.390366666666665,18.4443,2.2986728547867212,4.295400000000001,2.8636000000000004,4.295400000000001,2411.07618912,1094.16232272,293.7756868282432,17.936859150700506,-0.22115915070050818,0.22115915070050818,18.467726652108162,-0.023426652108163637,0.023426652108163637,22.417914041225014,-0.4068140412250152,0.4068140412250152,49.06022505624986,,,0.4068140412250152,0.21713328134456233,0.4068140412250152,0.8216027080413938,0.22152225683083693,1,307,0,Random_Forest,Set_D_Full_Stage5,308
TRN-0050,Valid,0.05235723693586514,Valid,3,0.4,11.9381,73.8834,36.8656,56.3173,10.3871,11.833,12.4416,62.0085,25.2323,False,None,False,False,False,False,False,False,False,False,False,False,False,False,0,False,-1.4459,-2.054499999999999,-51.621399999999994,-0.6085999999999991,-50.1755,-49.5669,11.5539,11.833,1.0553033544910198,24.16755,12.1373,25.242010790281082,51.621399999999994,25.91213333333333,51.621399999999994,882.02741754,4160.91360282,161.58025191311555,10.462180443353228,-0.07508044335322772,0.07508044335322772,11.970009947275807,-0.13700994727580706,0.13700994727580706,12.632459046757626,-0.19085904675762677,0.19085904675762677,49.36475038508778,12.643749614912217,12.643749614912217,12.643749614912217,3.2616747630747196,12.643749614912217,0.2346495346534888,2.1359789734669117,4,308,0,Random_Forest,Set_D_Full_Stage5,309
TRN-0150,Valid,0.007064291946821886,Valid,1,0.4,26.2178,25.4714,35.5228,48.3043,14.3505,12.58,19.1492,42.953,19.5769,False,None,False,False,False,False,False,False,False,False,False,False,False,False,0,False,1.7705000000000002,-4.7987,-28.602500000000003,-6.5692,-30.373000000000005,-23.803800000000003,15.359900000000001,14.3505,3.3989356319295014,22.258175,16.749850000000002,14.072904255666868,30.373000000000005,15.986283333333333,30.373000000000005,667.80407092,1230.37814702,1029.3030499685726,14.545748623712704,-0.19524862371270402,0.19524862371270402,12.680696701124482,-0.10069670112448215,0.10069670112448215,19.356784342993357,-0.20758434299335704,0.20758434299335704,48.351134313048675,-5.398134313048672,5.398134313048672,5.398134313048672,1.4754159952198038,5.398134313048672,0.403972504795585,1.3645766714581626,3,309,0,Random_Forest,Set_D_Full_Stage5,310
TRN-0142,Valid,0.009016192868480872,Valid,1,0.4,21.3253,74.4008,46.0511,24.5985,14.5831,15.3581,18.2474,47.2732,31.2509,False,None,False,False,False,False,False,False,False,False,False,False,False,False,0,False,-0.7750000000000004,-3.664299999999999,-32.6901,-2.8892999999999986,-31.915100000000002,-29.025800000000004,16.062866666666668,15.3581,1.9311384371228622,23.865450000000003,16.80275,15.684623801779033,32.6901,16.826600000000003,32.6901,1586.61938024,1830.1480788000001,286.62725580541394,14.632701824307839,-0.04960182430783888,0.04960182430783888,15.277386020589265,0.08071397941073499,0.08071397941073499,18.337209718655703,-0.08980971865570453,0.08980971865570453,49.47979709763785,-2.2065970976378466,2.2065970976378466,2.2065970976378466,0.6066806550030313,2.2065970976378466,0.6224012201093647,1.3697661809158508,4,310,0,Random_Forest,Set_D_Full_Stage5,311
TRN-0133,Valid,0.21745336085019584,Valid,1,0.4,8.076,29.8006,45.4033,12.3513,5.9675,7.1174,7.6489,60.1719,15.0277,False,None,False,False,False,False,False,False,False,False,False,False,False,False,0,False,-1.1498999999999997,-1.6814,-54.2044,-0.5315000000000003,-53.054500000000004,-52.523,6.911266666666667,7.1174,0.8594444154995325,20.226425,7.3831500000000005,26.63956072402784,54.2044,27.190783333333332,54.2044,240.6696456,368.07615078,271.0011640701315,5.6441620779032124,0.3233379220967878,0.3233379220967878,6.77557531430816,0.3418246856918401,0.3418246856918401,7.313532250360794,0.33536774963920646,0.33536774963920646,50.90582101143857,9.266078988561432,9.266078988561432,9.266078988561432,2.5666523364973166,9.266078988561432,0.28037495826746733,2.679879079036914,4,311,0,Random_Forest,Set_D_Full_Stage5,312
TRN-0906,Valid,0.016520738801527005,Valid,5,0.4,25.8413,81.9552,43.1604,47.0577,17.4843,17.531,22.1277,41.4904,34.7399,False,None,False,False,False,False,False,False,False,False,False,False,False,False,0,False,-0.04669999999999774,-4.6434,-24.0061,-4.596700000000002,-23.959400000000002,-19.3627,19.047666666666668,17.531,2.667489310818946,24.65835,19.829349999999998,11.430780201572711,24.0061,12.769166666666669,24.0061,2117.82890976,3856.62321504,315.3100333706667,17.49690898641815,-0.012608986418147339,0.012608986418147339,17.591432344410908,-0.06043234441090917,0.06043234441090917,21.988075373478427,0.1396246265215737,0.1396246265215737,48.53259674955167,-7.042196749551671,7.042196749551671,7.042196749551671,1.8137156767255753,7.042196749551671,0.3554019364045115,0.9735481191774311,3,312,0,Random_Forest,Set_D_Full_Stage5,313
TRN-0894,Valid,0.0998894786149089,Valid,2,0.4,9.8798,101.6812,38.8328,20.6455,10.6819,13.5792,12.2654,34.8847,41.2056,False,None,False,False,False,False,False,False,False,False,False,False,False,False,0,False,-2.8972999999999995,-1.583499999999999,-24.202800000000003,1.3138000000000005,-21.305500000000002,-22.619300000000003,12.1755,12.2654,1.450740614307051,17.852800000000002,12.9223,11.416218290076038,24.202800000000003,12.320366666666667,24.202800000000003,1004.5899197599999,2099.2592145999997,97.16446135918326,10.58454868773239,0.09735131226761062,0.09735131226761062,13.373087224830085,0.206112775169915,0.206112775169915,12.124766024663044,0.14063397533695543,0.14063397533695543,50.79760681300568,-15.912906813005677,15.912906813005677,15.912906813005677,4.089251218945039,15.912906813005677,0.19649255990300515,1.3556857435888245,2,313,0,Random_Forest,Set_D_Full_Stage5,314
TRN-0944,Invalid,0.5684780599479158,Invalid,4,0.4,9.9425,82.4452,35.8081,40.7018,9.6835,11.9735,,50.8812,27.0719,True,Sensor_S3,False,False,False,False,False,False,False,False,False,False,False,False,1,True,-2.289999999999999,,-41.1977,,-38.9077,,10.8285,10.8285,1.6192745289171933,24.1794,11.9735,23.15276694976218,41.1977,27.46513333333333,41.1977,819.711401,3355.6680413599997,120.59524137302822,9.786620737027567,-0.10312073702756663,0.10312073702756663,11.848493873045047,0.12500612695495228,0.12500612695495228,11.48364274456978,,,50.451876399731034,0.4293236002689653,0.4293236002689653,0.4293236002689653,0.21915015475049474,0.4293236002689653,0.8202435082368136,1.7038339645177445,4,314,1,Random_Forest,Set_D_Full_Stage5,315
TRN-0030,Valid,0.07643469579746293,Valid,1,0.4,31.3419,73.0867,33.8379,8.3587,19.2448,18.2686,24.291,54.3545,29.1257,False,None,False,False,False,False,False,False,False,False,False,False,False,False,0,False,0.9762000000000022,-5.046199999999999,-35.109700000000004,-6.022400000000001,-36.0859,-30.0635,20.601466666666667,19.2448,3.232295434104583,29.039725,21.7679,17.08162669798069,36.0859,18.883983333333337,36.0859,2290.6760427299996,610.90979929,428.8317260415744,19.171383698878437,0.07341630112156494,0.07341630112156494,18.105153885448395,0.16344611455160418,0.16344611455160418,24.3846470892269,-0.09364708922689857,0.09364708922689857,48.82123240954352,5.533267590456482,5.533267590456482,5.533267590456482,1.4659442738391375,5.533267590456482,0.4055241680069019,1.242638749974819,3,315,0,Random_Forest,Set_D_Full_Stage5,316
TRN-0302,Valid,0.020753167952099104,Valid,4,0.4,24.9096,36.4844,36.5374,37.3227,14.063,13.0071,18.5927,61.9299,19.6812,False,None,False,False,False,False,False,False,False,False,False,False,False,False,0,False,1.0559000000000012,-4.5297,-47.8669,-5.585600000000001,-48.9228,-43.3372,15.220933333333335,14.063,2.9673791539561196,26.898175000000002,16.32785,23.479823632127935,48.9228,25.216350000000002,48.9228,908.8118102400001,1361.69631588,682.7464114124361,14.401783966724663,-0.3387839667246624,0.3387839667246624,13.1113159532353,-0.10421595323530042,0.10421595323530042,18.891014279502002,-0.2983142795020015,0.2983142795020015,49.77559860962576,12.154301390374243,12.154301390374243,12.154301390374243,3.223903897459052,12.154301390374243,0.2367478106217246,1.8188141690601056,4,316,0,Random_Forest,Set_D_Full_Stage5,317
TRN-0623,Invalid,0.8233902340768927,Invalid,2,0.4,16.5307,105.1387,45.288,58.565,14.3957,16.4442,17.1558,35.4316,50.0012,False,None,False,False,False,False,False,False,False,False,False,False,False,False,0,False,-2.048499999999999,-2.7600999999999996,-21.035900000000005,-0.7116000000000007,-18.987400000000004,-18.275800000000004,15.998566666666667,16.4442,1.4329967911106194,20.856825,16.799999999999997,9.78670949140551,21.035900000000005,10.636550000000002,21.035900000000005,1738.01630809,6157.4479655,157.22753303707074,14.422062402056206,-0.02636240205620588,0.02636240205620588,16.494369684723345,-0.05016968472334682,0.05016968472334682,17.281361101269223,-0.12556110126922349,0.12556110126922349,49.88017170569227,-14.448571705692267,14.448571705692267,14.448571705692267,3.6626662234352607,14.448571705692267,0.21446956571196318,1.0085854349425503,2,317,1,Random_Forest,Set_D_Full_Stage5,318
TRN-0230,Valid,0.016658847464432455,Valid,4,0.4,17.355,73.8506,31.1921,18.0737,12.7189,13.471,15.6576,56.9299,24.5185,False,None,False,False,False,False,False,False,False,False,False,False,False,False,0,False,-0.7521000000000004,-2.9387000000000008,-44.211000000000006,-2.1866000000000003,-43.4589,-41.2723,13.949166666666668,13.471,1.5265883345988644,24.69435,14.5643,21.526483861281204,44.211000000000006,22.469933333333334,44.211000000000006,1281.677163,1334.7535892199999,235.00144413160567,12.604408971591312,0.11449102840868797,0.11449102840868797,13.336933892897061,0.13406610710293876,0.13406610710293876,15.461341343201553,0.196258656798447,0.196258656798447,50.684306890647115,6.245593109352889,6.245593109352889,6.245593109352889,1.6726022254157407,6.245593109352889,0.37416716580202786,1.7903278319421927,4,318,0,Random_Forest,Set_D_Full_Stage5,319
TRN-0060,Valid,0.027545802645242798,Valid,3,0.4,19.2254,85.8028,25.5407,7.2014,14.0182,14.7872,17.1449,74.0543,28.3885,False,None,False,False,False,False,False,False,False,False,False,False,False,False,0,False,-0.7690000000000001,-3.1266999999999996,-60.0361,-2.3576999999999995,-59.2671,-56.9094,15.316766666666666,14.7872,1.6292310650528772,30.00115,15.96605,29.398878404286105,60.0361,30.410999999999998,60.0361,1649.5931511200001,617.90028392,224.0649228154649,14.005614548233213,0.012585451766787159,0.012585451766787159,14.707899677115213,0.07930032288478728,0.07930032288478728,17.002822051463752,0.14207794853624733,0.14207794853624733,48.75873434310585,25.295565656894148,25.295565656894148,25.295565656894148,6.382382345020492,25.295565656894148,0.13545762780418877,2.001125956463017,2,319,0,Random_Forest,Set_D_Full_Stage5,320
TRN-0546,Valid,0.037304636458464574,Valid,1,0.4,23.5675,93.8871,42.115,39.0131,16.7881,17.4537,20.697,64.5418,40.7055,False,None,False,False,False,False,False,False,False,False,False,False,False,False,0,False,-0.6656000000000013,-3.908899999999999,-47.753699999999995,-3.243299999999998,-47.0881,-43.84479999999999,18.312933333333334,17.4537,2.091312086545987,29.87015,19.07535,23.1774190211795,47.753699999999995,24.417399999999997,47.753699999999995,2212.68422925,3662.8268210100005,251.01954890293246,16.955080471538928,-0.1669804715389276,0.1669804715389276,17.708723840258955,-0.2550238402589535,0.2550238402589535,20.94532273718542,-0.24832273718542197,0.24832273718542197,49.00322527031201,15.538574729687987,15.538574729687987,15.538574729687987,4.0522254446678225,15.538574729687987,0.19793257663420616,1.5987092134759238,2,320,0,Random_Forest,Set_D_Full_Stage5,321
TRN-0210,Valid,0.04278623903156901,Valid,2,0.4,30.7343,45.0422,45.8651,6.7379,17.3434,15.8132,22.8473,36.1972,23.9181,False,None,False,False,False,False,False,False,False,False,False,False,False,False,0,False,1.530199999999999,-5.503900000000002,-18.853800000000003,-7.0341000000000005,-20.384,-13.349900000000002,18.66796666666667,17.3434,3.6993916180006323,23.050275,20.09535,9.270500033754024,20.384,11.109316666666667,20.384,1384.34048746,303.48983938,682.3444053921864,17.330506182327444,0.012893817672555485,0.012893817672555485,15.894487418714386,-0.0812874187143855,0.0812874187143855,22.719671245308312,0.12762875469168833,0.12762875469168833,48.584862212816,-12.387662212815997,12.387662212815997,12.387662212815997,3.1523680509736565,12.387662212815997,0.2408264363187935,0.8843274605932205,3,321,0,Random_Forest,Set_D_Full_Stage5,322
TRN-0893,Valid,0.12865962864511926,Valid,2,0.4,14.6172,18.3131,44.6837,8.8063,8.0847,8.1434,10.6928,87.7375,16.0594,False,None,False,False,False,False,False,False,False,False,False,False,False,False,0,False,-0.058699999999999974,-2.6081000000000003,-79.6528,-2.5494000000000003,-79.5941,-77.04469999999999,8.973633333333332,8.1434,1.4891312713570062,28.6646,9.418099999999999,39.400698145675875,79.6528,40.25129999999999,79.6528,267.68624532,161.27065252999998,798.1822858050873,8.127904045716843,-0.043204045716843,0.043204045716843,8.02007792778589,0.12332207221411018,0.12332207221411018,10.960982389763195,-0.2681823897631954,0.2681823897631954,50.61343231018126,37.12406768981874,37.12406768981874,37.12406768981874,9.389694049378221,37.12406768981874,0.09624922497692276,2.778785408208938,4,322,0,Random_Forest,Set_D_Full_Stage5,323
TRN-0797,Invalid,0.49474603174603177,Invalid,4,0.4,20.8602,47.6941,30.521,34.8513,12.9399,12.4513,,17.2785,18.6989,True,Sensor_S3,False,False,False,False,False,False,False,False,False,False,False,False,1,True,0.4885999999999999,,-4.338600000000001,,-4.827200000000001,,12.695599999999999,12.695599999999999,0.34549237328774707,14.223233333333333,12.9399,2.6571927467410674,4.827200000000001,3.218133333333334,4.827200000000001,994.90846482,1662.20138733,437.374761789244,13.038804055108482,-0.09890405510848232,0.09890405510848232,12.451180411656265,0.0001195883437343781,0.0001195883437343781,16.70449188497851,,,49.8214905504467,-32.542990550446696,32.542990550446696,32.542990550446696,10.880671397966305,32.542990550446696,0.08417032729069308,0.33938813299263915,4,323,1,Random_Forest,Set_D_Full_Stage5,324
TRN-0482,Valid,0.025656618154608398,Valid,5,0.4,15.4736,30.7634,31.3967,13.3708,9.1938,9.1559,11.9994,33.9757,15.6428,False,None,False,False,False,False,False,False,False,False,False,False,False,False,0,False,0.03789999999999871,-2.8056,-24.781900000000004,-2.843499999999999,-24.8198,-21.976300000000002,10.116366666666666,9.1938,1.63086480228538,16.081200000000003,10.596599999999999,12.003753306639833,24.8198,12.877500000000003,24.8198,476.02054624,411.33126871999997,502.98715259459203,9.264861228462047,-0.07106122846204777,0.07106122846204777,9.000430352752277,0.15546964724772394,0.15546964724772394,12.04412200947702,-0.04472200947702021,0.04472200947702021,50.432915306993586,-16.457215306993582,16.457215306993582,16.457215306993582,4.182117048045093,16.457215306993582,0.19297132633799557,1.543403761284132,4,324,0,Random_Forest,Set_D_Full_Stage5,325
TRN-0469,Valid,0.04014222412083617,Valid,3,0.4,9.7518,38.6358,39.6464,44.0459,7.2393,8.3028,9.3167,22.5854,15.7717,False,None,False,False,False,False,False,False,False,False,False,False,False,False,0,False,-1.0634999999999994,-2.077400000000001,-15.3461,-1.0139000000000014,-14.2826,-13.268699999999999,8.286266666666668,8.3028,1.038798682774162,11.86105,8.809750000000001,7.199701752387618,15.3461,7.842033333333333,15.3461,376.76859444,1701.7485832200002,252.40314620037725,7.326937810496737,-0.08763781049673725,0.08763781049673725,8.209349046591202,0.09345095340879794,0.09345095340879794,9.320110412125144,-0.0034104121251434805,0.0034104121251434805,51.00008576429569,-28.41468576429569,28.41468576429569,28.41468576429569,7.149796235081592,28.41468576429569,0.12270245428902904,1.2938219686941976,4,325,0,Random_Forest,Set_D_Full_Stage5,326
TRN-0078,Valid,0.12698930181778972,Valid,1,0.4,30.5467,109.1931,43.2382,33.7685,20.9985,21.4309,25.9315,77.0158,57.4073,False,None,False,False,False,False,False,False,False,False,False,False,False,False,0,False,-0.43240000000000123,-4.933,-56.0173,-4.500599999999999,-55.5849,-51.0843,22.786966666666668,21.4309,2.731814388521543,36.344175,23.6812,27.20600664821098,56.0173,28.758750000000003,56.0173,3335.48886777,3687.2871973500005,279.74933583263635,21.099547686944888,-0.10104768694488797,0.10104768694488797,21.41550449560317,0.015395504396831683,0.015395504396831683,26.168452355647922,-0.23695235564792227,0.23695235564792227,48.477932280852144,28.537867719147854,28.537867719147854,28.537867719147854,7.222815816534374,28.537867719147854,0.12161284191592954,1.5413002107489822,1,326,0,Random_Forest,Set_D_Full_Stage5,327
TRN-0240,Valid,0.03522369168088077,Valid,3,0.4,15.0667,104.1581,36.4027,33.943,13.3738,15.3232,15.8001,51.3264,44.9059,False,None,False,False,False,False,False,False,False,False,False,False,False,False,0,False,-1.9494000000000007,-2.4263000000000012,-37.952600000000004,-0.47690000000000055,-36.0032,-35.5263,14.832366666666667,15.3232,1.2854652633709458,23.955875,15.56165,18.27717787832228,37.952600000000004,19.055783333333334,37.952600000000004,1569.31884527,3535.4383883,144.6522023105066,13.359483031387521,0.01431696861247822,0.01431696861247822,15.408356573055414,-0.08515657305541424,0.08515657305541424,15.772885124161508,0.027214875838492247,0.027214875838492247,48.8348397025127,2.491560297487297,2.491560297487297,2.491560297487297,0.6545621787484204,2.491560297487297,0.6043894952055785,1.584270420399831,2,327,0,Random_Forest,Set_D_Full_Stage5,328
TRN-0787,Valid,0.08269092165565403,Valid,4,0.4,25.5006,45.3,39.6521,11.5301,14.4892,13.563,18.6989,53.7007,20.2559,False,None,False,False,False,False,False,False,False,False,False,False,False,False,0,False,0.9261999999999997,-4.209699999999998,-39.2115,-5.135899999999998,-40.137699999999995,-35.0018,15.583699999999999,14.4892,2.737300657582209,25.112949999999998,16.59405,19.189101911675454,40.137699999999995,20.770466666666668,40.137699999999995,1155.17718,522.3135299999999,562.9270280514287,14.875679822373957,-0.38647982237395695,0.38647982237395695,13.941399915662103,-0.3783999156621025,0.3783999156621025,19.338287304953845,-0.6393873049538463,0.6393873049538463,50.99580976041524,2.7048902395847563,2.7048902395847563,2.7048902395847563,1.0272893206436655,2.7048902395847563,0.4932695051550409,1.5982863031677668,3,328,0,Random_Forest,Set_D_Full_Stage5,329
TRN-0658,Valid,0.02173499464826581,Valid,3,0.4,8.197,36.7874,36.1863,47.6958,6.2612,7.4791,8.1375,47.2552,14.6794,False,None,False,False,False,False,False,False,False,False,False,False,False,False,0,False,-1.2179000000000002,-1.8762999999999996,-40.994,-0.6583999999999994,-39.7761,-39.1177,7.2926,7.4791,0.9519517372220083,17.283250000000002,7.808299999999999,19.996411955565097,40.994,20.606733333333334,40.994,301.54631779999994,1754.6044729199998,222.82079657143572,6.517472956680863,-0.2562729566808635,0.2562729566808635,7.434969106320365,0.044130893679635186,0.044130893679635186,8.239334167570227,-0.10183416757022812,0.10183416757022812,50.758590559797454,-3.5033905597974524,3.5033905597974524,3.5033905597974524,0.9764071444320448,3.5033905597974524,0.5059686223140868,2.3718904882527947,4,329,0,Random_Forest,Set_D_Full_Stage5,330
TRN-0243,Valid,0.0585392004956442,Valid,1,0.4,11.3687,28.3467,45.6981,56.6098,7.6108,8.0341,9.851,62.3478,16.775,False,None,False,False,False,False,False,False,False,False,False,False,False,False,0,False,-0.42330000000000023,-2.2402000000000006,-54.737,-1.8169000000000004,-54.3137,-52.4968,8.498633333333332,8.0341,1.1901543695392351,21.960925,8.94255,26.942113860815873,54.737,27.671316666666666,54.737,322.26512829,1604.70101766,401.0588883154342,7.671772249943013,-0.060972249943012535,0.060972249943012535,8.180691713177522,-0.1465917131775214,0.1465917131775214,10.094766880119892,-0.24376688011989067,0.24376688011989067,49.64816635128832,12.699633648711682,12.699633648711682,12.699633648711682,3.2877411229880265,12.699633648711682,0.23322303546701145,2.4924712904983326,4,330,0,Random_Forest,Set_D_Full_Stage5,331
TRN-0506,Valid,0.015426951365311605,Valid,4,0.4,14.2378,29.0391,42.7409,35.8399,8.9455,8.8975,11.729,39.6624,16.2324,False,None,False,False,False,False,False,False,False,False,False,False,False,False,0,False,0.047999999999998266,-2.7835,-30.7169,-2.8314999999999984,-30.764899999999997,-27.9334,9.857333333333333,8.9455,1.6210885488872384,17.3086,10.33725,14.961198207585737,30.764899999999997,15.846366666666668,30.764899999999997,413.45289798000005,1040.75844009,490.29739547802944,8.851954171992073,0.09354582800792599,0.09354582800792599,8.983005938180245,-0.0855059381802441,0.0855059381802441,11.64146989708196,0.08753010291803953,0.08753010291803953,51.201106837533736,-11.538706837533738,11.538706837533738,11.538706837533738,2.951322176659987,11.538706837533738,0.25307984398409394,1.7774333120914967,4,331,0,Random_Forest,Set_D_Full_Stage5,332
TRN-0732,Valid,0.1532698803962892,Valid,1,0.4,31.7669,86.9219,26.3532,49.2088,20.5981,19.391,25.9812,57.9927,33.7325,False,None,False,False,False,False,False,False,False,False,False,False,False,False,0,False,1.2071000000000005,-5.383100000000002,-37.3946,-6.590200000000003,-38.6017,-32.0115,21.990099999999998,20.5981,3.5086937754668774,30.99075,23.28965,18.227838316615237,38.6017,20.198033333333335,38.6017,2761.23930511,4277.32239272,365.4648177887486,20.614654002434285,-0.01655400243428673,0.01655400243428673,19.54173036904137,-0.15073036904137282,0.15073036904137282,25.915132788397333,0.06606721160266815,0.06606721160266815,47.942140792374246,10.050559207625753,10.050559207625753,10.050559207625753,2.57097769767602,10.050559207625753,0.2800353529653228,1.2455873944362772,1,332,0,Random_Forest,Set_D_Full_Stage5,333
TRN-0489,Valid,0.07075771245039368,Valid,4,0.4,26.606,74.4996,26.1555,14.439,17.1607,16.5283,21.4351,37.1672,25.8404,False,None,False,False,False,False,False,False,False,False,False,False,False,False,0,False,0.632399999999997,-4.2744,-20.006500000000003,-4.906799999999997,-20.6389,-15.732100000000003,18.3747,17.1607,2.669179379509739,23.072825,19.2979,9.645682614646825,20.6389,11.03185,20.6389,1982.1363576,1075.6997244,357.12938631490823,17.037623322541336,0.12307667745866269,0.12307667745866269,16.39233141415992,0.1359685858400823,0.1359685858400823,21.38524626526254,0.049853734737457245,0.049853734737457245,49.754034330494086,-12.586834330494085,12.586834330494085,12.586834330494085,3.223933332132572,12.586834330494085,0.2367461608337274,0.8945107959208306,3,333,0,Random_Forest,Set_D_Full_Stage5,334
TRN-0842,Valid,0.06839664494853835,Valid,1,0.4,8.4367,41.2956,39.4313,21.0233,6.7362,7.9235,8.6162,54.0452,14.9845,False,None,False,False,False,False,False,False,False,False,False,False,False,False,0,False,-1.1872999999999996,-1.879999999999999,-47.309,-0.6926999999999994,-46.121700000000004,-45.429,7.758633333333333,7.9235,0.9507816591275478,19.330275,8.26985,23.15629980421095,47.309,23.769949999999998,47.309,348.39858852000003,868.16978748,204.30016653101868,6.5484698040126865,0.18773019598731366,0.18773019598731366,7.762670229755885,0.16082977024411438,0.16082977024411438,8.187910475754585,0.42828952424541455,0.42828952424541455,50.70816238940843,3.3370376105915724,3.3370376105915724,3.3370376105915724,1.0284717752671038,3.3370376105915724,0.4929819641529509,2.447403129338238,4,334,0,Random_Forest,Set_D_Full_Stage5,335
TRN-0988,Valid,0.16441709563946902,Valid,5,0.4,21.9567,31.7733,22.7884,5.9133,12.9157,11.382,16.8997,47.4598,16.6707,False,None,False,False,False,False,False,False,False,False,False,False,False,False,0,False,1.5336999999999996,-3.984,-34.5441,-5.5177,-36.0778,-30.560100000000002,13.732466666666667,12.9157,2.8480842970904727,22.1643,14.907699999999998,17.02324811015806,36.0778,18.7029,36.0778,697.63681611,187.88505489,691.0422615711111,12.333877953186501,0.5818220468134978,0.5818220468134978,10.984539523163741,0.3974604768362582,0.3974604768362582,16.070633227790957,0.8290667722090426,0.8290667722090426,49.72918452669244,-2.2693845266924413,2.2693845266924413,2.2693845266924413,1.01943345563781,2.2693845266924413,0.49518838920303215,1.6277429795919658,4,335,0,Random_Forest,Set_D_Full_Stage5,336
TRN-0721,Valid,0.02759986858104741,Valid,3,0.4,16.9431,86.3196,27.0104,38.5934,13.4948,14.3679,16.283,65.9021,28.9001,False,None,False,False,False,False,False,False,False,False,False,False,False,False,0,False,-0.8731000000000009,-2.7882000000000016,-52.407300000000006,-1.9151000000000007,-51.534200000000006,-49.6191,14.715233333333336,14.3679,1.426182016200364,27.511950000000002,15.32545,25.619910744380046,52.407300000000006,26.522833333333338,52.407300000000006,1462.52161476,3331.36685064,196.28332426432422,13.320877409390553,0.17392259060944681,0.17392259060944681,14.282940270127986,0.08495972987201483,0.08495972987201483,16.079486923751034,0.2035130762489672,0.2035130762489672,48.26886823267745,17.633231767322556,17.633231767322556,17.633231767322556,4.523906791013246,17.633231767322556,0.18103129502961268,1.9048915453497317,2,336,0,Random_Forest,Set_D_Full_Stage5,337
TRN-0646,Invalid,0.8356865079365079,Invalid,4,0.4,25.9459,17.3392,44.559,44.8019,13.7463,11.9815,29.9373,48.0835,20.3064,False,None,False,False,False,False,False,False,False,False,False,False,False,False,0,False,1.7647999999999993,-16.191000000000003,-34.3372,-17.9558,-36.102000000000004,-18.1462,18.555033333333334,13.7463,9.896748234310769,25.937150000000003,21.8418,16.830914106587713,36.102000000000004,20.7495,36.102000000000004,449.8811492800001,776.8291044800002,1496.3715186562708,13.939157322014411,-0.19285732201441164,0.19285732201441164,12.165848256098059,-0.18434825609805827,0.18434825609805827,18.831607230253905,11.105692769746096,11.105692769746096,49.952643734280244,-1.869143734280243,1.869143734280243,11.105692769746096,3.338010520534702,11.105692769746096,0.23052041834991682,1.3919025830121725,3,337,1,Random_Forest,Set_D_Full_Stage5,338
TRN-0681,Valid,0.027134677691937656,Valid,3,0.4,15.4946,24.9221,38.7031,11.3605,9.2215,9.0022,12.0966,51.5528,16.121,False,None,False,False,False,False,False,False,False,False,False,False,False,False,0,False,0.2193000000000005,-2.8750999999999998,-42.3313,-3.0944000000000003,-42.550599999999996,-39.456199999999995,10.106766666666667,9.2215,1.726731201818434,20.468275,10.65905,20.77092086377411,42.550599999999996,21.75448333333333,42.550599999999996,386.15797066,283.12751705,621.7210340536977,8.932292882275929,0.2892071177240716,0.2892071177240716,8.71861140759791,0.28358859240209,0.28358859240209,11.826617216660885,0.2699827833391151,0.2699827833391151,51.707948728897335,-0.15514872889733766,0.15514872889733766,0.2892071177240716,0.24948180559065358,0.2892071177240716,0.8003317819640288,2.078855165442537,4,338,0,Random_Forest,Set_D_Full_Stage5,339
TRN-0137,Invalid,0.7660530303030302,Invalid,3,0.4,22.2192,100.676,37.4391,56.4213,17.3095,10.6228,21.2274,45.9637,44.5411,False,None,False,False,False,False,False,False,False,False,False,False,False,False,0,False,6.6867,-3.9178999999999995,-28.654200000000003,-10.6046,-35.340900000000005,-24.736300000000004,16.386566666666667,17.3095,5.362204746494983,23.78085,19.26845,15.423051920745129,35.340900000000005,18.323433333333334,35.340900000000005,2236.9401792000003,5680.2707988,220.70004562159346,16.87729056531463,0.4322094346853689,0.4322094346853689,17.816533365962968,-7.193733365962968,7.193733365962968,20.622026720028988,0.6053732799710119,0.6053732799710119,48.0323249441117,-2.068624944111697,2.068624944111697,7.193733365962968,2.5749852561827615,7.193733365962968,0.27972143333194144,1.4861068943679918,2,339,1,Random_Forest,Set_D_Full_Stage5,340
TRN-0474,Valid,0.03298788083180979,Valid,1,0.4,19.7376,68.2093,24.9525,24.924,13.4189,13.5545,16.9523,56.4578,21.7249,False,None,False,False,False,False,False,False,False,False,False,False,False,False,0,False,-0.13560000000000016,-3.5334000000000003,-43.0389,-3.3978,-42.9033,-39.5055,14.641900000000001,13.5545,2.002013476478118,25.095875,15.253400000000001,20.971752712696667,43.0389,22.08575,43.0389,1346.28787968,1700.0485932,289.3681229145992,13.502248358976564,-0.08334835897656312,0.08334835897656312,13.53552637322052,0.018973626779480668,0.018973626779480668,16.764062677538746,0.18823732246125502,0.18823732246125502,49.57232270201846,6.885477297981538,6.885477297981538,6.885477297981538,1.7940091515497092,6.885477297981538,0.3579086344242451,1.7149783719522145,4,340,0,Random_Forest,Set_D_Full_Stage5,341
TRN-0793,Invalid,0.6672896093676145,Invalid,4,0.4,29.9433,90.2695,38.0274,29.5678,,19.314,24.3668,51.4928,38.8282,True,Sensor_S1,False,False,False,False,False,False,False,False,False,False,False,False,1,True,,,,-5.052800000000001,-32.1788,-27.126,21.840400000000002,21.840400000000002,3.5728691439793883,31.724533333333337,24.3668,17.305229620358507,32.1788,21.452533333333335,32.1788,2702.96671935,2669.0705221,331.71000928220394,19.703898006658335,,,19.388879968544376,-0.0748799685443764,0.0748799685443764,24.710305957966664,-0.34350595796666283,0.34350595796666283,49.21876217526613,2.274037824733874,2.274037824733874,2.274037824733874,0.8974745837483044,2.274037824733874,0.527016281833184,1.0143187771654816,1,341,1,Random_Forest,Set_D_Full_Stage5,342
TRN-0300,Valid,0.038397235166477764,Valid,4,0.4,28.3887,54.9243,24.6385,26.9051,16.6301,15.3415,21.3679,23.2394,21.2878,False,None,False,False,False,False,False,False,False,False,False,False,False,False,0,False,1.2885999999999989,-4.7378,-6.609300000000001,-6.026399999999999,-7.8979,-1.871500000000001,17.779833333333332,16.6301,3.1734506918074734,19.144725,18.999,3.763718450659312,7.8979,4.738583333333334,7.8979,1559.22947541,1477.74378393,516.8694882102296,16.956459640361913,-0.32635964036191467,0.32635964036191467,15.406247482202259,-0.06474748220225912,0.06474748220225912,21.75631481643074,-0.3884148164307426,0.3884148164307426,49.13413939775923,-25.894739397759228,25.894739397759228,25.894739397759228,6.668565334188536,25.894739397759228,0.13040248813447933,0.4125363970825399,3,342,0,Random_Forest,Set_D_Full_Stage5,343
TRN-0096,Valid,0.011637212186709309,Valid,3,0.4,24.6363,36.24,34.7335,15.5026,13.896,12.6338,18.1854,56.9828,19.1808,False,None,False,False,False,False,False,False,False,False,False,False,False,False,0,False,1.2622,-4.2894000000000005,-43.0868,-5.5516000000000005,-44.349,-38.797399999999996,14.905066666666668,13.896,2.910107780363699,25.424500000000002,16.0407,21.1726174294378,44.349,22.889399999999995,44.349,892.819512,561.814224,679.8094150636271,13.990346136032363,-0.09434613603236208,0.09434613603236208,12.7480185183538,-0.11421851835380004,0.11421851835380004,18.330671971254713,-0.14527197125471147,0.14527197125471147,50.37510416398961,6.607695836010386,6.607695836010386,6.607695836010386,1.7403831154128149,6.607695836010386,0.36491248043956753,1.744340402233907,4,343,0,Random_Forest,Set_D_Full_Stage5,344
TRN-0399,Valid,0.1505963529762204,Valid,5,0.4,10.3861,18.7855,32.6305,50.6218,6.3956,6.3908,8.4581,20.3764,13.2902,False,None,False,False,False,False,False,False,False,False,False,False,False,False,0,False,0.0048000000000003595,-2.0625,-13.9808,-2.0673000000000004,-13.985600000000002,-11.9183,7.081500000000001,6.3956,1.1921729866089066,10.405225000000002,7.42685,6.718341247845335,13.985600000000002,7.33655,13.985600000000002,195.10808155,950.9558238999999,552.8782556342628,6.604535609579784,-0.2089356095797843,0.2089356095797843,6.580754383319327,-0.18995438331932757,0.18995438331932757,8.769411003001842,-0.3113110030018422,0.3113110030018422,50.482189633140926,-30.105789633140926,30.105789633140926,30.105789633140926,7.70399765726047,30.105789633140926,0.11488973680569027,1.3440926610499426,4,344,0,Random_Forest,Set_D_Full_Stage5,345
TRN-0392,Valid,0.07686264605318131,Valid,1,0.4,10.1905,67.5579,25.3445,35.5989,9.0985,10.207,10.7316,48.0055,18.7934,False,None,False,False,False,False,False,False,False,False,False,False,False,False,0,False,-1.1085000000000012,-1.6331000000000007,-38.907,-0.5245999999999995,-37.7985,-37.2739,10.012366666666667,10.207,0.8337658564209343,19.51065,10.4693,19.00876084309548,38.907,19.54093333333333,38.907,688.44877995,2404.98692631,150.84096000009473,8.999339216593915,0.09916078340608436,0.09916078340608436,10.280576885147276,-0.07357688514727556,0.07357688514727556,10.701002328776969,0.030597671223031142,0.030597671223031142,50.275716112607604,-2.2702161126076064,2.2702161126076064,2.2702161126076064,0.6183878630959994,2.2702161126076064,0.6178988503330627,1.9941406390147745,4,345,0,Random_Forest,Set_D_Full_Stage5,346
TRN-0922,Valid,0.05272411587432125,Valid,3,0.4,29.8423,23.2777,32.2842,35.1458,16.0758,13.5681,21.498,52.7638,20.4154,False,None,False,False,False,False,False,False,False,False,False,False,False,False,0,False,2.5077000000000016,-5.4222,-36.688,-7.929900000000002,-39.1957,-31.265800000000002,17.047300000000003,16.0758,4.053231758732778,25.976425000000003,18.786900000000003,18.16231129351383,39.1957,20.50155,39.1957,694.66010671,818.11338866,1282.0118473853315,16.011698219252473,0.06410178074752793,0.06410178074752793,13.542227816737201,0.025872183262798387,0.025872183262798387,21.364608826923604,0.13339117307639725,0.13339117307639725,49.716336142274564,3.0474638577254396,3.0474638577254396,3.0474638577254396,0.8177072487030408,3.0474638577254396,0.5501435947474567,1.508894503807008,3,346,0,Random_Forest,Set_D_Full_Stage5,347
TRN-0674,Valid,0.061242373938862206,Valid,5,0.4,10.2641,67.6886,36.7714,5.0434,8.766,10.3713,10.3567,76.1003,21.7744,False,None,False,False,False,False,False,False,False,False,False,False,False,False,0,False,-1.6052999999999997,-1.5907,-67.3343,0.014599999999999724,-65.729,-65.7436,9.831333333333333,10.3567,0.9226346098718242,26.398575,10.364,33.14304585956406,67.3343,33.66958333333333,67.3343,694.7625592599999,341.38068524,151.63703317293707,8.707100802666583,0.05889919733341742,0.05889919733341742,10.434882433079792,-0.06358243307979272,0.06358243307979272,10.42210054392886,-0.06540054392885963,0.06540054392885963,50.60635042997357,25.493949570026437,25.493949570026437,25.493949570026437,6.420457936092127,25.493949570026437,0.13476257241970635,2.5506783791631253,4,347,0,Random_Forest,Set_D_Full_Stage5,348
TRN-0805,Invalid,0.7189977963029182,Invalid,3,0.4,15.6191,87.307,31.2849,31.8206,12.6735,13.9206,15.2714,60.0861,30.0341,False,None,False,False,False,False,False,False,False,False,False,False,False,False,0,False,-1.2470999999999997,-2.597899999999999,-47.4126,-1.3507999999999996,-46.1655,-44.8147,13.955166666666665,13.9206,1.2992949023733342,25.4879,14.596,23.08985052745037,47.4126,23.93143333333333,47.4126,1363.6567637,2778.1611242,178.89857870519216,12.663620220483766,0.009879779516234422,0.009879779516234422,13.987626764133697,-0.06702676413369701,0.06702676413369701,15.209493993300146,0.06190600669985358,0.06190600669985358,48.86161313352671,11.224486866473292,11.224486866473292,11.224486866473292,2.8408248542057692,11.224486866473292,0.26036073967418294,1.86019960051648,2,348,1,Random_Forest,Set_D_Full_Stage5,349
TRN-0849,Valid,0.039411157557029224,Valid,4,0.4,18.5832,83.5181,42.8469,19.2857,13.6044,14.8572,16.5177,38.1275,31.9025,False,None,False,False,False,False,False,False,False,False,False,False,False,False,0,False,-1.2528000000000006,-2.9133000000000013,-24.5231,-1.6605000000000008,-23.2703,-21.609799999999996,14.9931,14.8572,1.4613968762796785,20.776699999999998,15.687450000000002,11.628581300399459,24.5231,12.5383,24.5231,1552.0335559200003,1610.70502117,222.50503513549336,13.757227224141962,-0.15282722414196215,0.15282722414196215,14.9624913979879,-0.10529139798789977,0.10529139798789977,16.89239193259103,-0.37469193259102695,0.37469193259102695,51.03459074863273,-12.907090748632733,12.907090748632733,12.907090748632733,3.3849753258384054,12.907090748632733,0.2280514542710227,1.1803168066551442,4,349,0,Random_Forest,Set_D_Full_Stage5,350
TRN-0720,Valid,0.09873807426927124,Valid,2,0.4,8.7305,38.7524,42.7652,39.973,6.9272,7.8504,8.7984,39.3478,15.6642,False,None,False,False,False,False,False,False,False,False,False,False,False,False,0,False,-0.9231999999999996,-1.8712000000000009,-32.4206,-0.9480000000000013,-31.4974,-30.5494,7.858666666666667,7.8504,0.9356273902218416,15.73095,8.3244,15.76308911973369,32.4206,16.3683,32.4206,338.3278282,1549.0496852,225.28921427080274,6.786613268944134,0.1405867310558664,0.1405867310558664,7.917698871656528,-0.06729887165652837,0.06729887165652837,8.619679942373253,0.17872005762674803,0.17872005762674803,51.13233767832769,-11.784537678327688,11.784537678327688,11.784537678327688,3.0427858346667076,11.784537678327688,0.24735418617158614,2.0609422438300014,4,350,0,Random_Forest,Set_D_Full_Stage5,351
TRN-0244,Valid,0.047305662005007125,Valid,3,0.4,13.7541,79.6813,23.9523,25.6729,11.413,12.2854,13.6117,77.2696,23.4988,False,None,False,False,False,False,False,False,False,False,False,False,False,False,0,False,-0.872399999999999,-2.1987000000000005,-65.8566,-1.3263000000000016,-64.9842,-63.6579,12.4367,12.2854,1.107131062702154,28.644925,12.948550000000001,32.42905163680399,65.8566,33.14935,65.8566,1095.9445683299998,2045.6500467699998,172.6138789635863,11.262428827495503,0.15057117250449714,0.15057117250449714,12.40603070799864,-0.12063070799864128,0.12063070799864128,13.43758552467124,0.17411447532876068,0.17411447532876068,48.691690415749925,28.577909584250072,28.577909584250072,28.577909584250072,7.255806485020493,28.577909584250072,0.12112687013854077,2.2990661350776325,4,351,0,Random_Forest,Set_D_Full_Stage5,352
TRN-0584,Valid,0.020520550425499412,Valid,4,0.4,14.8001,41.6142,34.1941,23.5459,9.4725,9.6892,11.9039,71.7649,16.9156,False,None,False,False,False,False,False,False,False,False,False,False,False,False,0,False,-0.21669999999999945,-2.4314,-62.2924,-2.2147000000000006,-62.0757,-59.861,10.3552,9.6892,1.345582955450908,25.707625,10.79655,30.724499602909184,62.2924,31.515316666666667,62.2924,615.89432142,979.84379178,355.6501493119778,9.66301876591184,-0.1905187659118397,0.1905187659118397,9.865212480066665,-0.1760124800666656,0.1760124800666656,12.332437117719383,-0.4285371177193831,0.4285371177193831,51.14380440168954,20.621095598310454,20.621095598310454,20.621095598310454,5.354040990502085,20.621095598310454,0.15738016193077498,2.423108932424161,4,352,0,Random_Forest,Set_D_Full_Stage5,353
TRN-0393,Valid,0.08972083418213439,Valid,3,0.4,22.8787,26.2566,33.3296,26.8598,12.6389,11.2659,16.9462,36.961,18.0061,False,None,False,False,False,False,False,False,False,False,False,False,False,False,0,False,1.3729999999999993,-4.3073000000000015,-24.3221,-5.680300000000001,-25.695099999999996,-20.014799999999997,13.616999999999999,12.6389,2.963774912168602,19.453,14.79255,11.920216377510378,25.695099999999996,13.565433333333333,25.695099999999996,600.71687442,705.24702468,871.3501095533658,12.732197900307733,-0.09329790030773388,0.09329790030773388,11.347488617571736,-0.08158861757173597,0.08158861757173597,16.870721855678898,0.075478144321103,0.075478144321103,50.36447040436095,-13.403470404360952,13.403470404360952,13.403470404360952,3.4134587666403813,13.403470404360952,0.22657966299778556,1.320880419019987,4,353,0,Random_Forest,Set_D_Full_Stage5,354
TRN-0046,Valid,0.041011086892011675,Valid,3,0.4,12.6004,70.012,26.6228,27.805,10.1212,11.1769,11.9567,43.7905,20.5183,False,None,False,False,False,False,False,False,False,False,False,False,False,False,0,False,-1.0556999999999999,-1.8354999999999997,-33.6693,-0.7797999999999998,-32.613600000000005,-31.833800000000004,11.084933333333332,11.1769,0.921199469894188,19.261325,11.5668,16.370072135531352,33.6693,16.964616666666668,33.6693,882.1792048000001,1946.68366,179.97483574603842,10.20586638828985,-0.0846663882898504,0.0846663882898504,11.292205584981483,-0.11530558498148302,0.11530558498148302,12.28256263779021,-0.32586263779021074,0.32586263779021074,49.2112698701132,-5.420769870113197,5.420769870113197,5.420769870113197,1.4866511202936854,5.420769870113197,0.40214728629961377,1.7480252537012622,4,354,0,Random_Forest,Set_D_Full_Stage5,355
TRN-0055,Valid,0.05069332770992197,Valid,1,0.4,13.7835,22.704,46.1581,56.4581,8.6208,8.5332,11.4585,31.2953,18.0216,False,None,False,False,False,False,False,False,False,False,False,False,False,False,0,False,0.08759999999999835,-2.8377000000000017,-22.674500000000002,-2.9253,-22.7621,-19.8368,9.5375,8.6208,1.6642112816586725,14.97695,10.03965,10.963433069527083,22.7621,11.854,22.7621,312.940584,1281.8247024,607.0953985661564,8.520238138509729,0.10056186149027013,0.10056186149027013,8.549907994834545,-0.016707994834543882,0.016707994834543882,11.388158191627985,0.07034180837201554,0.07034180837201554,49.40172161529463,-18.106421615294632,18.106421615294632,18.106421615294632,4.573508319997865,18.106421615294632,0.17942020404131792,1.5198077580496976,4,355,0,Random_Forest,Set_D_Full_Stage5,356
TRN-0040,Invalid,0.8523037634408602,Invalid,5,0.4,30.7001,21.7619,23.3392,38.6122,16.4355,8.515,22.2017,59.9267,19.5066,False,None,False,False,False,False,False,False,False,False,False,False,False,False,0,False,7.9205000000000005,-5.766199999999998,-43.49119999999999,-13.686699999999998,-51.411699999999996,-37.724999999999994,15.7174,16.4355,6.871549310744993,26.769725,19.3186,22.805577057140354,51.411699999999996,26.66688333333333,51.411699999999996,668.09250619,840.2748351800001,1410.726356280308,16.37694120765692,0.05855879234308148,0.05855879234308148,13.451966940938481,-4.936966940938481,4.936966940938481,21.781616707946643,0.4200832920533557,0.4200832920533557,48.60570900176932,11.320990998230677,11.320990998230677,11.320990998230677,4.184150005891398,11.320990998230677,0.192895652877246,1.9205158362606127,3,356,1,Random_Forest,Set_D_Full_Stage5,357
TRN-0604,Invalid,0.928138888888889,Invalid,2,0.4,29.1572,28.9227,36.6761,40.8287,16.2795,7.4881,21.7575,56.1516,21.4041,False,None,False,False,False,False,False,False,False,False,False,False,False,False,0,False,8.7914,-5.4780000000000015,-39.8721,-14.269400000000001,-48.6635,-34.3941,15.175033333333332,16.2795,7.19852964523543,25.419175,19.0185,21.314681324910772,48.6635,25.24475,48.6635,843.30494844,1180.87624149,1008.1074698740194,16.06836535474939,0.21113464525060976,0.21113464525060976,13.975445796287726,-6.487345796287726,6.487345796287726,21.33186661603939,0.42563338396060857,0.42563338396060857,48.70402786546769,7.447572134532315,7.447572134532315,7.447572134532315,3.642921490007815,7.447572134532315,0.21538163032739904,1.914439821733073,3,357,1,Random_Forest,Set_D_Full_Stage5,358
TRN-0383,Valid,0.03341312488298072,Valid,4,0.4,19.269,79.1736,31.6065,46.7932,14.3271,14.7891,17.4732,,27.4728,True,Sensor_S4,False,False,False,False,False,False,False,False,False,False,False,False,1,True,-0.46199999999999974,-3.146099999999999,,-2.684099999999999,,,15.5298,14.7891,1.6988124293164322,15.5298,14.7891,1.6988124293164322,3.146099999999999,2.097399999999999,3.146099999999999,1525.5960983999998,3704.7860995199994,243.37654933253646,14.154037493791202,0.17306250620879737,0.17306250620879737,14.707394521882899,0.08170547811710094,0.08170547811710094,17.426836430798097,0.0463635692019011,0.0463635692019011,49.14680026162138,,,0.17306250620879737,0.10037718450926647,0.17306250620879737,0.908779293207509,0.20258457766064097,4,358,0,Random_Forest,Set_D_Full_Stage5,359
TRN-0631,Invalid,0.6579657287157287,Invalid,2,0.4,16.4187,61.9808,30.0559,32.3224,12.0878,12.3883,,29.1391,18.9129,True,Sensor_S3,False,False,False,False,False,False,False,False,False,False,False,False,1,True,-0.30049999999999955,,-17.051299999999998,,-16.750799999999998,,12.23805,12.23805,0.2124855877465572,17.871733333333335,12.3883,9.758982465571568,17.051299999999998,11.367533333333332,17.051299999999998,1017.6441609600001,2003.3682099200003,264.8997326753232,11.662260038296285,0.42553996170371455,0.42553996170371455,12.088102063601763,0.3001979363982361,0.3001979363982361,14.490119716806694,,,50.11086342138963,-20.971763421389632,20.971763421389632,20.971763421389632,7.2325004398305275,20.971763421389632,0.12146977790147385,0.9540927083591731,4,359,1,Random_Forest,Set_D_Full_Stage5,360
TRN-0596,Valid,0.031375,Valid,3,0.4,14.7864,22.9753,32.572,55.831,8.9076,8.5735,11.5828,,16.1452,True,Sensor_S4,False,False,False,False,False,False,False,False,False,False,False,False,1,True,0.3341000000000012,-2.6752000000000002,,-3.0093000000000014,,,9.687966666666666,8.9076,1.649454674531354,9.687966666666666,8.9076,1.649454674531354,3.0093000000000014,2.006200000000001,3.0093000000000014,339.72197592000003,1282.7339743,643.5778233242554,9.015135903536146,-0.10753590353614584,0.10753590353614584,8.497910311228706,0.07558968877129324,0.07558968877129324,11.926508473167512,-0.34370847316751174,0.34370847316751174,50.20799320279004,,,0.34370847316751174,0.17561135515831694,0.34370847316751174,0.85062124962661,0.3106221354097675,4,360,0,Random_Forest,Set_D_Full_Stage5,361
TRN-0954,Valid,0.041873817289352536,Valid,1,0.4,9.0295,82.9809,39.0311,45.0216,9.3595,11.461,11.1991,41.8283,28.6045,False,None,False,False,False,False,False,False,False,False,False,False,False,False,0,False,-2.1014999999999997,-1.839599999999999,-32.4688,0.2619000000000007,-30.3673,-30.629199999999997,10.673200000000001,11.1991,1.1452090071249,18.461975000000002,11.33005,15.605588735529974,32.4688,16.27805,32.4688,749.2760365500001,3735.9328874400003,108.81418388880044,9.423585045539527,-0.06408504553952632,0.06408504553952632,11.70473290945638,-0.24373290945638004,0.24373290945638004,11.016045693601473,0.18305430639852638,0.18305430639852638,50.256829137918764,-8.428529137918765,8.428529137918765,8.428529137918765,2.2298503498282995,8.428529137918765,0.30961186794712037,1.7586841284943087,4,361,0,Random_Forest,Set_D_Full_Stage5,362
TRN-0069,Invalid,0.4575622300249998,Invalid,3,0.4,10.6599,55.4415,45.4533,57.3204,8.7772,10.33,10.7495,50.0292,18.0376,False,None,False,False,False,False,True,False,False,False,False,False,False,False,0,False,-1.5527999999999995,-1.9722999999999988,-41.252,-0.4194999999999993,-39.699200000000005,-39.279700000000005,9.952233333333332,10.33,1.0390007523256817,19.971474999999998,10.53975,20.05643278375212,41.252,20.69591666666667,41.252,591.00084585,3177.9289565999998,192.27290165798152,8.858077675425971,-0.08087767542597035,0.08087767542597035,10.250765954683962,0.0792340453160385,0.0792340453160385,11.01946148705626,-0.26996148705626055,0.26996148705626055,50.67660120538384,-0.6474012053838365,0.6474012053838365,0.6474012053838365,0.2693686032955265,0.6474012053838365,0.7877932362623485,2.06554495071348,4,362,1,Random_Forest,Set_D_Full_Stage5,363
TRN-0195,Valid,0.04023215506880416,Valid,1,0.4,14.6346,44.3665,26.2526,39.6835,10.1485,10.0617,12.6422,48.8083,15.6746,False,None,False,False,False,False,False,False,False,False,False,False,False,False,0,False,0.08680000000000021,-2.4937000000000005,-38.659800000000004,-2.5805000000000007,-38.7466,-36.1661,10.950800000000001,10.1485,1.4654381699682866,20.415175,11.39535,18.966529710233413,38.7466,19.78891666666667,38.7466,649.2859809,1760.6180027500002,329.85691234221486,9.903852351266979,0.24464764873302158,0.24464764873302158,9.910799639127037,0.15090036087296355,0.15090036087296355,12.518226109245447,0.123973890754554,0.123973890754554,49.69540410873273,-0.8871041087327285,0.8871041087327285,0.8871041087327285,0.3516565022733169,0.8871041087327285,0.7398329370798907,1.897930388580853,4,363,0,Random_Forest,Set_D_Full_Stage5,364
TRN-0104,Valid,0.0022372595519403364,Valid,2,0.4,19.0061,71.4244,23.5275,37.0969,13.4861,13.6011,16.8051,48.3686,21.7428,False,None,False,False,False,False,False,False,False,False,False,False,False,False,0,False,-0.11500000000000021,-3.318999999999999,-34.8825,-3.203999999999999,-34.7675,-31.5635,14.630766666666668,13.6011,1.8839056062694146,23.065225,15.2031,16.93890245546722,34.8825,17.97525,34.8825,1357.4992888400002,2649.62382436,266.10090303861097,13.475872798114061,0.010227201885939508,0.010227201885939508,13.620391658528815,-0.019291658528814537,0.019291658528814537,16.63608522917334,0.16901477082666005,0.16901477082666005,49.73110761906711,-1.3625076190671095,1.3625076190671095,1.3625076190671095,0.3902603125771309,1.3625076190671095,0.7192897552734538,1.512340975498407,4,364,0,Random_Forest,Set_D_Full_Stage5,365
TRN-0751,Valid,0.08049503706404931,Valid,2,0.4,11.0406,64.0415,40.4972,35.006,9.1935,10.7225,11.2221,46.527,22.9613,False,None,False,False,False,False,False,False,False,False,False,False,False,False,0,False,-1.529,-2.028599999999999,-37.3335,-0.49959999999999916,-35.804500000000004,-35.3049,10.379366666666668,10.7225,1.0569341764430424,19.416275,10.9723,18.0944076665278,37.3335,18.750016666666667,37.3335,707.0565849,2241.836749,172.3975590207039,9.233349981767372,-0.039849981767371645,0.039849981767371645,10.75227627638577,-0.029776276385769407,0.029776276385769407,11.263701000765893,-0.041601000765894014,0.041601000765894014,50.76541138659829,-4.238411386598287,4.238411386598287,4.238411386598287,1.0874096613793305,4.238411386598287,0.4790626480760917,1.922793160483584,4,365,0,Random_Forest,Set_D_Full_Stage5,366
TRN-0537,Valid,0.04989372906936291,Valid,2,0.4,18.6335,82.6128,23.4196,29.3012,13.8318,14.213,16.8344,51.8193,26.1312,False,None,False,False,False,False,False,False,False,False,False,False,False,False,0,False,-0.38119999999999976,-3.0025999999999993,-37.9875,-2.6213999999999995,-37.6063,-34.984899999999996,14.959733333333332,14.213,1.6346588920424139,24.174625,15.523699999999998,18.478049685392484,37.9875,19.430649999999996,37.9875,1539.3656088,2420.65417536,225.55218736658395,13.823662650595011,0.008137349404988115,0.008137349404988115,14.372433904151906,-0.15943390415190706,0.15943390415190706,16.82306247356752,0.011337526432477318,0.011337526432477318,49.756389171824885,2.062910828175113,2.062910828175113,2.062910828175113,0.5604549020411214,2.062910828175113,0.6408387699586642,1.5713784303258354,4,366,0,Random_Forest,Set_D_Full_Stage5,367
TRN-0348,Valid,0.1600131954626063,Valid,3,0.4,18.6216,39.1216,29.5936,25.5068,10.9669,10.4217,13.9351,53.0223,17.3091,False,None,False,False,False,False,False,False,False,False,False,False,False,False,0,False,0.5452000000000012,-2.9681999999999995,-42.0554,-3.5134000000000007,-42.6006,-39.0872,11.774566666666667,10.9669,1.8908302338743512,22.0865,12.451,20.681570755949206,42.6006,21.795,42.6006,728.50678656,997.86682688,475.9926802603472,11.373769411703732,-0.40686941170373103,0.40686941170373103,10.832875654976881,-0.4111756549768817,0.4111756549768817,14.672749052717299,-0.7376490527172983,0.7376490527172983,49.98784071150535,3.034459288494652,3.034459288494652,3.034459288494652,1.1475383519731408,3.034459288494652,0.4656494255765948,1.928806316615889,4,367,0,Random_Forest,Set_D_Full_Stage5,368
TRN-0730,Valid,0.12275429485980807,Valid,5,0.4,15.3273,38.6999,49.7777,59.2633,10.4496,10.8623,13.4307,39.9543,22.7637,False,None,False,False,False,False,False,False,False,False,False,False,False,False,0,False,-0.4126999999999992,-2.9810999999999996,-29.504700000000003,-2.5684000000000005,-29.092000000000006,-26.523600000000002,11.580866666666667,10.8623,1.6152377049008402,18.674225,12.1465,14.247886100839665,29.504700000000003,15.180416666666666,29.504700000000003,593.16497727,2293.48378367,396.0551846244603,10.212179775510492,0.23742022448950806,0.23742022448950806,10.607281451258505,0.25501854874149466,0.25501854874149466,13.312226000027676,0.11847399997232344,0.11847399997232344,50.10178911656876,-10.147489116568757,10.147489116568757,10.147489116568757,2.6896004724430207,10.147489116568757,0.27103205549457854,1.5799683360523205,4,368,0,Random_Forest,Set_D_Full_Stage5,369
TRN-0961,Valid,0.06897372988588077,Valid,2,0.4,25.6003,45.6984,36.3889,34.2858,15.3215,14.1184,19.8526,55.4214,20.6785,False,None,False,False,False,False,False,False,False,False,False,False,False,False,0,False,1.203100000000001,-4.531099999999999,-40.0999,-5.7341999999999995,-41.303,-35.568799999999996,16.430833333333336,15.3215,3.0237770657463043,26.178475,17.587049999999998,19.650993802074403,41.303,21.40668333333333,41.303,1169.89274952,1566.80620272,560.2011098416772,15.207976619504965,0.1135233804950353,0.1135233804950353,14.103496160000814,0.014903839999185209,0.014903839999185209,19.74639356233289,0.10620643766710813,0.10620643766710813,49.084412905319624,6.336987094680374,6.336987094680374,6.336987094680374,1.6429051882104257,6.336987094680374,0.3783714998407203,1.5777460001982544,3,369,0,Random_Forest,Set_D_Full_Stage5,370
TRN-0818,Valid,0.15009088824781927,Valid,3,0.4,31.0474,62.9038,35.1896,55.5623,19.3378,17.6333,25.0756,55.3385,28.5424,False,None,False,False,False,False,False,False,False,False,False,False,False,False,0,False,1.704500000000003,-5.7378,-36.0007,-7.442300000000003,-37.705200000000005,-30.262900000000002,20.682233333333333,19.3378,3.8990489947336315,29.3463,22.2067,17.61815144086727,37.705200000000005,19.808900000000005,37.705200000000005,1952.99944012,3495.0798067399996,493.569467413818,19.024096198742676,0.31370380125732567,0.31370380125732567,17.58898880724299,0.044311192757007234,0.044311192757007234,24.456654681749303,0.6189453182506988,0.6189453182506988,48.32747209571261,7.0110279042873955,7.0110279042873955,7.0110279042873955,1.9969970541381068,7.0110279042873955,0.33366732830759677,1.284836151461632,3,370,0,Random_Forest,Set_D_Full_Stage5,371
TRN-0794,Valid,0.2348856532452336,Valid,4,0.4,14.4618,61.9058,19.4627,33.2112,11.0829,11.4122,13.8348,34.7131,16.3831,False,None,False,False,False,False,False,False,False,False,False,False,False,False,0,False,-0.3292999999999999,-2.751899999999999,-23.630199999999995,-2.422599999999999,-23.3009,-20.878299999999996,12.109966666666667,11.4122,1.5027964410835328,17.76075,12.6235,11.36798166855782,23.630199999999995,12.218866666666665,23.630199999999995,895.2692984400001,2055.96590496,233.60973711514316,10.716301665467528,0.3665983345324726,0.3665983345324726,11.081212422359549,0.3309875776404514,0.3309875776404514,13.09441992730726,0.740380072692739,0.740380072692739,49.74247699960868,-15.02937699960868,15.02937699960868,15.02937699960868,4.116835746118586,15.02937699960868,0.19543328135138158,1.3304723446519178,4,371,0,Random_Forest,Set_D_Full_Stage5,372
TRN-0488,Valid,0.0997347466824462,Valid,2,0.4,9.8739,48.5443,43.9823,34.3589,7.7772,9.2292,9.8748,83.8846,16.7146,False,None,False,False,False,False,False,False,False,False,False,False,False,False,0,False,-1.4520000000000008,-2.097600000000001,-76.10740000000001,-0.6456,-74.6554,-74.00980000000001,8.9604,9.2292,1.0743237500865375,27.691450000000003,9.552,37.47236827436985,76.10740000000001,38.161300000000004,76.10740000000001,479.32156377,1667.92874927,203.39973933093293,7.813121470860893,-0.03592147086089348,0.03592147086089348,9.136683023112193,0.0925169768878078,0.0925169768878078,9.77077026160282,0.10402973839718044,0.10402973839718044,50.97771390041154,32.90688609958847,32.90688609958847,32.90688609958847,8.284838571433587,32.90688609958847,0.1077024648631666,2.7484069095670653,4,372,0,Random_Forest,Set_D_Full_Stage5,373
TRN-0577,Valid,0.001987674584072504,Valid,3,0.4,26.2007,23.6865,40.4527,22.249,14.2341,12.3775,18.9363,43.5085,19.5382,False,None,False,False,False,False,False,False,False,False,False,False,False,False,0,False,1.8566000000000003,-4.7021999999999995,-29.2744,-6.5588,-31.131,-24.5722,15.182633333333333,14.2341,3.3807175234457745,22.2641,16.5852,14.429420683219867,31.131,16.3492,31.131,620.60288055,527.0009385,1106.144383448638,14.14104596990733,0.0930540300926701,0.0930540300926701,12.468546429305029,-0.09104642930502926,0.09104642930502926,18.909502300842583,0.026797699157416588,0.026797699157416588,50.95850907512539,-7.450009075125394,7.450009075125394,7.450009075125394,1.9152268084201274,7.450009075125394,0.343026483260813,1.3982593510362642,3,373,0,Random_Forest,Set_D_Full_Stage5,374
TRN-0388,Valid,0.08760100432704171,Valid,4,0.4,15.6353,93.2888,38.4491,16.0241,12.4655,14.2449,15.0064,52.6342,35.8424,False,None,False,False,False,False,False,False,False,False,False,False,False,False,0,False,-1.779399999999999,-2.540899999999999,-40.1687,-0.7614999999999998,-38.3893,-37.6278,13.9056,14.2449,1.3039887154419698,23.58775,14.62565,19.39354803888826,40.1687,20.211266666666663,40.1687,1458.59837464,1494.86906008,167.60102310234208,12.836874148824405,-0.37137414882440467,0.37137414882440467,14.605344526642797,-0.360444526642798,0.360444526642798,15.3567623853723,-0.3503623853722999,0.3503623853722999,51.11865912212853,1.515540877871473,1.515540877871473,1.515540877871473,0.6494304846777439,1.515540877871473,0.6062698666536251,1.7029467825685864,2,374,0,Random_Forest,Set_D_Full_Stage5,375
TRN-0490,Invalid,0.7968333333333333,Invalid,3,0.4,22.4352,87.399,34.984,8.6671,21.8695,16.3441,19.4985,66.3187,33.2397,False,None,False,False,False,False,False,False,False,False,False,False,False,False,0,False,5.525399999999998,2.3709999999999987,-44.449200000000005,-3.154399999999999,-49.97460000000001,-46.82020000000001,19.237366666666667,19.4985,2.7719405212474038,31.0077,20.683999999999997,23.649216124007157,49.97460000000001,25.38246666666667,49.97460000000001,1960.8140448,757.4958729,256.698559857829,15.667146766542261,6.202353233457737,6.202353233457737,16.271030229634192,0.07306977036580875,0.07306977036580875,19.300277012247484,0.19822298775251568,0.19822298775251568,49.304594046321576,17.01410595367843,17.01410595367843,17.01410595367843,5.871937986313624,17.01410595367843,0.14551935742022595,1.611683029801298,2,375,1,Random_Forest,Set_D_Full_Stage5,376
TRN-0774,Valid,0.06312466204665965,Valid,3,0.4,13.1669,55.9826,37.9946,32.6052,9.6036,10.6482,12.0089,51.8564,17.6295,False,None,False,False,False,False,False,False,False,False,False,False,False,False,0,False,-1.044599999999999,-2.4053000000000004,-42.2528,-1.3607000000000014,-41.208200000000005,-39.8475,10.753566666666666,10.6482,1.206106804281169,21.029275,11.32855,20.574997515329944,42.2528,21.353183333333334,42.2528,737.11729594,1825.32386952,235.19625112155362,9.780939269180388,-0.17733926918038811,0.17733926918038811,10.707948731278536,-0.05974873127853719,0.05974873127853719,12.177814924338442,-0.16891492433844135,0.16891492433844135,50.439551571455006,1.416848428544995,1.416848428544995,1.416848428544995,0.4557128383355904,1.416848428544995,0.6869486712388715,2.009236167563472,4,376,0,Random_Forest,Set_D_Full_Stage5,377
TRN-0590,Valid,0.0698552737111966,Valid,5,0.4,19.0194,19.1802,35.4244,47.6908,10.8729,9.8968,14.7725,63.4353,17.0471,False,None,False,False,False,False,False,False,False,False,False,False,False,False,0,False,0.9760999999999989,-3.8996000000000013,-52.5624,-4.8757,-53.5385,-48.6628,11.8474,10.8729,2.5797965636848192,24.744374999999998,12.822700000000001,25.879813693478678,53.5385,27.419183333333333,53.5385,364.79589588,914.71908216,991.6158373657015,10.74741623446127,0.1254837655387302,0.1254837655387302,9.664524719637969,0.23227528036203182,0.23227528036203182,14.37609930147897,0.3964006985210311,0.3964006985210311,49.85776599572185,13.57753400427815,13.57753400427815,13.57753400427815,3.5829234371749856,13.57753400427815,0.21820133233917213,2.163662584461081,4,377,0,Random_Forest,Set_D_Full_Stage5,378
TRN-0968,Invalid,0.9528171390013496,Invalid,5,0.4,16.2319,44.2376,28.252,32.7977,10.808,1.0,13.7394,58.1263,17.1679,False,None,False,False,False,False,False,False,False,False,False,False,False,False,0,False,9.808,-2.9314,-47.3183,-12.7394,-57.1263,-44.3869,8.5158,10.808,6.671859839654907,20.918425,12.2737,25.396382354760032,57.1263,29.051716666666668,57.1263,718.06029944,1450.89153352,366.92533796468655,10.599248510947772,0.2087514890522275,0.2087514890522275,10.466938626436967,-9.466938626436967,9.466938626436967,13.47556028558364,0.2638397144163598,0.2638397144163598,49.74909913128408,8.377200868715917,8.377200868715917,9.466938626436967,4.579182674655367,9.466938626436967,0.17923772321396003,2.730906972725254,4,378,1,Random_Forest,Set_D_Full_Stage5,379
TRN-0601,Valid,0.05987637837446827,Valid,3,0.4,15.4779,79.9642,26.6642,23.6025,12.3091,13.4402,14.9589,32.7272,25.3258,False,None,False,False,False,False,False,False,False,False,False,False,False,False,0,False,-1.1311,-2.649799999999999,-20.418100000000003,-1.518699999999999,-19.287000000000003,-17.768300000000004,13.569400000000002,13.4402,1.329616294274404,18.358850000000004,14.19955,9.640223624826692,20.418100000000003,10.462166666666667,20.418100000000003,1237.6778911800002,1887.3550305,193.56034405892333,12.084907234371235,0.2241927656287661,0.2241927656287661,13.095794193552154,0.34440580644784724,0.34440580644784724,14.568170244842925,0.390729755157075,0.390729755157075,48.861965580682444,-16.13476558068244,16.13476558068244,16.13476558068244,4.273523476979032,16.13476558068244,0.18962653799976173,1.1121660059502605,4,379,0,Random_Forest,Set_D_Full_Stage5,380
TRN-0694,Valid,0.023731794841761165,Valid,4,0.4,12.362,80.5709,36.3399,24.5401,10.7301,12.2892,12.8727,46.5269,26.5544,False,None,False,False,False,False,False,False,False,False,False,False,False,False,0,False,-1.559099999999999,-2.1426,-35.7968,-0.5835000000000008,-34.2377,-33.654199999999996,11.964,12.2892,1.1077003069422702,20.604725000000002,12.58095,17.305100811104797,35.7968,17.995649999999998,35.7968,996.0174658,1977.2179430899998,153.4300655162018,10.657890495553042,0.07220950444695795,0.07220950444695795,12.403266780085985,-0.11406678008598625,0.11406678008598625,12.712960603896532,0.15973939610346832,0.15973939610346832,51.03347245929036,-4.506572459290361,4.506572459290361,4.506572459290361,1.2131470349816933,4.506572459290361,0.4518452611569352,1.7373094097060697,4,380,0,Random_Forest,Set_D_Full_Stage5,381
TRN-0996,Valid,0.012962411542063483,Valid,2,0.4,25.2864,105.1935,21.2535,30.031,18.4286,18.6152,22.6584,44.7668,44.5171,False,None,False,False,False,False,False,False,False,False,False,False,False,False,0,False,-0.1866000000000021,-4.229800000000001,-26.338200000000004,-4.043199999999999,-26.151600000000002,-22.108400000000003,19.900733333333335,18.6152,2.3900311657661146,26.117250000000002,20.6368,12.585248660634402,26.338200000000004,13.842966666666669,26.338200000000004,2659.9649184,3159.0659984999998,240.37984852867825,18.27536676407548,0.15323323592452098,0.15323323592452098,18.532933814086036,0.08226618591396573,0.08226618591396573,22.2419156572128,0.41648434278720003,0.41648434278720003,48.86134784821825,-4.094547848218248,4.094547848218248,4.094547848218248,1.1866329032109837,4.094547848218248,0.4573241345319279,1.0084595397832699,1,381,0,Random_Forest,Set_D_Full_Stage5,382
TRN-0550,Valid,0.281810761738355,Valid,4,0.4,28.8379,92.9334,31.6963,6.1701,19.1578,19.1947,24.0263,68.1967,38.0388,False,None,False,False,False,False,False,False,False,False,False,False,False,False,0,False,-0.03689999999999927,-4.868499999999997,-49.038900000000005,-4.831599999999998,-49.00200000000001,-44.17040000000001,20.792933333333334,19.1947,2.8002384547272623,32.643875,21.610500000000002,23.811905225800395,49.038900000000005,25.32471666666667,49.038900000000005,2680.0040958600002,573.40837134,310.3071328169277,19.039012891906943,0.11878710809305915,0.11878710809305915,18.831207560083374,0.3634924399166266,0.3634924399166266,23.67904344460484,0.347256555395159,0.347256555395159,50.043770514454046,18.15292948554596,18.15292948554596,18.15292948554596,4.7456163972377015,18.15292948554596,0.174045729972639,1.5022384743727653,1,382,0,Random_Forest,Set_D_Full_Stage5,383
TRN-0362,Valid,0.04753457612125195,Valid,4,0.4,26.0027,31.8043,38.6549,39.2623,14.4526,12.9979,18.9192,41.6736,20.6107,False,None,False,False,False,False,False,False,False,False,False,False,False,False,0,False,1.4547000000000008,-4.4666,-27.221,-5.9213000000000005,-28.6757,-22.7544,15.456566666666665,14.4526,3.0856782436497383,22.010824999999997,16.6859,13.348438710794358,28.6757,15.082283333333335,28.6757,826.9976716100001,1248.7099678900001,817.5841576188888,14.69377169812697,-0.24117169812696915,0.24117169812696915,13.1759150094254,-0.17801500942540116,0.17801500942540116,19.425530402663792,-0.5063304026637923,0.5063304026637923,49.746890949745726,-8.073290949745726,8.073290949745726,8.073290949745726,2.249702014990472,8.073290949745726,0.3077205218777365,1.30279928044529,3,383,0,Random_Forest,Set_D_Full_Stage5,384
TRN-0403,Valid,0.01068827299233506,Valid,1,0.4,14.602,90.8334,34.272,23.6169,12.1854,13.8431,14.3235,48.328,32.9934,False,None,False,False,False,False,False,False,False,False,False,False,False,False,0,False,-1.6577000000000002,-2.1380999999999997,-36.1426,-0.4803999999999995,-34.4849,-34.00450000000001,13.450666666666669,13.8431,1.121771297249726,22.17,14.0833,17.462703370517026,36.1426,18.15136666666667,36.1426,1326.3493068,2145.20332446,160.7558276189345,12.279935806290267,-0.09453580629026703,0.09453580629026703,13.965901552217392,-0.12280155221739264,0.12280155221739264,14.630024815572838,-0.30652481557283906,0.30652481557283906,50.17843644931691,-1.8504364493169092,1.8504364493169092,1.8504364493169092,0.593574655849352,1.8504364493169092,0.6275200200564276,1.6302473476556845,2,384,0,Random_Forest,Set_D_Full_Stage5,385
TRN-0895,Valid,0.10569269798668753,Valid,2,0.4,13.303,23.5239,36.4808,54.2996,8.24,8.2477,11.1047,60.4973,15.8924,False,None,False,False,False,False,False,False,False,False,False,False,False,False,0,False,-0.007699999999999818,-2.864699999999999,-52.2573,-2.8569999999999993,-52.2496,-49.3926,9.197466666666665,8.2477,1.6517170046146923,22.022425,9.6762,25.685346102057885,52.2573,26.604816666666665,52.2573,312.93844170000006,1277.33836044,565.5097303126903,8.30381647079086,-0.06381647079085973,0.06381647079085973,8.13067998983341,0.11702001016658947,0.11702001016658947,10.988086585947672,0.11661341405232761,0.11661341405232761,50.58209530731551,9.91520469268449,9.91520469268449,9.91520469268449,2.553163646923567,9.91520469268449,0.2814393310777648,2.372911987252999,4,385,0,Random_Forest,Set_D_Full_Stage5,386
TRN-0710,Valid,0.14149979871404694,Valid,5,0.4,14.9713,90.0616,47.0818,58.286,13.306,15.1173,16.1489,49.4095,38.455,False,None,False,False,False,False,False,False,False,False,False,False,False,False,0,False,-1.811300000000001,-2.842900000000002,-36.103500000000004,-1.031600000000001,-34.2922,-33.2606,14.857399999999998,15.1173,1.4391598625587092,23.495424999999997,15.6331,17.315966360823374,36.103500000000004,18.223683333333334,36.103500000000004,1348.3392320799999,5249.3304176,166.23398138230039,12.858291354573634,0.44770864542636524,0.44770864542636524,14.74348605903395,0.37381394096605014,0.37381394096605014,15.56864578280754,0.5802542171924614,0.5802542171924614,49.2776772406199,0.1318227593800998,0.1318227593800998,0.5802542171924614,0.38339989074124414,0.5802542171924614,0.7228567868862463,1.5366176450872269,2,386,0,Random_Forest,Set_D_Full_Stage5,387
TRN-0081,Invalid,0.5538649167003662,Invalid,5,0.4,15.3642,103.1518,32.9891,37.3924,13.7518,15.742,16.2821,60.6418,22.2325,False,None,False,False,False,False,True,False,False,False,False,False,False,False,0,False,-1.9902000000000015,-2.5303000000000004,-46.89,-0.5400999999999989,-44.8998,-44.359700000000004,15.258633333333334,15.742,1.3326053516826857,26.604425,16.012050000000002,22.717654930086866,46.89,23.535016666666667,46.89,1584.84488556,3857.09336632,148.947459089666,13.495456692971434,0.25634330702856545,0.25634330702856545,15.355122016770757,0.38687798322924394,0.38687798322924394,15.956218898753477,0.32588110124652303,0.32588110124652303,48.97650168634192,11.665298313658084,11.665298313658084,11.665298313658084,3.158600176290604,11.665298313658084,0.240465531094163,1.76248809643956,2,387,1,Random_Forest,Set_D_Full_Stage5,388
TRN-0505,Valid,0.00979154855559736,Valid,5,0.4,27.9057,79.2635,35.0412,51.9587,18.3341,18.1298,22.974,50.8913,31.4153,False,None,False,False,False,False,False,False,False,False,False,False,False,False,0,False,0.20429999999999993,-4.639900000000001,-32.5572,-4.844200000000001,-32.7615,-27.9173,19.812633333333334,18.3341,2.7397288229555374,27.5823,20.654049999999998,15.699520899059308,32.7615,17.15406666666667,32.7615,2211.9034519499996,4118.42841745,352.06238028066133,18.38538738187487,-0.051287381874871585,0.051287381874871585,17.854471654380852,0.27532834561914754,0.27532834561914754,23.17139815192342,-0.19739815192341936,0.19739815192341936,48.07973785482872,2.81156214517128,2.81156214517128,2.81156214517128,0.8338940061471796,2.81156214517128,0.5452877847073048,1.1877721626651285,3,388,0,Random_Forest,Set_D_Full_Stage5,389
TRN-0671,Valid,0.0257862160566706,Valid,1,0.4,22.0527,73.0502,31.3211,59.7622,15.2807,15.2178,18.7654,,26.3962,True,Sensor_S4,False,False,False,False,False,False,False,False,False,False,False,False,1,True,0.06289999999999907,-3.4847,,-3.547599999999999,,,16.4213,15.2807,2.0302937496825426,16.4213,15.2807,2.0302937496825426,3.547599999999999,2.365066666666666,3.547599999999999,1610.9541455400001,4365.640662440001,301.8841424275166,15.304396557805587,-0.02369655780558766,0.02369655780558766,15.249158935683688,-0.03135893568368786,0.03135893568368786,19.139340285793864,-0.3739402857938643,0.3739402857938643,48.636741318128074,,,0.3739402857938643,0.14299859309437993,0.3739402857938643,0.8748917155643671,0.21603635763529216,4,389,0,Random_Forest,Set_D_Full_Stage5,390
TRN-0923,Valid,0.014140746083250071,Valid,1,0.4,20.3823,81.3954,43.0469,42.3267,14.7449,15.4901,17.9001,68.6376,31.9883,False,None,False,False,False,False,False,False,False,False,False,False,False,False,0,False,-0.7452000000000005,-3.155199999999999,-53.892700000000005,-2.4099999999999984,-53.14750000000001,-50.73750000000001,16.045033333333333,15.4901,1.6491770715521517,29.193175,16.6951,26.330736927701693,53.892700000000005,27.34801666666667,53.892700000000005,1659.02546142,3445.19867718,250.4109261197898,14.771705364585124,-0.02680536458512428,0.02680536458512428,15.602624012323819,-0.11252401232381892,0.11252401232381892,18.32026729895573,-0.42016729895573235,0.42016729895573235,49.21120720832323,19.426392791676776,19.426392791676776,19.426392791676776,4.996472366885363,19.426392791676776,0.16676471412131455,1.8460712662904033,4,390,0,Random_Forest,Set_D_Full_Stage5,391
TRN-0456,Valid,0.013295015475971733,Valid,5,0.4,16.2823,42.0499,42.1286,55.2509,10.933,11.001,14.1658,34.9553,18.4806,False,None,False,False,False,False,False,False,False,False,False,False,False,False,0,False,-0.06799999999999962,-3.232800000000001,-24.0223,-3.1648000000000014,-23.954300000000003,-20.7895,12.033266666666668,11.001,1.847140983610438,17.763775000000003,12.583400000000001,11.559823653895705,24.0223,12.538616666666668,24.0223,684.66908677,2323.29481991,387.213670611899,10.794973822870263,0.13802617712973664,0.13802617712973664,10.939136324320643,0.06186367567935669,0.06186367567935669,13.936468039303954,0.22933196069604733,0.22933196069604733,49.81171694041183,-14.856416940411826,14.856416940411826,14.856416940411826,3.8214096884792417,14.856416940411826,0.20740821971414294,1.3523187766571143,4,391,0,Random_Forest,Set_D_Full_Stage5,392
TRN-0864,Valid,0.08893891127450497,Valid,3,0.4,17.7488,98.5119,38.5198,30.0701,14.3138,15.8699,17.2717,65.6793,41.152,False,None,False,False,False,False,False,False,False,False,False,False,False,False,0,False,-1.556099999999999,-2.9578999999999986,-51.3655,-1.4017999999999997,-49.8094,-48.4076,15.818466666666666,15.8699,1.4796206079037055,28.283675,16.5708,24.959671337362728,51.3655,25.916383333333332,51.3655,1748.46801072,2962.26268419,180.16907803330582,14.293046031597601,0.02075396840239918,0.02075396840239918,15.89221841837343,-0.022318418373430404,0.022318418373430404,17.197925056527797,0.07377494347220193,0.07377494347220193,49.097066999413954,16.582233000586044,16.582233000586044,16.582233000586044,4.174770082708519,16.582233000586044,0.19324530056736192,1.8160823103495884,2,392,0,Random_Forest,Set_D_Full_Stage5,393
TRN-0728,Valid,0.2895335678063799,Valid,1,0.4,12.9937,91.5476,34.1973,59.2556,11.6285,13.3281,13.6989,39.3368,33.532,False,None,False,False,False,False,False,False,False,False,False,False,False,False,0,False,-1.6995999999999984,-2.0703999999999994,-27.708299999999994,-0.3708000000000009,-26.008699999999997,-25.637899999999995,12.885166666666668,13.3281,1.1039843718700606,19.498075,13.5135,13.256498311991493,27.708299999999994,13.915949999999997,27.708299999999994,1189.54205012,5424.70796656,141.933798162508,11.96696470660689,-0.33846470660688865,0.33846470660688865,13.773679603876506,-0.4455796038765065,0.4455796038765065,14.19016119873481,-0.49126119873480967,0.49126119873480967,49.5850641872737,-10.248264187273705,10.248264187273705,10.248264187273705,2.8808924241229774,10.248264187273705,0.25767269244160634,1.4210780186874759,2,393,0,Random_Forest,Set_D_Full_Stage5,394
TRN-0795,Valid,0.16522972197906832,Valid,1,0.4,19.6172,75.9294,47.4861,24.8512,14.0893,15.1071,17.4548,11.4004,32.7368,False,None,False,False,False,False,False,False,False,False,False,False,False,False,0,False,-1.0178000000000011,-3.365499999999999,2.6889000000000003,-2.347699999999998,3.7067000000000014,6.054399999999999,15.550400000000002,15.1071,1.7259877548812441,14.5129,14.5982,2.5083156672689078,6.054399999999999,3.1968333333333327,6.054399999999999,1489.52222568,1886.9367052799998,258.36102242859516,13.90030541127191,0.1889945887280895,0.1889945887280895,14.863929385791028,0.24317061420897268,0.24317061420897268,17.322813681040213,0.13198631895978608,0.13198631895978608,49.647556625751925,-38.24715662575193,38.24715662575193,38.24715662575193,9.702827036912193,38.24715662575193,0.09343325801222177,0.41717339940783754,4,394,0,Random_Forest,Set_D_Full_Stage5,395
TRN-0339,Valid,0.029550086586387737,Valid,4,0.4,19.8769,88.9244,43.516,5.905,14.5352,15.9001,18.022,47.0218,35.8431,False,None,False,False,False,False,False,False,False,False,False,False,False,False,0,False,-1.3649000000000004,-3.486799999999999,-32.486599999999996,-2.1218999999999983,-31.121699999999997,-28.9998,16.15243333333333,15.9001,1.7570422998133344,23.869774999999997,16.96105,15.501212254610927,32.486599999999996,16.596949999999996,32.486599999999996,1767.54140636,525.0985820000001,223.52580129572965,14.522326919559644,0.012873080440355622,0.012873080440355622,15.774133781397286,0.12596621860271462,0.12596621860271462,17.7955539774328,0.22644602256719892,0.22644602256719892,51.5210040556392,-4.499204055639204,4.499204055639204,4.499204055639204,1.2161223443123683,4.499204055639204,0.4512386252349646,1.360992568638553,2,395,0,Random_Forest,Set_D_Full_Stage5,396
TRN-0755,Invalid,0.9324451754385964,Invalid,1,0.4,10.3894,48.2646,38.2092,52.4993,8.0078,9.087,1.0,55.6166,16.6688,False,None,False,False,False,False,False,False,False,False,False,False,False,False,0,False,-1.0792000000000002,7.0078,-47.6088,8.087,-46.5296,-54.6166,6.0316,8.0078,4.3907763641524715,18.42785,8.5474,25.05036262485369,54.6166,27.488166666666668,54.6166,501.44023524000005,2533.85771478,215.25917230036663,8.244252620263085,-0.23645262026308522,0.23645262026308522,9.26227942039214,-0.1752794203921404,0.1752794203921404,10.292724141645786,-9.292724141645786,9.292724141645786,49.87077511041411,5.74582488958589,5.74582488958589,9.292724141645786,3.8625702679717255,9.292724141645786,0.20565255510788122,2.963805889560698,4,396,1,Random_Forest,Set_D_Full_Stage5,397
TRN-0926,Valid,0.07743214204663192,Valid,1,0.4,27.2448,94.7248,46.3557,8.5644,18.461,18.9053,23.0699,55.0239,44.069,False,None,False,False,False,False,False,False,False,False,False,False,False,False,0,False,-0.4443000000000019,-4.608900000000002,-36.5629,-4.1646,-36.1186,-31.953999999999997,20.1454,18.9053,2.5424153496232678,28.865025,20.9876,17.562365760412234,36.5629,18.975550000000002,36.5629,2580.7582310400003,811.26107712,287.6205294051263,18.416289024462664,0.04471097553733472,0.04471097553733472,18.92545897938605,-0.020158979386049936,0.020158979386049936,22.93753088377506,0.13236911622493963,0.13236911622493963,49.29744740682874,5.72645259317126,5.72645259317126,5.72645259317126,1.480922916079896,5.72645259317126,0.403075804378517,1.2666847623777349,1,397,0,Random_Forest,Set_D_Full_Stage5,398
TRN-0340,Valid,0.03574292493578269,Valid,4,0.4,15.9289,42.4987,37.1452,21.9601,10.0484,10.4299,13.1923,47.0975,17.1411,False,None,False,False,False,False,False,False,False,False,False,False,False,False,0,False,-0.38149999999999906,-3.1438999999999986,-37.049099999999996,-2.7623999999999995,-36.66759999999999,-33.905199999999994,11.223533333333334,10.4299,1.715639007289509,20.192025,11.8111,17.991599407385472,37.049099999999996,18.984949999999994,37.049099999999996,676.95754243,933.27570187,374.8090236150697,10.239487269080566,-0.1910872690805654,0.1910872690805654,10.410299414303164,0.019600585696835537,0.019600585696835537,13.118818233457887,0.07348176654211258,0.07348176654211258,51.26318177875145,-4.1656817787514555,4.1656817787514555,4.1656817787514555,1.1124628500177423,4.1656817787514555,0.47338110584600396,1.8348373504701232,4,398,0,Random_Forest,Set_D_Full_Stage5,399
TRN-0624,Valid,0.05968398636217656,Valid,1,0.4,21.2688,60.1272,41.6207,7.4565,13.4904,13.7243,17.1971,63.1803,20.5506,False,None,False,False,False,False,False,False,False,False,False,False,False,False,0,False,-0.23390000000000022,-3.7066999999999997,-49.6899,-3.4727999999999994,-49.456,-45.983200000000004,14.803933333333333,13.7243,2.0758401487911664,26.898025,15.4607,24.247493778034737,49.6899,25.423750000000002,49.6899,1278.83339136,448.33846680000005,353.73003337424103,13.607153398972313,-0.11675339897231396,0.11675339897231396,13.756831154625589,-0.03253115462558931,0.03253115462558931,17.269086906476343,-0.07198690647634365,0.07198690647634365,49.80003156668994,13.380268433310064,13.380268433310064,13.380268433310064,3.400384973346078,13.380268433310064,0.22725284402550675,1.8473431237635016,4,399,0,Random_Forest,Set_D_Full_Stage5,400
TRN-0985,Valid,0.06047760754659736,Valid,2,0.4,31.1523,68.3503,25.5586,59.5274,19.4935,17.927,24.8405,47.4029,26.3345,False,None,False,False,False,False,False,False,False,False,False,False,False,False,0,False,1.5665000000000013,-5.346999999999998,-27.9094,-6.913499999999999,-29.475900000000003,-22.562400000000004,20.753666666666668,19.4935,3.624932493624306,27.415975000000003,22.167,13.649377264274733,29.475900000000003,15.629116666666667,29.475900000000003,2129.2690506900003,4068.7156482200003,455.77408500414987,19.409633719436087,0.08386628056391388,0.08386628056391388,17.820912423123737,0.1060875768762628,0.1060875768762628,24.74139969015857,0.09910030984142892,0.09910030984142892,48.21960957493656,-0.81670957493656,0.81670957493656,0.81670957493656,0.2764409355545414,0.81670957493656,0.7834283374542172,1.0751355459232999,3,400,0,Random_Forest,Set_D_Full_Stage5,401
TRN-0860,Valid,0.045393988735023004,Valid,5,0.4,24.0826,100.8102,38.7076,45.2535,17.6853,18.6204,21.645,52.8524,45.3171,False,None,False,False,False,False,False,False,False,False,False,False,False,False,0,False,-0.9350999999999985,-3.959699999999998,-35.167100000000005,-3.0245999999999995,-34.232,-31.207400000000003,19.3169,18.6204,2.0696956805289024,27.700775,20.1327,16.852691185757248,35.167100000000005,18.08765,35.167100000000005,2427.77172252,4562.0143857,238.89048539825478,17.66220286593949,0.02309713406051017,0.02309713406051017,18.422396873668912,0.19800312633108774,0.19800312633108774,21.693766600537675,-0.04876660053767523,0.04876660053767523,48.294423088693016,4.557976911306987,4.557976911306987,4.557976911306987,1.206960943059065,4.557976911306987,0.45311177941096753,1.269534419331438,2,401,0,Random_Forest,Set_D_Full_Stage5,402
TRN-0560,Valid,0.0421130846880429,Valid,5,0.4,16.1905,108.6933,41.8279,25.9057,14.0794,16.4719,16.642,45.5852,50.7461,False,None,False,False,False,False,False,False,False,False,False,False,False,False,0,False,-2.392500000000002,-2.5625999999999998,-31.5058,-0.17009999999999792,-29.1133,-28.9432,15.7311,16.4719,1.432940393038036,23.194625000000002,16.55695,14.972832079553287,31.5058,15.78125,31.5058,1759.79887365,2815.7760218099997,148.9558096997874,14.07681156042182,0.0025884395781794467,0.0025884395781794467,16.300733772154132,0.17116622784586966,0.17116622784586966,16.691275996736962,-0.049275996736962924,0.049275996736962924,49.264121976444194,-3.678921976444194,3.678921976444194,3.678921976444194,0.9754881601513015,3.678921976444194,0.5062039956358992,1.35832273282162,2,402,0,Random_Forest,Set_D_Full_Stage5,403
TRN-0811,Valid,0.050825984413798146,Valid,5,0.4,9.9206,20.4528,30.4694,39.4752,6.1355,6.2873,7.9233,49.787,13.4197,False,None,False,False,False,False,False,False,False,False,False,False,False,False,0,False,-0.1517999999999997,-1.7877999999999998,-43.6515,-1.6360000000000001,-43.4997,-41.8637,6.782033333333334,6.2873,0.9912759521613209,17.533275,7.1053,21.517710724947023,43.6515,22.098416666666665,43.6515,202.90404768,807.37837056,485.0482647616636,6.335882105101002,-0.20038210510100196,0.20038210510100196,6.396918179566107,-0.10961817956610709,0.10961817956610709,8.342876447414124,-0.4195764474141237,0.4195764474141237,50.61721861615944,-0.830218616159442,0.830218616159442,0.830218616159442,0.3899488370601687,0.830218616159442,0.7194509418886701,2.4896361406319465,4,403,0,Random_Forest,Set_D_Full_Stage5,404
TRN-0395,Valid,0.02378328102179974,Valid,4,0.4,22.5343,64.3109,38.331,33.4681,14.7128,14.8326,18.3668,42.5264,26.0598,False,None,False,False,False,False,False,False,False,False,False,False,False,False,0,False,-0.11979999999999968,-3.6540000000000017,-27.8136,-3.534200000000002,-27.693800000000003,-24.1596,15.970733333333333,14.8326,2.075918980435734,22.609650000000002,16.5997,13.385582459123698,27.8136,14.495833333333335,27.8136,1449.2011138700002,2152.36363229,350.3962235956543,14.754870438570206,-0.04207043857020665,0.04207043857020665,14.674830920696056,0.15776907930394302,0.15776907930394302,18.68196786064335,-0.31516786064334923,0.31516786064334923,49.97926924903554,-7.452869249035537,7.452869249035537,7.452869249035537,1.991969156888259,7.452869249035537,0.3342280443291839,1.2301644518316506,4,404,0,Random_Forest,Set_D_Full_Stage5,405
TRN-0839,Invalid,0.98875,Invalid,5,0.4,17.7608,75.605,32.4239,44.923,9.5081,18.8042,16.0689,59.2908,26.1826,False,None,False,False,False,False,False,False,False,False,False,False,False,False,0,False,-9.296100000000001,-6.560799999999999,-49.7827,2.7353000000000023,-40.486599999999996,-43.2219,14.793733333333334,16.0689,4.7774372129137745,25.918,17.43655,22.58789881846767,49.7827,25.34723333333333,49.7827,1342.805284,3396.403415,234.91564910843869,13.216956063018447,-3.7088560630184464,3.7088560630184464,13.893026504741865,4.9111734952581365,4.9111734952581365,16.26446811089419,-0.19556811089418957,0.19556811089418957,49.05421680528759,10.23658319471241,10.23658319471241,10.23658319471241,4.763045215970795,10.23658319471241,0.17351937431078238,1.9207763250342136,4,405,1,Random_Forest,Set_D_Full_Stage5,406
TRN-0779,Valid,0.020941783995121265,Valid,4,0.4,25.1402,21.4874,30.0153,21.5418,13.418,11.7585,17.7983,42.8532,17.9676,False,None,False,False,False,False,False,False,False,False,False,False,False,False,0,False,1.6594999999999995,-4.380300000000002,-29.435200000000002,-6.039800000000001,-31.094700000000003,-25.0549,14.324933333333334,13.418,3.1203672962222475,21.457,15.60815,14.489880185610001,31.094700000000003,16.2774,31.094700000000003,540.1975334800001,462.87727332,1169.9967562400493,13.491856949783879,-0.07385694978387924,0.07385694978387924,11.576551865467833,0.18194813453216696,0.18194813453216696,17.97399126181296,-0.17569126181295758,0.17569126181295758,50.2964208182068,-7.443220818206797,7.443220818206797,7.443220818206797,1.9686792910839501,7.443220818206797,0.33685012827198024,1.4491627677854464,3,406,0,Random_Forest,Set_D_Full_Stage5,407
TRN-0543,Valid,0.07930902888396707,Valid,1,0.4,31.2911,105.0903,31.7883,17.9763,21.0594,20.9426,26.2067,40.3385,49.5902,False,None,False,False,False,False,False,False,False,False,False,False,False,False,0,False,0.11680000000000135,-5.147300000000001,-19.279100000000003,-5.264100000000003,-19.395900000000005,-14.131800000000002,22.73623333333333,21.0594,3.006079626911659,27.1368,23.63305,9.136973848052758,19.395900000000005,10.555833333333334,19.395900000000005,3288.39108633,1889.1347598899997,297.7543790669187,21.028869309526137,0.030530690473863586,0.030530690473863586,20.825729182907793,0.11687081709220593,0.11687081709220593,26.066088806249862,0.1406111937501393,0.1406111937501393,48.706597331596825,-8.368097331596822,8.368097331596822,8.368097331596822,2.1640275082282576,8.368097331596822,0.31605287798523735,0.7147450271420998,1,407,0,Random_Forest,Set_D_Full_Stage5,408
TRN-0158,Valid,0.022509107064177202,Valid,1,0.4,12.482,83.5838,47.1746,30.2478,10.9729,13.2646,13.0821,47.6153,33.0264,False,None,False,False,False,False,False,False,False,False,False,False,False,False,0,False,-2.2917000000000005,-2.1092000000000013,-36.642399999999995,0.18249999999999922,-34.350699999999996,-34.533199999999994,12.439866666666665,13.0821,1.2737032477517416,21.233725,13.17335,17.618437052961497,36.642399999999995,18.35161666666666,36.642399999999995,1043.2929915999998,2528.22606564,149.33514038185146,10.95413938649983,0.018760613500168333,0.018760613500168333,13.082027751621304,0.1825722483786958,0.1825722483786958,13.146081833134122,-0.06398183313412176,0.06398183313412176,50.24874453034012,-2.633444530340121,2.633444530340121,2.633444530340121,0.7246898063382767,2.633444530340121,0.5798144085533385,1.7256690827120145,4,408,0,Random_Forest,Set_D_Full_Stage5,409
TRN-0799,Valid,0.024422063205364046,Valid,4,0.4,30.8482,39.4561,32.0324,45.0936,17.3909,15.3215,22.5071,40.493,21.9518,False,None,False,False,False,False,False,False,False,False,False,False,False,False,0,False,2.069399999999998,-5.116200000000003,-23.102100000000004,-7.185600000000001,-25.1715,-17.9859,18.4065,17.3909,3.6988909635186604,23.928125,19.948999999999998,11.448780144735945,25.1715,13.438450000000003,25.1715,1217.1496640199998,1779.21759096,781.8358170635674,17.50517970386158,-0.11427970386158037,0.11427970386158037,15.335110890976956,-0.013610890976956114,0.013610890976956114,22.96498373358206,-0.45788373358205803,0.45788373358205803,48.61602596148292,-8.123025961482917,8.123025961482917,8.123025961482917,2.1772000724758778,8.123025961482917,0.31474253342211966,1.05196247012147,3,409,0,Random_Forest,Set_D_Full_Stage5,410
TRN-0946,Valid,0.07801101559178666,Valid,1,0.4,13.2616,50.6899,55.0,49.9586,9.9141,11.1639,12.718,51.5653,31.2415,False,None,False,False,False,False,False,False,False,False,False,False,False,False,0,False,-1.2498000000000005,-2.8039000000000005,-41.6512,-1.5541,-40.4014,-38.847300000000004,11.265333333333333,11.1639,1.4046993782775494,21.340325,11.94095,20.182598492162334,41.6512,21.08461666666667,41.6512,672.22917784,2532.39643814,261.62208613114524,9.752480926512119,0.16161907348788063,0.16161907348788063,10.972870726826308,0.191029273173692,0.191029273173692,12.430059305793117,0.28794069420688295,0.28794069420688295,49.68182625138221,1.8834737486177886,1.8834737486177886,1.8834737486177886,0.631015697371561,1.8834737486177886,0.6131148839410528,1.9517594264569889,4,410,0,Random_Forest,Set_D_Full_Stage5,411
TRN-0927,Invalid,0.7663921086935811,Invalid,1,0.4,29.9956,79.3101,32.0155,17.061,18.8294,18.2246,23.9815,35.0363,22.272,False,None,False,False,False,False,False,False,False,False,False,False,False,False,0,False,0.6048000000000009,-5.152100000000001,-16.206899999999997,-5.756900000000002,-16.8117,-11.054799999999997,20.345166666666668,18.8294,3.1636428122234874,24.01795,21.405450000000002,7.7865122840717325,16.8117,9.264533333333333,16.8117,2378.95403556,1353.1096161,378.20651112449593,18.96848425685849,-0.1390842568584887,0.1390842568584887,18.185256406785633,0.03934359321436531,0.03934359321436531,23.936147841076533,0.045352158923467556,0.045352158923467556,48.78236330254817,-13.746063302548173,13.746063302548173,13.746063302548173,3.4924608278861236,13.746063302548173,0.22259515181360828,0.6999636938357795,3,411,1,Random_Forest,Set_D_Full_Stage5,412
TRN-0952,Valid,0.010370605044445981,Valid,1,0.4,19.9942,26.8465,29.7538,57.0471,11.6796,10.6768,15.1548,40.8558,17.1858,False,None,False,False,False,False,False,False,False,False,False,False,False,False,0,False,1.0028000000000006,-3.475199999999999,-29.1762,-4.478,-30.179000000000002,-25.701,12.503733333333335,11.6796,2.3500037900678654,19.59175,13.417200000000001,14.305299703606353,30.179000000000002,15.668700000000001,30.179000000000002,536.7742903,1531.51497015,744.7597471701164,11.723128070231507,-0.04352807023150618,0.04352807023150618,10.536150388350967,0.14064961164903345,0.14064961164903345,15.453530711024536,-0.2987307110245361,0.2987307110245361,48.76596934012297,-7.91016934012297,7.91016934012297,7.91016934012297,2.0982694332570113,7.91016934012297,0.32276082553245355,1.5403924915372587,4,412,0,Random_Forest,Set_D_Full_Stage5,413
TRN-0608,Valid,0.12627478559831326,Valid,2,0.4,23.0912,102.831,33.9404,27.2584,17.0564,18.1608,20.6736,35.8498,45.0975,False,None,False,False,False,False,False,False,False,False,False,False,False,False,0,False,-1.1043999999999983,-3.6172000000000004,-18.793400000000002,-2.512800000000002,-17.689000000000004,-15.176200000000001,18.630266666666667,18.1608,1.8537349253151958,22.93515,19.4172,8.741794486069018,18.793400000000002,9.815500000000002,18.793400000000002,2374.4911872000002,2803.0085304000004,224.5548302987591,17.071686851176676,-0.015286851176675498,0.015286851176675498,17.949430945829107,0.21136905417089125,0.21136905417089125,20.80195496330613,-0.12835496330612983,0.12835496330612983,49.1752250014847,-13.325425001484696,13.325425001484696,13.325425001484696,3.420108967534598,13.325425001484696,0.22623876636185497,0.8194143838543093,2,413,0,Random_Forest,Set_D_Full_Stage5,414
TRN-0212,Valid,0.05192705988893754,Valid,1,0.4,28.1417,37.9691,30.4029,8.6425,15.5882,13.9026,20.4289,63.8414,19.7482,False,None,False,False,False,False,False,False,False,False,False,False,False,False,0,False,1.6856000000000009,-4.840699999999998,-48.2532,-6.526299999999999,-49.9388,-43.4125,16.6399,15.5882,3.387875822694804,28.440275,18.00855,23.76230633354361,49.9388,25.776183333333332,49.9388,1068.51502147,328.14794674999996,741.1735487084106,15.687227952705618,-0.09902795270561704,0.09902795270561704,13.906015206545137,-0.0034152065451369396,0.0034152065451369396,20.532043647686187,-0.10314364768618844,0.10314364768618844,49.02512012741258,14.816279872587423,14.816279872587423,14.816279872587423,3.7554666698810912,14.816279872587423,0.2102843042373809,1.7559177061692597,3,414,0,Random_Forest,Set_D_Full_Stage5,415
TRN-0480,Valid,0.007590279725347638,Valid,5,0.4,27.322,76.3904,41.6053,33.0416,17.5094,17.3568,22.1297,45.2954,31.3074,False,None,False,False,False,False,False,False,False,False,False,False,False,False,0,False,0.15259999999999962,-4.6203,-27.786,-4.7729,-27.9386,-23.1657,18.998633333333334,17.5094,2.712656547249086,25.572825,19.81955,13.333628712488586,27.9386,14.73935,27.9386,2087.1385087999997,2524.06104064,357.66269614209426,17.731870150388858,-0.2224701503888582,0.2224701503888582,17.462575818969103,-0.1057758189691036,0.1057758189691036,22.427904495122238,-0.29820449512223846,0.29820449512223846,48.67546660454559,-3.38006660454559,3.38006660454559,3.38006660454559,1.0016292672564475,3.38006660454559,0.49959301472977546,1.092510861623281,3,415,0,Random_Forest,Set_D_Full_Stage5,416
TRN-0904,Valid,0.1202789501220462,Valid,4,0.4,27.5889,104.0795,31.2045,10.8247,19.3299,19.5557,23.7529,57.4735,46.9314,False,None,False,False,False,False,False,False,False,False,False,False,False,False,0,False,-0.2258000000000031,-4.423000000000002,-38.143600000000006,-4.197199999999999,-37.9178,-33.720600000000005,20.879499999999997,19.5557,2.490997205939822,30.028,21.6543,18.40969636867123,38.143600000000006,19.771333333333335,38.143600000000006,2871.4389175499996,1126.62936365,265.0752295048276,19.108299147210452,0.2216008527895461,0.2216008527895461,19.369192976325632,0.18650702367436978,0.18650702367436978,23.485967402881393,0.2669325971186076,0.2669325971186076,49.8001731869209,7.6733268130791,7.6733268130791,7.6733268130791,2.087091821665406,7.6733268130791,0.3239294642880191,1.2702673270722904,1,416,0,Random_Forest,Set_D_Full_Stage5,417
TRN-0607,Valid,0.0760578763994432,Valid,4,0.4,31.6984,85.383,34.2637,43.8615,20.6039,19.7762,26.059,39.3149,35.5228,False,None,False,False,False,False,False,False,False,False,False,False,False,False,0,False,0.8277000000000001,-5.455100000000002,-18.711000000000002,-6.282800000000002,-19.538700000000002,-13.2559,22.146366666666665,20.6039,3.4136192704127595,26.438499999999998,23.33145,9.025417731052675,19.538700000000002,10.678533333333334,19.538700000000002,2706.5044872,3745.0264544999995,371.24950268209096,20.439606731853516,0.16429326814648348,0.16429326814648348,19.58239082839967,0.1938091716003285,0.1938091716003285,25.7911220669123,0.2678779330876999,0.2678779330876999,48.24895260696575,-8.93405260696575,8.93405260696575,8.93405260696575,2.3900082449500655,8.93405260696575,0.2949845332941749,0.7390242490972451,1,417,0,Random_Forest,Set_D_Full_Stage5,418
TRN-0855,Valid,0.08761265004541934,Valid,3,0.4,18.223,90.6313,43.6143,44.7851,14.0844,15.6534,17.2858,55.8555,37.0514,False,None,False,False,False,False,False,False,False,False,False,False,False,False,0,False,-1.568999999999999,-3.201399999999998,-41.7711,-1.6323999999999987,-40.2021,-38.5697,15.674533333333335,15.6534,1.6008046268465523,25.719775,16.4696,20.13295567477612,41.7711,21.157616666666666,41.7711,1651.5741798999998,4058.93183363,201.0673794740471,14.273105728756727,-0.18870572875672664,0.18870572875672664,15.680878334705513,-0.02747833470551342,0.02747833470551342,17.421541077956388,-0.13574107795638923,0.13574107795638923,49.37720100756924,6.478298992430759,6.478298992430759,6.478298992430759,1.707556033462347,6.478298992430759,0.36933677000258713,1.624084338185564,2,418,0,Random_Forest,Set_D_Full_Stage5,419
TRN-0879,Valid,0.11386885304404214,Valid,2,0.4,11.3702,44.4605,35.0734,18.8139,7.6823,8.5735,9.4497,32.7382,15.8432,False,None,False,False,False,False,False,False,False,False,False,False,False,False,0,False,-0.8911999999999995,-1.7674000000000003,-25.0559,-0.8762000000000008,-24.1647,-23.2885,8.5685,8.5735,0.8837106087402143,14.610925,9.0116,12.106371427854286,25.0559,12.673983333333334,25.0559,505.52477710000005,836.4754009500001,255.73705744715926,8.115946490395022,-0.4336464903950219,0.4336464903950219,8.895893025660342,-0.3223930256603431,0.3223930256603431,10.193640655198195,-0.7439406551981946,0.7439406551981946,50.8421391306984,-18.1039391306984,18.1039391306984,18.1039391306984,4.90097982548799,18.1039391306984,0.16946338228114574,1.7148731412466076,4,419,0,Random_Forest,Set_D_Full_Stage5,420
TRN-0667,Valid,0.021132461102316934,Valid,4,0.4,20.5759,66.0268,39.7271,8.0398,13.5048,14.0092,16.7079,,25.1861,True,Sensor_S4,False,False,False,False,False,False,False,False,False,False,False,False,1,True,-0.5044000000000004,-3.203099999999999,,-2.6986999999999988,,,14.740633333333333,14.0092,1.7222684004920172,14.740633333333333,14.0092,1.7222684004920172,3.203099999999999,2.1353999999999993,3.203099999999999,1358.56083412,530.8422666399999,311.62947293682674,13.613433257352257,-0.10863325735225793,0.10863325735225793,13.971649300697443,0.03755069930255672,0.03755069930255672,17.10849050813524,-0.40059050813524166,0.40059050813524166,51.39188417025639,,,0.40059050813524166,0.18225815493001876,0.40059050813524166,0.8458389530492963,0.21729716455161496,4,420,0,Random_Forest,Set_D_Full_Stage5,421
TRN-0232,Valid,0.04126105827636639,Valid,4,0.4,25.2036,28.9334,44.802,5.7853,13.8939,12.7363,18.2984,27.0032,20.0864,False,None,False,False,False,False,False,False,False,False,False,False,False,False,0,False,1.1576000000000004,-4.4045000000000005,-13.1093,-5.562100000000001,-14.2669,-8.704799999999999,14.9762,13.8939,2.9347519605581667,17.982950000000002,16.09615,6.473332086079522,14.2669,7.867533333333333,14.2669,729.22584024,167.38839902,871.0898577112066,13.767949831319076,0.1259501686809248,0.1259501686809248,12.566710069686923,0.16958993031307656,0.16958993031307656,18.30696535972718,-0.008565359727178645,0.008565359727178645,51.726812691022815,-24.723612691022815,24.723612691022815,24.723612691022815,6.256929537435999,24.723612691022815,0.1377993261256492,0.7933565998033693,3,421,0,Random_Forest,Set_D_Full_Stage5,422
TRN-0299,Valid,0.06024728270402907,Valid,2,0.4,10.8536,90.8684,43.7084,46.912,10.7011,13.351,12.6556,36.3631,34.8475,False,None,False,False,False,False,False,False,False,False,False,False,False,False,0,False,-2.6499000000000006,-1.9544999999999995,-25.662000000000003,0.6954000000000011,-23.012100000000004,-23.707500000000003,12.2359,12.6556,1.373900858868645,18.2677,13.0033,12.115644734804667,25.662000000000003,12.946900000000001,25.662000000000003,986.24926624,4262.818380799999,119.4430495702522,10.767001057341165,-0.06590105734116491,0.06590105734116491,13.167399894452801,0.18360010554719963,0.18360010554719963,12.69150822818121,-0.03590822818120998,0.03590822818120998,50.65109711400423,-14.287997114004227,14.287997114004227,14.287997114004227,3.6433516262684504,14.287997114004227,0.21536167847870544,1.4047737784319985,2,422,0,Random_Forest,Set_D_Full_Stage5,423
TRN-0629,Valid,0.04234578253414278,Valid,4,0.4,14.2988,42.785,24.3751,19.3489,9.2957,9.3953,11.7582,36.5274,14.9091,False,None,False,False,False,False,False,False,False,False,False,False,False,False,0,False,-0.09960000000000058,-2.4625000000000004,-27.2317,-2.3629,-27.1321,-24.769199999999998,10.149733333333335,9.3953,1.393862906936451,16.74415,10.57675,13.237845767470375,27.2317,14.009666666666666,27.2317,611.7741579999999,827.8426864999999,334.2011606401401,9.425773825627195,-0.1300738256271945,0.1300738256271945,9.442301574806235,-0.04700157480623446,0.04700157480623446,11.882858333170216,-0.12465833317021513,0.12465833317021513,50.85404325704889,-14.326643257048893,14.326643257048893,14.326643257048893,3.6570942476631343,14.326643257048893,0.2147261676101544,1.6263401687513734,4,423,0,Random_Forest,Set_D_Full_Stage5,424
TRN-0858,Valid,0.07636776638859324,Valid,4,0.4,12.0426,90.9269,41.1424,58.8622,11.5075,13.5628,13.7263,25.9471,35.2273,False,None,False,False,False,False,False,False,False,False,False,False,False,False,0,False,-2.055299999999999,-2.2188,-14.439599999999999,-0.16350000000000087,-12.3843,-12.220799999999999,12.9322,13.5628,1.2365316938922346,16.185924999999997,13.644549999999999,6.585305302148108,14.439599999999999,7.247049999999999,14.439599999999999,1094.99628594,5352.15737318,132.44263991814964,11.48300368858512,0.024496311414880623,0.024496311414880623,13.617632621041745,-0.054832621041745355,0.054832621041745355,13.616554443606372,0.10974555639362826,0.10974555639362826,49.61562831663987,-23.668528316639872,23.668528316639872,23.668528316639872,5.964400701372531,23.668528316639872,0.14358737282346806,0.8921078701971805,2,424,0,Random_Forest,Set_D_Full_Stage5,425
TRN-0994,Valid,0.03362865006152866,Valid,4,0.4,31.479,66.1376,36.8939,37.3446,19.2898,18.0916,25.1163,49.7064,29.066,False,None,False,False,False,False,False,False,False,False,False,False,False,False,0,False,1.1982,-5.826499999999999,-30.416600000000003,-7.024699999999999,-31.614800000000002,-24.590100000000003,20.832566666666665,19.2898,3.757884945462451,28.051025,22.203049999999998,14.759370888213134,31.614800000000002,16.778483333333334,31.614800000000002,2081.9455104000003,2469.8822169600003,475.96216434189256,19.19801807708678,0.09178192291322063,0.09178192291322063,17.90344230005719,0.18815769994280984,0.18815769994280984,24.6262669828751,0.49003301712489744,0.49003301712489744,48.90525062012101,0.8011493798789928,0.8011493798789928,0.8011493798789928,0.3927805049649802,0.8011493798789928,0.717988223151604,1.1270457578481508,3,425,0,Random_Forest,Set_D_Full_Stage5,426
TRN-0306,Valid,0.08057097510831394,Valid,2,0.4,12.0896,66.764,43.546,58.8661,10.5087,11.768,12.7788,48.0543,25.4666,False,None,False,False,False,False,False,False,False,False,False,False,False,False,0,False,-1.2593000000000014,-2.270100000000001,-37.5456,-1.0107999999999997,-36.2863,-35.275499999999994,11.685166666666666,11.768,1.1373146105336618,20.777449999999998,12.2734,18.208261527943847,37.5456,18.941266666666667,37.5456,807.1500544,3930.1363004,181.0795966269851,10.169247286545271,0.33945271345472783,0.33945271345472783,11.644102747680668,0.1238972523193329,0.1238972523193329,12.489110960689267,0.2896890393107334,0.2896890393107334,50.559355691706756,-2.505055691706758,2.505055691706758,2.505055691706758,0.8145236741978881,2.505055691706758,0.5511088194768531,1.8070351236387896,4,426,0,Random_Forest,Set_D_Full_Stage5,427
TRN-0654,Valid,0.07594500838673579,Valid,5,0.4,30.356,29.8437,35.6745,25.3967,16.4481,14.2943,21.8471,51.0801,21.3468,False,None,False,False,False,False,False,False,False,False,False,False,False,False,0,False,2.1538000000000004,-5.399000000000001,-34.632000000000005,-7.552800000000001,-36.7858,-29.233,17.529833333333332,16.4481,3.8908620141728667,25.9174,19.1476,17.073301862654844,36.7858,19.292733333333334,36.7858,905.9353572,757.93149579,1017.1657612274078,16.521135698126574,-0.07303569812657429,0.07303569812657429,14.30737079538806,-0.013070795388060219,0.013070795388060219,21.898962613940686,-0.05186261394068481,0.05186261394068481,49.085118752494395,1.9949812475056063,1.9949812475056063,1.9949812475056063,0.5332375887402314,1.9949812475056063,0.6522146387120861,1.4193470721032697,3,427,0,Random_Forest,Set_D_Full_Stage5,428
TRN-0917,Valid,0.03490619763999607,Valid,2,0.4,20.7858,80.9429,23.3754,28.3602,14.7805,15.0026,17.928,50.4003,26.1378,False,None,False,False,False,False,False,False,False,False,False,False,False,False,0,False,-0.2220999999999993,-3.147500000000001,-35.6198,-2.9254000000000016,-35.3977,-32.472300000000004,15.9037,15.0026,1.7566089405442529,24.52785,16.4653,17.307829717693284,35.6198,18.29746666666667,35.6198,1682.4629308199997,2295.5568325799995,256.79580830489044,14.755318580156949,0.02518141984305089,0.02518141984305089,14.967074444936523,0.03552555506347588,0.03552555506347588,18.12176727483529,-0.1937672748352881,0.1937672748352881,49.507902237008416,0.8923977629915854,0.8923977629915854,0.8923977629915854,0.28671800318335006,0.8923977629915854,0.7771710643093456,1.452218008419813,4,428,0,Random_Forest,Set_D_Full_Stage5,429
TRN-0231,Valid,0.07690053059494159,Valid,4,0.4,8.9741,73.6868,34.6765,46.3911,9.1534,10.9602,11.1196,54.2336,23.0156,False,None,False,False,False,False,False,False,False,False,False,False,False,False,0,False,-1.8068000000000008,-1.9662000000000006,-45.080200000000005,-0.15939999999999976,-43.2734,-43.114000000000004,10.411066666666665,10.9602,1.0920834095129064,21.3667,11.0399,21.929402736660812,45.080200000000005,22.566666666666666,45.080200000000005,661.2727118800001,3418.41170748,121.78706066933823,8.902323247305,0.2510767526949991,0.2510767526949991,10.784420534517054,0.17577946548294676,0.17577946548294676,10.499078840816615,0.6205211591833848,0.6205211591833848,50.303332613862196,3.930267386137807,3.930267386137807,3.930267386137807,1.2444111908747844,3.930267386137807,0.4455511557177002,2.1098334745966976,4,429,0,Random_Forest,Set_D_Full_Stage5,430
TRN-0460,Valid,0.023984205285397756,Valid,1,0.4,13.0325,36.4353,31.118,31.2438,8.8575,9.0498,11.462,46.7658,15.5132,False,None,False,False,False,False,False,False,False,False,False,False,False,False,0,False,-0.19229999999999947,-2.6045,-37.9083,-2.4122000000000003,-37.716,-35.303799999999995,9.789766666666667,9.0498,1.4513848777403373,19.033775,10.2559,18.52595761742156,37.9083,19.35618333333333,37.9083,474.84304725,1138.37722614,357.6887365580257,8.600731485259058,0.2567685147409424,0.2567685147409424,8.763996503977227,0.28580349602277266,0.28580349602277266,11.004329776852675,0.45767022314732486,0.45767022314732486,50.01672018006433,-3.250920180064334,3.250920180064334,3.250920180064334,1.0627906034938435,3.250920180064334,0.48478017996894784,1.9916322476060333,4,430,0,Random_Forest,Set_D_Full_Stage5,431
TRN-0492,Valid,0.003808343663642365,Valid,1,0.4,26.974,109.1412,35.2551,20.336,19.3928,19.9942,23.712,49.4724,53.2122,False,None,False,False,False,False,False,False,False,False,False,False,False,False,0,False,-0.6013999999999982,-4.319199999999999,-30.0796,-3.7178000000000004,-29.4782,-25.7604,21.033,19.9942,2.3394873882968463,28.142850000000003,21.853099999999998,14.34742725775833,30.0796,15.659433333333332,30.0796,2943.9747288,2219.4954432,247.14770891764897,19.208304930458553,0.18449506954144823,0.18449506954144823,19.80638465479307,0.18781534520692844,0.18781534520692844,23.537314836503846,0.1746851634961537,0.1746851634961537,49.0945119552597,0.3778880447403026,0.3778880447403026,0.3778880447403026,0.23122090574620824,0.3778880447403026,0.8122019333272514,1.0688181656022167,1,431,0,Random_Forest,Set_D_Full_Stage5,432
TRN-0825,Valid,0.054629231937373325,Valid,3,0.4,14.2264,65.2297,43.697,14.8851,10.7876,12.0693,13.4388,52.6319,24.4596,False,None,False,False,False,False,False,False,False,False,False,False,False,False,0,False,-1.2817000000000007,-2.651200000000001,-41.844300000000004,-1.3695000000000004,-40.5626,-39.1931,12.098566666666665,12.0693,1.3258422844868596,22.2319,12.75405,20.29555820748307,41.844300000000004,21.1504,41.844300000000004,927.9838040799999,970.9506074699999,218.09693772975535,10.592557398985518,0.19504260101448168,0.19504260101448168,11.887929090306727,0.18137090969327296,0.18137090969327296,13.096298165992481,0.34250183400751943,0.34250183400751943,51.04268491054865,1.5892150894513506,1.5892150894513506,1.5892150894513506,0.5770326085416562,1.5892150894513506,0.6341022973042638,1.8821729666951694,4,432,0,Random_Forest,Set_D_Full_Stage5,433
TRN-0279,Valid,0.029549833937410765,Valid,2,0.4,28.1433,53.0824,26.9006,24.9433,16.5775,15.0595,21.2309,39.2582,20.5945,False,None,False,False,False,False,False,False,False,False,False,False,False,False,0,False,1.5180000000000007,-4.653399999999998,-22.6807,-6.171399999999998,-24.198700000000002,-18.027300000000004,17.622633333333333,16.5775,3.2157071156019987,23.031525000000002,18.9042,11.131858982929733,24.198700000000002,12.87491666666667,24.198700000000002,1493.91390792,1324.05022792,530.1812785063828,16.718823293379344,-0.1413232933793438,0.1413232933793438,15.233136673950819,-0.17363667395081883,0.17363667395081883,21.505875210417983,-0.2749752104179848,0.2749752104179848,48.756316236317716,-9.498116236317713,9.498116236317713,9.498116236317713,2.522012853516465,9.498116236317713,0.2839285492673813,1.050676822018159,3,433,0,Random_Forest,Set_D_Full_Stage5,434
TRN-0580,Valid,0.04552662777798323,Valid,3,0.4,20.7178,87.4295,35.0108,32.2177,15.2348,16.1487,18.891,37.4758,33.0419,False,None,False,False,False,False,False,False,False,False,False,False,False,False,0,False,-0.9139000000000017,-3.6561999999999983,-22.241,-2.7422999999999966,-21.327099999999998,-18.5848,16.758166666666668,16.1487,1.9027708278542976,21.937575000000002,17.519849999999998,10.474672975762378,22.241,11.57755,22.241,1811.3468951000002,2816.7774021500004,236.96575675650016,15.129667770441104,0.10513222955889567,0.10513222955889567,15.885430275530863,0.2632697244691382,0.2632697244691382,18.57380108189197,0.3171989181080299,0.3171989181080299,48.85292201170739,-11.377122011707392,11.377122011707392,11.377122011707392,3.015680720960864,11.377122011707392,0.24902378189088747,1.0138308296013439,2,434,0,Random_Forest,Set_D_Full_Stage5,435
TRN-0992,Valid,0.00651094348275637,Valid,4,0.4,20.0663,24.483,20.4949,24.4851,11.0659,9.547,14.6624,45.0741,15.1198,False,None,False,False,False,False,False,False,False,False,False,False,False,False,0,False,1.5188999999999986,-3.5965000000000007,-34.0082,-5.115399999999999,-35.527100000000004,-30.411700000000003,11.758433333333334,11.0659,2.6270765316856175,20.08735,12.864149999999999,16.79536936469891,35.527100000000004,18.36296666666667,35.527100000000004,491.28322289999994,599.4687033,819.6010212796547,11.241579683439104,-0.175679683439105,0.175679683439105,9.801081359185455,-0.25408135918545405,0.25408135918545405,14.761124599190252,-0.0987245991902519,0.0987245991902519,50.080940748761336,-5.006840748761334,5.006840748761334,5.006840748761334,1.3838315976440363,5.006840748761334,0.4194927196150557,1.7686296257945298,4,435,0,Random_Forest,Set_D_Full_Stage5,436
TRN-0934,Valid,0.006982299474982301,Valid,5,0.4,28.9521,51.5316,32.3843,17.1933,17.032,15.6461,22.026,46.7956,21.7565,False,None,False,False,False,False,False,False,False,False,False,False,False,False,0,False,1.3858999999999995,-4.994,-29.7636,-6.379899999999999,-31.1495,-24.7696,18.2347,17.032,3.355688672985025,25.374924999999998,19.529,14.540919841920822,31.1495,16.407083333333333,31.1495,1491.94803636,885.99825828,561.8318542735226,16.938972417411783,0.09302758258821697,0.09302758258821697,15.484923256007182,0.16117674399281867,0.16117674399281867,21.886001575229706,0.1399984247702939,0.1399984247702939,48.91127549061282,-2.115675490612823,2.115675490612823,2.115675490612823,0.6274695604910381,2.115675490612823,0.6144508163324918,1.2275696469764357,3,436,0,Random_Forest,Set_D_Full_Stage5,437
TRN-0639,Valid,0.04238777856296763,Valid,2,0.4,11.2055,43.5114,28.9708,11.36,7.9908,8.2359,9.713,27.978,14.831,False,None,False,False,False,False,False,False,False,False,False,False,False,False,0,False,-0.24510000000000076,-1.722199999999999,-19.9872,-1.4770999999999983,-19.7421,-18.265,8.646566666666667,8.2359,0.9316536606128546,13.479425,8.974450000000001,9.695603696650354,19.9872,10.239783333333333,19.9872,487.56699270000007,494.289504,257.5301512867544,7.890605292087072,0.1001947079129284,0.1001947079129284,8.502576146957411,-0.26667614695741015,0.26667614695741015,9.85297388402465,-0.13997388402465027,0.13997388402465027,50.8742281540521,-22.896228154052096,22.896228154052096,22.896228154052096,5.850768223236772,22.896228154052096,0.1459690311238601,1.4827921199961276,4,437,0,Random_Forest,Set_D_Full_Stage5,438
TRN-0925,Valid,0.048595238095238094,Valid,3,0.4,13.0887,88.1928,20.6398,53.3602,11.8486,13.1677,14.1438,,27.0547,True,Sensor_S4,False,False,False,False,False,False,False,False,False,False,False,False,1,True,-1.3191000000000006,-2.2952000000000012,,-0.9761000000000006,,,13.053366666666667,13.1677,1.1518636392096657,13.053366666666667,13.1677,1.1518636392096657,2.2952000000000012,1.5301333333333342,2.2952000000000012,1154.32910136,4705.98544656,148.41005746386807,11.742275362418956,0.10632463758104294,0.10632463758104294,13.031354874443915,0.13634512555608502,0.13634512555608502,13.836579114856953,0.3072208851430478,0.3072208851430478,47.55115046382321,,,0.3072208851430478,0.1832968827600586,0.3072208851430478,0.8450964542959704,0.1758318984130033,2,438,0,Random_Forest,Set_D_Full_Stage5,439
TRN-0248,Valid,0.3206590522193364,Valid,4,0.4,31.1702,18.7008,31.3748,17.3117,16.3683,13.5779,21.9244,29.7631,19.7809,False,None,False,False,False,False,False,False,False,False,False,False,False,False,0,False,2.7904000000000018,-5.556099999999997,-13.3948,-8.346499999999999,-16.185200000000002,-7.838700000000003,17.2902,16.3683,4.248934015726768,20.408425,19.146349999999998,7.136451180325322,16.185200000000002,9.018616666666667,16.185200000000002,582.90767616,323.74263936,1666.7834174027755,16.18815797798907,0.18014202201093,0.18014202201093,13.428259434361681,0.14964056563831818,0.14964056563831818,21.701938601459776,0.22246139854022218,0.22246139854022218,50.05382853004728,-20.290728530047275,20.290728530047275,20.290728530047275,5.210743129059186,20.290728530047275,0.16101132814866256,0.7930642403496398,3,439,0,Random_Forest,Set_D_Full_Stage5,440
TRN-0603,Valid,0.08657439594055061,Valid,5,0.4,8.8562,61.272,41.5147,49.39,8.24,10.1728,10.0057,52.6683,17.5078,False,None,False,False,False,False,False,False,False,False,False,False,False,False,0,False,-1.9328000000000003,-1.765699999999999,-44.4283,0.16710000000000136,-42.4955,-42.662600000000005,9.472833333333334,10.0057,1.0709290935133535,20.271700000000003,10.08925,21.615426849513444,44.4283,22.242,44.4283,542.6370863999999,3026.22408,144.5390807319688,8.213695383602964,0.026304616397036185,0.026304616397036185,9.93259618232721,0.24020381767279098,0.24020381767279098,9.967123356109465,0.03857664389053461,0.03857664389053461,50.23634810614822,2.4319518938517817,2.4319518938517817,2.4319518938517817,0.6842592429530359,2.4319518938517817,0.5937328259791442,2.1916404684163298,4,440,0,Random_Forest,Set_D_Full_Stage5,441
TRN-0331,Valid,0.0482103049664445,Valid,2,0.4,11.7783,61.7532,36.1857,44.4969,9.8411,11.0247,12.0563,42.2089,17.8132,False,None,False,False,False,False,False,False,False,False,False,False,False,False,0,False,-1.1835999999999984,-2.2151999999999994,-32.3678,-1.031600000000001,-31.1842,-30.1526,10.974033333333333,11.0247,1.1084688057556389,18.78275,11.5405,15.643636384059388,32.3678,16.355833333333333,32.3678,727.34771556,2747.8259650799996,190.73178544078922,9.567216134622996,0.27388386537700526,0.27388386537700526,10.757110145852804,0.26758985414719483,0.26758985414719483,11.729512377878802,0.3267876221211985,0.3267876221211985,50.644312729879694,-8.435412729879694,8.435412729879694,8.435412729879694,2.325918517881273,8.435412729879694,0.3006688211462965,1.723271766236698,4,441,0,Random_Forest,Set_D_Full_Stage5,442
TRN-0880,Valid,0.060305421553539025,Valid,4,0.4,14.3554,80.7277,36.6894,42.2005,11.6525,12.9311,14.0514,43.5984,27.8627,False,None,False,False,False,False,False,False,False,False,False,False,False,False,0,False,-1.2786000000000008,-2.3988999999999994,-31.945899999999998,-1.1202999999999985,-30.667299999999997,-29.546999999999997,12.878333333333332,12.9311,1.2003201836732282,20.558349999999997,13.49125,15.391268185673763,31.945899999999998,16.159666666666666,31.945899999999998,1158.87842458,3406.7493038499997,177.82493768248844,11.831098598465337,-0.17859859846533688,0.17859859846533688,13.266555380017397,-0.3354553800173967,0.3354553800173967,14.299136833162915,-0.24773683316291617,0.24773683316291617,50.05164124184507,-6.45324124184507,6.45324124184507,6.45324124184507,1.80375801337268,6.45324124184507,0.3566641611831136,1.5539128607534844,4,442,0,Random_Forest,Set_D_Full_Stage5,443
TRN-0957,Valid,0.0426074731791202,Valid,1,0.4,13.6601,20.7979,28.9273,8.7786,7.6502,7.3796,9.8889,49.1654,13.8318,False,None,False,False,False,False,False,False,False,False,False,False,False,False,0,False,0.27059999999999995,-2.2386999999999997,-41.5152,-2.5092999999999996,-41.785799999999995,-39.2765,8.306233333333333,7.6502,1.3772913356778707,18.521025,8.769549999999999,20.460510651557552,41.785799999999995,21.266016666666665,41.785799999999995,284.10139379,182.57644494000002,656.801572850349,7.76887388130402,-0.11867388130402023,0.11867388130402023,7.389539603477664,-0.009939603477664427,0.009939603477664427,10.253590529626992,-0.36469052962699244,0.36469052962699244,50.38299706197285,-1.2175970619728531,1.2175970619728531,1.2175970619728531,0.42772526909538255,1.2175970619728531,0.7004148638719602,2.2561266149542933,4,443,0,Random_Forest,Set_D_Full_Stage5,444
TRN-0049,Invalid,0.736989893130789,Invalid,1,0.4,16.6379,22.9675,37.3504,24.5539,9.2704,8.9039,12.3042,61.3833,18.2907,False,None,False,False,False,False,False,False,False,False,False,False,False,False,0,False,0.36650000000000027,-3.0337999999999994,-52.112899999999996,-3.4002999999999997,-52.4794,-49.0791,10.159500000000001,9.2704,1.8663826322595265,22.96545,10.7873,25.657195437082883,52.4794,26.74533333333333,52.4794,382.13096824999997,563.94169825,724.41026476096,9.519343911088292,-0.24894391108829161,0.24894391108829161,9.00688723287401,-0.10298723287401046,0.10298723287401046,12.645335341430359,-0.34113534143035906,0.34113534143035906,49.78148320071094,11.601816799289061,11.601816799289061,11.601816799289061,3.0737208211704306,11.601816799289061,0.24547583005766396,2.2851447347451344,4,444,1,Random_Forest,Set_D_Full_Stage5,445
TRN-0672,Valid,0.03746854324469104,Valid,2,0.4,10.4017,94.176,42.7809,47.8004,10.658,13.2771,12.2693,48.7245,36.7346,False,None,False,False,False,False,False,False,False,False,False,False,False,False,0,False,-2.6191000000000013,-1.6113,-38.0665,1.0078000000000014,-35.4474,-36.4552,12.068133333333334,12.2693,1.321087515395303,21.232225,12.7732,18.359897034456193,38.0665,19.201216666666667,38.0665,979.5904992000001,4501.650470400001,110.44957203007432,10.74163393948424,-0.08363393948424047,0.08363393948424047,13.26986117981267,0.007238820187330575,0.007238820187330575,12.565079603164373,-0.29577960316437313,0.29577960316437313,50.68692025504721,-1.9624202550472134,1.9624202550472134,1.9624202550472134,0.5872681544707894,1.9624202550472134,0.6300132697700407,1.792863539801627,2,445,0,Random_Forest,Set_D_Full_Stage5,446
TRN-0149,Valid,0.12983838467526232,Valid,1,0.4,30.0603,30.6259,45.1385,20.2957,16.4249,14.5254,22.0025,63.7675,22.5606,False,None,False,False,False,False,False,False,False,False,False,False,False,False,0,False,1.8995000000000015,-5.5776,-47.3426,-7.477100000000002,-49.2421,-41.765,17.65093333333333,16.4249,3.8864025014572716,29.180075,19.213700000000003,23.275606255244277,49.2421,25.55065,49.2421,920.62374177,621.57407863,981.5316508146208,16.361241404859022,0.06365859514097849,0.06365859514097849,14.512921425057518,0.012478574942480947,0.012478574942480947,21.770205543174853,0.23229445682514793,0.23229445682514793,48.59931127747248,15.168188722527518,15.168188722527518,15.168188722527518,3.8691550873590312,15.168188722527518,0.20537444013564732,1.6875242138602407,3,446,0,Random_Forest,Set_D_Full_Stage5,447
TRN-0043,Invalid,0.7724177216520118,Invalid,4,0.4,26.7385,70.3804,36.3881,33.2994,17.2828,16.7397,21.7568,56.2922,28.2093,False,None,False,False,False,False,False,False,False,False,False,False,False,False,0,False,0.5431000000000026,-4.473999999999997,-39.0094,-5.017099999999999,-39.5525,-34.5354,18.5931,17.2828,2.753268543023,28.017875,19.5198,18.983129184862193,39.5525,20.52191666666667,39.5525,1881.8663253999998,2343.6250917599996,379.91395617047414,17.106363156315176,0.17643684368482582,0.17643684368482582,16.576617863928153,0.1630821360718464,0.1630821360718464,21.686752253693538,0.07004774630646082,0.07004774630646082,49.447253910132936,6.844946089867065,6.844946089867065,6.844946089867065,1.8136282039825495,6.844946089867065,0.3554129854770969,1.4116875702787703,3,447,1,Random_Forest,Set_D_Full_Stage5,448
TRN-0475,Valid,0.13206666472111234,Valid,3,0.4,8.4407,29.3713,26.736,15.0339,5.5953,6.0394,7.1674,56.8469,12.4217,False,None,False,False,False,False,False,False,False,False,False,False,False,False,0,False,-0.4440999999999997,-1.5720999999999998,-51.251599999999996,-1.1280000000000001,-50.8075,-49.6795,6.267366666666667,6.0394,0.81046357310698,18.91225,6.6034,25.298422853147713,51.251599999999996,25.813799999999997,51.251599999999996,247.91433191000002,441.56518707,287.37907842721347,5.8158198085372845,-0.2205198085372846,0.2205198085372846,6.301396544445289,-0.26199654444528964,0.26199654444528964,7.385842295461783,-0.2184422954617835,0.2184422954617835,50.89659490306489,5.950305096935111,5.950305096935111,5.950305096935111,1.6628159363448671,5.950305096935111,0.37554229203414524,2.709966973804294,4,448,0,Random_Forest,Set_D_Full_Stage5,449
TRN-0094,Valid,0.08888584441873915,Valid,2,0.4,20.2004,33.8246,42.3345,56.0389,12.275,11.9758,16.3095,46.8705,19.4108,False,None,False,False,False,False,False,False,False,False,False,False,False,False,0,False,0.2992000000000008,-4.0344999999999995,-34.5955,-4.3337,-34.8947,-30.561,13.5201,12.275,2.420319076072409,21.8577,14.29225,16.791890641814778,34.8947,18.119766666666667,34.8947,683.2704498399999,1895.4933769399997,597.2101378256837,12.215944932589236,0.05905506741076394,0.05905506741076394,11.595080312775343,0.38071968722465677,0.38071968722465677,16.066368687796164,0.2431313122038361,0.2431313122038361,49.72360650861378,-2.8531065086137772,2.8531065086137772,2.8531065086137772,0.8840031438632585,2.8531065086137772,0.5307846769031614,1.5964481183069956,4,449,0,Random_Forest,Set_D_Full_Stage5,450
TRN-0699,Valid,0.03829045391455433,Valid,4,0.4,25.3968,42.5781,45.648,32.0126,14.7369,14.0347,19.4984,26.1358,21.9877,False,None,False,False,False,False,False,False,False,False,False,False,False,False,0,False,0.7021999999999995,-4.7615,-11.3989,-5.463699999999999,-12.101099999999999,-6.6373999999999995,16.09,14.7369,2.972568608123284,18.60145,17.11765,5.578557205646157,12.101099999999999,6.844133333333333,12.101099999999999,1081.34749008,1363.03568406,596.4755128867862,14.921797159327634,-0.18489715932763318,0.18489715932763318,14.041286713538387,-0.006586713538386135,0.006586713538386135,19.531213243447507,-0.03281324344750658,0.03281324344750658,50.39724944036447,-24.26144944036447,24.26144944036447,24.26144944036447,6.121436639169499,24.26144944036447,0.14042110471077923,0.6505457098528825,3,450,0,Random_Forest,Set_D_Full_Stage5,451
TRN-0429,Valid,0.04920751679307535,Valid,5,0.4,18.2082,87.8108,29.2494,47.7102,14.4553,15.2315,17.5997,68.9768,31.3554,False,None,False,False,False,False,False,False,False,False,False,False,False,False,0,False,-0.7762000000000011,-3.144399999999999,-54.521499999999996,-2.368199999999998,-53.7453,-51.3771,15.762166666666666,15.2315,1.6379921163831441,29.065824999999997,16.415599999999998,26.64090799846169,54.521499999999996,27.655450000000002,54.521499999999996,1598.8766085600002,4189.47083016,207.35715796266996,14.13321580426415,0.3220841957358491,0.3220841957358491,15.003062877272555,0.22843712272744554,0.22843712272744554,17.16271076954027,0.43698923045973004,0.43698923045973004,48.68932322010447,20.287476779895528,20.287476779895528,20.287476779895528,5.3187468322046385,20.287476779895528,0.1582592286975827,1.8757933498211905,2,451,0,Random_Forest,Set_D_Full_Stage5,452
TRN-0222,Valid,0.22384593974868325,Valid,5,0.4,8.156,109.6769,19.718,56.7778,10.701,13.1576,11.8038,53.4784,43.3669,False,None,False,False,False,False,False,False,False,False,False,False,False,False,0,False,-2.4566,-1.1028000000000002,-42.7774,1.3537999999999997,-40.3208,-41.6746,11.887466666666668,11.8038,1.2304352779944718,22.285200000000003,12.4807,20.819720167828066,42.7774,21.61433333333333,42.7774,894.5247964000001,6227.21309282,74.36387476634782,10.597712262164332,0.10328773783566803,0.10328773783566803,13.149337304014354,0.008262695985646218,0.008262695985646218,11.749834551305227,0.0539654486947736,0.0539654486947736,48.79697658065592,4.681423419344078,4.681423419344078,4.681423419344078,1.2117348254650415,4.681423419344078,0.45213376779458136,1.9195421537423247,2,452,0,Random_Forest,Set_D_Full_Stage5,453
TRN-0942,Invalid,0.7725354380727407,Invalid,4,0.4,19.2054,107.1021,18.0,5.8085,15.358,16.4014,25.0,52.6974,42.6685,False,None,False,False,False,False,False,False,False,False,False,False,False,False,0,False,-1.0433999999999983,-9.642,-37.3394,-8.598600000000001,-36.29600000000001,-27.697400000000002,18.9198,16.4014,5.291388751547178,27.3642,20.700699999999998,17.43265409282247,37.3394,20.102800000000002,37.3394,2056.93867134,622.10254785,179.318596057538,15.171544251254163,0.18645574874583737,0.18645574874583737,16.26839213707886,0.13300786292113997,0.13300786292113997,17.95554123716502,7.0444587628349815,7.0444587628349815,50.05583251249142,2.6415674875085813,2.6415674875085813,7.0444587628349815,2.501372465502635,7.0444587628349815,0.2856022916306467,1.3645341853464799,2,453,1,Random_Forest,Set_D_Full_Stage5,454
TRN-0606,Valid,0.2266226098068543,Valid,3,0.4,20.5377,78.2359,45.0899,11.444,14.2227,15.1222,17.7694,61.2312,31.1359,False,None,False,False,False,False,False,False,False,False,False,False,False,False,0,False,-0.8994999999999997,-3.5467000000000013,-47.0085,-2.6472000000000016,-46.109,-43.4618,15.704766666666666,15.1222,1.8437212813582577,27.086375,16.4458,22.81294015368982,47.0085,23.945450000000005,47.0085,1606.78544343,895.3316396000001,262.5098883620067,14.300236733541814,-0.07753673354181423,0.07753673354181423,15.18839862222672,-0.0661986222267199,0.0661986222267199,17.787413050608006,-0.018013050608004733,0.018013050608004733,50.493324188656146,10.737875811343855,10.737875811343855,10.737875811343855,2.7249060544300985,10.737875811343855,0.2684631465565908,1.7355029104105253,4,454,0,Random_Forest,Set_D_Full_Stage5,455
TRN-0657,Valid,0.09708505767168177,Valid,2,0.4,10.1548,78.9897,19.9993,20.4257,9.6,10.9935,11.063,49.5939,20.3016,False,None,False,False,False,False,False,False,False,False,False,False,False,False,0,False,-1.3934999999999995,-1.463000000000001,-39.9939,-0.06950000000000145,-38.6004,-38.530899999999995,10.552166666666666,10.9935,0.825332407780849,20.3126,11.02825,19.532494749519326,39.9939,20.008533333333332,39.9939,802.12460556,1613.4199152899998,128.55851730560852,9.439669622593595,0.16033037740640488,0.16033037740640488,10.944083609367931,0.04941639063206793,0.04941639063206793,10.96405402528212,0.09894597471788025,0.09894597471788025,50.80730045896069,-1.2134004589606917,1.2134004589606917,1.2134004589606917,0.3805233004292612,1.2134004589606917,0.724363000384752,1.9689197990804725,4,455,0,Random_Forest,Set_D_Full_Stage5,456
TRN-0465,Valid,0.05825283580717122,Valid,5,0.4,14.5587,27.9441,37.8851,26.3035,8.8334,8.649,11.501,65.7546,15.6287,False,None,False,False,False,False,False,False,False,False,False,False,False,False,0,False,0.18440000000000012,-2.6676,-56.9212,-2.8520000000000003,-57.105599999999995,-54.2536,9.661133333333332,8.8334,1.5960366077672947,23.6845,10.1672,28.076991871874974,57.105599999999995,28.9974,57.105599999999995,406.82976866999996,735.02763435,520.9935116917304,8.835073098311707,-0.0016730983117074771,0.0016730983117074771,8.765047995711683,-0.11604799571168378,0.11604799571168378,11.601505431328649,-0.10050543132864931,0.10050543132864931,50.5311933255547,15.223406674445293,15.223406674445293,15.223406674445293,3.8604082999493334,15.223406674445293,0.2057440318358489,2.411094846378498,4,456,0,Random_Forest,Set_D_Full_Stage5,457
TRN-0197,Valid,0.09019048279327814,Valid,2,0.4,14.2408,105.479,30.9985,30.0336,13.0315,14.9384,15.307,57.4108,43.6497,False,None,False,False,False,False,False,False,False,False,False,False,False,False,0,False,-1.9069000000000003,-2.275500000000001,-44.3793,-0.3686000000000007,-42.4724,-42.1038,14.425633333333332,14.9384,1.221340371613636,25.171925,15.1227,21.515705578541922,44.3793,22.251083333333337,44.3793,1502.1053432,3167.9140944,135.01074763595145,12.99139338500243,0.04010661499756907,0.04010661499756907,15.03800195070372,-0.09960195070372002,0.09960195070372002,15.20035604313026,0.10664395686974082,0.10664395686974082,50.20932618971265,7.201473810287354,7.201473810287354,7.201473810287354,1.861956583214596,7.201473810287354,0.3494113103829073,1.7630468217878363,2,457,0,Random_Forest,Set_D_Full_Stage5,458
TRN-0824,Valid,0.11855023298486408,Valid,2,0.4,8.0753,73.0359,34.8506,57.1359,8.5944,10.5842,9.8138,40.2737,23.1994,False,None,False,False,False,False,False,False,False,False,False,False,False,False,0,False,-1.989799999999999,-1.2194000000000003,-31.679299999999998,0.7703999999999986,-29.6895,-30.459899999999998,9.664133333333334,9.8138,1.0033075766350679,17.316525,10.199,15.32669165027143,31.679299999999998,15.968049999999996,31.679299999999998,589.7868032700001,4172.97187881,110.56615848286138,8.555317452377022,0.03908254762297858,0.03908254762297858,10.496324233445497,0.08787576655450202,0.08787576655450202,10.067851428390465,-0.2540514283904649,0.2540514283904649,50.99920285103923,-10.72550285103923,10.72550285103923,10.72550285103923,2.776628148401794,10.72550285103923,0.2647864604894139,1.8294248820563699,4,458,0,Random_Forest,Set_D_Full_Stage5,459
TRN-0564,Valid,0.08657897655305744,Valid,1,0.4,15.1124,15.9033,29.8045,46.0193,8.8306,7.8828,11.7593,38.4735,15.0896,False,None,False,False,False,False,False,False,False,False,False,False,False,False,0,False,0.9478000000000009,-2.928699999999999,-29.6429,-3.8765,-30.590700000000002,-26.7142,9.4909,8.8306,2.0208439152987547,16.73655,10.29495,14.584934548247608,30.590700000000002,15.78346666666667,30.590700000000002,240.33703092,731.85873369,950.2675858044646,8.63835911690954,0.19224088309046117,0.19224088309046117,7.823537719718141,0.05926228028185854,0.05926228028185854,11.562314488526694,0.19698551147330612,0.19698551147330612,49.444289442385035,-10.970789442385033,10.970789442385033,10.970789442385033,2.854819529307665,10.970789442385033,0.259415516705033,1.8277770342292563,4,459,0,Random_Forest,Set_D_Full_Stage5,460
TRN-0359,Valid,0.15697062827421515,Valid,4,0.4,11.9906,47.9505,29.2309,20.6433,8.6461,9.3415,11.1253,55.158,15.3801,False,None,False,False,False,False,False,False,False,False,False,False,False,False,0,False,-0.6953999999999994,-2.4791999999999987,-46.5119,-1.7837999999999994,-45.816500000000005,-44.032700000000006,9.7043,9.3415,1.2787986706280228,21.067725,10.2334,22.750822584744054,46.5119,23.553250000000002,46.5119,574.9552653,989.85655665,250.06199099863588,8.622924907584794,0.023175092415206322,0.023175092415206322,9.249715312250073,0.09178468774992687,0.09178468774992687,10.716199246760947,0.40910075323905204,0.40910075323905204,51.203856210323686,3.9541437896763156,3.9541437896763156,3.9541437896763156,1.1195510807701252,3.9541437896763156,0.47179801849203673,2.207731395899939,4,460,0,Random_Forest,Set_D_Full_Stage5,461
TRN-0005,Invalid,0.8494999999999999,Invalid,3,0.4,31.7051,81.847,21.9615,30.4523,20.2277,25.4034,25.5256,43.5755,29.9111,False,None,False,False,False,False,False,False,False,False,False,False,False,False,0,False,-5.175700000000003,-5.297900000000002,-23.3478,-0.12219999999999942,-18.172099999999997,-18.049899999999997,23.7189,25.4034,3.024085198865933,28.68305,25.4645,10.230731568009526,23.3478,11.694266666666666,23.3478,2594.9673196999997,2492.4293981,387.3702900081506,20.058377432786052,0.16932256721394623,0.16932256721394623,18.776447946208542,6.6269520537914595,6.6269520537914595,25.241304468788737,0.2842955312112636,0.2842955312112636,47.20969208825456,-3.634192088254565,3.634192088254565,6.6269520537914595,2.6786905601178086,6.6269520537914595,0.2718358567152697,0.8139926493198424,3,461,1,Random_Forest,Set_D_Full_Stage5,462
TRN-0682,Invalid,0.9084786585365854,Invalid,2,0.4,22.2018,29.935,38.0634,19.593,12.7022,11.7903,0.0,45.4414,18.6498,False,None,False,False,False,False,False,False,False,False,False,False,False,True,0,False,0.9118999999999993,12.7022,-32.739200000000004,11.7903,-33.6511,-45.4414,8.164166666666667,11.7903,7.08506199149544,17.483475,12.24625,19.515722726283204,45.4414,22.872683333333338,45.4414,664.610883,586.516455,741.6666972885595,12.534412721917528,0.1677872780824714,0.1677872780824714,11.516558624675088,0.27374137532491183,0.27374137532491183,16.550517773571062,-16.550517773571062,16.550517773571062,49.606213925968184,-4.164813925968183,4.164813925968183,16.550517773571062,5.2892150882366575,16.550517773571062,0.1590023533891215,2.5991042403731295,4,462,1,Random_Forest,Set_D_Full_Stage5,463
TRN-0011,Valid,0.052442866890568055,Valid,3,0.4,10.0962,75.7603,26.4536,6.7376,9.2036,10.7256,10.7899,40.4481,20.9826,False,None,False,False,False,False,False,False,False,False,False,False,False,False,0,False,-1.5220000000000002,-1.5862999999999996,-31.244499999999995,-0.06429999999999936,-29.722499999999997,-29.658199999999997,10.239700000000001,10.7256,0.8978647058438147,17.7918,10.75775,15.12198063504469,31.244499999999995,15.632966666666663,31.244499999999995,764.89114086,510.44259728,133.26503019853004,9.06379038081872,0.1398096191812801,0.1398096191812801,10.724279423872401,0.0013205761275987271,0.0013205761275987271,10.592898976899711,0.1970010231002881,0.1970010231002881,49.700527531770994,-9.252427531770998,9.252427531770998,9.252427531770998,2.397639687545041,9.252427531770998,0.29432196817860584,1.756116999900516,4,463,0,Random_Forest,Set_D_Full_Stage5,464
TRN-0753,Valid,0.017640936225478392,Valid,4,0.4,11.4114,83.2642,29.5597,22.0587,10.3796,12.1992,12.4018,45.845,26.0354,False,None,False,False,False,False,False,False,False,False,False,False,False,False,0,False,-1.8195999999999994,-2.0221999999999998,-35.4654,-0.20260000000000034,-33.6458,-33.4432,11.660200000000001,12.1992,1.1136489392981972,20.206400000000002,12.3005,17.116569372005205,35.4654,17.766466666666663,35.4654,950.1610918800001,1836.7000085400002,137.05048063267517,10.312579789632718,0.06702021036728212,0.06702021036728212,12.066011041282184,0.133188958717815,0.133188958717815,12.109573908317362,0.2922260916826378,0.2922260916826378,50.84894038186005,-5.003940381860048,5.003940381860048,5.003940381860048,1.3740939106569456,5.003940381860048,0.4212133292247423,1.7551559133957986,4,464,0,Random_Forest,Set_D_Full_Stage5,465
TRN-0610,Valid,0.14615470668837138,Valid,2,0.4,17.4596,49.3322,31.8449,47.1965,11.9265,11.6705,15.3176,17.9856,18.4186,False,None,False,False,False,False,False,False,False,False,False,False,False,False,0,False,0.2560000000000002,-3.3911,-6.059100000000001,-3.6471,-6.315100000000001,-2.668000000000001,12.971533333333333,11.9265,2.035781325028141,14.22505,13.622050000000002,3.008014827645192,6.315100000000001,3.722733333333334,6.315100000000001,861.32047912,2328.3071773,353.91886963912617,11.63948042706864,0.28701957293136005,0.28701957293136005,11.556325413206595,0.1141745867934052,0.1141745867934052,14.795214242891468,0.5223857571085322,0.5223857571085322,49.99261128956205,-32.007011289562044,32.007011289562044,32.007011289562044,8.232647801598835,32.007011289562044,0.1083112907032832,0.4439418884700663,4,465,0,Random_Forest,Set_D_Full_Stage5,466
TRN-0752,Valid,0.048126490222467816,Valid,2,0.4,27.5321,104.1348,19.8537,20.3276,18.9002,18.7125,22.945,53.9321,43.4268,False,None,False,False,False,False,False,False,False,False,False,False,False,False,0,False,0.1877000000000031,-4.044799999999999,-35.03189999999999,-4.232500000000002,-35.2196,-30.987099999999998,20.1859,18.9002,2.3912930456136072,28.62245,20.922600000000003,16.985690798335717,35.2196,18.283933333333334,35.2196,2867.04972708,2116.81056048,264.3890165065841,19.18214602983565,-0.2819460298356482,0.2819460298356482,19.095258166275947,-0.3827581662759485,0.3827581662759485,23.478044854291525,-0.5330448542915249,0.5330448542915249,48.62415961020018,5.307940389799818,5.307940389799818,5.307940389799818,1.6264223600507348,5.307940389799818,0.38074607314136744,1.2304882249813607,1,466,0,Random_Forest,Set_D_Full_Stage5,467
TRN-0472,Valid,0.012379124871807696,Valid,5,0.4,30.5658,68.7743,28.8329,18.2417,18.7264,17.2179,23.8314,49.7545,26.4916,False,None,False,False,False,False,False,False,False,False,False,False,False,False,0,False,1.5085000000000015,-5.104999999999997,-31.0281,-6.613499999999998,-32.5366,-25.9231,19.925233333333335,18.7264,3.465904872227933,27.382550000000002,21.2789,15.180731817779185,32.5366,17.119133333333334,32.5366,2102.14149894,1254.5601483100002,444.4363018691136,18.67251116671689,0.05388883328311067,0.05388883328311067,17.398287240673373,-0.18038724067337242,0.18038724067337242,23.756695418340836,0.07470458165916227,0.07470458165916227,48.38529642953282,1.369203570467178,1.369203570467178,1.369203570467178,0.41954605652070587,1.369203570467178,0.704450549812375,1.188223453176036,3,467,0,Random_Forest,Set_D_Full_Stage5,468
TRN-0625,Valid,0.07720166540941353,Valid,3,0.4,9.9363,72.7565,28.4236,57.0454,9.2928,10.7725,11.2855,60.3008,21.489,False,None,False,False,False,False,False,False,False,False,False,False,False,False,0,False,-1.4797000000000011,-1.992700000000001,-51.008,-0.5129999999999999,-49.5283,-49.0153,10.450266666666666,10.7725,1.0346927386105185,22.9129,11.029,24.93957987710833,51.008,25.5895,51.008,722.93041095,4150.423645100001,136.56922246545358,9.434798165675158,-0.1419981656751581,0.1419981656751581,10.91593278537197,-0.14343278537196902,0.14343278537196902,11.189460013796669,0.09603998620333165,0.09603998620333165,48.76513092684587,11.535669073154132,11.535669073154132,11.535669073154132,2.9792850026011477,11.535669073154132,0.25130142710218745,2.226168566105309,4,468,0,Random_Forest,Set_D_Full_Stage5,469
TRN-0516,Valid,0.02870877378907249,Valid,1,0.4,25.6953,78.0962,33.7458,10.1444,16.9421,16.6385,21.2893,40.3443,29.074,False,None,False,False,False,False,False,False,False,False,False,False,False,False,0,False,0.3035999999999994,-4.347200000000001,-23.402199999999997,-4.6508,-23.705799999999996,-19.054999999999996,18.28996666666667,16.9421,2.6019307395342666,23.80355,19.1157,11.229949558064213,23.705799999999996,12.577433333333332,23.705799999999996,2006.7052878599998,792.2390912799999,329.02108821926186,16.75269683522764,0.18940316477236152,0.18940316477236152,16.58948054786485,0.04901945213515191,0.04901945213515191,20.989368996436102,0.29993100356389846,0.29993100356389846,49.34684753079499,-9.002547530794992,9.002547530794992,9.002547530794992,2.385225287816601,9.002547530794992,0.2954013145296392,0.9958930512914873,3,469,0,Random_Forest,Set_D_Full_Stage5,470
TRN-0192,Valid,0.008762464817534952,Valid,1,0.4,16.625,65.7594,25.9257,51.4749,12.474,12.7318,15.4054,44.6741,21.2644,False,None,False,False,False,False,False,False,False,False,False,False,False,False,0,False,-0.2577999999999996,-2.9314,-32.200100000000006,-2.6736000000000004,-31.942300000000003,-29.268700000000003,13.537066666666666,12.7318,1.6231504222755615,21.321325,14.0686,15.624823926341273,32.200100000000006,16.54565,32.200100000000006,1093.250025,3384.95853906,252.81552860647622,12.18430727822286,0.2896927217771399,0.2896927217771399,12.508989590479532,0.22281040952046816,0.22281040952046816,15.055983826499652,0.34941617350034804,0.34941617350034804,49.31043481982323,-4.636334819823226,4.636334819823226,4.636334819823226,1.3745635311552955,4.636334819823226,0.42113002532026184,1.5102290733671229,4,470,0,Random_Forest,Set_D_Full_Stage5,471
TRN-0593,Valid,0.1646400028626203,Valid,4,0.4,12.9218,79.841,18.253,11.1248,10.3988,11.397,12.3804,63.657,20.6349,False,None,False,False,False,False,False,False,False,False,False,False,False,False,0,False,-0.9982000000000006,-1.9816000000000003,-53.258199999999995,-0.9833999999999996,-52.26,-51.276599999999995,11.392066666666667,11.397,0.9908092113688355,24.4583,11.8887,26.144985803782717,53.258199999999995,26.793000000000003,53.258199999999995,1031.6894338,888.2151567999999,161.84414500768463,10.707873750270986,-0.3090737502709864,0.3090737502709864,11.842753999383973,-0.44575399938397275,0.44575399938397275,12.615681246709453,-0.23528124670945338,0.23528124670945338,50.66049515834521,12.996504841654783,12.996504841654783,12.996504841654783,3.496653459504799,12.996504841654783,0.22238760647348763,2.177509402734694,4,471,0,Random_Forest,Set_D_Full_Stage5,472
TRN-0989,Valid,0.06779190379766156,Valid,4,0.4,10.767,88.2289,31.8686,9.0143,10.0355,12.2805,11.6549,35.0607,28.7248,False,None,False,False,False,False,False,False,False,False,False,False,False,False,0,False,-2.244999999999999,-1.6193999999999988,-25.025199999999998,0.6256000000000004,-22.780199999999997,-23.4058,11.323633333333333,11.6549,1.1585807927517753,17.2579,11.9677,11.906173039786264,25.025199999999998,12.616866666666665,25.025199999999998,949.9605662999999,795.32177327,122.03482962670626,10.127781573959117,-0.09228157395911651,0.09228157395911651,12.226652129700131,0.053847870299868816,0.053847870299868816,11.756715281585691,-0.10181528158569186,0.10181528158569186,51.58392362657084,-16.52322362657084,16.52322362657084,16.52322362657084,4.192792088103879,16.52322362657084,0.1925746271049232,1.4500713006383739,2,472,0,Random_Forest,Set_D_Full_Stage5,473
TRN-0345,Valid,0.01684110458653129,Valid,2,0.4,13.1113,42.1604,32.3812,21.9573,9.0446,9.4425,11.199,45.4795,15.9588,False,None,False,False,False,False,False,False,False,False,False,False,False,False,0,False,-0.3978999999999999,-2.154399999999999,-36.4349,-1.756499999999999,-36.037,-34.2805,9.895366666666668,9.4425,1.1463751581979313,18.791400000000003,10.32075,17.816670665606036,36.4349,18.5102,36.4349,552.7776525200001,925.7285509200001,310.9860648888376,8.859594342439008,0.18500565756099263,0.18500565756099263,9.245186266377248,0.19731373362275306,0.19731373362275306,11.228489502098146,-0.029489502098146048,0.029489502098146048,50.6254722248363,-5.145972224836299,5.145972224836299,5.145972224836299,1.3894452795295478,5.145972224836299,0.41850717761441586,1.9389125137496332,4,473,0,Random_Forest,Set_D_Full_Stage5,474
TRN-0972,Valid,0.027417770716090265,Valid,1,0.4,9.2753,83.9534,36.9842,8.8285,8.9458,11.4295,10.3373,47.968,27.14,False,None,False,False,False,False,False,False,False,False,False,False,False,False,0,False,-2.4837000000000007,-1.3915000000000006,-39.022200000000005,1.0922,-36.5385,-37.630700000000004,10.237533333333333,10.3373,1.244851984507931,19.67015,10.883400000000002,18.89259466113641,39.022200000000005,19.693133333333332,39.022200000000005,778.69297102,741.1825919,110.4815158788666,9.164968278006347,-0.21916827800634664,0.21916827800634664,11.496838597504546,-0.06733859750454485,0.06733859750454485,10.620635213252744,-0.2833352132527427,0.2833352132527427,50.99529565215359,-3.027295652153583,3.027295652153583,3.027295652153583,0.8992844352293043,3.027295652153583,0.5265140815410663,1.9838272794934055,4,474,0,Random_Forest,Set_D_Full_Stage5,475
TRN-0611,Valid,0.013085377881178811,Valid,4,0.4,24.2081,49.7246,37.6504,49.9756,15.0106,13.9152,19.7526,44.456,21.0417,False,None,False,False,False,False,False,False,False,False,False,False,False,False,0,False,1.0953999999999997,-4.742000000000001,-29.445400000000003,-5.837400000000001,-30.540800000000004,-24.703400000000002,16.226133333333333,15.0106,3.102732771821211,23.2836,17.3816,14.340478029224364,30.540800000000004,16.060733333333335,30.540800000000004,1203.7380892600002,2485.0167197600003,486.8434362783338,14.945204198738738,0.06539580126126232,0.06539580126126232,14.135332007680963,-0.22013200768096297,0.22013200768096297,19.302401696035563,0.45019830396443794,0.45019830396443794,49.17483630118913,-4.718836301189128,4.718836301189128,4.718836301189128,1.363640603523948,4.718836301189128,0.4230761641634949,1.3116866327858956,4,475,0,Random_Forest,Set_D_Full_Stage5,476
TRN-0387,Valid,0.07309309856810399,Valid,2,0.4,22.1857,108.7758,46.1122,9.3895,16.6736,18.3914,20.4109,42.2442,54.9288,False,None,False,False,False,False,False,False,False,False,False,False,False,False,0,False,-1.7178000000000004,-3.737300000000001,-25.5706,-2.0195000000000007,-23.8528,-21.833299999999998,18.491966666666666,18.3914,1.8706785034669469,24.430025,19.40115,11.973934432306143,25.5706,13.121883333333331,25.5706,2413.26726606,1021.3503741000001,203.958030742313,16.77053988664651,-0.09693988664650988,0.09693988664650988,18.37498174790121,0.01641825209879144,0.01641825209879144,20.365685271602022,0.0452147283979798,0.0452147283979798,49.34911519727273,-7.104915197272732,7.104915197272732,7.104915197272732,1.8158720161040032,7.104915197272732,0.3551297765953101,1.0466869981970963,2,476,0,Random_Forest,Set_D_Full_Stage5,477
TRN-0739,Valid,0.06485515873015874,Valid,2,0.4,25.8255,92.7611,21.4121,43.8191,18.0762,17.7884,22.3099,,34.6014,True,Sensor_S4,False,False,False,False,False,False,False,False,False,False,False,False,1,True,0.2878000000000007,-4.233699999999999,,-4.5215,,,19.391499999999997,18.0762,2.5315017539002413,19.391499999999997,18.0762,2.5315017539002413,4.5215,3.014333333333333,4.5215,2395.6017880500003,4064.70791701,278.4086995078002,18.008743145966402,0.06745685403359758,0.06745685403359758,17.784962698750434,0.0034373012495656496,0.0034373012495656496,22.196411264004773,0.11348873599522591,0.11348873599522591,48.801760205641514,,,0.11348873599522591,0.06146096375946305,0.11348873599522591,0.9420977634996753,0.23316905181700653,1,477,0,Random_Forest,Set_D_Full_Stage5,478
TRN-0385,Invalid,0.9515555555555557,Invalid,4,0.4,21.4684,24.2074,51.1547,9.6704,4.2763,11.1726,15.5607,34.8294,24.3642,False,None,False,False,False,False,False,False,False,False,False,False,False,False,0,False,-6.896299999999999,-11.284400000000002,-30.5531,-4.388100000000001,-23.6568,-19.2687,10.336533333333334,11.1726,5.688468725705833,16.45975,13.36665,13.097617353931211,30.5531,16.0079,30.5531,519.69414616,234.09524096,886.8524141987928,11.764858429457943,-7.488558429457943,7.488558429457943,11.11312603090104,0.059473969098959856,0.059473969098959856,15.783757875577345,-0.2230578755773447,0.2230578755773447,52.26310985044537,-17.433709850445368,17.433709850445368,17.433709850445368,6.301200031144904,17.433709850445368,0.13696378619052704,1.8562299814821117,4,478,1,Random_Forest,Set_D_Full_Stage5,479
TRN-0750,Invalid,0.8974621212121212,Invalid,2,0.4,29.7969,106.9523,26.6934,41.0805,24.0889,26.7829,26.1942,58.5502,49.6786,False,None,False,False,False,False,False,False,False,False,False,False,False,False,0,False,-2.6940000000000026,-2.1052999999999997,-34.461299999999994,0.5887000000000029,-31.767299999999995,-32.355999999999995,25.688666666666666,26.1942,1.4163622288572002,33.90405,26.48855,16.471414062854468,34.461299999999994,17.328766666666663,34.461299999999994,3186.84698787,4393.65396015,278.5998731584199,20.676048184690746,3.412851815309253,3.412851815309253,20.510128165292414,6.272771834707587,6.272771834707587,25.491349126395395,0.7028508736046035,0.7028508736046035,48.2916904809058,10.258509519094197,10.258509519094197,10.258509519094197,5.16174601067891,10.258509519094197,0.16229166185475707,1.016435789695983,1,479,1,Random_Forest,Set_D_Full_Stage5,480
TRN-0903,Valid,0.015829729859954914,Valid,4,0.4,13.3298,38.8389,36.8858,41.6901,8.9888,9.1864,11.3527,45.5143,16.0267,False,None,False,False,False,False,False,False,False,False,False,False,False,False,0,False,-0.19760000000000133,-2.363900000000001,-36.5255,-2.1662999999999997,-36.3279,-34.1616,9.842633333333334,9.1864,1.3114829176673763,18.760550000000002,10.26955,17.86794921052777,36.5255,18.6238,36.5255,517.7147692200001,1619.19762489,343.20736601516364,9.01812059299492,-0.029320592994920958,0.029320592994920958,9.363625873295792,-0.1772258732957912,0.1772258732957912,11.559347215583724,-0.20664721558372356,0.20664721558372356,50.60237329157149,-5.08807329157149,5.08807329157149,5.08807329157149,1.3753167433614815,5.08807329157149,0.4209964851192132,1.946930155603031,4,480,0,Random_Forest,Set_D_Full_Stage5,481
TRN-0738,Valid,0.009989661934916662,Valid,5,0.4,29.8147,87.4272,30.4699,31.5319,19.7454,18.994,24.7047,50.4352,34.8402,False,None,False,False,False,False,False,False,False,False,False,False,False,False,0,False,0.7514000000000003,-4.959299999999999,-30.6898,-5.710699999999999,-31.441200000000002,-25.730500000000003,21.148033333333334,19.7454,3.1029919148030873,28.469825,22.22505,14.861143026558668,31.441200000000002,16.547150000000002,31.441200000000002,2606.61573984,2756.74572768,341.02312083389137,19.501926123535107,0.24347387646489338,0.24347387646489338,18.88564912831067,0.10835087168932844,0.10835087168932844,24.425843207229665,0.27885679277033404,0.27885679277033404,47.99151287848007,2.443687121519929,2.443687121519929,2.443687121519929,0.7685921656111212,2.443687121519929,0.5654214801152073,1.1043688872801687,1,481,0,Random_Forest,Set_D_Full_Stage5,482
TRN-0282,Valid,0.03961579306805441,Valid,2,0.4,19.8436,19.3347,26.5655,38.0176,11.1156,9.505,14.7531,76.5468,16.3934,False,None,False,False,False,False,False,False,False,False,False,False,False,False,0,False,1.6105999999999998,-3.6374999999999993,-65.4312,-5.248099999999999,-67.04180000000001,-61.7937,11.791233333333333,11.1156,2.6884937610739086,27.980125,12.93435,32.45211116988385,67.04180000000001,34.12715,67.04180000000001,383.67005292,735.0588907200001,1026.320022384613,11.01648529924062,0.09911470075938134,0.09911470075938134,9.590762840537248,-0.0857628405372477,0.0857628405372477,14.655630180561298,0.09746981943870203,0.09746981943870203,49.84199057341725,26.704809426582756,26.704809426582756,26.704809426582756,6.746789196829521,26.704809426582756,0.12908573792213987,2.396049911839239,4,482,0,Random_Forest,Set_D_Full_Stage5,483
TRN-0291,Invalid,0.969215909090909,Invalid,5,0.4,30.2047,71.6651,36.8927,13.263,16.0347,24.0258,23.2583,42.36,28.7441,False,None,False,False,False,False,False,False,False,False,False,False,False,False,0,False,-7.991099999999999,-7.223599999999998,-26.3253,0.7675000000000018,-18.3342,-19.1017,21.106266666666667,23.2583,4.408838328101102,26.4197,23.642049999999998,11.220020740622541,26.3253,13.290566666666663,26.3253,2164.6228459699996,950.4942212999999,421.4700849548686,18.612997207834916,-2.5782972078349147,2.5782972078349147,17.738330371481666,6.287469628518334,6.287469628518334,23.68595183708658,-0.4276518370865823,0.4276518370865823,48.68717885766377,-6.3271788576637675,6.3271788576637675,6.3271788576637675,3.9051493827758996,6.3271788576637675,0.203867389546062,0.9964265315554183,3,483,1,Random_Forest,Set_D_Full_Stage5,484
TRN-0778,Valid,0.009190242595312731,Valid,1,0.4,16.604,61.3112,28.0844,31.8997,11.5426,11.8832,14.3926,45.6454,17.9512,False,None,False,False,False,False,False,False,False,False,False,False,False,False,0,False,-0.34060000000000024,-2.8499999999999996,-34.1028,-2.5093999999999994,-33.7622,-31.2528,12.606133333333334,11.8832,1.5564701903131113,20.86595,13.1379,16.56844445836724,34.1028,17.469633333333334,34.1028,1018.0111648,1955.8088866399999,270.815076068471,11.699420378374285,-0.15682037837428453,0.15682037837428453,12.023973640285389,-0.14077364028538852,0.14077364028538852,14.533040364264394,-0.14044036426439455,0.14044036426439455,49.717241067497824,-4.071841067497822,4.071841067497822,4.071841067497822,1.1274688626054723,4.071841067497822,0.4700421320269375,1.6343748382533083,4,484,0,Random_Forest,Set_D_Full_Stage5,485
TRN-0484,Valid,0.007379124871807697,Valid,5,0.4,28.1256,35.4388,27.763,31.9165,15.7323,13.6462,20.7239,46.9256,20.0187,False,None,False,False,False,False,False,False,False,False,False,False,False,False,0,False,2.0861,-4.9916,-31.1933,-7.0777,-33.2794,-26.201700000000002,16.7008,15.7323,3.6368878880163464,24.257,18.2281,15.401383144596679,33.2794,17.471633333333333,33.2794,996.7375132799999,1131.0824602,793.638386841996,15.821383230126663,-0.08908323012666308,0.08908323012666308,13.808881886227045,-0.16268188622704471,0.16268188622704471,20.734752825623303,-0.01085282562330292,0.01085282562330292,48.855573399815604,-1.9299733998156015,1.9299733998156015,1.9299733998156015,0.548147835448153,1.9299733998156015,0.6459331448217431,1.3719497992539065,3,485,0,Random_Forest,Set_D_Full_Stage5,486
TRN-0466,Valid,0.013221780043225814,Valid,1,0.4,17.4179,59.3084,41.5584,39.7374,12.1441,12.6869,15.4975,69.6562,19.8007,False,None,False,False,False,False,False,False,False,False,False,False,False,False,0,False,-0.5427999999999997,-3.3534000000000006,-57.5121,-2.810600000000001,-56.9693,-54.158699999999996,13.442833333333333,12.6869,1.7999720257085483,27.496175,14.0922,28.145080935440564,57.5121,29.224483333333335,57.5121,1033.02778036,2356.76161416,293.68347591850795,12.090629661873603,0.05347033812639701,0.05347033812639701,12.62983504968653,0.057064950313469254,0.057064950313469254,15.24182662932705,0.25567337067294993,0.25567337067294993,49.49171455152145,20.16448544847855,20.16448544847855,20.16448544847855,5.132673526897841,20.16448544847855,0.1630610198984196,2.0916392583189265,4,486,0,Random_Forest,Set_D_Full_Stage5,487
TRN-0164,Valid,0.0416087323230264,Valid,1,0.4,8.6726,39.93,24.607,16.2767,6.5397,7.3449,8.0776,48.1796,13.716,False,None,False,False,False,False,False,False,False,False,False,False,False,False,0,False,-0.8052000000000001,-1.5379000000000005,-41.6399,-0.7327000000000004,-40.8347,-40.102000000000004,7.320733333333333,7.3449,0.7692347647716746,17.53545,7.71125,20.43908578524653,41.6399,20.942066666666665,41.6399,346.29691799999995,649.9286310000001,217.19503701601872,6.5107636801651525,0.028936319834847346,0.028936319834847346,7.217463851024506,0.1274361489754936,0.1274361489754936,8.029087513067271,0.04851248693272936,0.04851248693272936,50.75464540490624,-2.5750454049062412,2.5750454049062412,2.5750454049062412,0.6949825901623279,2.5750454049062412,0.5899765612956711,2.3746112163581676,4,487,0,Random_Forest,Set_D_Full_Stage5,488
TRN-0643,Valid,0.05039571400438933,Valid,5,0.4,19.421,64.6782,36.3881,37.1871,13.2121,13.4758,16.7204,51.2379,24.5014,False,None,False,False,False,False,False,False,False,False,False,False,False,False,0,False,-0.26370000000000005,-3.508300000000002,-38.025800000000004,-3.244600000000002,-37.762100000000004,-34.5175,14.469433333333333,13.4758,1.9538481576963287,23.66155,15.0981,18.453320848472416,38.025800000000004,19.55366666666667,38.025800000000004,1256.1153222,2405.19469122,300.27114232134744,13.32698438592083,-0.11488438592083128,0.11488438592083128,13.603850028698524,-0.12805002869852444,0.12805002869852444,16.726404746493493,-0.006004746493491808,0.006004746493491808,49.321060022616734,1.916839977383269,1.916839977383269,1.916839977383269,0.5414447846240291,1.916839977383269,0.6487420178620982,1.6070707087782887,4,488,0,Random_Forest,Set_D_Full_Stage5,489
TRN-0822,Valid,0.043512257182442705,Valid,2,0.4,18.6213,87.9184,42.9191,47.5586,14.297,15.3358,17.123,42.1204,35.5169,False,None,False,False,False,False,False,False,False,False,False,False,False,False,0,False,-1.0388000000000002,-2.8260000000000005,-27.823399999999996,-1.7872000000000003,-26.784599999999998,-24.997399999999995,15.58526666666667,15.3358,1.4294209363701562,22.219050000000003,16.229400000000002,13.318802050610005,27.823399999999996,14.209566666666666,27.823399999999996,1637.1549019200002,4181.27601824,211.8020560198939,14.345586471789904,-0.048586471789903385,0.048586471789903385,15.588859688554232,-0.2530596885542309,0.2530596885542309,17.58698116947602,-0.46398116947601764,0.46398116947601764,49.727405937528836,-7.6070059375288395,7.6070059375288395,7.6070059375288395,2.093158316837248,7.6070059375288395,0.32329415360236047,1.2522311924986922,2,489,0,Random_Forest,Set_D_Full_Stage5,490
TRN-0981,Valid,0.13387200598923804,Valid,2,0.4,10.7595,105.278,24.2426,52.1488,11.62,13.9275,13.3055,59.7584,41.5242,False,None,False,False,False,False,False,False,False,False,False,False,False,False,0,False,-2.307500000000001,-1.685500000000001,-48.138400000000004,0.6219999999999999,-45.8309,-46.4529,12.951,13.3055,1.1938977133741404,24.65285,13.6165,23.42399271808004,48.138400000000004,24.172866666666668,48.138400000000004,1132.738641,5490.121366400001,102.20082997389483,11.556068387624167,0.063931612375832,0.063931612375832,13.787162299392486,0.14033770060751394,0.14033770060751394,13.202606360215128,0.10289363978487209,0.10289363978487209,50.53865952649949,9.219740473500515,9.219740473500515,9.219740473500515,2.3817258565671833,9.219740473500515,0.29570699767340336,1.9526497128527889,2,490,0,Random_Forest,Set_D_Full_Stage5,491
TRN-0908,Valid,0.09656587824375759,Valid,1,0.4,27.8591,102.5299,53.6441,24.494,19.5418,20.3744,24.2225,67.1528,61.5848,False,None,False,False,False,False,False,False,False,False,False,False,False,False,0,False,-0.8326000000000029,-4.680700000000002,-47.611000000000004,-3.8480999999999987,-46.7784,-42.9303,21.379566666666665,20.3744,2.496999828460814,32.822874999999996,22.298450000000003,22.97724732300412,47.611000000000004,24.44685,47.611000000000004,2856.39073709,2511.3673706,271.71680927058264,19.34172048171272,0.20007951828727855,0.20007951828727855,20.169361172440826,0.20503882755917502,0.20503882755917502,24.061248442523688,0.16125155747631226,0.16125155747631226,48.93608152482323,18.21671847517677,18.21671847517677,18.21671847517677,4.695772094624884,18.21671847517677,0.17556882252077868,1.450542814868346,1,491,0,Random_Forest,Set_D_Full_Stage5,492
TRN-0619,Valid,0.05424568769732429,Valid,5,0.4,26.3233,46.2621,33.3481,11.6472,15.1545,14.1351,19.8306,55.0993,20.4688,False,None,False,False,False,False,False,False,False,False,False,False,False,False,0,False,1.019400000000001,-4.6761,-39.9448,-5.695500000000001,-40.9642,-35.268699999999995,16.3734,15.1545,3.037098610516294,26.054875,17.49255,19.521094863826157,40.9642,21.26145,40.9642,1217.77113693,538.82393112,569.0034458004617,15.319709218017303,-0.16520921801730282,0.16520921801730282,14.113883967328224,0.02121603267177541,0.02121603267177541,19.84329361884406,-0.01269361884406095,0.01269361884406095,49.339211795339196,5.7600882046608035,5.7600882046608035,5.7600882046608035,1.4898017685484857,5.7600882046608035,0.40163840054743954,1.5722272426072885,3,492,0,Random_Forest,Set_D_Full_Stage5,493
TRN-0725,Valid,0.14548531976294418,Valid,5,0.4,8.1896,17.9727,30.2487,21.0372,5.1127,5.1157,6.9266,53.0493,12.1006,False,None,False,False,False,False,False,False,False,False,False,False,False,False,0,False,-0.0030000000000001137,-1.8138999999999994,-47.9366,-1.8108999999999993,-47.9336,-46.1227,5.718333333333334,5.1157,1.0463907030040607,17.551075,6.0211500000000004,23.68090068112205,47.9366,24.270116666666667,47.9366,147.18922392000002,378.09528443999994,455.6686220386353,5.146270036117635,-0.033570036117634316,0.033570036117634316,5.425429671639829,-0.309729671639829,0.309729671639829,6.797355977648068,0.12924402235193178,0.12924402235193178,51.10179291422061,1.9475070857793924,1.9475070857793924,1.9475070857793924,0.6050127039721969,1.9475070857793924,0.623048027922228,2.7312613436719153,4,493,0,Random_Forest,Set_D_Full_Stage5,494
TRN-0027,Valid,0.017619741912642293,Valid,5,0.4,13.0095,81.6662,36.1891,30.9851,10.9107,12.4719,13.212,41.6236,27.5462,False,None,False,False,False,False,False,False,False,False,False,False,False,False,0,False,-1.5611999999999995,-2.3012999999999995,-30.712900000000005,-0.7401,-29.151700000000005,-28.411600000000004,12.1982,12.4719,1.1748102783002876,19.55455,12.84195,14.743936406197637,30.712900000000005,15.479800000000003,30.712900000000005,1062.4364289,2530.43537362,159.30089078457294,11.10695951487956,-0.19625951487955895,0.19625951487955895,12.769191761224555,-0.2972917612245549,0.2972917612245549,13.304467834064857,-0.09246783406485726,0.09246783406485726,49.70996472927411,-8.08636472927411,8.08636472927411,8.08636472927411,2.16809595986077,8.08636472927411,0.3156470045951347,1.5706259818681683,4,494,0,Random_Forest,Set_D_Full_Stage5,495
TRN-0977,Valid,0.06741755645292022,Valid,3,0.4,30.4893,66.2271,30.3915,20.2387,18.5269,17.2667,23.8067,28.6405,26.2595,False,None,False,False,False,False,False,False,False,False,False,False,False,False,0,False,1.260200000000001,-5.279799999999998,-10.113599999999998,-6.539999999999999,-11.3738,-4.8338,19.866766666666667,18.5269,3.469774057965926,22.0602,21.166800000000002,5.22214711525186,11.3738,6.566866666666665,11.3738,2019.2179200299997,1340.35040877,460.3749129321814,18.503316623738257,0.023583376261743894,0.023583376261743894,17.215220592010333,0.051479407989667436,0.051479407989667436,23.621461153159455,0.18523884684054437,0.18523884684054437,48.69439959235953,-20.05389959235953,20.05389959235953,20.05389959235953,5.078550305862872,20.05389959235953,0.16451291009889019,0.5155798607538188,3,495,0,Random_Forest,Set_D_Full_Stage5,496
TRN-0846,Valid,0.0055708341423666265,Valid,3,0.4,21.304,76.9652,36.8208,32.1562,14.8184,15.2216,18.4954,46.6681,28.84,False,None,False,False,False,False,False,False,False,False,False,False,False,False,0,False,-0.4032,-3.6769999999999996,-31.849700000000002,-3.2737999999999996,-31.4465,-28.172700000000003,16.178466666666665,15.2216,2.016625303157067,23.800874999999998,16.8585,15.333480370608408,31.849700000000002,16.470483333333338,31.849700000000002,1639.6666207999997,2474.9083642399996,276.80038812341314,14.837095768088263,-0.018695768088262454,0.018695768088262454,15.25921559917891,-0.037615599178909775,0.037615599178909775,18.4621070949431,0.03329290505689997,0.03329290505689997,49.26115006228808,-2.5930500622880785,2.5930500622880785,2.5930500622880785,0.6706635836530377,2.5930500622880785,0.5985645523040738,1.3381729292839324,4,496,0,Random_Forest,Set_D_Full_Stage5,497
TRN-0802,Invalid,0.7038035714285713,Invalid,1,0.4,27.5341,71.2459,40.3411,26.0415,,16.6662,21.4988,30.8119,29.7294,True,Sensor_S1,False,False,False,False,False,False,False,False,False,False,False,False,1,True,,,,-4.832599999999999,-14.145700000000001,-9.313100000000002,19.0825,19.0825,3.417164230762109,22.9923,21.4988,7.1901400410562255,14.145700000000001,9.430466666666668,14.145700000000001,1961.6917351900001,1855.3501048500002,386.46569325874276,17.455058881416974,,,16.989023008484324,-0.322823008484324,0.322823008484324,22.175516411802654,-0.676716411802655,0.676716411802655,48.82582130779885,-18.013921307798846,18.013921307798846,18.013921307798846,6.337820242695275,18.013921307798846,0.1362802531167876,0.6152361376477614,3,497,1,Random_Forest,Set_D_Full_Stage5,498
TRN-0613,Valid,0.24261309523809524,Valid,1,0.4,28.6824,17.4567,31.8156,44.5882,15.2978,12.6121,20.6883,30.8928,19.9859,False,None,False,False,False,False,False,False,False,False,False,False,False,False,0,False,2.6857000000000006,-5.390500000000001,-15.595,-8.076200000000002,-18.280700000000003,-10.2045,16.1994,15.2978,4.112896002818453,19.872750000000003,17.99305,8.077826228427217,18.280700000000003,10.038766666666668,18.280700000000003,500.70005208000003,778.3628309400001,1643.0587436005983,15.239286649618673,0.0585133503813271,0.0585133503813271,12.702785726219437,-0.09068572621943716,0.09068572621943716,20.46067603113992,0.22762396886008318,0.22762396886008318,48.16100110022088,-17.268201100220878,17.268201100220878,17.268201100220878,4.411256036420431,17.268201100220878,0.18479997864996686,0.9198873231498795,3,498,0,Random_Forest,Set_D_Full_Stage5,499
TRN-0375,Valid,0.005454810541261631,Valid,2,0.4,24.5231,33.6836,33.5914,39.5702,14.0647,12.4138,18.4652,43.0798,19.3717,False,None,False,False,False,False,False,False,False,False,False,False,False,False,0,False,1.6509,-4.400499999999999,-29.015099999999997,-6.051399999999999,-30.665999999999997,-24.6146,14.981233333333334,14.0647,3.1280801625491206,22.005875,16.26495,14.279552485372221,30.665999999999997,16.066416666666665,30.665999999999997,826.0262911599999,1332.86678872,728.0425108828892,14.084907671869207,-0.020207671869206578,0.020207671869206578,12.665937250389378,-0.25213725038937795,0.25213725038937795,18.50523939481479,-0.040039394814790796,0.040039394814790796,49.236951767388305,-6.1571517673883065,6.1571517673883065,6.1571517673883065,1.6173840211154205,6.1571517673883065,0.38206086379859594,1.393536319943506,4,499,0,Random_Forest,Set_D_Full_Stage5,500
TRN-0567,Valid,0.15994335983701188,Valid,4,0.4,30.1268,104.773,33.1834,28.274,20.8195,20.8039,25.8688,33.5798,49.668,False,None,False,False,False,False,False,False,False,False,False,False,False,False,0,False,0.015600000000002723,-5.049299999999999,-12.760299999999997,-5.0649000000000015,-12.7759,-7.7109999999999985,22.4974,20.8195,2.9197284651145217,25.268,23.34415,6.032255546642565,12.7759,7.229499999999999,12.7759,3156.4752163999997,2962.351802,287.5435190799615,20.57237455914813,0.24712544085187105,0.24712544085187105,20.516048313942346,0.2878516860576532,0.2878516860576532,25.4680900483546,0.4007099516453998,0.4007099516453998,48.85993358007613,-15.280133580076132,15.280133580076132,15.280133580076132,4.053955164657764,15.280133580076132,0.1978648340596659,0.5056155985374392,1,500,0,Random_Forest,Set_D_Full_Stage5,501
TRN-0661,Valid,0.02949451322241024,Valid,1,0.4,12.8536,40.5512,40.5286,13.2647,8.3338,9.0615,10.5083,45.9673,16.2105,False,None,False,False,False,False,False,False,False,False,False,False,False,False,0,False,-0.7277000000000005,-2.1745,-37.6335,-1.4467999999999996,-36.9058,-35.459,9.3012,9.0615,1.1068896196098328,18.467725,9.7849,18.355313274067722,37.6335,19.057883333333333,37.6335,521.22890432,537.89950264,316.97204596360996,8.542179163788886,-0.20837916378888544,0.20837916378888544,9.19598124955948,-0.13448124955947982,0.13448124955947982,10.910538707797148,-0.40223870779714765,0.40223870779714765,50.44170940481654,-4.474409404816541,4.474409404816541,4.474409404816541,1.3048771314905134,4.474409404816541,0.43386260653005915,2.0377972718365296,4,501,0,Random_Forest,Set_D_Full_Stage5,502
TRN-0861,Valid,0.0886221670312754,Valid,2,0.4,17.8071,15.9379,32.8941,21.6395,9.3956,8.4354,12.5726,70.5344,15.1523,False,None,False,False,False,False,False,False,False,False,False,False,False,False,0,False,0.9602000000000004,-3.1769999999999996,-61.1388,-4.1372,-62.099000000000004,-57.961800000000004,10.134533333333332,9.3956,2.1653227965671387,25.2345,10.9841,30.251639986618912,62.099000000000004,31.579000000000004,62.099000000000004,283.80777909,344.88818705000006,1117.279492731481,9.66636812857064,-0.2707681285706407,0.2707681285706407,8.658921392412598,-0.22352139241259827,0.22352139241259827,12.98089743942739,-0.4082974394273897,0.4082974394273897,50.168790978220166,20.36560902177984,20.36560902177984,20.36560902177984,5.3170489955476175,20.36560902177984,0.15830176411562108,2.4608759987810345,4,502,0,Random_Forest,Set_D_Full_Stage5,503
TRN-0638,Valid,0.004895749776583319,Valid,4,0.4,9.6614,48.9719,44.3368,45.4107,7.8401,9.2749,9.8958,69.2487,16.9161,False,None,False,False,False,False,False,False,False,False,False,False,False,False,0,False,-1.434800000000001,-2.0557,-61.4086,-0.6208999999999989,-59.9738,-59.3529,9.0036,9.2749,1.0543616030565606,24.064875,9.58535,30.13484921862339,61.4086,30.807783333333333,61.4086,473.13711466,2223.84825933,197.2845249450144,7.867522422304717,-0.02742242230471703,0.02742242230471703,9.226334797513307,0.04856520248669405,0.04856520248669405,9.82335217864279,0.07244782135721017,0.07244782135721017,51.04749497285085,18.20120502714915,18.20120502714915,18.20120502714915,4.587410118324443,18.20120502714915,0.17897379623529064,2.551792788538154,4,503,0,Random_Forest,Set_D_Full_Stage5,504
TRN-0514,Valid,0.025482815696153436,Valid,3,0.4,26.955,45.9404,34.6901,13.1187,15.7412,14.3547,20.4262,54.4091,20.7535,False,None,False,False,False,False,False,False,False,False,False,False,False,False,0,False,1.3864999999999998,-4.685000000000002,-38.6679,-6.071500000000002,-40.0544,-33.9829,16.840700000000002,15.7412,3.1815803070172546,26.2328,18.0837,18.962976343566606,40.0544,20.808033333333334,40.0544,1238.3234819999998,602.67832548,586.7383421262457,15.60906738025236,0.13213261974763846,0.13213261974763846,14.35006480638979,0.004635193610209143,0.004635193610209143,20.27026067588395,0.15593932411605138,0.15593932411605138,50.01717646069466,4.3919235393053455,4.3919235393053455,4.3919235393053455,1.1711576691948111,4.3919235393053455,0.46058377711963083,1.5268817942111426,3,504,0,Random_Forest,Set_D_Full_Stage5,505
TRN-0259,Valid,0.017791670467334625,Valid,5,0.4,23.0657,42.911,38.0517,39.6462,13.8359,12.9469,17.9174,63.5056,20.3868,False,None,False,False,False,False,False,False,False,False,False,False,False,False,0,False,0.8890000000000011,-4.0815,-49.6697,-4.970500000000001,-50.5587,-45.5882,14.900066666666667,13.8359,2.6506236215904617,27.051450000000003,15.876650000000001,24.398941330380165,50.5587,25.9596,50.5587,989.7722527,1701.2580882,537.524052684847,13.910836056797514,-0.07493605679751347,0.07493605679751347,13.092829521384116,-0.14592952138411697,0.14592952138411697,18.075721967604455,-0.15832196760445427,0.15832196760445427,49.34936120713491,14.15623879286509,14.15623879286509,14.15623879286509,3.6338565846627935,14.15623879286509,0.2158029670814187,1.8689823026187864,4,505,0,Random_Forest,Set_D_Full_Stage5,506
TRN-0933,Invalid,0.9545819584896104,Invalid,3,0.4,17.3708,23.4709,18.735,59.2931,10.2461,25.0,13.3719,57.3816,14.744,False,None,False,False,False,False,False,False,False,False,False,False,False,False,0,False,-14.7539,-3.1258,-47.1355,11.6281,-32.3816,-44.009699999999995,16.206,13.3719,7.774540720196917,26.499899999999997,19.18595,21.54421417565901,47.1355,25.50576666666667,47.1355,407.70830972,1391.6624207900002,740.0991269618434,10.3048320698212,-0.05873206982120038,0.05873206982120038,9.01746001879017,15.98253998120983,15.98253998120983,13.517680088443495,-0.14578008844349455,0.14578008844349455,48.736480257690204,8.645119742309795,8.645119742309795,15.98253998120983,6.20804297044608,15.98253998120983,0.13873391211735708,1.7787041540895803,4,506,1,Random_Forest,Set_D_Full_Stage5,507
TRN-0785,Valid,0.009368369562359374,Valid,2,0.4,29.2826,95.2054,38.905,21.6583,19.4396,19.4103,24.0824,44.8928,41.8587,False,None,False,False,False,False,False,False,False,False,False,False,False,False,0,False,0.029299999999999216,-4.642800000000001,-25.453200000000002,-4.6721,-25.4825,-20.8104,20.977433333333334,19.4396,2.6890199187312347,26.956274999999998,21.761,12.15757964327193,25.4825,13.515050000000002,25.4825,2787.86164604,2061.98711482,307.57285746681833,19.56807152811635,-0.12847152811635,0.12847152811635,19.55698582489712,-0.14668582489711923,0.14668582489711923,24.41102156138244,-0.32862156138244103,0.32862156138244103,48.4939558328791,-3.601155832879101,3.601155832879101,3.601155832879101,1.0512336868187528,3.601155832879101,0.48751149438799174,0.9453268504914533,1,507,0,Random_Forest,Set_D_Full_Stage5,508
TRN-0571,Valid,0.1509700128884799,Valid,2,0.4,13.3798,108.8273,47.6743,39.2389,12.902,15.7407,14.9064,41.0039,54.0826,False,None,False,False,False,False,False,False,False,False,False,False,False,False,0,False,-2.838700000000001,-2.0044000000000004,-28.1019,0.8343000000000007,-25.2632,-26.097500000000004,14.516366666666665,14.9064,1.4589890072695322,21.13825,15.323550000000001,13.29723485553795,28.1019,14.190000000000003,28.1019,1456.0875085399998,4270.26354197,122.9452423293381,12.888533106006271,0.013466893993728135,0.013466893993728135,15.628665319709699,0.11203468029030184,0.11203468029030184,15.142181478393661,-0.23578147839366181,0.23578147839366181,50.3119823583443,-9.3080823583443,9.3080823583443,9.3080823583443,2.417341352755498,9.3080823583443,0.29262514240600285,1.3294329807656828,2,508,0,Random_Forest,Set_D_Full_Stage5,509
TRN-0101,Valid,0.24330155381606158,Valid,4,0.4,27.1641,67.3367,30.467,27.2513,16.6269,15.7919,20.9665,17.2228,25.5682,False,None,False,False,False,False,False,False,False,False,False,False,False,False,0,False,0.8349999999999991,-4.339600000000001,-0.5959000000000003,-5.1746,-1.4308999999999994,3.7437000000000005,17.7951,16.6269,2.778064023740274,17.652025000000002,16.92485,2.286257852729361,5.1746,2.686616666666667,5.1746,1829.1408524699998,1835.0126127099998,403.40699746096897,17.06489806951258,-0.4379980695125809,0.4379980695125809,16.22482219623056,-0.4329221962305585,0.4329221962305585,21.647622667710543,-0.6811226677105431,0.6811226677105431,49.40889368059889,-32.18609368059889,32.18609368059889,32.18609368059889,8.434534153513143,32.18609368059889,0.10599357464063336,0.2931446714217369,3,509,0,Random_Forest,Set_D_Full_Stage5,510
TRN-0308,Valid,0.01784095490752143,Valid,1,0.4,23.1844,42.4018,45.5385,31.0286,13.9486,13.2804,18.2066,50.251,21.1597,False,None,False,False,False,False,False,False,False,False,False,False,False,False,0,False,0.6682000000000006,-4.258000000000001,-36.3024,-4.9262000000000015,-36.9706,-32.044399999999996,15.1452,13.9486,2.672218232106054,23.92165,16.0776,17.68798458266703,36.9706,19.194966666666666,36.9706,983.06029192,1315.66849148,546.7785455385041,13.831939361493811,0.11666063850618968,0.11666063850618968,13.239479233785115,0.04092076621488516,0.04092076621488516,18.059594038810836,0.14700596118916565,0.14700596118916565,49.07518443161346,1.1758155683865397,1.1758155683865397,1.1758155683865397,0.37010073357419504,1.1758155683865397,0.7298733410581354,1.5454863918306672,4,510,0,Random_Forest,Set_D_Full_Stage5,511
TRN-0447,Valid,0.10679739149608816,Valid,4,0.4,9.8677,61.8151,26.3059,40.8132,8.7661,9.7498,10.4597,49.9564,16.3916,False,None,False,False,False,False,False,False,False,False,False,False,False,False,0,False,-0.9837000000000007,-1.6936,-41.1903,-0.7098999999999993,-40.2066,-39.496700000000004,9.658533333333333,9.7498,0.8504807130872124,19.733,10.10475,20.160895964713472,41.1903,20.713466666666665,41.1903,609.97286227,2522.87203932,159.63249114981755,8.600511577065463,0.1655884229345368,0.1655884229345368,9.771622868057019,-0.021822868057018496,0.021822868057018496,10.306787746976454,0.15291225302354583,0.15291225302354583,50.16171086226058,-0.20531086226057482,0.20531086226057482,0.20531086226057482,0.13640860156891899,0.20531086226057482,0.8799651803228222,2.087380485795122,4,511,0,Random_Forest,Set_D_Full_Stage5,512
TRN-0354,Valid,0.023314193269271078,Valid,4,0.4,19.99,35.7008,43.5281,16.9993,12.0356,11.3939,15.8399,48.0139,18.4616,False,None,False,False,False,False,False,False,False,False,False,False,False,False,0,False,0.6417000000000002,-3.8042999999999996,-35.9783,-4.446,-36.62,-32.174,13.089800000000002,12.0356,2.40317128603019,21.820825,13.937750000000001,17.57194767299573,36.62,18.94405,36.62,713.658992,606.8886094400001,559.9312732680294,11.765554426204133,0.27004557379586736,0.27004557379586736,11.396610152576242,-0.0027101525762418532,0.0027101525762418532,15.417367766849415,0.4225322331505854,0.4225322331505854,51.536090896225595,-3.5221908962255952,3.5221908962255952,3.5221908962255952,1.0543697139370725,3.5221908962255952,0.48676730055738693,1.6782125890232888,4,512,0,Random_Forest,Set_D_Full_Stage5,513
TRN-0719,Valid,0.14309687599667847,Valid,5,0.4,9.0559,36.9234,28.2051,39.725,6.465,6.9443,7.9157,57.0223,13.4854,False,None,False,False,False,False,False,False,False,False,False,False,False,False,0,False,-0.4793000000000003,-1.4507000000000003,-50.5573,-0.9714,-50.078,-49.1066,7.108333333333333,6.9443,0.7391297743517937,19.586825,7.43,24.964278993176762,50.5573,25.44055,50.5573,334.37461806,1466.782065,245.2617458680008,6.827827803245194,-0.36282780324519415,0.36282780324519415,7.423159516479081,-0.47885951647908076,0.47885951647908076,8.57121381134796,-0.6555138113479595,0.6555138113479595,50.36812019183503,6.654179808164969,6.654179808164969,6.654179808164969,2.037845234809301,6.654179808164969,0.3291806931246695,2.5811878233517564,4,513,0,Random_Forest,Set_D_Full_Stage5,514
TRN-0517,Valid,0.025881545357119253,Valid,4,0.4,14.5943,18.3444,38.0527,7.3834,8.2053,8.0438,10.9748,48.0008,14.8727,False,None,False,False,False,False,False,False,False,False,False,False,False,False,0,False,0.1615000000000002,-2.7695000000000007,-39.7955,-2.931000000000001,-39.957,-37.025999999999996,9.074633333333333,8.2053,1.6475726337049104,18.806175,9.59005,19.50951758917939,39.957,20.44008333333333,39.957,267.72367692,135.44404296,795.5720571007736,8.094552479699315,0.11074752030068424,0.11074752030068424,7.80652907773545,0.23727092226454882,0.23727092226454882,10.839461716397507,0.13533828360249345,0.13533828360249345,52.3525937366564,-4.351793736656404,4.351793736656404,4.351793736656404,1.2087876157060327,4.351793736656404,0.452737054884452,2.1246733454977713,4,514,0,Random_Forest,Set_D_Full_Stage5,515
TRN-0956,Valid,0.018405830392242674,Valid,3,0.4,26.9366,106.6938,40.8469,10.7934,19.0883,19.8202,23.5776,47.948,52.2691,False,None,False,False,False,False,False,False,False,False,False,False,False,False,0,False,-0.7318999999999996,-4.4893,-28.8597,-3.7574000000000005,-28.1278,-24.3704,20.8287,19.8202,2.4085800401896553,27.608525,21.698900000000002,13.701518650469614,28.8597,15.056083333333335,28.8597,2873.9682130799997,1151.58886092,252.46638019581454,18.926021926231734,0.16227807376826675,0.16227807376826675,19.67113298053836,0.14906701946163992,0.14906701946163992,23.27034935313776,0.30725064686224,0.30725064686224,48.956960132493386,-1.0089601324933852,1.0089601324933852,1.0089601324933852,0.406888968146383,1.0089601324933852,0.7107881450783774,1.0453180511026754,1,515,0,Random_Forest,Set_D_Full_Stage5,516
TRN-0200,Valid,0.06109327729290563,Valid,2,0.4,21.7524,47.4856,43.3585,56.2893,13.7971,13.4394,17.6142,20.2815,20.8623,False,None,False,False,False,False,False,False,False,False,False,False,False,False,0,False,0.35770000000000124,-3.8171,-6.484400000000001,-4.174800000000001,-6.842100000000002,-2.667300000000001,14.950233333333335,13.7971,2.3139849012760076,16.283050000000003,15.70565,3.2673054877069583,6.842100000000002,4.057233333333334,6.842100000000002,1032.92576544,2672.9311840799996,458.0840385118776,13.720590938122228,0.07650906187777196,0.07650906187777196,13.327458795473325,0.11194120452667455,0.11194120452667455,17.763787735682943,-0.14958773568294248,0.14958773568294248,49.48517081327628,-29.203670813276275,29.203670813276275,29.203670813276275,7.385427203840916,29.203670813276275,0.1192545085290292,0.42019743217798133,4,516,0,Random_Forest,Set_D_Full_Stage5,517
TRN-0463,Invalid,0.9417104791759964,Invalid,1,0.4,11.7153,40.6516,40.7035,20.2729,8.0814,25.0,10.1953,47.6679,15.7596,False,None,False,False,False,False,False,False,False,False,False,False,False,False,0,False,-16.918599999999998,-2.1138999999999992,-39.5865,14.8047,-22.667900000000003,-37.4726,14.425566666666668,10.1953,9.218520680854024,22.736150000000002,17.59765,18.246020490050245,39.5865,22.2607,39.5865,476.24568948,824.12582164,288.1878479105747,8.083143982099758,-0.0017439820997573463,0.0017439820997573463,8.876334032389657,16.123665967610343,16.123665967610343,10.289828098719902,-0.09452809871990198,0.09452809871990198,50.40530555685131,-2.737405556851307,2.737405556851307,16.123665967610343,4.739335901320327,16.123665967610343,0.1742361864148692,1.741125150421179,4,517,1,Random_Forest,Set_D_Full_Stage5,518
TRN-0356,Valid,0.013746881541970896,Valid,4,0.4,29.124,78.6573,36.577,47.4556,19.0017,18.243,23.8741,45.6223,32.4715,False,None,False,False,False,False,False,False,False,False,False,False,False,False,0,False,0.758700000000001,-4.872399999999999,-26.620600000000003,-5.6311,-27.379300000000004,-21.748200000000004,20.372933333333332,19.0017,3.0557376267168834,26.685274999999997,21.4379,12.868863620997518,27.379300000000004,14.501716666666667,27.379300000000004,2290.8152052,3732.72936588,370.2643784792538,18.87555603733538,0.1261439626646208,0.1261439626646208,18.228464583942248,0.014535416057750439,0.014535416057750439,23.871090006394187,0.003009993605811445,0.003009993605811445,48.50231867261838,-2.8800186726183767,2.8800186726183767,2.8800186726183767,0.7559270112366399,2.8800186726183767,0.5694997534639745,1.0260074044553023,3,518,0,Random_Forest,Set_D_Full_Stage5,519
TRN-0464,Valid,0.24702617933278478,Valid,2,0.4,26.9782,71.2716,36.2753,47.2463,17.4268,16.95,22.1196,59.2423,28.6182,False,None,False,False,False,False,False,False,False,False,False,False,False,False,0,False,0.4768000000000008,-4.692799999999998,-41.8155,-5.169599999999999,-42.2923,-37.1227,18.832133333333335,17.4268,2.8569935900056422,28.934675,19.7732,20.33929695824891,42.2923,21.928283333333336,42.2923,1922.7794791200004,3367.31939508,378.5265970559666,17.43329862811846,-0.006498628118460914,0.006498628118460914,16.858147940213904,0.09185205978609545,0.09185205978609545,22.10631959789737,0.01328040210262671,0.01328040210262671,48.77555961415031,10.46674038584969,10.46674038584969,10.46674038584969,2.644592868964218,10.46674038584969,0.27437906947455476,1.4616471546173735,3,519,0,Random_Forest,Set_D_Full_Stage5,520
TRN-0052,Valid,0.03900124097004863,Valid,3,0.4,23.8697,58.5274,22.4135,38.1949,15.3019,14.3016,19.6015,73.5974,19.7674,False,None,False,False,False,False,False,False,False,False,False,False,False,False,0,False,1.0002999999999993,-4.299600000000002,-58.29549999999999,-5.299900000000001,-59.29579999999999,-53.99589999999999,16.401666666666667,15.3019,2.8159101625111087,30.700599999999998,17.451700000000002,28.690141359823702,59.29579999999999,30.364499999999992,59.29579999999999,1397.0314797800002,2235.44819026,407.83796856891496,15.105844286713163,0.19605571328683702,0.19605571328683702,14.171678463718044,0.12992153628195702,0.12992153628195702,19.148981495009597,0.4525185049904046,0.4525185049904046,48.195536254966036,25.401863745033957,25.401863745033957,25.401863745033957,6.545089874898289,25.401863745033957,0.13253652595006105,1.9314209066204222,4,520,0,Random_Forest,Set_D_Full_Stage5,521
TRN-0737,Invalid,0.97275,Invalid,3,0.4,25.7107,30.5152,20.798,16.0054,17.9853,20.3833,18.9732,50.4902,17.8267,False,None,False,False,False,False,False,False,False,False,False,False,False,False,0,False,-2.3979999999999997,-0.9878999999999998,-32.504900000000006,1.4101,-30.106900000000003,-31.517000000000003,19.113933333333332,18.9732,1.205178577362431,26.958,19.67825,15.718964058953336,32.504900000000006,16.487466666666666,32.504900000000006,784.56715264,488.40798208000007,842.553598680789,14.176298014884273,3.809001985115726,3.809001985115726,12.189104172836087,8.194195827163911,8.194195827163911,18.58807062776168,0.38512937223831756,0.38512937223831756,49.23055712273853,1.25964287726147,1.25964287726147,8.194195827163911,3.4119925154448563,8.194195827163911,0.22665496292193305,1.205760365843028,3,521,1,Random_Forest,Set_D_Full_Stage5,522
TRN-0549,Valid,0.013299180282792391,Valid,2,0.4,19.3856,40.9572,26.762,34.7739,11.8918,11.2905,15.3304,44.0042,17.3213,False,None,False,False,False,False,False,False,False,False,False,False,False,False,0,False,0.6013000000000002,-3.438599999999999,-32.112399999999994,-4.039899999999999,-32.713699999999996,-28.6738,12.837566666666666,11.8918,2.1796912495427723,20.629224999999998,13.6111,15.68461436023107,32.713699999999996,16.92995,32.713699999999996,793.97989632,1424.2415770799998,473.3134898592945,11.952686531280413,-0.060886531280413436,0.060886531280413436,11.247233356191545,0.043266643808454575,0.043266643808454575,15.37770829357666,-0.04730829357666089,0.04730829357666089,49.82217609622066,-5.8179760962206615,5.8179760962206615,5.8179760962206615,1.4923593912215476,5.8179760962206615,0.4012262451082077,1.5857931716808693,4,522,0,Random_Forest,Set_D_Full_Stage5,523
TRN-0431,Valid,0.06922136824958844,Valid,5,0.4,8.7941,46.5597,28.1436,40.9888,7.2282,8.1459,8.883,59.0783,14.773,False,None,False,False,False,False,False,False,False,False,False,False,False,False,0,False,-0.9176999999999991,-1.654799999999999,-51.8501,-0.7370999999999999,-50.9324,-50.1953,8.0857,8.1459,0.8290408856021512,20.833849999999998,8.51445,25.505284149563987,51.8501,26.0479,51.8501,409.45065777,1908.42623136,188.87789464324413,7.248561773235528,-0.02036177323552746,0.02036177323552746,8.15841883129533,-0.012518831295331267,0.012518831295331267,8.896997316825638,-0.013997316825639317,0.013997316825639317,50.219487894241006,8.858812105758993,8.858812105758993,8.858812105758993,2.2264225067788725,8.858812105758993,0.30994080840279004,2.488741884605157,4,523,0,Random_Forest,Set_D_Full_Stage5,524
TRN-0565,Valid,0.00037833135568888024,Valid,1,0.4,28.6246,31.4712,26.8085,33.8995,16.1176,13.8494,21.1833,47.6235,20.1548,False,None,False,False,False,False,False,False,False,False,False,False,False,False,0,False,2.2682,-5.0657,-31.5059,-7.3339,-33.774100000000004,-26.4402,17.0501,16.1176,3.754822164896761,24.69345,18.65045,15.591097562925668,33.774100000000004,17.731333333333335,33.774100000000004,900.85051152,1066.8579444000002,909.5487590086306,15.853966186731435,0.26363381326856405,0.26363381326856405,13.623618845625703,0.22578115437429602,0.22578115437429602,20.888352132471912,0.2949478675280872,0.2949478675280872,48.421105582867696,-0.7976055828676962,0.7976055828676962,0.7976055828676962,0.3954921045096609,0.7976055828676962,0.7165930905437646,1.3677346147522464,3,524,0,Random_Forest,Set_D_Full_Stage5,525
TRN-0660,Valid,0.02488320678341217,Valid,3,0.4,30.2971,62.8955,39.7843,12.227,18.4755,17.1061,23.7531,51.6632,28.9021,False,None,False,False,False,False,False,False,False,False,False,False,False,False,0,False,1.3693999999999988,-5.2776,-33.18770000000001,-6.6469999999999985,-34.557100000000005,-27.910100000000003,19.778233333333333,18.4755,3.509770341964461,27.749475,21.1143,16.197996791861847,34.557100000000005,18.158150000000003,34.557100000000005,1905.55125305,769.0232785,481.7052918403873,18.144563247690826,0.3309367523091744,0.3309367523091744,17.09977178288159,0.006328217118412027,0.006328217118412027,23.315132471182938,0.4379675288170617,0.4379675288170617,49.81124614604395,1.8519538539560543,1.8519538539560543,1.8519538539560543,0.6567965880501756,1.8519538539560543,0.6035743960439127,1.2453240123195082,3,525,0,Random_Forest,Set_D_Full_Stage5,526
TRN-0834,Valid,0.06746374458874459,Valid,3,0.4,29.9178,27.4687,35.7858,58.4409,16.4282,13.9856,21.5831,,21.1305,True,Sensor_S4,False,False,False,False,False,False,False,False,False,False,False,False,1,True,2.4426000000000005,-5.154900000000001,,-7.597500000000002,,,17.3323,16.4282,3.878601445108792,17.3323,16.4282,3.878601445108792,7.597500000000002,5.065000000000001,7.597500000000002,821.8030728599999,1605.2955498299998,1089.1592652148572,16.566526884610113,-0.13832688461011244,0.13832688461011244,14.239350133298887,-0.25375013329888674,0.25375013329888674,22.04236886833168,-0.45926886833167657,0.45926886833167657,49.348405399689916,,,0.45926886833167657,0.28378196208022527,0.45926886833167657,0.7789484737576556,0.4383431867996823,3,526,0,Random_Forest,Set_D_Full_Stage5,527
TRN-0887,Valid,0.3314001358400121,Valid,5,0.4,30.0954,88.0704,42.4991,11.1092,19.2774,19.2312,24.2806,35.2746,38.4158,False,None,False,False,False,False,False,False,False,False,False,False,False,False,0,False,0.04619999999999891,-5.0032,-15.9972,-5.049399999999999,-16.0434,-10.994,20.929733333333335,19.2774,2.9020275969282805,24.51595,21.779,7.553695080554946,16.0434,8.855566666666666,16.0434,2650.5139161600005,978.39168768,341.7197671726519,19.449600164196703,-0.1722001641967026,0.1722001641967026,19.255503426464585,-0.024303426464584277,0.024303426464584277,24.460873394065818,-0.18027339406581788,0.18027339406581788,48.64116812531062,-13.366568125310621,13.366568125310621,13.366568125310621,3.4358362775094315,13.366568125310621,0.22543663414048848,0.6544063540648621,1,527,0,Random_Forest,Set_D_Full_Stage5,528
TRN-0336,Valid,0.010358288014048223,Valid,2,0.4,27.8382,99.9421,33.3912,50.5934,19.2433,19.334,23.8428,53.5263,44.1841,False,None,False,False,False,False,False,False,False,False,False,False,False,False,0,False,-0.09069999999999823,-4.599499999999999,-34.283,-4.508800000000001,-34.1923,-29.6835,20.806700000000003,19.334,2.6297307904042193,28.986600000000003,21.5884,16.500102385338906,34.283,17.892966666666666,34.283,2782.20816822,5056.41064214,278.5432486866647,19.465570699978528,-0.22227069997852666,0.22227069997852666,19.52790440801111,-0.19390440801111097,0.19390440801111097,24.100302574699924,-0.25750257469992377,0.25750257469992377,48.54058620287489,4.985713797125108,4.985713797125108,4.985713797125108,1.4148478699536673,4.985713797125108,0.41410476098404764,1.1827185034745353,1,528,0,Random_Forest,Set_D_Full_Stage5,529
TRN-0023,Valid,0.007510461017553808,Valid,2,0.4,22.4988,39.379,38.3371,24.9876,13.1943,12.3976,17.2618,37.9205,19.4098,False,None,False,False,False,False,False,False,False,False,False,False,False,False,0,False,0.7966999999999995,-4.067500000000001,-24.7262,-4.8642,-25.522899999999996,-20.658699999999996,14.284566666666668,13.1943,2.608950260800948,20.193550000000002,15.22805,12.008417205305062,25.522899999999996,13.439366666666665,25.522899999999996,885.9802451999999,983.9867004,571.3399092562256,13.261789674860047,-0.06748967486004709,0.06748967486004709,12.475524756137839,-0.077924756137838,0.077924756137838,17.297740474907055,-0.03594047490705421,0.03594047490705421,49.516390056670254,-11.595890056670257,11.595890056670257,11.595890056670257,2.944311240643799,11.595890056670257,0.25352968845247054,1.263912851423919,4,529,0,Random_Forest,Set_D_Full_Stage5,530
TRN-0305,Invalid,0.9636428571428571,Invalid,3,0.4,18.9752,39.1127,26.3426,46.8886,11.9802,1.0,15.6456,31.5284,17.5207,False,None,False,False,False,False,False,False,False,False,False,False,False,False,0,False,10.9802,-3.6654,-19.5482,-14.6456,-30.5284,-15.882800000000001,9.541933333333333,11.9802,7.621171700816964,15.03855,13.812899999999999,12.632208220127891,30.5284,15.875100000000002,30.5284,742.17130504,1833.9397452199996,485.1415307198095,11.797562734952242,0.18263726504775768,0.18263726504775768,11.035657100183561,-10.035657100183561,10.035657100183561,15.212766607032272,0.43283339296772816,0.43283339296772816,49.17095275863069,-17.64255275863069,17.64255275863069,17.64255275863069,7.073420129207435,17.64255275863069,0.12386324308607109,2.0300081922737285,4,530,1,Random_Forest,Set_D_Full_Stage5,531
TRN-0536,Valid,0.03927654182492363,Valid,5,0.4,22.9458,45.7975,30.2669,21.8424,13.6546,12.8831,17.8131,49.1447,18.926,False,None,False,False,False,False,False,False,False,False,False,False,False,False,0,False,0.7714999999999996,-4.158499999999998,-35.4901,-4.929999999999998,-36.2616,-31.3316,14.7836,13.6546,2.6518306412740604,23.373874999999998,15.73385,17.316449851778703,36.2616,18.82388333333333,36.2616,1050.8602755,1000.327314,501.02723925383714,13.786360838914893,-0.13176083891489299,0.13176083891489299,12.892974958643755,-0.009874958643754539,0.009874958643754539,17.755639064620983,0.057460935379015865,0.057460935379015865,49.382079124455345,-0.23737912445534448,0.23737912445534448,0.23737912445534448,0.10911896434825197,0.23737912445534448,0.9016165372193656,1.5513723970148738,4,531,0,Random_Forest,Set_D_Full_Stage5,532
TRN-0261,Valid,0.08034930533816662,Valid,5,0.4,18.2851,75.3805,29.9432,58.338,13.6212,14.0408,16.7649,51.2372,25.316,False,None,False,False,False,False,False,False,False,False,False,False,False,False,0,False,-0.41960000000000086,-3.143700000000001,-37.616,-2.7241,-37.1964,-34.472300000000004,14.808966666666668,14.0408,1.7068311115436507,23.916025,15.40285,18.267354148202013,37.616,19.262016666666664,37.616,1378.33998055,4397.547609,242.57065917967387,13.61246414977558,0.00873585022442036,0.00873585022442036,14.087912722043777,-0.047112722043776145,0.047112722043776145,16.77882857752258,-0.01392857752258081,0.01392857752258081,48.720103938580046,2.517096061419956,2.517096061419956,2.517096061419956,0.6467183028026833,2.517096061419956,0.6072684066837777,1.572835965493444,4,532,0,Random_Forest,Set_D_Full_Stage5,533
TRN-0271,Valid,0.023230992817237582,Valid,1,0.4,23.8412,94.0763,38.9754,13.1617,16.5737,17.2782,20.4146,30.579,39.3592,False,None,False,False,False,False,False,False,False,False,False,False,False,False,0,False,-0.7044999999999995,-3.8409000000000013,-14.005300000000002,-3.136400000000002,-13.300800000000002,-10.1644,18.088833333333334,17.2782,2.044742771923485,21.211375,18.8464,6.46439333393578,14.005300000000002,7.525383333333335,14.005300000000002,2242.89188356,1238.20403771,253.42405542904478,16.787402128903167,-0.21370212890316864,0.21370212890316864,17.498038821359472,-0.21983882135947397,0.21983882135947397,20.68260917623086,-0.2680091762308585,0.2680091762308585,49.51670372476211,-18.93770372476211,18.93770372476211,18.93770372476211,4.9098134628139025,18.93770372476211,0.1692100785062443,0.6602727733243257,2,533,0,Random_Forest,Set_D_Full_Stage5,534
TRN-0827,Valid,0.06508369686646677,Valid,1,0.4,12.4842,86.4182,28.5048,20.0729,11.1338,12.8196,13.3905,38.961,27.8574,False,None,False,False,False,False,False,False,False,False,False,False,False,False,0,False,-1.6857999999999986,-2.2566999999999986,-27.827199999999998,-0.5709,-26.141399999999997,-25.5705,12.447966666666668,12.8196,1.17335298326349,19.076225,13.105049999999999,13.291089958408227,27.827199999999998,14.00875,27.827199999999998,1078.86209244,1734.66388678,144.46260805448296,10.967136680079973,0.16666331992002803,0.16666331992002803,12.644463675547692,0.17513632445230698,0.17513632445230698,12.912448598309247,0.47805140169075244,0.47805140169075244,50.4369185981806,-11.475918598180598,11.475918598180598,11.475918598180598,3.0739424110609215,11.475918598180598,0.2454624781354196,1.4587364854752523,2,534,0,Random_Forest,Set_D_Full_Stage5,535
TRN-0148,Invalid,0.8508544700249245,Invalid,1,0.4,11.8673,90.6809,39.2761,29.6365,7.3021,8.4665,12.8879,42.136,33.6087,False,None,False,False,False,False,False,False,False,False,False,False,False,False,0,False,-1.1643999999999997,-5.5858,-34.8339,-4.4214,-33.6695,-29.2481,9.552166666666666,8.4665,2.9469127054144875,17.698125,10.6772,16.468639237527594,34.8339,18.153850000000002,34.8339,1076.1374445699998,2687.46449285,130.86877932742405,11.033460281630258,-3.7313602816302582,3.7313602816302582,13.216963065734285,-4.7504630657342855,4.7504630657342855,12.998071627050273,-0.11017162705027239,0.11017162705027239,50.32642892320078,-8.190428923200777,8.190428923200777,8.190428923200777,4.1956059744038985,8.190428923200777,0.19247033068452268,1.9682243355020175,2,535,1,Random_Forest,Set_D_Full_Stage5,536
TRN-0916,Valid,0.012269111498756145,Valid,4,0.4,15.83,22.3854,29.3857,34.8222,9.3427,8.7621,12.3496,43.3537,15.4539,False,None,False,False,False,False,False,False,False,False,False,False,False,False,0,False,0.5806000000000004,-3.0069,-34.011,-3.5875000000000004,-34.5916,-31.0041,10.151466666666666,9.3427,1.9256470869121718,18.452025,10.846150000000002,16.675405613732458,34.5916,17.79695,34.5916,354.360882,779.5088758800001,707.1570277247547,9.22129213702857,0.1214078629714308,0.1214078629714308,8.5335473235993,0.22855267640069954,0.22855267640069954,12.174166427696456,0.17543357230354495,0.17543357230354495,50.46943691253868,-7.115736912538679,7.115736912538679,7.115736912538679,1.9102827560535887,7.115736912538679,0.34360922419649126,1.8746766955514664,4,536,0,Random_Forest,Set_D_Full_Stage5,537
TRN-0691,Valid,0.03581544896628031,Valid,4,0.4,16.0726,89.5872,44.0183,27.2199,13.0883,14.6408,15.8388,43.9082,35.129,False,None,False,False,False,False,False,False,False,False,False,False,False,False,0,False,-1.5525000000000002,-2.7505000000000006,-30.8199,-1.1980000000000004,-29.267400000000002,-28.0694,14.522633333333333,14.6408,1.3790522409732469,21.869025,15.2398,14.735865729657691,30.8199,15.609616666666668,30.8199,1439.89923072,2438.55462528,179.40730602058042,12.980006807821232,0.10829319217876865,0.10829319217876865,14.715876434727814,-0.07507643472781389,0.07507643472781389,15.700728591446762,0.1380714085532393,0.1380714085532393,50.89060915980321,-6.982409159803211,6.982409159803211,6.982409159803211,1.8259625488157583,6.982409159803211,0.3538617312600473,1.409294008629096,2,537,0,Random_Forest,Set_D_Full_Stage5,538
TRN-0915,Valid,0.005045317381637516,Valid,1,0.4,15.1802,54.6068,48.181,36.2376,10.7723,11.6684,13.9383,46.0319,21.2765,False,None,False,False,False,False,False,False,False,False,False,False,False,False,0,False,-0.8961000000000006,-3.1660000000000004,-35.2596,-2.2699,-34.3635,-32.0936,12.126333333333333,11.6684,1.631921016266821,20.602725,12.80335,17.00506709432515,35.2596,18.008116666666666,35.2596,828.9421453599999,1978.8193756800001,277.99096852572046,10.721125240633109,0.051174759366890754,0.051174759366890754,11.63575448231476,0.03264551768524093,0.03264551768524093,13.573696672800118,0.3646033271998821,0.3646033271998821,49.78269384127544,-3.7507938412754385,3.7507938412754385,3.7507938412754385,1.049804361381863,3.7507938412754385,0.48785143540520914,1.7114038500228246,4,538,0,Random_Forest,Set_D_Full_Stage5,539
TRN-0497,Valid,0.022158551981276767,Valid,3,0.4,22.7015,51.4484,30.3053,42.1301,14.3641,13.524,18.3201,67.2977,19.733,False,None,False,False,False,False,False,False,False,False,False,False,False,False,0,False,0.8401000000000014,-3.9559999999999995,-52.933600000000006,-4.796100000000001,-53.773700000000005,-48.97760000000001,15.402733333333336,14.3641,2.5611937067182824,28.376475000000003,16.342100000000002,26.031616036450117,53.773700000000005,27.546183333333335,53.773700000000005,1167.9558525999998,2167.52623684,441.2478441996555,14.214663241369953,0.14943675863004735,0.14943675863004735,13.45657998435548,0.06742001564451883,0.06742001564451883,18.203640557562284,0.11645944243771567,0.11645944243771567,49.05978189042178,18.237918109578224,18.237918109578224,18.237918109578224,4.642808581572627,18.237918109578224,0.1772167149645371,1.8950091951134893,4,539,0,Random_Forest,Set_D_Full_Stage5,540
TRN-0178,Valid,0.12664353322695227,Valid,4,0.4,19.3405,100.3808,33.8958,5.6278,14.7691,16.3752,17.6476,40.5108,41.2567,False,None,False,False,False,False,False,False,False,False,False,False,False,False,0,False,-1.6060999999999996,-2.8785000000000007,-25.7417,-1.272400000000001,-24.135600000000004,-22.863200000000003,16.263966666666665,16.3752,1.44247017415728,22.325675,17.011400000000002,12.18049171732543,25.7417,13.08291666666667,25.7417,1941.4148623999997,564.9230662399999,192.67128846639113,14.882485326520495,-0.11338532652049516,0.11338532652049516,16.25088550944768,0.1243144905523188,0.1243144905523188,17.89533172265683,-0.2477317226568303,0.2477317226568303,50.958404599562186,-10.447604599562183,10.447604599562183,10.447604599562183,2.733259034822957,10.447604599562183,0.26786247369181637,1.1530082951542138,2,540,0,Random_Forest,Set_D_Full_Stage5,541
TRN-0327,Valid,0.029713784480038873,Valid,5,0.4,28.9693,67.2789,26.4722,52.5104,18.1773,16.9927,23.2303,39.4128,25.7542,False,None,False,False,False,False,False,False,False,False,False,False,False,False,0,False,1.1845999999999997,-5.053000000000001,-21.2355,-6.2376000000000005,-22.420099999999998,-16.182499999999997,19.46676666666667,18.1773,3.312696281480289,24.453274999999998,20.7038,10.333297273176328,22.420099999999998,12.052216666666666,22.420099999999998,1949.0226377699998,3532.8419505599995,430.58515662634846,18.22725284907012,-0.04995284907012021,0.04995284907012021,16.932265181990772,0.06043481800922734,0.06043481800922734,23.17078734440391,0.05951265559609098,0.05951265559609098,47.91538079624389,-8.50258079624389,8.50258079624389,8.50258079624389,2.1681202797298322,8.50258079624389,0.31564458155145453,0.9168543203909004,3,541,0,Random_Forest,Set_D_Full_Stage5,542
TRN-0856,Invalid,0.9350811688311689,Invalid,3,0.4,26.9065,91.7012,35.2636,56.763,15.1083,23.7716,23.0638,67.0168,38.1997,False,None,False,False,False,False,False,False,False,False,False,False,False,False,0,False,-8.6633,-7.955500000000001,-51.908500000000004,0.7077999999999989,-43.245200000000004,-43.953,20.6479,23.0638,4.810469969763869,32.240125,23.4177,23.514799652328886,51.908500000000004,26.072216666666666,51.908500000000004,2467.3583378000003,5205.2352156,293.4148851470989,18.635337155355728,-3.5270371553557283,3.5270371553557283,18.610069349357886,5.1615306506421135,5.1615306506421135,23.20209631010568,-0.13829631010568022,0.13829631010568022,47.78200812029219,19.234791879707814,19.234791879707814,19.234791879707814,7.015413998952834,19.234791879707814,0.12475961941961376,1.6100583946065983,1,542,1,Random_Forest,Set_D_Full_Stage5,543
TRN-0343,Valid,0.27546546590633497,Valid,4,0.4,26.2971,15.0966,35.2021,44.2695,13.6448,11.4401,18.4805,59.6871,18.4245,False,None,False,False,False,False,False,False,False,False,False,False,False,False,0,False,2.2047000000000008,-4.835699999999999,-46.0423,-7.0404,-48.247,-41.2066,14.521799999999999,13.6448,3.6012018535483397,25.813125,16.062649999999998,22.773270535487434,48.247,24.92945,48.247,396.99679986,668.3189337,1741.9208683273926,13.966358942812251,-0.32155894281225095,0.32155894281225095,11.79382358690821,-0.3537235869082114,0.3537235869082114,18.830672746202072,-0.35017274620207317,0.35017274620207317,49.475416145761464,10.211683854238537,10.211683854238537,10.211683854238537,2.809284782540268,10.211683854238537,0.2625164714865812,1.869087191462796,3,543,0,Random_Forest,Set_D_Full_Stage5,544
TRN-0198,Valid,0.019825234653838796,Valid,4,0.4,28.1497,26.9731,19.1549,29.9116,15.5631,13.0973,20.497,43.7674,18.5978,False,None,False,False,False,False,False,False,False,False,False,False,False,False,0,False,2.4657999999999998,-4.9338999999999995,-28.204300000000003,-7.399699999999999,-30.6701,-23.270400000000002,16.3858,15.5631,3.7678264941475206,23.2312,18.03005,14.03218974239825,30.6701,16.157366666666665,30.6701,759.2846730699999,806.80857796,1043.6208505433747,15.32565570624508,0.23744429375492082,0.23744429375492082,12.805079206206832,0.29222079379316845,0.29222079379316845,20.20443525854121,0.29256474145878997,0.29256474145878997,49.010298542257495,-5.2428985422574925,5.2428985422574925,5.2428985422574925,1.516282092816093,5.2428985422574925,0.39741172218129633,1.32021104367788,3,544,0,Random_Forest,Set_D_Full_Stage5,545
TRN-0290,Invalid,0.7924479576441642,Invalid,4,0.4,12.3628,100.7801,22.3968,23.5885,11.9041,13.7706,13.9312,40.4923,23.8671,False,None,False,False,False,False,False,False,False,False,False,False,False,False,0,False,-1.8665000000000003,-2.027100000000001,-28.5882,-0.16060000000000052,-26.7217,-26.5611,13.201966666666669,13.7706,1.1268502577243056,20.02455,13.8509,13.676150811906105,28.5882,14.320866666666667,28.5882,1245.92422028,2377.2513888500002,122.67103101991056,11.74664989041494,0.15745010958506,0.15745010958506,13.663667743288162,0.10693225671183804,0.10693225671183804,13.532290494451239,0.3989095055487617,0.3989095055487617,50.13746588092747,-9.645165880927472,9.645165880927472,9.645165880927472,2.577114438193283,9.645165880927472,0.2795549366055721,1.4276568374036682,2,545,1,Random_Forest,Set_D_Full_Stage5,546
TRN-0711,Valid,0.1572790769186731,Valid,2,0.4,27.3457,27.5273,34.5953,58.9132,15.4514,13.3857,20.4983,58.755,20.0657,False,None,False,False,False,False,False,False,False,False,False,False,False,False,0,False,2.0656999999999996,-5.046900000000001,-43.3036,-7.1126000000000005,-45.3693,-38.2567,16.445133333333334,15.4514,3.6589478191596743,27.0226,17.97485,21.3648419239023,45.3693,23.5258,45.3693,752.75328761,1621.7213303600001,993.4025518657653,15.328404124409403,0.12299587559059688,0.12299587559059688,13.315643362014677,0.07005663798532247,0.07005663798532247,20.348446404748714,0.14985359525128672,0.14985359525128672,48.862874253367295,9.892125746632708,9.892125746632708,9.892125746632708,2.5587579638649784,9.892125746632708,0.28099691244918296,1.6789384889172438,3,546,0,Random_Forest,Set_D_Full_Stage5,547
TRN-0284,Valid,0.07879871195660669,Valid,2,0.4,17.8121,90.2115,37.616,39.5063,13.504,15.1535,16.1926,46.9822,34.353,False,None,False,False,False,False,False,False,False,False,False,False,False,False,0,False,-1.6494999999999997,-2.688599999999999,-33.4782,-1.0390999999999995,-31.828699999999998,-30.7896,14.950033333333332,15.1535,1.35579921202711,22.958075,15.67305,16.054294950028172,33.4782,16.912283333333335,33.4782,1606.8562591500001,3563.9225824500004,197.44819702053542,13.983335543338853,-0.47933554333885375,0.47933554333885375,15.267802711363489,-0.11430271136348935,0.11430271136348935,16.987987346429886,-0.7953873464298873,0.7953873464298873,49.827886372489964,-2.845686372489965,2.845686372489965,2.845686372489965,1.0586779934055488,2.845686372489965,0.48574862275851083,1.4582313812323633,2,547,0,Random_Forest,Set_D_Full_Stage5,548
TRN-0105,Valid,0.14544200784350336,Valid,3,0.4,14.8368,102.3667,39.5969,23.2679,13.1569,15.4076,15.6953,41.709,43.6185,False,None,False,False,False,False,False,False,False,False,False,False,False,False,0,False,-2.2507,-2.5383999999999993,-28.552100000000003,-0.2876999999999992,-26.3014,-26.013700000000004,14.753266666666667,15.4076,1.3899578135085011,21.4922,15.551449999999999,13.525563883501,28.552100000000003,14.324,28.552100000000003,1518.79425456,2381.8581389299998,144.93774392085083,13.025769726916044,0.13113027308395608,0.13113027308395608,15.187161647863322,0.22043835213667862,0.22043835213667862,15.399545954514299,0.29575404548570106,0.29575404548570106,49.43263189325634,-7.723631893256339,7.723631893256339,7.723631893256339,2.0927386409906688,7.723631893256339,0.32333802370046993,1.3284859956235306,2,548,0,Random_Forest,Set_D_Full_Stage5,549
TRN-0439,Valid,0.08553884929796196,Valid,1,0.4,11.5518,50.4478,26.6414,37.17,8.8784,9.5543,11.0339,50.6061,15.9175,False,None,False,False,False,False,False,False,False,False,False,False,False,False,0,False,-0.6759000000000004,-2.1555,-41.7277,-1.4795999999999996,-41.0518,-39.572199999999995,9.822199999999999,9.5543,1.102439508544573,20.018175,10.2941,20.41180720520601,41.7277,21.110449999999997,41.7277,582.76289604,1875.1447260000002,228.98516308240136,8.727845764298415,0.1505542357015841,0.1505542357015841,9.351744907105495,0.2025550928945048,0.2025550928945048,10.779221040240941,0.2546789597590582,0.2546789597590582,50.065852050695185,0.5402479493048133,0.5402479493048133,0.5402479493048133,0.2870090594149901,0.5402479493048133,0.7769953075967856,2.084489677760496,4,549,0,Random_Forest,Set_D_Full_Stage5,550
TRN-0602,Invalid,0.97,Invalid,1,0.4,21.0839,80.5436,36.3989,38.7211,7.1164,15.438,18.6809,61.7175,30.5097,False,None,False,False,False,False,False,False,False,False,False,False,False,False,0,False,-8.3216,-11.564500000000002,-54.6011,-3.2429000000000006,-46.2795,-43.0366,13.7451,15.438,5.965219850935925,25.7382,17.059450000000002,24.47570950323334,54.6011,27.841033333333332,54.6011,1698.17320804,3118.73678996,261.7699901953737,15.01075917299758,-7.8943591729975795,7.8943591729975795,15.531266481354784,-0.09326648135478344,0.09326648135478344,18.600849348737018,0.08005065126298305,0.08005065126298305,49.20454175343649,12.512958246563514,12.512958246563514,12.512958246563514,5.145158638044715,12.512958246563514,0.16272972902749716,2.1214023819061234,4,550,1,Random_Forest,Set_D_Full_Stage5,551
TRN-0269,Valid,0.04203424784562853,Valid,5,0.4,15.8232,102.5936,42.3858,16.5509,13.2755,15.4911,15.8473,56.8715,45.2513,False,None,False,False,False,False,False,False,False,False,False,False,False,False,0,False,-2.2156000000000002,-2.5718000000000014,-43.596,-0.3562000000000012,-41.380399999999995,-41.02419999999999,14.8713,15.4911,1.3934320363763715,25.37135,15.6692,21.03089715719866,43.596,21.857366666666664,43.596,1623.3590515199999,1698.0164142399997,154.231827888696,13.452993470735633,-0.1774934707356337,0.1774934707356337,15.595701199792387,-0.10460119979238769,0.10460119979238769,16.007797842779883,-0.16049784277988266,0.16049784277988266,49.55988723984745,7.311612760152549,7.311612760152549,7.311612760152549,1.9385513183651133,7.311612760152549,0.3403037386995025,1.7183154549066348,2,551,0,Random_Forest,Set_D_Full_Stage5,552
TRN-0184,Valid,0.016484098911978256,Valid,1,0.4,29.5853,85.7903,34.6521,19.6015,19.3913,18.8309,24.4083,51.7121,34.5505,False,None,False,False,False,False,False,False,False,False,False,False,False,False,0,False,0.5604000000000013,-5.0169999999999995,-32.3208,-5.577400000000001,-32.8812,-27.3038,20.876833333333334,19.3913,3.071148751417511,28.58565,21.8998,15.620223665812215,32.8812,17.276766666666663,32.8812,2538.13176259,1681.6185654500002,344.8559633366519,19.163157300723995,0.22814269927600606,0.22814269927600606,18.699550361216858,0.1313496387831421,0.1313496387831421,24.060769242303977,0.34753075769602404,0.34753075769602404,48.79114117837446,2.9209588216255398,2.9209588216255398,2.9209588216255398,0.906995479345178,2.9209588216255398,0.5243850920629235,1.150269050985704,1,552,0,Random_Forest,Set_D_Full_Stage5,553
TRN-0288,Valid,0.0410362160566706,Valid,1,0.4,15.735,21.5399,39.4762,5.9551,8.9844,8.6774,11.8477,,15.9873,True,Sensor_S4,False,False,False,False,False,False,False,False,False,False,False,False,1,True,0.3070000000000004,-2.863299999999999,,-3.1702999999999992,,,9.8365,8.9844,1.7485011667139367,9.8365,8.9844,1.7485011667139367,3.1702999999999992,2.113533333333333,3.1702999999999992,338.9303265,128.27225848999998,730.5044450046449,8.788773669096836,0.19562633090316517,0.19562633090316517,8.480816413373502,0.19658358662649889,0.19658358662649889,11.713829760133569,0.13387023986643065,0.13387023986643065,50.26172026637634,,,0.19658358662649889,0.1753600524653649,0.19658358662649889,0.8508031202034303,0.3222992707779486,4,553,0,Random_Forest,Set_D_Full_Stage5,554
TRN-0668,Valid,0.09329409288455656,Valid,4,0.4,30.0372,108.2607,39.2159,13.5037,20.5937,21.0821,25.4809,54.9198,54.4579,False,None,False,False,False,False,False,False,False,False,False,False,False,False,0,False,-0.48840000000000217,-4.8872,-34.326100000000004,-4.398799999999998,-33.8377,-29.438900000000004,22.385566666666666,21.0821,2.6917373522194414,30.519125000000003,23.2815,16.414913482232144,34.326100000000004,17.896183333333333,34.326100000000004,3251.84829804,1461.92001459,277.4524571287219,20.55702354569997,0.03667645430002864,0.03667645430002864,20.846975819787115,0.2351241802128854,0.2351241802128854,25.419074227127023,0.06182577287297519,0.06182577287297519,49.83680301105698,5.082996988943023,5.082996988943023,5.082996988943023,1.354155849082228,5.082996988943023,0.4247807129633545,1.1247402654105367,1,554,0,Random_Forest,Set_D_Full_Stage5,555
TRN-0014,Valid,0.019578749817567118,Valid,5,0.4,11.1932,77.4751,43.4873,15.9647,9.6759,11.9007,11.5401,72.2076,27.0328,False,None,False,False,False,False,False,False,False,False,False,False,False,False,0,False,-2.2248,-1.8642000000000003,-62.5317,0.3605999999999998,-60.3069,-60.6675,11.0389,11.5401,1.1940832634284764,26.331075,11.720400000000001,30.599885971723815,62.5317,31.325950000000002,62.5317,867.1942893199999,1236.86672897,144.4747868057238,9.83583626842664,-0.15993626842663922,0.15993626842663922,11.896204616518315,0.004495383481685877,0.004495383481685877,11.76850775528408,-0.22840775528407953,0.22840775528407953,50.390014951288876,21.817585048711123,21.817585048711123,21.817585048711123,5.552606113975882,21.817585048711123,0.15261103484720775,2.3748242808832223,4,555,0,Random_Forest,Set_D_Full_Stage5,556
TRN-0813,Valid,0.04654132752764197,Valid,2,0.4,30.5251,48.7172,37.482,41.8758,17.608,15.9534,22.6584,26.8364,23.0728,False,None,False,False,False,False,False,False,False,False,False,False,False,False,0,False,1.6546000000000003,-5.0504,-9.2284,-6.705,-10.883000000000001,-4.178000000000001,18.739933333333333,17.608,3.492880051380713,20.76405,20.133200000000002,4.951935697953545,10.883000000000001,6.283233333333333,10.883000000000001,1487.0974017199999,2040.07172376,626.5773429964482,17.832192413625556,-0.22419241362555553,0.22419241362555553,16.16471743404518,-0.21131743404517955,0.21131743404517955,23.222852826930236,-0.5644528269302356,0.5644528269302356,48.46020967307922,-21.62380967307922,21.62380967307922,21.62380967307922,5.655943086920047,21.62380967307922,0.15024166927826563,0.5241267844535221,3,556,0,Random_Forest,Set_D_Full_Stage5,557
TRN-0636,Valid,0.002146295960160032,Valid,4,0.4,14.2258,57.1339,34.1337,56.3507,10.6019,11.1591,13.4864,44.2794,18.3368,False,None,False,False,False,False,False,False,False,False,False,False,False,False,0,False,-0.5571999999999999,-2.884499999999999,-33.6775,-2.3272999999999993,-33.1203,-30.793000000000003,11.749133333333333,11.1591,1.5300946256141585,19.881700000000002,12.32275,16.31304249345699,33.6775,17.226633333333336,33.6775,812.7754346199999,3219.53525873,248.99048568529616,10.627259354189034,-0.025359354189033567,0.025359354189033567,11.261217670830579,-0.10211767083057843,0.10211767083057843,13.244242771997177,0.24215722800282258,0.24215722800282258,49.510466330026325,-5.231066330026323,5.231066330026323,5.231066330026323,1.4001751457621894,5.231066330026323,0.41663626163516676,1.693893533302719,4,557,0,Random_Forest,Set_D_Full_Stage5,558
TRN-0028,Valid,0.03834494926842369,Valid,1,0.4,23.694,44.5709,39.7788,43.8321,14.2709,13.5117,18.3143,52.1311,20.5491,False,None,False,False,False,False,False,False,False,False,False,False,False,False,0,False,0.7591999999999999,-4.0434,-37.860200000000006,-4.8026,-38.619400000000006,-33.8168,15.365633333333333,14.2709,2.581680168675689,24.557000000000002,16.2926,18.503196114905844,38.619400000000006,19.9836,38.619400000000006,1056.0629046,1953.6361458899999,531.6023388349037,14.340986287158497,-0.07008628715849774,0.07008628715849774,13.527522099314755,-0.015822099314755533,0.015822099314755533,18.637924176465255,-0.32362417646525543,0.32362417646525543,48.75090129972641,3.3801987002735956,3.3801987002735956,3.3801987002735956,0.9474328158030261,3.3801987002735956,0.513496533428625,1.5726425977755436,4,558,0,Random_Forest,Set_D_Full_Stage5,559
TRN-0123,Valid,0.049407045734540134,Valid,2,0.4,14.9187,52.9423,41.4921,16.5583,10.2995,11.0211,12.8863,38.7669,18.1844,False,None,False,False,False,False,False,False,False,False,False,False,False,False,0,False,-0.7216000000000005,-2.5868,-28.467399999999998,-1.8651999999999997,-27.7458,-25.8806,11.402299999999999,11.0211,1.334866525162722,18.24345,11.953700000000001,13.725641905450784,28.467399999999998,14.544566666666666,28.467399999999998,789.83029101,876.63448609,281.7916331946981,10.271578189668013,0.027921810331987373,0.027921810331987373,11.029687347873864,-0.008587347873863393,0.008587347873863393,12.952738713583527,-0.06643871358352627,0.06643871358352627,50.40674416907542,-11.639844169075417,11.639844169075417,11.639844169075417,2.9356980102161985,11.639844169075417,0.2540845352982424,1.5604167191969067,4,559,0,Random_Forest,Set_D_Full_Stage5,560
TRN-0088,Valid,0.007095134730038149,Valid,3,0.4,21.3183,62.0168,39.4007,45.0831,14.2689,14.0302,18.1343,40.939,26.3719,False,None,False,False,False,False,False,False,False,False,False,False,False,False,0,False,0.2386999999999997,-3.8653999999999993,-26.670099999999998,-4.104099999999999,-26.9088,-22.8047,15.477800000000002,14.2689,2.303690215719118,21.8431,16.2016,12.868806035008324,26.9088,14.098633333333332,26.9088,1322.09274744,2795.9095960800005,343.7503476879897,14.181679503266349,0.08722049673365184,0.08722049673365184,14.193056478284676,-0.16285647828467553,0.16285647828467553,17.981725983149865,0.15257401685013505,0.15257401685013505,49.5854011434946,-8.6464011434946,8.6464011434946,8.6464011434946,2.2622630338407657,8.6464011434946,0.30653567466099396,1.231912488652028,4,560,0,Random_Forest,Set_D_Full_Stage5,561
TRN-0714,Valid,0.07743456087005622,Valid,5,0.4,12.6513,81.3865,47.8621,12.0248,10.6411,12.7964,12.6118,35.1179,32.4503,False,None,False,False,False,False,False,False,False,False,False,False,False,False,0,False,-2.1553000000000004,-1.9707000000000008,-24.476799999999997,0.18459999999999965,-22.3215,-22.506099999999996,12.016433333333334,12.6118,1.194644559412269,17.791800000000002,12.7041,11.59184588205577,24.476799999999997,12.269166666666665,24.476799999999997,1029.64502745,978.6563852,155.44713736957146,10.71334292511671,-0.0722429251167096,0.0722429251167096,12.840717668124203,-0.04431766812420257,0.04431766812420257,12.89866453264812,-0.28686453264811895,0.28686453264811895,50.39484116810084,-15.27694116810084,15.27694116810084,15.27694116810084,3.920091573497468,15.27694116810084,0.20324824956238485,1.3757341158656704,4,561,0,Random_Forest,Set_D_Full_Stage5,562
TRN-0583,Valid,0.026976369767266393,Valid,4,0.4,19.3493,72.3037,40.4559,57.2611,13.905,14.4979,17.3418,64.2767,27.6727,False,None,False,False,False,False,False,False,False,False,False,False,False,False,0,False,-0.5929000000000002,-3.4368,-50.371700000000004,-2.8438999999999997,-49.778800000000004,-46.934900000000006,15.248233333333332,14.4979,1.8371577622331003,27.50535,15.91985,24.56008418179113,50.371700000000004,25.659833333333335,50.371700000000004,1399.02598241,4140.18939607,267.61144068540875,13.946073686955204,-0.041073686955204636,0.041073686955204636,14.524598975741181,-0.02669897574118174,0.02669897574118174,17.40952676293888,-0.06772676293888225,0.06772676293888225,49.18956518338853,15.087134816611474,15.087134816611474,15.087134816611474,3.8056585605616857,15.087134816611474,0.2080880252722574,1.8313412367625803,4,562,0,Random_Forest,Set_D_Full_Stage5,563
TRN-0421,Valid,0.14369415565982477,Valid,2,0.4,30.2288,73.786,34.6741,38.9915,19.161,18.1341,24.232,66.364,30.0385,False,None,False,False,False,False,False,False,False,False,False,False,False,False,0,False,1.0269000000000013,-5.070999999999998,-47.203,-6.097899999999999,-48.2299,-42.132000000000005,20.509033333333335,19.161,3.264811097649193,31.972775000000002,21.6965,23.081929865932647,48.2299,24.960116666666664,48.2299,2230.4622368,2877.026819,409.68199798308643,19.0371795751844,0.12382042481560163,0.12382042481560163,18.077928291047833,0.056171708952167165,0.056171708952167165,24.19146784522475,0.040532154775249296,0.040532154775249296,48.39852097632474,17.965479023675265,17.965479023675265,17.965479023675265,4.546500828054571,17.965479023675265,0.18029385210616636,1.5084672792814262,3,563,0,Random_Forest,Set_D_Full_Stage5,564
TRN-0511,Valid,0.0065222955084153125,Valid,3,0.4,18.3138,67.2527,31.9498,12.166,12.4674,13.1687,15.4053,43.7563,22.7241,False,None,False,False,False,False,False,False,False,False,False,False,False,False,0,False,-0.7012999999999998,-2.937900000000001,-31.288900000000005,-2.236600000000001,-30.587600000000002,-28.351000000000003,13.680466666666666,13.1687,1.5343542431046797,21.199424999999998,14.286999999999999,15.090011032771537,31.288900000000005,16.01721666666667,31.288900000000005,1231.65249726,818.1963482000001,272.3131900558356,12.616398400173576,-0.14899840017357668,0.14899840017357668,13.070473265000922,0.09822673499907708,0.09822673499907708,15.661026436810964,-0.2557264368109635,0.2557264368109635,49.76503471075663,-6.008734710756627,6.008734710756627,6.008734710756627,1.6279215706850612,6.008734710756627,0.38052886020465004,1.475930844383353,4,564,0,Random_Forest,Set_D_Full_Stage5,565
TRN-0449,Valid,0.010287311533591654,Valid,5,0.4,21.696,104.8557,37.7763,13.4195,16.5054,17.709,20.0948,50.7071,47.5433,False,None,False,False,False,False,False,False,False,False,False,False,False,False,0,False,-1.203599999999998,-3.5893999999999977,-34.201699999999995,-2.3857999999999997,-32.998099999999994,-30.612299999999998,18.103066666666667,17.709,1.8268591881514376,26.254075,18.901899999999998,16.37011577221839,34.201699999999995,17.49848333333333,34.201699999999995,2274.9492672,1407.11106615,206.91290917776436,16.356246474132334,0.14915352586766772,0.14915352586766772,17.64142737828612,0.06757262171387879,0.06757262171387879,19.820258725253165,0.2745412747468343,0.2745412747468343,48.93444692032473,1.7726530796752655,1.7726530796752655,1.7726530796752655,0.5659801255009116,1.7726530796752655,0.6385777084368354,1.302719176844289,2,565,0,Random_Forest,Set_D_Full_Stage5,566
TRN-0038,Valid,0.1413814758515885,Valid,1,0.4,27.7592,101.5552,34.2606,17.1922,19.2427,19.2265,23.8862,59.3814,45.698,False,None,False,False,False,False,False,False,False,False,False,False,False,False,0,False,0.016199999999997772,-4.6434999999999995,-40.1387,-4.659699999999997,-40.1549,-35.4952,20.785133333333334,19.2427,2.6856147272707096,30.4342,21.56445,19.422314515182446,40.1549,20.851366666666667,40.1549,2819.09110784,1745.95730944,273.3409738407316,19.127854969812695,0.11484503018730408,0.11484503018730408,19.374700667305266,-0.1482006673052645,0.1482006673052645,23.610689258078576,0.27551074192142266,0.27551074192142266,49.06193466781526,10.319465332184741,10.319465332184741,10.319465332184741,2.714505442899683,10.319465332184741,0.26921484309883315,1.3194001092849132,1,566,0,Random_Forest,Set_D_Full_Stage5,567
TRN-0891,Valid,0.03603173926952099,Valid,3,0.4,31.2092,24.7295,37.9771,7.605,16.1873,13.7588,21.489,46.4701,20.3503,False,None,False,False,False,False,False,False,False,False,False,False,False,False,0,False,2.4284999999999997,-5.3017,-30.2828,-7.7302,-32.7113,-24.9811,17.145033333333334,16.1873,3.953092190087822,24.476300000000002,18.83815,15.013588589230315,32.7113,17.239266666666666,32.7113,771.7879114,188.06784750000003,1262.0225795011709,16.42266136828181,-0.23536136828180787,0.23536136828180787,14.082072652847659,-0.32327265284765794,0.32327265284765794,21.939671304804648,-0.4506713048046471,0.4506713048046471,50.745956880582746,-4.275856880582744,4.275856880582744,4.275856880582744,1.3212905516292142,4.275856880582744,0.43079484354000536,1.3364473648192885,3,567,0,Random_Forest,Set_D_Full_Stage5,568
TRN-0313,Valid,0.09346830207782927,Valid,3,0.4,28.2726,86.4153,41.69,52.7211,18.8426,18.6702,23.9336,60.1178,37.4216,False,None,False,False,False,False,False,False,False,False,False,False,False,False,0,False,0.17239999999999966,-5.0909999999999975,-41.2752,-5.263399999999997,-41.4476,-36.184200000000004,20.482133333333334,18.8426,2.990300495490934,30.39105,21.3881,19.967668434997613,41.4476,21.5723,41.4476,2443.18521078,4555.90967283,327.17119223433906,18.9611142681215,-0.11851426812149768,0.11851426812149768,18.806850708104058,-0.13665070810405666,0.13665070810405666,23.84016535492518,0.09343464507481869,0.09343464507481869,48.49910262019545,11.618697379804551,11.618697379804551,11.618697379804551,2.991824250276231,11.618697379804551,0.2505120309168924,1.3638089622408696,1,568,0,Random_Forest,Set_D_Full_Stage5,569
TRN-0255,Valid,0.015588845917366683,Valid,5,0.4,17.4922,39.68,34.5857,26.5506,10.8434,10.4393,14.1841,51.656,17.2442,False,None,False,False,False,False,False,False,False,False,False,False,False,False,0,False,0.40410000000000146,-3.3407,-40.812599999999996,-3.7448000000000015,-41.2167,-37.4719,11.822266666666666,10.8434,2.0553629176700974,21.7807,12.513750000000002,19.98744411624458,41.2167,21.165133333333333,41.2167,694.090496,1053.527808,440.83154212914764,10.89028352393171,-0.0468835239317098,0.0468835239317098,10.669117249988455,-0.22981724998845543,0.22981724998845543,14.046441704404266,0.13765829559573461,0.13765829559573461,49.99642713310829,1.6595728668917076,1.6595728668917076,1.6595728668917076,0.5184829841019019,1.6595728668917076,0.6585519959523579,1.892348780182097,4,569,0,Random_Forest,Set_D_Full_Stage5,570
TRN-0647,Valid,0.016865557601040103,Valid,1,0.4,21.852,64.5289,34.5926,11.2937,14.1639,13.9786,17.7505,39.2504,23.9903,False,None,False,False,False,False,False,False,False,False,False,False,False,False,0,False,0.1852999999999998,-3.586599999999999,-25.0865,-3.7718999999999987,-25.2718,-21.4999,15.297666666666666,14.1639,2.126235533362504,21.28585,15.9572,12.101540269596537,25.2718,13.233666666666666,25.2718,1410.0855227999998,728.7700379299998,338.6389139379543,14.16745143141536,-0.0035514314153601845,0.0035514314153601845,14.142940056280715,-0.16434005628071446,0.16434005628071446,17.847619254405934,-0.0971192544059356,0.0971192544059356,49.66148644269559,-10.411086442695591,10.411086442695591,10.411086442695591,2.6690242961994004,10.411086442695591,0.2725520245357495,1.187257644276529,4,570,0,Random_Forest,Set_D_Full_Stage5,571
TRN-0423,Valid,0.003936034005121816,Valid,3,0.4,18.2339,55.7219,24.4936,48.8595,12.3715,12.2858,15.7123,45.9793,18.5143,False,None,False,False,False,False,False,False,False,False,False,False,False,False,0,False,0.08569999999999922,-3.3408000000000015,-33.607800000000005,-3.4265000000000008,-33.6935,-30.267000000000003,13.456533333333333,12.3715,1.9540211266343401,21.587225,14.0419,16.339463076322307,33.6935,17.40355,33.6935,1016.0275524099999,2722.5441730499997,327.23034799058394,12.377043949415212,-0.0055439494152125235,0.0055439494152125235,12.144376894571966,0.14142310542803394,0.14142310542803394,15.555686723057084,0.1566132769429167,0.1566132769429167,48.55605563854207,-2.5767556385420676,2.5767556385420676,2.5767556385420676,0.7200839925820577,2.5767556385420676,0.5813669590046454,1.5608066526352264,4,571,0,Random_Forest,Set_D_Full_Stage5,572
TRN-0398,Invalid,0.8823283182290191,Invalid,1,0.4,23.6081,38.436,51.5397,28.3981,20.9822,13.0628,17.4497,57.6559,26.8098,False,None,False,False,False,False,False,False,False,False,False,False,False,False,0,False,7.9193999999999996,3.532499999999999,-36.673700000000004,-4.386900000000001,-44.59310000000001,-40.2062,17.1649,17.4497,3.967374115205169,27.28765,19.21595,20.50301543261381,44.59310000000001,22.8853,44.59310000000001,907.4009316,1091.5093716,614.2182812419915,13.793152588344752,7.189047411655247,7.189047411655247,13.216652249575239,-0.15385224957523924,0.15385224957523924,18.164860350901066,-0.7151603509010656,0.7151603509010656,49.08954701462852,8.56635298537148,8.56635298537148,8.56635298537148,4.156103249375758,8.56635298537148,0.19394491375266168,1.6341855622651413,4,572,1,Random_Forest,Set_D_Full_Stage5,573
TRN-0289,Valid,0.09674270984119908,Valid,3,0.4,12.2869,55.9791,39.0557,27.4659,9.2859,10.2734,11.2989,58.2312,17.4577,False,None,False,False,False,False,False,False,False,False,False,False,False,False,0,False,-0.9875000000000007,-2.013,-48.9453,-1.0254999999999992,-47.9578,-46.9323,10.286066666666667,10.2734,1.0065597763338914,22.27235,10.78615,23.98665033534278,48.9453,24.64356666666667,48.9453,687.80960379,1537.51636269,219.4908064812034,9.297350277422483,-0.011450277422483168,0.011450277422483168,10.39275208532642,-0.11935208532641894,0.11935208532641894,11.535444209721,-0.236544209721,0.236544209721,50.710799401514656,7.520400598485345,7.520400598485345,7.520400598485345,1.9719367927388118,7.520400598485345,0.3364809111833237,2.1975803192836323,4,573,0,Random_Forest,Set_D_Full_Stage5,574
TRN-0579,Valid,0.011976278654308885,Valid,2,0.4,25.8539,97.7032,34.2355,28.4083,18.1987,18.5238,22.5244,42.8963,41.4578,False,None,False,False,False,False,False,False,False,False,False,False,False,False,0,False,-0.3251000000000026,-4.325700000000001,-24.697599999999998,-4.000599999999999,-24.372499999999995,-20.371899999999997,19.748966666666664,18.5238,2.4090859559869036,25.5358,20.5241,11.739629048937902,24.697599999999998,13.015566666666667,24.697599999999998,2526.00876248,2775.58181656,264.61668966659335,18.130621210765124,0.06807878923487465,0.06807878923487465,18.490238678041372,0.033561321958629264,0.033561321958629264,22.36268575980335,0.16171424019664826,0.16171424019664826,48.86136028798346,-5.965060287983462,5.965060287983462,5.965060287983462,1.5571036598434036,5.965060287983462,0.3910674470119994,0.9671751160429217,1,574,0,Random_Forest,Set_D_Full_Stage5,575
TRN-0275,Valid,0.17781214155308472,Valid,2,0.4,17.8668,47.0833,25.1341,36.193,11.1437,10.8196,14.0121,38.2814,17.1723,False,None,False,False,False,False,False,False,False,False,False,False,False,False,0,False,0.3241000000000014,-2.8683999999999994,-27.137699999999995,-3.192500000000001,-27.461799999999997,-24.269299999999998,11.9918,11.1437,1.7571195946776077,18.5642,12.5779,13.222862015716062,27.461799999999997,14.208966666666667,27.461799999999997,841.2279044400001,1704.0858769,379.47204646402304,11.575338873698593,-0.4316388736985921,0.4316388736985921,11.20169353330105,-0.38209353330105067,0.38209353330105067,14.698614072908875,-0.6865140729088743,0.6865140729088743,49.97123223174938,-11.689832231749385,11.689832231749385,11.689832231749385,3.2975196779144755,11.689832231749385,0.23269236093068585,1.4792872952848517,4,575,0,Random_Forest,Set_D_Full_Stage5,576
TRN-0885,Valid,0.13583559417428662,Valid,1,0.4,9.8693,34.1735,47.1174,41.4493,7.4965,8.2213,9.6744,50.7342,17.5958,False,None,False,False,False,False,False,False,False,False,False,False,False,False,0,False,-0.7247999999999992,-2.1779,-43.237700000000004,-1.453100000000001,-42.5129,-41.0598,8.464066666666668,8.2213,1.1090598916800363,19.0316,8.947849999999999,21.154457029981494,43.237700000000004,21.861033333333335,43.237700000000004,337.26852355,1416.46765355,288.7997165055624,7.095340152493348,0.40115984750665223,0.40115984750665223,8.072012113410677,0.14928788658932213,0.14928788658932213,9.18153010693613,0.49286989306387063,0.49286989306387063,50.13239866851027,0.6018013314897317,0.6018013314897317,0.6018013314897317,0.4112797396623942,0.6018013314897317,0.7085767420137553,2.2718887156683016,4,576,0,Random_Forest,Set_D_Full_Stage5,577
TRN-0201,Valid,0.10628191078808294,Valid,1,0.4,13.0583,62.9442,42.9019,15.9798,9.9293,11.3912,12.1505,38.707,23.7241,False,None,False,False,False,False,False,False,False,False,False,False,False,False,0,False,-1.4619,-2.2211999999999996,-28.777700000000003,-0.7592999999999996,-27.315800000000003,-26.5565,11.156999999999998,11.3912,1.1289683742248937,18.0445,11.77085,13.80580812774102,28.777700000000003,14.5154,28.777700000000003,821.94424686,1005.83572716,207.45831904157663,9.915001338980277,0.014298661019722658,0.014298661019722658,11.26895680600932,0.12224319399067873,0.12224319399067873,12.222174144105148,-0.07167414410514894,0.07167414410514894,50.42971128840265,-11.72271128840265,11.72271128840265,11.72271128840265,2.98273182187955,11.72271128840265,0.25108394055215977,1.5948174818823013,4,577,0,Random_Forest,Set_D_Full_Stage5,578
TRN-0171,Invalid,0.8671089466089466,Invalid,2,0.4,15.6952,76.0224,22.3138,52.257,12.0119,20.1057,14.6344,67.6222,22.1384,False,None,False,False,False,False,False,False,False,False,False,False,False,False,0,False,-8.093799999999998,-2.6224999999999987,-55.61030000000001,5.471299999999999,-47.51650000000001,-52.98780000000001,15.583999999999998,14.6344,4.12961314532003,28.59355,17.37005,26.236667114873164,55.61030000000001,28.717033333333337,55.61030000000001,1193.1867724800002,3972.7025568,206.45491243963457,12.312870853124178,-0.30097085312417704,0.30097085312417704,12.952833793437744,7.152866206562255,7.152866206562255,14.939703192391406,-0.30530319239140624,0.30530319239140624,50.057637381120706,17.5645626188793,17.5645626188793,17.5645626188793,6.330925717739285,17.5645626188793,0.13640842077832166,1.9448540160791454,4,578,1,Random_Forest,Set_D_Full_Stage5,579
TRN-0689,Valid,0.1235385634655775,Valid,5,0.4,31.6492,35.4878,43.8532,18.733,17.3536,15.3904,23.1375,33.0242,22.6997,False,None,False,False,False,False,False,False,False,False,False,False,False,False,0,False,1.9632000000000005,-5.783899999999999,-15.6706,-7.7471,-17.6338,-9.886700000000001,18.627166666666668,17.3536,4.027513953213984,22.226425,20.24555,7.914073200897668,17.6338,9.780883333333334,17.6338,1123.16047976,664.7929574,891.8329984296015,17.389068638041614,-0.03546863804161404,0.03546863804161404,15.442356189782993,-0.051956189782993434,0.051956189782993434,23.01147227755227,0.12602772244773064,0.12602772244773064,49.23239998229489,-16.208199982294893,16.208199982294893,16.208199982294893,4.105413133141807,16.208199982294893,0.19587053465046667,0.7933705967691176,3,579,0,Random_Forest,Set_D_Full_Stage5,580
TRN-0769,Valid,0.05720477066442932,Valid,2,0.4,8.373,78.0065,31.6603,24.9763,8.6715,10.7605,10.2026,45.9541,23.1383,False,None,False,False,False,False,False,False,False,False,False,False,False,False,0,False,-2.0890000000000004,-1.5311000000000003,-37.282599999999995,0.5579000000000001,-35.193599999999996,-35.75149999999999,9.878200000000001,10.2026,1.0816222861979132,18.897175,10.48155,18.05955641894802,37.282599999999995,18.734283333333334,37.282599999999995,653.1484244999999,1948.3137459499999,107.33719531869839,8.594977648075123,0.07652235192487744,0.07652235192487744,10.650142084057448,0.11035791594255251,0.11035791594255251,9.964009457579614,0.23859054242038624,0.23859054242038624,51.039814837099186,-5.085714837099189,5.085714837099189,5.085714837099189,1.3777964118467514,5.085714837099189,0.4205574518565847,1.9729181886085148,4,580,0,Random_Forest,Set_D_Full_Stage5,581
TRN-0575,Valid,0.061630294529478075,Valid,3,0.4,29.1671,81.9158,28.8445,36.8917,18.8973,18.0038,23.9664,39.8755,31.127,False,None,False,False,False,False,False,False,False,False,False,False,False,False,0,False,0.8935000000000031,-5.069099999999999,-20.9782,-5.962600000000002,-21.871700000000004,-15.909100000000002,20.289166666666667,18.8973,3.2157610768422047,25.18575,21.43185,10.139042997081464,21.871700000000004,11.780700000000001,21.871700000000004,2389.2463301800003,3022.0131188600003,356.061912834653,18.931660041038853,-0.03436004103885182,0.03436004103885182,18.182548733719663,-0.17874873371966515,0.17874873371966515,23.78654944547731,0.17985055452269094,0.17985055452269094,47.81756410975781,-7.942064109757808,7.942064109757808,7.942064109757808,2.083755859759754,7.942064109757808,0.3242798864362456,0.8684153267560719,3,581,0,Random_Forest,Set_D_Full_Stage5,582
TRN-0428,Valid,0.04704635591621917,Valid,5,0.4,20.4699,69.9818,34.8688,27.8474,14.2195,14.1737,17.3693,40.4876,25.319,False,None,False,False,False,False,False,False,False,False,False,False,False,False,0,False,0.04579999999999984,-3.149799999999999,-26.2681,-3.195599999999999,-26.3139,-23.1183,15.254166666666668,14.2195,1.8319023372803833,21.562525,15.7944,12.705069207308554,26.3139,13.681916666666668,26.3139,1432.52044782,1948.8111773200003,292.5031518904697,14.00981385342358,0.20968614657641993,0.20968614657641993,14.28793271655267,-0.11423271655266909,0.11423271655266909,17.498904489413167,-0.12960448941316827,0.12960448941316827,49.25776468758259,-8.770164687582593,8.770164687582593,8.770164687582593,2.3059220100312126,8.770164687582593,0.30248747458823405,1.2203528017461769,4,582,0,Random_Forest,Set_D_Full_Stage5,583
TRN-0272,Valid,0.01994777580013332,Valid,1,0.4,30.9147,51.0044,42.4644,18.3643,17.8293,16.553,23.1521,40.4619,23.6436,False,None,False,False,False,False,False,False,False,False,False,False,False,False,0,False,1.276299999999999,-5.322800000000001,-22.6326,-6.5991,-23.9089,-17.3098,19.178133333333335,17.8293,3.50022052495744,24.499075,20.4907,11.018955335957822,23.9089,12.841583333333332,23.9089,1576.78572468,936.66010292,606.1181768400027,17.873606338599885,-0.044306338599884754,0.044306338599884754,16.43955126451556,0.11344873548443957,0.11344873548443957,23.27266468607076,-0.12056468607076098,0.12056468607076098,48.60740810534065,-8.145508105340653,8.145508105340653,8.145508105340653,2.1059569663739346,8.145508105340653,0.32196196239236863,0.9759099166356621,3,583,0,Random_Forest,Set_D_Full_Stage5,584
TRN-0763,Valid,0.07854774836785611,Valid,3,0.4,20.5583,61.5323,30.8158,8.7893,13.3374,13.3175,16.9269,36.3166,19.1371,False,None,False,False,False,False,False,False,False,False,False,False,False,False,0,False,0.019899999999999807,-3.5894999999999992,-22.9792,-3.609399999999999,-22.9991,-19.3897,14.527266666666668,13.3374,2.078167246237254,19.974600000000002,15.13215,11.02601232752198,22.9991,12.0978,22.9991,1264.99948309,540.82584439,334.10577304833834,13.336819255706825,0.0005807442931757834,0.0005807442931757834,13.296068120244472,0.021431879755528627,0.021431879755528627,16.767703098930667,0.1591969010693326,0.1591969010693326,49.76032065124778,-13.44372065124778,13.44372065124778,13.44372065124778,3.4062325440914543,13.44372065124778,0.22695125370560662,1.1514167235305217,4,584,0,Random_Forest,Set_D_Full_Stage5,585
TRN-0727,Valid,0.08139205616207469,Valid,3,0.4,15.8896,19.4607,45.5969,8.0754,8.3908,8.3681,11.4267,74.0864,16.6021,False,None,False,False,False,False,False,False,False,False,False,False,False,False,0,False,0.022700000000000387,-3.0359,-65.6956,-3.0586,-65.7183,-62.6597,9.3952,8.3908,1.7593672186328813,25.567999999999998,9.908750000000001,32.37748324633443,65.7183,33.365133333333326,65.7183,309.22273872,157.15293678,816.4964176538267,8.79187910311906,-0.40107910311905925,0.40107910311905925,8.586274435996044,-0.21817443599604402,0.21817443599604402,11.844222738561312,-0.4175227385613116,0.4175227385613116,52.51409618597446,21.57230381402554,21.57230381402554,21.57230381402554,5.652270022925489,21.57230381402554,0.15032462551185302,2.5703330059711336,4,585,0,Random_Forest,Set_D_Full_Stage5,586
TRN-0042,Valid,0.08046257815615297,Valid,2,0.4,19.2353,48.7693,27.1839,20.7282,12.089,11.6227,15.3121,57.8987,17.8278,False,None,False,False,False,False,False,False,False,False,False,False,False,False,0,False,0.4663000000000004,-3.2230999999999987,-45.8097,-3.689399999999999,-46.275999999999996,-42.5866,13.007933333333334,12.089,2.0090412995589046,24.230625,13.70055,22.50524526140147,46.275999999999996,23.675183333333333,46.275999999999996,938.0921162899999,1010.8998042600001,394.41402800244657,12.14879747927571,-0.05979747927571033,0.05979747927571033,11.753738108607992,-0.13103810860799214,0.13103810860799214,15.449827373010107,-0.13772737301010807,0.13772737301010807,49.85578295966784,8.042917040332156,8.042917040332156,8.042917040332156,2.0928700003064917,8.042917040332156,0.32332429099862064,1.9098137543650835,4,586,0,Random_Forest,Set_D_Full_Stage5,587
TRN-0773,Invalid,0.9879166666666666,Invalid,2,0.4,18.149,40.6311,31.4089,53.4559,3.9127,10.9356,14.7335,61.6319,17.8539,False,None,False,False,False,False,False,False,False,False,False,False,False,False,0,False,-7.022900000000001,-10.820799999999998,-57.7192,-3.7978999999999985,-50.6963,-46.8984,9.8606,10.9356,5.489913196945831,22.803425,12.83455,26.270889602926783,57.7192,29.492583333333332,57.7192,737.4138339000001,2171.97201849,446.6774350983765,11.562853434363443,-7.650153434363443,7.650153434363443,11.095161135235928,-0.1595611352359274,0.1595611352359274,14.90626942684018,-0.17276942684017982,0.17276942684017982,49.923074762941425,11.708825237058576,11.708825237058576,11.708825237058576,4.922827308374532,11.708825237058576,0.16883828413941065,2.531162520032618,4,587,1,Random_Forest,Set_D_Full_Stage5,588
TRN-0764,Valid,0.01800784820624636,Valid,3,0.4,30.7478,51.1431,43.5796,43.3897,17.9541,16.5559,23.4592,46.5817,23.6919,False,None,False,False,False,False,False,False,False,False,False,False,False,False,0,False,1.3981999999999992,-5.505099999999999,-28.627599999999997,-6.903299999999998,-30.025799999999997,-23.1225,19.323066666666666,17.9541,3.649580801041857,26.137725,20.70665,13.951268740960442,30.025799999999997,15.930416666666664,30.025799999999997,1572.53781018,2219.08376607,601.2109940126833,18.09772262934645,-0.14362262934644932,0.14362262934644932,16.653417931821913,-0.09751793182191193,0.09751793182191193,23.587568071182726,-0.1283680711827273,0.1283680711827273,49.69229163538211,-3.1105916353821144,3.1105916353821144,3.1105916353821144,0.8700250669333007,3.1105916353821144,0.5347521900548232,1.148752942823852,3,588,0,Random_Forest,Set_D_Full_Stage5,589
TRN-0620,Valid,0.06535219796477655,Valid,1,0.4,24.1614,59.8066,29.9794,21.2834,15.3065,14.6956,19.4732,54.2948,20.9953,False,None,False,False,False,False,False,False,False,False,False,False,False,False,0,False,0.6108999999999991,-4.166699999999999,-38.9883,-4.777599999999998,-39.5992,-34.821600000000004,16.491766666666667,15.3065,2.6000015852559257,25.942525,17.38985,19.020357632350134,39.5992,20.49405,39.5992,1445.01118524,1272.8877904400001,403.9921339798393,15.129382294051267,0.17711770594873322,0.17711770594873322,14.480147408174814,0.21545259182518706,0.21545259182518706,19.222893258275782,0.2503067417242164,0.2503067417242164,49.20465224747122,5.090147752528779,5.090147752528779,5.090147752528779,1.4332561980067289,5.090147752528779,0.41097193169349716,1.5264198352242757,4,589,0,Random_Forest,Set_D_Full_Stage5,590
TRN-0914,Valid,0.38706120544511186,Valid,4,0.4,14.1881,60.8325,37.1535,41.5068,11.1654,11.9085,13.8926,32.8292,19.2031,False,None,False,False,False,False,False,False,False,False,False,False,False,False,0,False,-0.7431000000000001,-2.7272,-21.663800000000002,-1.9840999999999998,-20.9207,-18.9366,12.322166666666668,11.9085,1.4098741232228262,17.448925000000003,12.900549999999999,10.317934260104265,21.663800000000002,11.162583333333332,21.663800000000002,863.09759325,2524.962411,233.23219771796363,10.643953128988871,0.5214468710111291,0.5214468710111291,11.531176133908215,0.3773238660917855,0.3773238660917855,13.2027960543457,0.6898039456542993,0.6898039456542993,50.325139052728055,-17.495939052728055,17.495939052728055,17.495939052728055,4.771128433871317,17.495939052728055,0.17327633780092336,1.241554283972059,4,590,0,Random_Forest,Set_D_Full_Stage5,591
TRN-0982,Valid,0.054598620796589906,Valid,1,0.4,12.4416,18.6756,38.7164,37.5457,7.2086,7.2314,9.6382,80.5135,14.96,False,None,False,False,False,False,False,False,False,False,False,False,False,False,0,False,-0.022800000000000153,-2.4295999999999998,-73.30489999999999,-2.4067999999999996,-73.2821,-70.8753,8.026066666666667,7.2314,1.396194962508221,26.147924999999997,8.4348,36.2616404950994,73.30489999999999,37.05358333333333,73.30489999999999,232.35434496,701.1884749199999,666.195106880043,7.4182253553443225,-0.2096253553443228,0.2096253553443228,7.344811400962037,-0.11341140096203706,0.11341140096203706,9.928778428419905,-0.2905784284199058,0.2905784284199058,49.906848388459096,30.606651611540897,30.606651611540897,30.606651611540897,7.80506669906679,30.606651611540897,0.11357097386962277,2.8034680367684865,4,591,0,Random_Forest,Set_D_Full_Stage5,592
TRN-0113,Valid,0.06396598639455782,Valid,4,0.4,31.1611,31.5237,42.6012,33.9683,17.1963,15.0119,22.7454,,22.1831,True,Sensor_S4,False,False,False,False,False,False,False,False,False,False,False,False,1,True,2.1844,-5.549099999999999,,-7.733499999999999,,,18.31786666666667,17.1963,3.9868771492652404,18.31786666666667,17.1963,3.9868771492652404,7.733499999999999,5.155666666666666,7.733499999999999,982.3131680700001,1070.8064987100001,988.4972295456341,17.100399951126477,0.09590004887352421,0.09590004887352421,15.012742929212637,-0.0008429292126361787,0.0008429292126361787,22.724620024696076,0.020779975303923948,0.020779975303923948,49.74260086884943,,,0.09590004887352421,0.03917431779669478,0.09590004887352421,0.9623024577053116,0.42218321155490535,3,592,0,Random_Forest,Set_D_Full_Stage5,593
TRN-0258,Valid,0.08532803280802988,Valid,1,0.4,14.7553,71.7787,35.4516,36.6047,11.449,12.6512,14.0301,53.4391,24.268,False,None,False,False,False,False,False,False,False,False,False,False,False,False,0,False,-1.2021999999999995,-2.5810999999999993,-41.990100000000005,-1.3788999999999998,-40.78790000000001,-39.409000000000006,12.710099999999999,12.6512,1.291557668089195,22.89235,13.34065,20.391786117372522,41.990100000000005,21.224866666666667,41.990100000000005,1059.11625211,2627.43777989,205.56652522732713,11.454460530859912,-0.005460530859911827,0.005460530859911827,12.548045599745613,0.10315440025438605,0.10315440025438605,14.00836127862991,0.02173872137008992,0.02173872137008992,49.83986764340458,3.5992323565954223,3.5992323565954223,3.5992323565954223,0.9323965022699525,3.5992323565954223,0.5174921393333705,1.8342407685358786,4,593,0,Random_Forest,Set_D_Full_Stage5,594
TRN-0002,Valid,0.011817971077382021,Valid,2,0.4,18.4463,56.7764,23.0633,12.8259,11.8108,11.7818,14.6466,34.3554,17.3604,False,None,False,False,False,False,False,False,False,False,False,False,False,False,0,False,0.028999999999999915,-2.835799999999999,-22.544600000000003,-2.864799999999999,-22.573600000000003,-19.708800000000004,12.7464,11.8108,1.645685352672253,18.14865,13.2287,10.887733484829003,22.573600000000003,11.759433333333334,22.573600000000003,1047.31450732,728.2084287600001,324.893736676905,12.11487299419082,-0.30407299419082,0.30407299419082,11.963576571843193,-0.1817765718431925,0.1817765718431925,15.162035734242703,-0.5154357342427041,0.5154357342427041,49.9337154535988,-15.578315453598798,15.578315453598798,15.578315453598798,4.1449001884688785,15.578315453598798,0.19436723033835956,1.2438163478736173,4,594,0,Random_Forest,Set_D_Full_Stage5,595
TRN-0283,Valid,0.05060908630122473,Valid,2,0.4,28.9197,27.591,41.9035,37.8014,15.9737,14.1276,21.1828,66.5722,21.6272,False,None,False,False,False,False,False,False,False,False,False,False,False,False,0,False,1.8460999999999999,-5.209100000000001,-50.598499999999994,-7.055200000000001,-52.444599999999994,-45.389399999999995,17.0947,15.9737,3.6587487628969555,29.464074999999998,18.57825,24.918467981984097,52.444599999999994,27.090483333333328,52.444599999999994,797.9234427,1042.9784274,1048.156627829137,15.851392837183026,0.1223071628169734,0.1223071628169734,13.919850109483074,0.20774989051692572,0.20774989051692572,21.12396767961125,0.05883232038874908,0.05883232038874908,48.7609130625743,17.81128693742569,17.81128693742569,17.81128693742569,4.550044077787085,17.81128693742569,0.1801787492107126,1.7799500646295312,3,595,0,Random_Forest,Set_D_Full_Stage5,596
TRN-0677,Valid,0.01576489625296413,Valid,5,0.4,21.058,68.7623,28.9605,26.7195,14.1566,14.0598,17.9396,38.7286,23.3267,False,None,False,False,False,False,False,False,False,False,False,False,False,False,0,False,0.0968,-3.7829999999999995,-24.572000000000003,-3.8797999999999995,-24.6688,-20.789,15.385333333333334,14.1566,2.2125892554501236,21.22115,16.048099999999998,11.810619182611328,24.6688,12.9649,24.6688,1447.9965134,1837.29427485,306.2433475547869,14.201550050465514,-0.04495005046551448,0.04495005046551448,14.186395406903078,-0.12659540690307836,0.12659540690307836,17.727848681809004,0.2117513181909949,0.2117513181909949,49.07304952720315,-10.344449527203153,10.344449527203153,10.344449527203153,2.681936575690685,10.344449527203153,0.27159620472615353,1.1624623724622027,4,596,0,Random_Forest,Set_D_Full_Stage5,597
TRN-0486,Valid,0.13736944222635222,Valid,4,0.4,17.1442,103.7046,38.9918,21.6489,14.2967,16.3271,17.2076,33.04,45.6002,False,None,False,False,False,False,False,False,False,False,False,False,False,False,0,False,-2.030400000000002,-2.9109,-18.743299999999998,-0.8804999999999978,-16.712899999999998,-15.8324,15.943800000000001,16.3271,1.4928241256089079,20.21785,16.76735,8.634564041687339,18.743299999999998,9.518399999999998,18.743299999999998,1777.93240332,2245.09051494,165.31762667059834,14.20382314621011,0.09287685378988897,0.09287685378988897,16.07436987872023,0.2527301212797717,0.2527301212797717,16.94641576321801,0.26118423678198965,0.26118423678198965,50.645392295702145,-17.605392295702146,17.605392295702146,17.605392295702146,4.553045876888449,17.605392295702146,0.18008135033819175,0.9270664649967899,2,597,0,Random_Forest,Set_D_Full_Stage5,598
TRN-0554,Valid,0.03124739236872306,Valid,4,0.4,10.2715,99.3761,29.1666,35.7966,10.8652,13.1476,12.3766,44.9502,36.6035,False,None,False,False,False,False,False,False,False,False,False,False,False,False,0,False,-2.282400000000001,-1.5114,-34.085,0.7710000000000008,-31.8026,-32.5736,12.129799999999998,12.3766,1.1610426865537722,20.334899999999998,12.7621,16.43755894651028,34.085,17.171,34.085,1020.7416111499999,3557.3265012599995,103.35985177926567,10.814788431833,0.0504115681670001,0.0504115681670001,13.143409510495864,0.004190489504136252,0.004190489504136252,12.377470738767263,-0.0008707387672632905,0.0008707387672632905,50.128422948707396,-5.178222948707393,5.178222948707393,5.178222948707393,1.3084239362864483,5.178222948707393,0.4331959932839268,1.676181502647418,2,598,0,Random_Forest,Set_D_Full_Stage5,599
TRN-0341,Valid,0.043633981731014605,Valid,5,0.4,21.6849,99.1059,37.2354,56.2871,16.3468,17.5527,19.8958,75.1837,42.9304,False,None,False,False,False,False,False,False,False,False,False,False,False,False,0,False,-1.2058999999999997,-3.5489999999999995,-58.8369,-2.3430999999999997,-57.631,-55.2879,17.931766666666668,17.5527,1.8046104575041484,32.24475,18.72425,28.663863083506385,58.8369,29.808966666666667,58.8369,2149.10153091,5578.38370389,218.80531645388248,16.544396618153193,-0.19759661815319163,0.19759661815319163,17.494400201765995,0.05829979823400677,0.05829979823400677,20.214066222799282,-0.31826622279928074,0.31826622279928074,48.30444458527127,26.879255414728732,26.879255414728732,26.879255414728732,6.863354513478803,26.879255414728732,0.12717218819091408,1.8246964778153099,2,599,0,Random_Forest,Set_D_Full_Stage5,600
TRN-0757,Valid,0.1177409388511858,Valid,1,0.4,12.9334,15.2952,32.5392,39.5942,7.6572,7.2149,10.2342,59.5475,14.0025,False,None,False,False,False,False,False,False,False,False,False,False,False,False,0,False,0.44229999999999947,-2.577,-51.890299999999996,-3.0192999999999994,-52.3326,-49.3133,8.368766666666666,7.6572,1.6305791803323544,21.163449999999997,8.945699999999999,25.62397728775401,52.3326,26.595799999999997,52.3326,197.81893968,605.60120784,845.5849903335752,7.483897642283717,0.17330235771628288,0.17330235771628288,7.049371730061791,0.1655282699382088,0.1655282699382088,10.04381983170488,0.1903801682951194,0.1903801682951194,49.795321264161856,9.752178735838143,9.752178735838143,9.752178735838143,2.5703473829469385,9.752178735838143,0.2800847908459281,2.4727809157859824,4,600,0,Random_Forest,Set_D_Full_Stage5,601
TRN-0910,Valid,0.02747582898292178,Valid,2,0.4,22.2869,17.8971,31.6443,8.5715,11.595,10.1133,15.6096,37.8492,16.575,False,None,False,False,False,False,False,False,False,False,False,False,False,False,0,False,1.4817,-4.0146,-26.254200000000004,-5.4963,-27.7359,-22.239600000000003,12.439300000000001,11.595,2.8437581279004727,18.791775,13.6023,12.915380805942194,27.7359,14.537049999999999,27.7359,398.87087798999994,153.40499265,1245.2792657585499,11.774998856236317,-0.17999885623631684,0.17999885623631684,10.228079007413625,-0.1147790074136239,0.1147790074136239,15.764435373095852,-0.15483537309585138,0.15483537309585138,49.66306589268677,-11.813865892686763,11.813865892686763,11.813865892686763,3.065869782358139,11.813865892686763,0.24594983448289784,1.4759587766675704,4,601,0,Random_Forest,Set_D_Full_Stage5,602
TRN-0106,Valid,0.06425305952875193,Valid,4,0.4,19.2836,88.3661,34.5776,29.6362,14.6148,15.6203,17.6864,63.2426,32.9814,False,None,False,False,False,False,False,False,False,False,False,False,False,False,0,False,-1.0054999999999996,-3.0715999999999983,-48.6278,-2.0660999999999987,-47.6223,-45.556200000000004,15.973833333333333,15.6203,1.5660207544388838,27.791025,16.65335,23.668946383024743,48.6278,24.65825,48.6278,1704.01652596,2618.83541282,218.22393222922224,14.472350858950737,0.14244914104926387,0.14244914104926387,15.439789360370142,0.18051063962985836,0.18051063962985836,17.653376758809625,0.033023241190374364,0.033023241190374364,50.00595355413675,13.23664644586325,13.23664644586325,13.23664644586325,3.398157366933187,13.23664644586325,0.22736794447564182,1.7497657068187638,2,602,0,Random_Forest,Set_D_Full_Stage5,603
TRN-0712,Valid,0.018918599929082434,Valid,1,0.4,17.6549,68.982,18.0,22.2576,12.4869,12.6826,15.3412,36.2488,19.2082,False,None,False,False,False,False,False,False,False,False,False,False,False,False,0,False,-0.19570000000000043,-2.8543000000000003,-23.761900000000004,-2.6586,-23.566200000000002,-20.907600000000002,13.503566666666666,12.6826,1.594442480409166,19.189875,14.0119,11.446887833053141,23.761900000000004,12.324050000000002,23.761900000000004,1217.8703118,1535.3737632,255.93484446162122,12.502223676132365,-0.015323676132364739,0.015323676132364739,12.637203050044741,0.04539694995525956,0.04539694995525956,15.326606092357514,0.014593907642487025,0.014593907642487025,49.82082585579566,-13.572025855795658,13.572025855795658,13.572025855795658,3.4118350973814424,13.572025855795658,0.22666305016557176,1.2382512974934454,4,603,0,Random_Forest,Set_D_Full_Stage5,604
TRN-0153,Valid,0.10278597705944277,Valid,1,0.4,22.4912,79.1664,32.2276,32.3848,14.9495,15.17,18.2547,47.7372,28.3823,False,None,False,False,False,False,False,False,False,False,False,False,False,False,0,False,-0.22049999999999947,-3.3051999999999992,-32.7877,-3.0846999999999998,-32.5672,-29.4825,16.124733333333335,15.17,1.8478970651346716,24.02785,16.71235,15.878082206719215,32.7877,16.907966666666667,32.7877,1780.5473356799998,2563.78803072,284.1002895040965,15.531258534689035,-0.581758534689035,0.581758534689035,15.714523235448215,-0.5445232354482155,0.5445232354482155,19.29858634289146,-1.0438863428914615,1.0438863428914615,49.18983851985126,-1.4526385198512557,1.4526385198512557,1.4526385198512557,0.9057016582199919,1.4526385198512557,0.524741108182717,1.3645701281762088,4,604,0,Random_Forest,Set_D_Full_Stage5,605
TRN-0911,Valid,0.08999953564134092,Valid,2,0.4,25.7853,107.8744,42.3302,30.393,18.8495,19.658,23.141,55.7069,53.2861,False,None,False,False,False,False,False,False,False,False,False,False,False,False,0,False,-0.8085000000000022,-4.291499999999999,-36.8574,-3.482999999999997,-36.048899999999996,-32.5659,20.5495,19.658,2.2804215070903,29.33885,21.3995,17.677035248875868,36.8574,19.009199999999996,36.8574,2781.57376632,3278.6266391999998,239.03073954239935,18.691638631711164,0.15786136828883457,0.15786136828883457,19.602846710301087,0.05515328969891442,0.05515328969891442,22.944155714495672,0.19684428550432642,0.19684428550432642,48.8434679355233,6.863432064476697,6.863432064476697,6.863432064476697,1.8183227519921932,6.863432064476697,0.3548209655168586,1.2562655808712404,1,605,0,Random_Forest,Set_D_Full_Stage5,606
TRN-0174,Valid,0.014936853941450327,Valid,2,0.4,27.0115,19.8225,30.4787,8.767,14.3092,12.2228,19.1565,43.2094,18.0087,False,None,False,False,False,False,False,False,False,False,False,False,False,False,0,False,2.086400000000001,-4.847300000000001,-28.9002,-6.933700000000002,-30.986600000000003,-24.0529,15.229500000000002,14.3092,3.557283091068239,22.224475,16.73285,14.28827758441047,30.986600000000003,16.30118333333333,30.986600000000003,535.4354587500001,173.7838575,1362.6679971406245,14.153931355267064,0.15526864473293678,0.15526864473293678,11.993451023888982,0.22934897611101768,0.22934897611101768,18.91484625986881,0.24165374013119134,0.24165374013119134,49.08538773175855,-5.875987731758549,5.875987731758549,5.875987731758549,1.6255647731834237,5.875987731758549,0.3808704360348071,1.3942550299815721,3,606,0,Random_Forest,Set_D_Full_Stage5,607
TRN-0798,Valid,0.0430703437990633,Valid,4,0.4,21.3849,49.8346,40.9968,7.0434,13.0234,12.6558,16.9012,45.477,19.6213,False,None,False,False,False,False,False,False,False,False,False,False,False,False,0,False,0.36760000000000126,-3.877799999999999,-32.453599999999994,-4.2454,-32.8212,-28.575799999999997,14.193466666666666,13.0234,2.3521580077310564,22.01435,14.962299999999999,15.75922891461804,32.8212,17.056900000000002,32.8212,1065.7079375399999,351.00502164,429.1174346503363,13.097534869714043,-0.07413486971404204,0.07413486971404204,12.910175026134112,-0.2543750261341131,0.2543750261341131,16.833733683978753,0.06746631602124609,0.06746631602124609,51.59707153830267,-6.120071538302675,6.120071538302675,6.120071538302675,1.629011937543019,6.120071538302675,0.3803710381530502,1.4908995764582753,4,607,0,Random_Forest,Set_D_Full_Stage5,608
TRN-0857,Invalid,0.868614898989899,Invalid,3,0.4,25.8889,64.2977,19.4549,21.4721,15.9859,15.0523,29.8671,25.7966,21.1871,False,None,False,False,False,False,False,False,False,False,False,False,False,False,0,False,0.9336000000000002,-13.8812,-9.8107,-14.8148,-10.7443,4.070499999999999,20.30176666666667,15.9859,8.296963515246608,21.675475000000002,20.89125,7.310360277658459,14.8148,9.042516666666666,14.8148,1664.5967255300002,1380.6066441700002,402.64108939494105,16.186032795522515,-0.20013279552251362,0.20013279552251362,15.118124597445295,-0.06582459744529423,0.06582459744529423,20.43199603648033,9.43510396351967,9.43510396351967,48.05032618948642,-22.253726189486418,22.253726189486418,22.253726189486418,7.988696886493473,22.253726189486418,0.11125083119696831,0.6834818228980805,3,608,1,Random_Forest,Set_D_Full_Stage5,609
TRN-0912,Valid,0.013936867370951914,Valid,5,0.4,15.3119,79.2943,26.7302,8.6535,11.6835,12.8236,13.7694,48.9846,24.2523,False,None,False,False,False,False,False,False,False,False,False,False,False,False,0,False,-1.1401000000000003,-2.0858999999999988,-37.3011,-0.9457999999999984,-36.161,-35.2152,12.758833333333333,12.8236,1.0444571524640598,21.815275,13.2965,18.1329479992223,37.3011,18.808183333333332,37.3011,1214.1463921700001,686.17322505,193.10212800893277,11.800147589054387,-0.1166475890543861,0.1166475890543861,12.868188662726997,-0.04458866272699602,0.04458866272699602,14.201687889745276,-0.4322878897452771,0.4322878897452771,49.64002345692783,-0.6554234569278279,0.6554234569278279,0.6554234569278279,0.3122368996136218,0.6554234569278279,0.7620575220026524,1.709860769639269,4,609,0,Random_Forest,Set_D_Full_Stage5,610
TRN-0380,Valid,0.03223036848915959,Valid,2,0.4,15.1884,71.8888,38.7611,15.9947,11.6315,12.6786,14.3525,73.3601,25.6345,False,None,False,False,False,False,False,False,False,False,False,False,False,False,0,False,-1.0470999999999986,-2.7209999999999983,-61.7286,-1.6738999999999997,-60.6815,-59.007600000000004,12.887533333333332,12.6786,1.372479545688507,28.005675,13.51555,30.25704264931555,61.7286,31.143283333333333,61.7286,1091.87584992,1149.83978936,211.27627512543327,11.437747530727798,0.19375246927220324,0.19375246927220324,12.641049980666207,0.03755001933379276,0.03755001933379276,14.023584978908575,0.328915021091424,0.328915021091424,50.294151663836,23.065948336164006,23.065948336164006,23.065948336164006,5.906541461465356,23.065948336164006,0.14479026956971755,2.204145336919986,4,610,0,Random_Forest,Set_D_Full_Stage5,611
TRN-0218,Valid,0.04020237173079791,Valid,1,0.4,8.8571,87.1286,18.0,17.6708,9.0364,10.8602,10.0128,70.0394,23.7821,False,None,False,False,False,False,False,False,False,False,False,False,False,False,0,False,-1.8238000000000003,-0.9763999999999999,-61.003,0.8474000000000004,-59.1792,-60.0266,9.9698,10.0128,0.9126600462384667,24.9872,10.4365,30.044042836254025,61.003,30.642733333333336,61.003,771.7067230600002,1539.6320648800001,101.65547229549513,9.219021060981095,-0.18262106098109498,0.18262106098109498,11.096069589265568,-0.23586958926556711,0.23586958926556711,10.431779056833413,-0.41897905683341286,0.41897905683341286,50.82360014170396,19.215799858296037,19.215799858296037,19.215799858296037,5.013317391344028,19.215799858296037,0.16629755838922905,2.441369004382642,2,611,0,Random_Forest,Set_D_Full_Stage5,612
TRN-0254,Invalid,0.9514444444444444,Invalid,5,0.4,13.266,83.9721,38.084,37.6982,2.2307,13.2155,13.7599,62.2599,29.6875,False,None,False,False,False,False,False,False,False,False,False,False,False,False,0,False,-10.9848,-11.5292,-60.0292,-0.5443999999999996,-49.0444,-48.5,9.735366666666666,13.2155,6.504929605563256,22.866500000000002,13.4877,26.793955597982666,60.0292,30.105333333333334,60.0292,1113.9738786,3165.59702022,157.98102489028798,11.44094108238457,-9.21024108238457,9.21024108238457,13.171602338773752,0.043897661226248275,0.043897661226248275,13.71681015159129,0.04308984840871055,0.04308984840871055,49.596798056500155,12.663101943499846,12.663101943499846,12.663101943499846,5.490082633879844,12.663101943499846,0.15408124309230695,2.6252016595448975,4,612,1,Random_Forest,Set_D_Full_Stage5,613
TRN-0441,Valid,0.02073245521211413,Valid,4,0.4,27.9046,55.7218,18.2324,29.9988,16.6567,15.1526,21.3154,66.3078,20.3549,False,None,False,False,False,False,False,False,False,False,False,False,False,False,0,False,1.504100000000001,-4.6587,-49.6511,-6.162800000000001,-51.1552,-44.9924,17.708233333333336,16.6567,3.2131476348486285,29.858125,18.98605,24.4409972899873,51.1552,26.35405,51.1552,1554.89454028,1671.58713384,500.7841633285063,16.796123991075426,-0.13942399107542514,0.13942399107542514,15.128859440458854,0.023740559541145956,0.023740559541145956,21.45499561164652,-0.13959561164652,0.13959561164652,48.687853951816194,17.619946048183806,17.619946048183806,17.619946048183806,4.480676552611724,17.619946048183806,0.18245922568144746,1.71327512585766,3,613,0,Random_Forest,Set_D_Full_Stage5,614
TRN-0932,Valid,0.16803877383493881,Valid,2,0.4,29.9543,57.0808,34.5208,8.0607,17.8131,16.3751,22.8791,57.4385,22.5047,False,None,False,False,False,False,False,False,False,False,False,False,False,False,0,False,1.4379999999999988,-5.0660000000000025,-39.6254,-6.504000000000001,-41.0634,-34.5594,19.022433333333332,17.8131,3.4164849382564735,28.62645,20.3461,19.40953693651654,41.0634,21.376033333333336,41.0634,1709.8154074400002,460.1112045600001,524.770058448715,17.622609782620533,0.19049021737946603,0.19049021737946603,16.299058521266176,0.07604147873382416,0.07604147873382416,22.699648633853116,0.1794513661468855,0.1794513661468855,48.59743991271619,8.841060087283807,8.841060087283807,8.841060087283807,2.321760787385996,8.841060087283807,0.3010451576758281,1.4344560941171212,3,614,0,Random_Forest,Set_D_Full_Stage5,615
TRN-0509,Valid,0.06842981190153048,Valid,2,0.4,22.5729,70.2702,32.0218,35.5626,15.1305,15.0361,18.9293,63.9696,25.2925,False,None,False,False,False,False,False,False,False,False,False,False,False,False,0,False,0.09440000000000026,-3.7988000000000017,-48.8391,-3.893200000000002,-48.9335,-45.0403,16.3653,15.1305,2.2209907338843187,28.266375,17.0299,23.871130636171525,48.9335,25.099883333333334,48.9335,1586.20219758,2498.99101452,321.2300062857362,15.118999163909681,0.0115008360903186,0.0115008360903186,15.01389710168239,0.0222028983176088,0.0222028983176088,18.96610801690486,-0.03680801690486035,0.03680801690486035,49.33467995664651,14.634920043353489,14.634920043353489,14.634920043353489,3.676357948666569,14.634920043353489,0.2138416286728314,1.7311552220066344,4,615,0,Random_Forest,Set_D_Full_Stage5,616
TRN-0673,Valid,0.009578568588172702,Valid,5,0.4,17.8631,28.0256,37.8335,24.0583,10.3804,9.9369,13.4418,45.0497,16.9981,False,None,False,False,False,False,False,False,False,False,False,False,False,False,0,False,0.4435000000000002,-3.061400000000001,-34.6693,-3.504900000000001,-35.1128,-31.6079,11.253033333333335,10.3804,1.90845427069483,19.7022,11.911100000000001,16.970026554094332,35.1128,18.066633333333332,35.1128,500.62409536,674.24829248,637.3848776172936,10.401561989029888,-0.021161989029888417,0.021161989029888417,9.893570474794174,0.04332952520582545,0.04332952520582545,13.711853114136805,-0.2700531141368039,0.2700531141368039,50.27924652933734,-5.229546529337341,5.229546529337341,5.229546529337341,1.3910227894274647,5.229546529337341,0.4182310617957146,1.7821757051620097,4,616,0,Random_Forest,Set_D_Full_Stage5,617
TRN-0645,Valid,0.001638699559500489,Valid,4,0.4,23.6417,78.9457,29.811,36.3288,15.8612,15.8629,19.7284,46.3918,27.7197,False,None,False,False,False,False,False,False,False,False,False,False,False,False,0,False,-0.0016999999999995907,-3.8672000000000004,-30.530600000000003,-3.865500000000001,-30.528900000000004,-26.663400000000003,17.150833333333335,15.8629,2.232238375114391,24.461075,17.795650000000002,14.733650543653464,30.530600000000003,15.909550000000001,30.530600000000003,1866.4105556900001,2868.0025461600003,299.46782415409274,16.11860074382944,-0.25740074382943945,0.25740074382943945,16.050163033803916,-0.18726303380391585,0.18726303380391585,20.068910116969253,-0.34051011696925215,0.34051011696925215,49.14969867449078,-2.757898674490775,2.757898674490775,2.757898674490775,0.8857681422733457,2.757898674490775,0.5302878851238161,1.2481294268017957,4,617,0,Random_Forest,Set_D_Full_Stage5,618
TRN-0263,Valid,0.18290077305637506,Valid,4,0.4,23.5221,42.8011,25.1528,20.0814,13.8833,12.4467,17.9983,60.1067,18.5921,False,None,False,False,False,False,False,False,False,False,False,False,False,False,0,False,1.4366000000000003,-4.115,-46.2234,-5.5516000000000005,-47.66,-42.108399999999996,14.7761,13.8833,2.8814726304443705,26.10875,15.9408,22.78708143744316,47.66,24.515833333333333,47.66,1006.7717543099999,859.5060095399999,549.5675228983547,13.868799333116726,0.014500666883273894,0.014500666883273894,12.657347506250064,-0.2106475062500639,0.2106475062500639,17.894964596249327,0.1033354037506733,0.1033354037506733,50.03632100089032,10.070378999109678,10.070378999109678,10.070378999109678,2.5997156439984224,10.070378999109678,0.2777997205604939,1.8254409631096995,4,618,0,Random_Forest,Set_D_Full_Stage5,619
TRN-0071,Valid,0.027101935561857363,Valid,4,0.4,30.2423,98.8025,43.3388,15.5553,20.1578,20.141,25.167,47.3509,46.5089,False,None,False,False,False,False,False,False,False,False,False,False,False,False,0,False,0.01680000000000348,-5.0092,-27.1931,-5.026000000000003,-27.209900000000005,-22.1839,21.821933333333334,20.1578,2.8969248891425092,28.204175,22.6624,12.981787908803884,27.209900000000005,14.439816666666667,27.209900000000005,2988.01484575,1536.90252825,306.08837771429086,20.162019311607487,-0.004219311607485565,0.004219311607485565,20.265062342091472,-0.12406234209147371,0.12406234209147371,25.16628216310964,0.0007178368903630883,0.0007178368903630883,50.036481506203785,-2.685581506203782,2.685581506203782,2.685581506203782,0.7036452491982761,2.685581506203782,0.5869766610569854,0.9647468983769609,1,619,0,Random_Forest,Set_D_Full_Stage5,620
TRN-0013,Valid,0.029654251563863965,Valid,4,0.4,25.5181,41.4926,31.1854,32.5279,15.1001,13.589,19.881,38.7659,20.3992,False,None,False,False,False,False,False,False,False,False,False,False,False,False,0,False,1.511099999999999,-4.780900000000001,-23.665800000000004,-6.292,-25.176900000000003,-18.884900000000002,16.190033333333332,15.1001,3.284552024756699,21.834,17.49055,11.60213889504862,25.176900000000003,13.385266666666668,25.176900000000003,1058.81231606,1349.66714354,615.0034909830931,14.908412667648008,0.1916873323519912,0.1916873323519912,13.534070388308532,0.054929611691468594,0.054929611691468594,19.39469666810424,0.4863033318957619,0.4863033318957619,49.610976396941204,-10.845076396941202,10.845076396941202,10.845076396941202,2.894499168220106,10.845076396941202,0.25677242613381474,1.1531047205712557,3,620,0,Random_Forest,Set_D_Full_Stage5,621
TRN-0260,Valid,0.1171468831922435,Valid,3,0.4,9.4712,109.8657,19.471,23.7437,10.8498,13.3049,11.9584,71.8086,43.5279,False,None,False,False,False,False,False,False,False,False,False,False,False,False,0,False,-2.4551,-1.1085999999999991,-60.9588,1.3465000000000007,-58.503699999999995,-59.8502,12.0377,11.9584,1.2294695482198816,26.980424999999997,12.63165,29.90230512768483,60.9588,30.703816666666665,60.9588,1040.56001784,2608.61822109,86.20706132969056,10.836999021866733,0.012800978133267193,0.012800978133267193,13.321276860806615,-0.0163768608066146,0.0163768608066146,12.052945655800944,-0.09454565580094432,0.09454565580094432,47.79301575682471,24.01558424317529,24.01558424317529,24.01558424317529,6.034826934479029,24.01558424317529,0.14214990778220984,2.2593705401710538,2,621,0,Random_Forest,Set_D_Full_Stage5,622
TRN-0045,Valid,0.17941484509197894,Valid,5,0.4,10.8096,60.4465,51.1121,18.1745,8.4859,10.3638,10.0525,49.4543,23.4447,False,None,False,False,False,False,False,False,False,False,False,False,False,False,0,False,-1.8778999999999986,-1.5665999999999993,-40.9684,0.31129999999999924,-39.090500000000006,-39.4018,9.634066666666667,10.0525,1.0064501693245085,19.589125000000003,10.20815,19.927068030926343,40.9684,20.536083333333334,40.9684,653.4024863999999,1098.5849142499999,178.8291830247933,8.751579057004644,-0.2656790570046432,0.2656790570046432,10.586019220958914,-0.22221922095891422,0.22221922095891422,10.809856203481026,-0.7573562034810255,0.7573562034810255,50.87068277166065,-1.4163827716606434,1.4163827716606434,1.4163827716606434,0.6654093132763066,1.4163827716606434,0.6004529889608531,2.0913838206740625,4,622,0,Random_Forest,Set_D_Full_Stage5,623
TRN-0504,Valid,0.06627944270633611,Valid,1,0.4,9.4822,31.9074,19.7147,20.1489,6.807,7.0154,8.5534,57.7914,12.6076,False,None,False,False,False,False,False,False,False,False,False,False,False,False,0,False,-0.20839999999999925,-1.7463999999999995,-50.9844,-1.5380000000000003,-50.776,-49.238,7.4586,7.0154,0.9538332768361564,20.041800000000002,7.7844,25.178447547588526,50.9844,25.74853333333333,50.9844,302.55234828,642.89901186,297.17861775681575,6.495731701494637,0.31126829850536364,0.31126829850536364,6.693763953668261,0.32163604633173826,0.32163604633173826,8.164849738302363,0.3885502616976364,0.3885502616976364,50.56341633954381,7.2279836604561964,7.2279836604561964,7.2279836604561964,2.062359566747734,7.2279836604561964,0.32654558623957186,2.5439019729255987,4,623,0,Random_Forest,Set_D_Full_Stage5,624
TRN-0876,Valid,0.08193158207037118,Valid,5,0.4,31.8671,88.8569,30.5366,41.2199,20.6748,19.8194,26.0335,56.0319,36.1658,False,None,False,False,False,False,False,False,False,False,False,False,False,False,0,False,0.8553999999999995,-5.358699999999999,-35.3571,-6.214099999999998,-36.2125,-29.9984,22.175900000000002,20.6748,3.3680462600742285,30.639900000000004,23.35415,17.149917620987765,36.2125,18.99936666666667,36.2125,2831.6117179899998,3662.67253231,358.63389802773924,20.683423271311607,-0.008623271311606118,0.008623271311606118,19.800295932479624,0.0191040675203773,0.0191040675203773,25.984803810760486,0.048696189239514354,0.048696189239514354,47.63457826598652,8.397321734013481,8.397321734013481,8.397321734013481,2.1184363155212447,8.397321734013481,0.3206735359714571,1.181873575999407,1,624,0,Random_Forest,Set_D_Full_Stage5,625
TRN-0372,Valid,0.04551401351937594,Valid,1,0.4,19.0343,99.0386,36.3031,15.1434,14.7003,15.9507,17.6891,28.0867,41.0583,False,None,False,False,False,False,False,False,False,False,False,False,False,False,0,False,-1.250399999999999,-2.9887999999999995,-13.3864,-1.7384000000000004,-12.136000000000001,-10.3976,16.113366666666668,15.9507,1.5010252140898008,19.1067,16.8199,6.110828823217573,13.3864,6.9829333333333325,13.3864,1885.1304239800002,1499.78113524,192.1907021918018,14.769048960066943,-0.06874896006694264,0.06874896006694264,16.18879873928583,-0.2380987392858298,0.2380987392858298,17.804674576827132,-0.11557457682713235,0.11557457682713235,49.95159883416159,-21.864898834161586,21.864898834161586,21.864898834161586,5.571830277585373,21.864898834161586,0.15216461134285728,0.700612507333811,2,625,0,Random_Forest,Set_D_Full_Stage5,626
TRN-0009,Invalid,0.40557692307692306,Invalid,5,0.4,31.2031,56.1702,38.3074,25.3805,18.4606,16.8161,,45.1049,23.3409,True,Sensor_S3,False,False,False,False,False,False,False,False,False,False,False,False,1,True,1.6445000000000007,,-26.6443,,-28.288800000000002,,17.63835,17.63835,1.162837101661278,26.793866666666663,18.4606,15.879123129547594,28.288800000000002,18.8592,28.288800000000002,1752.68436762,1425.6277611,555.5097622031321,18.38529919229826,0.07530080770174052,0.07530080770174052,16.917855567115293,-0.1017555671152941,0.1017555671152941,23.781453565008764,,,48.681908942558366,-3.577008942558365,3.577008942558365,3.577008942558365,1.2513551057917998,3.577008942558365,0.4441769303418267,1.055793469229226,3,626,1,Random_Forest,Set_D_Full_Stage5,627
TRN-0835,Valid,0.15941622067973105,Valid,5,0.4,27.2126,65.3667,41.2269,58.2999,17.458,16.772,22.0848,54.2976,29.4849,False,None,False,False,False,False,False,False,False,False,False,False,False,False,0,False,0.6859999999999999,-4.626800000000003,-36.839600000000004,-5.312800000000003,-37.525600000000004,-32.2128,18.7716,17.458,2.8897438779241336,27.653100000000002,19.7714,17.919019191536872,37.525600000000004,19.533933333333334,37.525600000000004,1778.7978604199998,3810.8720733299997,416.30671025052357,17.371895618754447,0.08610438124555131,0.08610438124555131,16.690991129898382,0.08100887010161628,0.08100887010161628,22.215328421818057,-0.13052842181805602,0.13052842181805602,48.42931109628143,5.868288903718572,5.868288903718572,5.868288903718572,1.5414826442209488,5.868288903718572,0.3934711111539123,1.3570119237944667,3,627,0,Random_Forest,Set_D_Full_Stage5,628
TRN-0083,Valid,0.00755245469404896,Valid,1,0.4,11.6948,29.2545,30.4575,44.9411,7.7985,7.861,10.2782,33.2364,14.7517,False,None,False,False,False,False,False,False,False,False,False,False,False,False,0,False,-0.0625,-2.4797000000000002,-25.437900000000003,-2.4172000000000002,-25.375400000000003,-22.958200000000005,8.6459,7.861,1.413958638008906,14.793525,9.0696,12.34933298802679,25.437900000000003,13.12181666666667,25.437900000000003,342.1255266,1314.72940995,399.7605839236412,7.720857440479807,0.07764255952019283,0.07764255952019283,7.787329263623708,0.0736707363762914,0.0736707363762914,9.991405017947429,0.28679498205257126,0.28679498205257126,49.83731003552317,-16.600910035523164,16.600910035523164,16.600910035523164,4.259754578368055,16.600910035523164,0.1901229392171127,1.7195281587531313,4,628,0,Random_Forest,Set_D_Full_Stage5,629
TRN-0365,Valid,0.11054398329634083,Valid,1,0.4,21.4091,106.9215,33.4044,41.3117,16.4731,17.6444,20.1669,52.7348,48.6475,False,None,False,False,False,False,False,False,False,False,False,False,False,False,0,False,-1.1713000000000022,-3.6937999999999995,-36.261700000000005,-2.5224999999999973,-35.0904,-32.5679,18.0948,17.6444,1.8876399895107112,26.7548,18.90565,17.388440312077062,36.261700000000005,18.551266666666667,36.261700000000005,2289.09308565,4417.10893155,200.23192713982434,16.653523026955078,-0.18042302695507928,0.18042302695507928,17.813435516550996,-0.1690355165509949,0.1690355165509949,20.124984015183795,0.04191598481620318,0.04191598481620318,49.184509925710394,3.550290074289606,3.550290074289606,3.550290074289606,0.9854161506529708,3.550290074289606,0.5036727437072154,1.3553338633314909,2,629,0,Random_Forest,Set_D_Full_Stage5,630
TRN-0695,Valid,0.076,Valid,3,0.4,26.8977,53.7919,36.2464,6.1602,16.2587,15.1159,21.0038,,21.5556,True,Sensor_S4,False,False,False,False,False,False,False,False,False,False,False,False,1,True,1.1428000000000011,-4.745099999999997,,-5.887899999999998,,,17.459466666666668,16.2587,3.12221428530031,17.459466666666668,16.2587,3.12221428530031,5.887899999999998,3.9252666666666656,5.887899999999998,1446.87838863,331.36886238,500.03243982227065,15.931745270462047,0.32695472953795424,0.32695472953795424,14.985323734072596,0.13057626592740412,0.13057626592740412,20.5224614564004,0.48133854359959827,0.48133854359959827,50.1090662793272,,,0.48133854359959827,0.3129565130216522,0.48133854359959827,0.7616398487552258,0.3372323301786631,3,630,0,Random_Forest,Set_D_Full_Stage5,631
TRN-0407,Valid,0.0018833839491112989,Valid,1,0.4,17.9833,30.1194,35.4344,48.3623,10.9072,10.3113,14.3367,43.036,17.5448,False,None,False,False,False,False,False,False,False,False,False,False,False,False,0,False,0.5959000000000003,-3.429500000000001,-32.1288,-4.025400000000001,-32.7247,-28.6993,11.851733333333334,10.9072,2.172571909818714,19.6478,12.62195,15.692715964846027,32.7247,16.933933333333332,32.7247,541.64620602,1456.6434586199998,597.0668084135779,10.841456283298783,0.06574371670121693,0.06574371670121693,10.224068576798668,0.08723142320133093,0.08723142320133093,14.233632618457015,0.103067381542985,0.103067381542985,49.16421120206832,-6.1282112020683215,6.1282112020683215,6.1282112020683215,1.5960634308784636,6.1282112020683215,0.38519860035223297,1.6655647626885641,4,631,0,Random_Forest,Set_D_Full_Stage5,632
TRN-0816,Invalid,0.9398710317460316,Invalid,3,0.4,18.5243,67.6262,18.4807,35.1027,13.309,13.2316,27.0815,57.4387,19.8088,False,None,False,False,False,False,False,False,False,False,False,False,False,False,0,False,0.07739999999999903,-13.772499999999999,-44.1297,-13.849899999999998,-44.2071,-30.3572,17.874033333333333,13.309,7.97399394929124,27.7652,20.195249999999998,20.8261958067238,44.2071,24.398966666666666,44.2071,1252.7280166599999,2373.8622107399997,273.9219009907549,12.995975865464914,0.3130241345350857,0.3130241345350857,12.939921246298765,0.29167875370123575,0.29167875370123575,16.029782084763532,11.051717915236466,11.051717915236466,48.01460408398034,9.42409591601966,9.42409591601966,11.051717915236466,5.270129179873112,11.051717915236466,0.15948634730046135,1.5921759640931943,4,632,1,Random_Forest,Set_D_Full_Stage5,633
TRN-0545,Valid,0.07592500747921975,Valid,5,0.4,13.0916,55.2408,37.3928,30.0299,9.4873,10.4214,11.8915,40.6875,17.7183,False,None,False,False,False,False,False,False,False,False,False,False,False,False,0,False,-0.9341000000000008,-2.4042000000000012,-31.200200000000002,-1.4701000000000004,-30.2661,-28.796,10.600066666666667,10.4214,1.2120172207247448,18.121925,11.15645,15.076230794725628,31.200200000000002,15.84511666666667,31.200200000000002,723.19045728,1658.87569992,236.99145613541873,9.679229397263235,-0.19192939726323566,0.19192939726323566,10.58793206527941,-0.16653206527941045,0.16653206527941045,12.052174559584412,-0.16067455958441101,0.16067455958441101,50.161351886231564,-9.473851886231564,9.473851886231564,9.473851886231564,2.4982469770896554,9.473851886231564,0.2858574613368047,1.7216814871038884,4,633,0,Random_Forest,Set_D_Full_Stage5,634
TRN-0491,Valid,0.219726566515732,Valid,5,0.4,14.7563,30.7739,25.3571,45.6422,9.1825,8.7127,11.9573,61.1466,15.6403,False,None,False,False,False,False,False,False,False,False,False,False,False,False,0,False,0.46979999999999933,-2.774800000000001,-51.9641,-3.2446,-52.4339,-49.1893,9.950833333333334,9.1825,1.7534564075942503,22.749775,10.5699,25.637889357924273,52.4339,26.67941666666667,52.4339,454.10890057,1404.58849858,479.5068289989799,9.295183296738017,-0.1126832967380178,0.1126832967380178,8.829660214917912,-0.11696021491791164,0.11696021491791164,12.024490585672769,-0.06719058567276903,0.06719058567276903,49.78987104596259,11.356728954037408,11.356728954037408,11.356728954037408,2.9133907628415265,11.356728954037408,0.2555328768839574,2.3048085948944133,4,634,0,Random_Forest,Set_D_Full_Stage5,635
TRN-0165,Valid,0.022317169703190632,Valid,3,0.4,17.3457,64.932,40.8922,31.1934,12.3965,13.0648,15.3959,33.2196,25.6903,False,None,False,False,False,False,False,False,False,False,False,False,False,False,0,False,-0.6683000000000003,-2.9993999999999996,-20.8231,-2.3310999999999993,-20.1548,-17.823700000000002,13.619066666666667,13.0648,1.5746455929298289,18.519199999999998,14.23035,9.88424162830243,20.8231,10.800066666666666,20.8231,1126.2909924,2025.4498488000002,267.1363476966137,12.267931864848693,0.1285681351513066,0.1285681351513066,12.99316256389111,0.07163743610889028,0.07163743610889028,15.338315442035155,0.05758455796484441,0.05758455796484441,50.21896687303088,-16.99936687303088,16.99936687303088,16.99936687303088,4.314289250563981,16.99936687303088,0.18817191779575693,1.1244054147018152,4,635,0,Random_Forest,Set_D_Full_Stage5,636
TRN-0829,Invalid,0.8334548831485011,Invalid,5,0.4,8.6911,18.8487,44.6416,43.601,5.6547,6.384,7.4265,34.5325,18.1979,False,None,False,False,False,False,False,False,False,False,False,False,False,False,0,False,-0.7293000000000003,-1.7717999999999998,-28.8778,-1.0424999999999995,-28.1485,-27.105999999999998,6.4883999999999995,6.384,0.8905017293638456,13.499424999999999,6.9052500000000006,14.040888448474334,28.8778,14.61265,28.8778,163.81593657000002,821.8221687,461.09786823607556,5.730147686201319,-0.07544768620131936,0.07544768620131936,6.331042057388993,0.05295794261100717,0.05295794261100717,7.710422635600925,-0.28392263560092523,0.28392263560092523,51.091202447922555,-16.558702447922556,16.558702447922556,16.558702447922556,4.242757678083952,16.558702447922556,0.19073931343045894,2.1391858251845357,4,636,1,Random_Forest,Set_D_Full_Stage5,637
TRN-0965,Valid,0.07909826512857214,Valid,5,0.4,23.7163,15.6778,47.902,40.2774,12.5306,11.3406,16.9444,35.9469,21.424,False,None,False,False,False,False,False,False,False,False,False,False,False,False,0,False,1.1899999999999995,-4.413800000000002,-23.4163,-5.6038000000000014,-24.606299999999997,-19.002499999999998,13.605200000000002,12.5306,2.952408758962757,19.190625,14.7375,11.427993468197585,24.606299999999997,13.038783333333333,24.606299999999997,371.81940814,631.46102172,1512.7304132401146,12.745906364033498,-0.21530636403349845,0.21530636403349845,11.3338243093544,0.006775690645600463,0.006775690645600463,17.286232106410733,-0.34183210641073103,0.34183210641073103,49.98842336959027,-14.041523369590273,14.041523369590273,14.041523369590273,3.6513593826700257,14.041523369590273,0.21499091292016415,1.2822035331295707,4,637,0,Random_Forest,Set_D_Full_Stage5,638
TRN-0930,Valid,0.09826959712234304,Valid,3,0.4,12.9705,95.971,30.5851,47.6831,12.1861,13.7774,14.3621,57.4774,35.4494,False,None,False,False,False,False,False,False,False,False,False,False,False,False,0,False,-1.5913000000000004,-2.176,-45.29130000000001,-0.5846999999999998,-43.7,-43.115300000000005,13.441866666666668,13.7774,1.1261354107447885,24.45075,14.069749999999999,22.036957661241114,45.29130000000001,22.7431,45.29130000000001,1244.7918554999999,4576.1947901,135.15018754100848,12.05985293544253,0.1262470645574698,0.1262470645574698,13.921237111688892,-0.14383711168889235,0.14383711168889235,14.167357635613017,0.19474236438698256,0.19474236438698256,48.35317458412253,9.124225415877476,9.124225415877476,9.124225415877476,2.397262989127705,9.124225415877476,0.29435460345587316,1.8523473298989483,2,638,0,Random_Forest,Set_D_Full_Stage5,639
TRN-0949,Valid,0.08309261025706313,Valid,2,0.4,10.0241,35.5307,34.6749,46.0995,7.1086,7.7959,8.8038,42.2024,15.0201,False,None,False,False,False,False,False,False,False,False,False,False,False,False,0,False,-0.6872999999999996,-1.6952000000000007,-35.093799999999995,-1.0079000000000011,-34.406499999999994,-33.398599999999995,7.902766666666667,7.7959,0.8526377444925447,16.477674999999998,8.29985,17.16394105236809,35.093799999999995,17.71488333333333,35.093799999999995,356.16328987,1637.9475046500002,282.12495612950033,7.292740933087034,-0.1841409330870336,0.1841409330870336,7.888110960331607,-0.0922109603316077,0.0922109603316077,9.304024448968514,-0.5002244489685133,0.5002244489685133,50.94955319843722,-8.747153198437225,8.747153198437225,8.747153198437225,2.380932385206095,8.747153198437225,0.29577639717839016,2.129777332191992,4,639,0,Random_Forest,Set_D_Full_Stage5,640
TRN-0446,Valid,0.19749099800377284,Valid,5,0.4,27.5543,78.7111,47.544,31.2291,18.1674,17.9768,23.2678,56.1777,36.2413,False,None,False,False,False,False,False,False,False,False,False,False,False,False,0,False,0.19059999999999988,-5.1004000000000005,-38.0103,-5.291,-38.200900000000004,-32.9099,19.804,18.1674,3.0012522253219576,28.897425,20.7176,18.351199494015827,38.200900000000004,19.95051666666667,38.200900000000004,2168.82926273,2458.07681301,350.06875141260235,17.960324669039835,0.20707533096016562,0.20707533096016562,17.91723949409633,0.05956050590367212,0.05956050590367212,22.738384448025876,0.5294155519741253,0.5294155519741253,48.82133205205101,7.356367947948989,7.356367947948989,7.356367947948989,2.038104834196738,7.356367947948989,0.3291525653572108,1.321947778410091,3,640,0,Random_Forest,Set_D_Full_Stage5,641
TRN-0333,Valid,0.05783218208223645,Valid,2,0.4,23.6659,83.0057,25.2352,48.7404,16.4982,16.3492,20.4081,37.4559,28.5206,False,None,False,False,False,False,False,False,False,False,False,False,False,False,0,False,0.1490000000000009,-3.9099000000000004,-20.9577,-4.058900000000001,-21.1067,-17.0478,17.751833333333334,16.4982,2.301600465618074,22.67785,18.45315,10.029662869209513,21.1067,11.205,21.1067,1964.4045956300001,4045.7310202800004,285.1117109895211,16.493353195324417,0.004846804675583627,0.004846804675583627,16.37048063291312,-0.021280632913121877,0.021280632913121877,20.434357026015974,-0.026257026015972684,0.026257026015972684,49.09316669516705,-11.63726669516705,11.63726669516705,11.63726669516705,2.922412789692932,11.63726669516705,0.25494512016372595,0.9307183305655825,4,641,0,Random_Forest,Set_D_Full_Stage5,642
TRN-0056,Valid,0.06915988731919578,Valid,1,0.4,20.2038,105.4205,45.8627,19.0142,15.9943,17.8119,19.4455,50.8786,51.0559,False,None,False,False,False,False,False,False,False,False,False,False,False,False,0,False,-1.8176000000000005,-3.4511999999999983,-34.884299999999996,-1.6335999999999977,-33.0667,-31.4331,17.750566666666668,17.8119,1.726417299882427,26.032575,18.628700000000002,16.62388821132108,34.884299999999996,17.714416666666665,34.884299999999996,2129.8946979,2004.4864711,191.6496135334576,15.743253263398573,0.2510467366014275,0.2510467366014275,17.47231758192764,0.3395824180723608,0.3395824180723608,19.051450765546385,0.3940492344536146,0.3940492344536146,49.790807396393575,1.0877926036064238,1.0877926036064238,1.0877926036064238,0.5181177481834567,1.0877926036064238,0.6587104334934336,1.3400244347612806,2,642,0,Random_Forest,Set_D_Full_Stage5,643
TRN-0221,Valid,0.10478100891616245,Valid,4,0.4,10.0402,19.6325,30.7168,12.1244,6.0946,6.2903,8.1025,68.7331,12.8904,False,None,False,False,False,False,False,False,False,False,False,False,False,False,0,False,-0.19570000000000043,-2.0078999999999994,-62.63849999999999,-1.812199999999999,-62.44279999999999,-60.630599999999994,6.829133333333334,6.2903,1.1071005479780651,22.305124999999997,7.1964,30.96518023009877,62.63849999999999,31.621283333333327,62.63849999999999,197.1142265,238.032283,511.40684507482746,6.023403176412444,0.07119682358755597,0.07119682358755597,6.1507474603544985,0.13955253964550174,0.13955253964550174,7.9340357156382595,0.16846428436173966,0.16846428436173966,52.13962345386153,16.59347654613846,16.59347654613846,16.59347654613846,4.243172548433314,16.59347654613846,0.19072422102507477,2.808254691128299,4,643,0,Random_Forest,Set_D_Full_Stage5,644
TRN-0627,Valid,0.011233643216850792,Valid,3,0.4,11.916,67.3207,42.1577,50.8565,10.1217,11.6624,12.2225,46.2937,24.863,False,None,False,False,False,False,False,False,False,False,False,False,False,False,0,False,-1.5406999999999993,-2.1007999999999996,-36.172,-0.5601000000000003,-34.6313,-34.071200000000005,11.335533333333336,11.6624,1.0878747737370016,20.075075000000002,11.942450000000001,17.501638071596805,36.172,18.17935,36.172,802.1934612,3423.69517955,177.0034808010789,10.032001362554668,0.08969863744533235,0.08969863744533235,11.52942045795905,0.13297954204094964,0.13297954204094964,12.270726567166093,-0.048226567166093304,0.048226567166093304,50.13887322740125,-3.845173227401247,3.845173227401247,3.845173227401247,1.0290194935134056,3.845173227401247,0.49284888745372374,1.8018354592271961,4,644,0,Random_Forest,Set_D_Full_Stage5,645
TRN-0649,Invalid,0.9832404214559386,Invalid,1,0.4,29.9515,24.049,37.3554,42.2616,16.174,3.8193,21.58,44.283,21.0209,False,None,False,False,False,False,False,False,False,False,False,False,False,False,0,False,12.3547,-5.405999999999999,-28.109,-17.7607,-40.4637,-22.703000000000003,13.857766666666665,16.174,9.104082532761515,21.464075,18.877,16.93162479964145,40.4637,21.13285,40.4637,720.3036235,1016.3492184,1245.43588280765,16.19447696879334,-0.020476968793339267,0.020476968793339267,13.858003479245172,-10.038703479245171,10.038703479245171,21.63758878032842,-0.057588780328423184,0.057588780328423184,48.114504315482634,-3.8315043154826327,3.8315043154826327,10.038703479245171,3.4870683859623917,10.038703479245171,0.2228626608697248,1.885181688387835,3,645,1,Random_Forest,Set_D_Full_Stage5,646
TRN-0758,Valid,0.043514309906255946,Valid,3,0.4,28.164,17.0954,24.7318,26.3672,14.91,12.0903,19.8602,43.4537,18.4735,False,None,False,False,False,False,False,False,False,False,False,False,False,False,0,False,2.819700000000001,-4.950199999999999,-28.543699999999998,-7.7699,-31.3634,-23.5935,15.620166666666668,14.91,3.9333305255639694,22.57855,17.3851,14.282522669449305,31.3634,16.506733333333333,31.3634,481.4748456000001,450.75783088000003,1647.4597567417218,14.747399784286651,0.16260021571334882,0.16260021571334882,12.117547463559426,-0.02724746355942642,0.02724746355942642,19.738787552938206,0.12141244706179322,0.12141244706179322,49.538764677001836,-6.085064677001839,6.085064677001839,6.085064677001839,1.5990812008341018,6.085064677001839,0.3847513496996855,1.389078842937725,3,646,0,Random_Forest,Set_D_Full_Stage5,647
TRN-0823,Valid,0.022733957194819743,Valid,2,0.4,15.4117,91.4093,29.4443,39.8646,12.9836,14.5008,15.509,31.7263,32.5492,False,None,False,False,False,False,False,False,False,False,False,False,False,False,0,False,-1.5172000000000008,-2.525400000000001,-18.7427,-1.0082000000000004,-17.225499999999997,-16.217299999999998,14.331133333333334,14.5008,1.2712204267291078,18.679925,15.0049,8.759297351338557,18.7427,9.539383333333333,18.7427,1408.77270881,3643.9951807800003,168.60098823631859,12.890126401319487,0.09347359868051264,0.09347359868051264,14.2824594881739,0.21834051182609926,0.21834051182609926,15.402099977105738,0.10690002289426204,0.10690002289426204,50.088930537328366,-18.362630537328368,18.362630537328368,18.362630537328368,4.69533616768231,18.362630537328368,0.1755822607407115,1.0033600223983647,2,647,0,Random_Forest,Set_D_Full_Stage5,648
TRN-0265,Valid,0.14184094257487906,Valid,1,0.4,29.1382,24.8276,29.5091,55.8176,16.0754,13.6475,21.5425,55.5081,19.6328,False,None,False,False,False,False,False,False,False,False,False,False,False,False,0,False,2.4278999999999975,-5.467100000000002,-39.4327,-7.895,-41.8606,-33.965599999999995,17.088466666666665,16.0754,4.043820508298228,26.693375,18.80895,19.491503599496028,41.8606,21.84148333333333,41.8606,723.4315743200001,1385.81704576,1173.6208197244923,15.996216172560926,0.07918382743907237,0.07918382743907237,13.51037569889749,0.13712430110251006,0.13712430110251006,21.27546233037869,0.2670376696213097,0.2670376696213097,47.89558692041233,7.612513079587671,7.612513079587671,7.612513079587671,2.023964719437641,7.612513079587671,0.33069168881903077,1.5682012603497084,3,648,0,Random_Forest,Set_D_Full_Stage5,649
TRN-0508,Invalid,0.9343660714285715,Invalid,2,0.4,18.5872,24.0757,43.6181,36.0944,10.8484,9.9679,1.0,68.1033,17.6239,False,None,False,False,False,False,False,False,False,False,False,False,False,False,0,False,0.8804999999999996,9.8484,-57.254900000000006,8.9679,-58.135400000000004,-67.1033,7.272099999999999,9.9679,5.449609974117414,22.4799,10.40815,30.739348658356445,67.1033,33.6984,67.1033,447.49985104,868.99794608,772.0312298162754,10.67132347164623,0.1770765283537692,0.1770765283537692,10.080969320607702,-0.11306932060770158,0.11306932060770158,14.238850372201771,-13.238850372201771,13.238850372201771,50.02352901442506,18.079770985574946,18.079770985574946,18.079770985574946,7.9021918016845465,18.079770985574946,0.1123318866046867,2.985034192752551,4,649,1,Random_Forest,Set_D_Full_Stage5,650
TRN-0618,Invalid,0.8906782106782106,Invalid,1,0.4,18.5828,33.833,44.6905,28.3275,8.0392,6.6552,14.4279,52.7081,18.4418,False,None,False,False,False,False,False,False,False,False,False,False,False,False,0,False,1.3839999999999995,-6.3887,-44.6689,-7.7726999999999995,-46.0529,-38.2802,9.707433333333332,8.0392,4.146199243081949,20.4576,11.23355,21.76522407159335,46.0529,24.091233333333335,46.0529,628.7118724,958.4043075,549.2505691926317,11.110659485344723,-3.0714594853447235,3.0714594853447235,10.868662777256892,-4.2134627772568924,4.2134627772568924,14.591253532097635,-0.16335353209763603,0.16335353209763603,49.555394132086334,3.1527058679136672,3.1527058679136672,4.2134627772568924,2.65024541565323,4.2134627772568924,0.27395418283705864,2.2511378406372984,4,650,1,Random_Forest,Set_D_Full_Stage5,651
TRN-0588,Valid,0.060434590226084134,Valid,5,0.4,15.6295,19.4763,27.2332,41.9181,8.9486,8.2676,11.985,70.159,14.962,False,None,False,False,False,False,False,False,False,False,False,False,False,False,0,False,0.6810000000000009,-3.0363999999999987,-61.21040000000001,-3.7173999999999996,-61.891400000000004,-58.17400000000001,9.733733333333333,8.9486,1.9791643320687982,24.84005,10.4668,30.255819394567165,61.891400000000004,31.45176666666667,61.891400000000004,304.40483085,816.40949103,802.4877402341615,9.050577445054493,-0.10197744505449258,0.10197744505449258,8.203046721100016,0.06455327889998408,0.06455327889998408,11.996240483344229,-0.011240483344229446,0.011240483344229446,50.004192650852,20.154807349148008,20.154807349148008,20.154807349148008,5.083144639111678,20.154807349148008,0.1643886606888292,2.4915962360799453,4,651,0,Random_Forest,Set_D_Full_Stage5,652
TRN-0136,Valid,0.012621001325383255,Valid,3,0.4,18.1556,100.6376,28.4831,53.8012,14.7216,15.9798,17.5126,49.0068,39.9339,False,None,False,False,False,False,False,False,False,False,False,False,False,False,0,False,-1.2581999999999987,-2.7909999999999986,-34.285199999999996,-1.5328,-33.027,-31.4942,16.07133333333333,15.9798,1.3977496246943983,24.3052,16.746199999999998,16.507232065976414,34.285199999999996,17.398066666666665,34.285199999999996,1827.1360105600002,5414.42364512,180.40571511982446,14.878179049976922,-0.15657904997692107,0.15657904997692107,16.09576486350305,-0.11596486350305035,0.11596486350305035,17.834045251823106,-0.321445251823107,0.321445251823107,47.56818356430478,1.4386164356952165,1.4386164356952165,1.4386164356952165,0.5081514002495737,1.4386164356952165,0.6630634032064133,1.410611140574387,2,652,0,Random_Forest,Set_D_Full_Stage5,653
TRN-0166,Valid,0.03290434785088034,Valid,3,0.4,29.5716,82.2388,22.4663,23.6958,19.115,18.1846,23.8408,44.7835,29.6963,False,None,False,False,False,False,False,False,False,False,False,False,False,False,0,False,0.9303999999999988,-4.725800000000003,-25.668499999999998,-5.656200000000002,-26.598899999999997,-20.942699999999995,20.380133333333333,19.115,3.0329146663454516,26.480975,21.477899999999998,12.450440035697532,26.598899999999997,14.087083333333334,26.598899999999997,2431.93289808,1948.71415704,359.5820513453441,18.9740493438783,0.14095065612169932,0.14095065612169932,18.029116982790647,0.15548301720935243,0.15548301720935243,23.77210388284234,0.06869611715766055,0.06869611715766055,47.5392336000785,-2.7557336000785,2.7557336000785,2.7557336000785,0.7802158476418031,2.7557336000785,0.5617296359453653,1.0044528177482823,3,653,0,Random_Forest,Set_D_Full_Stage5,654
TRN-0410,Invalid,0.5986563142525921,Invalid,2,0.4,19.3576,55.501,32.4643,47.3989,,12.8351,16.3875,35.6131,19.4256,True,Sensor_S1,False,False,False,False,False,False,False,False,False,False,False,False,1,True,,,,-3.5523999999999987,-22.778000000000002,-19.225600000000004,14.6113,14.6113,2.5119261294870903,21.611900000000002,16.3875,12.254798550771858,22.778000000000002,15.185333333333334,22.778000000000002,1074.3661576,2630.6863488999998,348.7792384318772,12.895766148564112,,,12.759137245474948,0.07596275452505274,0.07596275452505274,16.341680427292573,0.045819572707426204,0.045819572707426204,49.74152253813785,-14.128422538137848,14.128422538137848,14.128422538137848,4.7500682884567755,14.128422538137848,0.1739109780674246,1.0539558974657954,4,654,1,Random_Forest,Set_D_Full_Stage5,655
TRN-0503,Valid,0.039299416296449174,Valid,5,0.4,12.742,61.7987,39.8282,57.112,9.9839,11.3075,12.0489,69.2968,18.5584,False,None,False,False,False,False,False,False,False,False,False,False,False,False,0,False,-1.323599999999999,-2.0649999999999995,-59.312900000000006,-0.7414000000000005,-57.98930000000001,-57.2479,11.113433333333333,11.3075,1.0460892186297175,25.659275,11.6782,29.10421918329311,59.312900000000006,29.78001666666667,59.312900000000006,787.4390354,3529.4473543999998,206.18553364625248,10.200419135267904,-0.21651913526790345,0.21651913526790345,11.330891127251224,-0.02339112725122483,0.02339112725122483,12.616906095450435,-0.5680060954504356,0.5680060954504356,49.71613459976067,19.580665400239333,19.580665400239333,19.580665400239333,5.097145439552224,19.580665400239333,0.16401117701949394,2.3115570055829693,4,655,0,Random_Forest,Set_D_Full_Stage5,656
TRN-0587,Valid,0.007878903191228363,Valid,5,0.4,31.1799,52.9067,38.1,36.6261,18.0144,16.465,23.3782,48.7188,23.4365,False,None,False,False,False,False,False,False,False,False,False,False,False,False,0,False,1.5493999999999986,-5.363800000000001,-30.704400000000003,-6.9132,-32.2538,-25.340600000000002,19.285866666666667,18.0144,3.6277478100514835,26.6441,20.6963,15.011598646824174,32.2538,17.020866666666667,32.2538,1649.62561533,1937.76608487,589.3373449227895,18.32795587354819,-0.3135558735481929,0.3135558735481929,16.721322768311076,-0.25632276831107603,0.25632276831107603,23.784092232940555,-0.40589223294055543,0.40589223294055543,48.54359180353634,0.17520819646366448,0.17520819646366448,0.40589223294055543,0.2877447678158722,0.40589223294055543,0.776551398221627,1.2105414667631982,3,656,0,Random_Forest,Set_D_Full_Stage5,657
TRN-0975,Valid,0.029209448263041463,Valid,4,0.4,21.1463,103.6017,31.7853,34.3651,16.2591,17.3119,19.9779,72.0292,44.8108,False,None,False,False,False,False,False,False,False,False,False,False,False,False,0,False,-1.0528000000000013,-3.7188000000000017,-55.7701,-2.6660000000000004,-54.7173,-52.0513,17.849633333333333,17.3119,1.916829729875175,31.394525,18.6449,27.13495627149293,55.7701,28.329383333333336,55.7701,2190.79262871,3560.2827806699997,204.11149584307054,16.261086479844735,-0.0019864798447351006,0.0019864798447351006,17.325404242363955,-0.013504242363953978,0.013504242363953978,19.657403193086786,0.3204968069132157,0.3204968069132157,49.317951762696595,22.71124823730341,22.71124823730341,22.71124823730341,5.761808941606328,22.71124823730341,0.14788941962658309,1.7764270118987269,2,657,0,Random_Forest,Set_D_Full_Stage5,658
TRN-0143,Invalid,0.9330357142857143,Invalid,2,0.4,31.0604,20.7146,49.4232,47.9427,13.4898,20.8227,22.3117,38.437,25.9811,False,None,False,False,False,False,False,False,False,False,False,False,False,False,0,False,-7.3329,-8.821899999999998,-24.947199999999995,-1.4889999999999972,-17.614299999999997,-16.1253,18.874733333333335,20.8227,4.722542800582471,23.7653,21.5672,10.513745429357385,24.947199999999995,12.721766666666662,24.947199999999995,643.40376184,993.11385342,1499.444112150796,16.627627230810557,-3.137827230810556,3.137827230810556,14.400695802041204,6.422004197958797,6.422004197958797,22.418661664740927,-0.10696166474092905,0.10696166474092905,48.517855518459484,-10.080855518459487,10.080855518459487,10.080855518459487,4.936912152992442,10.080855518459487,0.16843772894567083,1.0497317308295155,3,658,1,Random_Forest,Set_D_Full_Stage5,659
TRN-0226,Valid,0.02202590184996606,Valid,2,0.4,16.165,84.7277,19.8908,13.1586,12.7716,13.5427,15.1689,45.6281,25.3231,False,None,False,False,False,False,False,False,False,False,False,False,False,False,0,False,-0.7711000000000006,-2.3973000000000013,-32.856500000000004,-1.6262000000000008,-32.08540000000001,-30.459200000000003,13.827733333333333,13.5427,1.2238034251191385,21.777825,14.3558,15.931550246261873,32.856500000000004,16.699283333333337,32.856500000000004,1369.6232705,1114.89791322,190.78764196506668,12.561622997604749,0.20997700239525052,0.20997700239525052,13.449320107566251,0.09337989243374878,0.09337989243374878,15.031552003458835,0.13734799654116614,0.13734799654116614,50.08723524686935,-4.459135246869344,4.459135246869344,4.459135246869344,1.2249600345598775,4.459135246869344,0.4494462751991909,1.5087128725146464,4,659,0,Random_Forest,Set_D_Full_Stage5,660
TRN-0322,Valid,0.14501850010663156,Valid,5,0.4,19.8459,44.1289,43.3522,13.0739,11.9391,11.8223,15.5497,85.2779,18.7618,False,None,False,False,False,False,False,False,False,False,False,False,False,False,0,False,0.11679999999999957,-3.6106,-73.3388,-3.7273999999999994,-73.4556,-69.7282,13.103700000000002,11.9391,2.119103008350467,31.14725,13.744399999999999,36.12855543910754,73.4556,37.32956666666667,73.4556,875.7777365100001,576.93682571,449.72558805554,12.121912687022947,-0.18281268702294717,0.18281268702294717,12.030917324855512,-0.20861732485551165,0.20861732485551165,15.685169002004008,-0.13546900200400813,0.13546900200400813,50.199273254118964,35.07862674588104,35.07862674588104,35.07862674588104,8.901381439940877,35.07862674588104,0.10099600808894513,2.3583326430639486,4,660,0,Random_Forest,Set_D_Full_Stage5,661
TRN-0717,Valid,0.0038375317533648023,Valid,5,0.4,28.2051,24.1533,26.3389,43.9544,15.3975,13.0615,20.2903,40.4418,19.068,False,None,False,False,False,False,False,False,False,False,False,False,False,False,0,False,2.3360000000000003,-4.892799999999998,-25.0443,-7.228799999999998,-27.3803,-20.151500000000002,16.24976666666667,15.3975,3.6889912189287366,22.297775,17.843899999999998,12.465394365034477,27.3803,14.505616666666667,27.3803,681.24624183,1061.64380952,1167.7529912049322,15.378178626030255,0.019321373969745537,0.019321373969745537,12.93481651796659,0.1266834820334104,0.1266834820334104,20.405310966137783,-0.11501096613778472,0.11501096613778472,48.78394530627402,-8.34214530627402,8.34214530627402,8.34214530627402,2.15079028210374,8.34214530627402,0.3173806919743048,1.2279381113415524,3,661,0,Random_Forest,Set_D_Full_Stage5,662
TRN-0921,Valid,0.07732407619526196,Valid,3,0.4,12.3228,83.6693,38.3193,59.0536,11.4682,12.9508,13.5388,25.1946,29.9729,False,None,False,False,False,False,False,False,False,False,False,False,False,False,0,False,-1.4825999999999997,-2.0706000000000007,-13.726400000000002,-0.588000000000001,-12.243800000000002,-11.655800000000001,12.6526,12.9508,1.0670232049960302,15.7881,13.2448,6.331229476176015,13.726400000000002,6.961200000000001,13.726400000000002,1031.04005004,4940.9733744800005,147.27980904826393,11.22108307684051,0.2471169231594903,0.2471169231594903,13.003195868639953,-0.05239586863995349,0.05239586863995349,13.423628964200748,0.1151710357992517,0.1151710357992517,49.13574148047491,-23.94114148047491,23.94114148047491,23.94114148047491,6.088956327018401,23.94114148047491,0.14106448874408536,0.8694137550346432,4,662,0,Random_Forest,Set_D_Full_Stage5,663
TRN-0659,Valid,0.03906536879022894,Valid,5,0.4,21.4314,77.2592,34.8314,8.8744,14.3967,14.8306,17.5491,35.5696,27.4947,False,None,False,False,False,False,False,False,False,False,False,False,False,False,0,False,-0.4339000000000013,-3.1524,-21.172900000000002,-2.718499999999999,-20.739,-18.020500000000002,15.592133333333331,14.8306,1.7086123619280449,20.5865,16.18985,10.085684462312578,21.172900000000002,11.039533333333333,21.172900000000002,1655.7728188800002,685.6290444800001,277.39605414034133,14.647118478842659,-0.25041847884265955,0.25041847884265955,15.075967840584191,-0.2453678405841906,0.2453678405841906,18.175323677549667,-0.6262236775496675,0.6262236775496675,49.37271043700701,-13.803110437007007,13.803110437007007,13.803110437007007,3.731280108495881,13.803110437007007,0.2113592890440616,1.0284841869748687,4,663,0,Random_Forest,Set_D_Full_Stage5,664
TRN-0276,Valid,0.16259956307664286,Valid,5,0.4,30.1002,30.3395,35.0458,22.7598,16.1821,13.8584,21.6219,65.4609,20.5299,False,None,False,False,False,False,False,False,False,False,False,False,False,False,0,False,2.3236999999999988,-5.439800000000002,-49.2788,-7.7635000000000005,-51.60249999999999,-43.839,17.2208,16.1821,3.9846149537941558,29.280825,18.902,24.3384794695389,51.60249999999999,26.70788333333333,51.60249999999999,913.2250179,690.5209520999999,992.1122654914335,16.392921792342396,-0.21082179234239717,0.21082179234239717,14.218304950176442,-0.35990495017644264,0.35990495017644264,21.707108341846915,-0.08520834184691495,0.08520834184691495,49.12470615888662,16.336193841113378,16.336193841113378,16.336193841113378,4.248032231369783,16.336193841113378,0.19054761021141653,1.762330206771767,3,664,0,Random_Forest,Set_D_Full_Stage5,665
TRN-0573,Valid,0.11896554813667018,Valid,5,0.4,12.713,94.2479,33.3957,5.1753,11.3106,13.3547,13.2436,56.797,33.8011,False,None,False,False,False,False,False,False,False,False,False,False,False,False,0,False,-2.0440999999999985,-1.9329999999999998,-45.486399999999996,0.11109999999999864,-43.442299999999996,-43.553399999999996,12.6363,13.2436,1.1494329776024346,23.676475,13.299150000000001,22.100286277991213,45.486399999999996,22.76171666666666,45.486399999999996,1198.1735526999998,487.76115687000004,134.8889328155924,11.345604900332042,-0.035004900332040734,0.035004900332040734,13.424898082707353,-0.0701980827073534,0.0701980827073534,13.282078659529578,-0.038478659529577186,0.038478659529577186,49.884385161893086,6.9126148381069115,6.9126148381069115,6.9126148381069115,1.7640741201689707,6.9126148381069115,0.36178479900490834,1.9211635510929936,2,665,0,Random_Forest,Set_D_Full_Stage5,666
TRN-0877,Valid,0.01607782630518383,Valid,1,0.4,21.4959,97.0943,19.1262,42.5876,16.2871,16.5927,20.0402,45.6363,35.4263,False,None,False,False,False,False,False,False,False,False,False,False,False,False,0,False,-0.30560000000000187,-3.7531,-29.3492,-3.447499999999998,-29.043599999999998,-25.5961,17.64,16.5927,2.0842427569743402,24.639075,18.31645,14.101214439514303,29.3492,15.249183333333335,29.3492,2087.12936337,4135.01321068,221.39196416350242,16.14779928839345,0.13930071160654833,0.13930071160654833,16.566348210821463,0.026351789178537643,0.026351789178537643,19.553258647049816,0.4869413529501827,0.4869413529501827,49.096453155047534,-3.4601531550475357,3.4601531550475357,3.4601531550475357,1.028186752195701,3.4601531550475357,0.4930512433913725,1.1911643634493734,2,666,0,Random_Forest,Set_D_Full_Stage5,667
TRN-0468,Invalid,0.7522800844352078,Invalid,4,0.4,11.3447,90.8143,31.9713,16.691,10.7875,12.9436,6.04,44.117,31.1116,False,None,False,False,False,False,False,False,False,False,False,False,False,False,0,False,-2.1561000000000003,4.7475,-33.329499999999996,6.9036,-31.173399999999997,-38.077,9.923699999999998,10.7875,3.5319309265612766,18.472025,11.865549999999999,17.338160185051354,38.077,19.39785,38.077,1030.26098921,1515.7814813,124.92194236789332,10.637980209991456,0.14951979000854365,0.14951979000854365,12.7140739890575,0.22952601094250014,0.22952601094250014,12.382312406154458,-6.342312406154458,6.342312406154458,51.15482099947126,-7.037820999471265,7.037820999471265,7.037820999471265,3.439794801644192,7.037820999471265,0.22523563468060942,2.06133217049448,2,667,1,Random_Forest,Set_D_Full_Stage5,668
TRN-0181,Invalid,0.884529761904762,Invalid,2,0.4,18.6267,109.8992,25.7139,51.4145,15.5329,16.8204,6.878,45.3994,48.7663,False,None,False,False,False,False,False,False,False,False,False,False,False,False,0,False,-1.2874999999999996,8.6549,-29.866500000000002,9.9424,-28.579,-38.5214,13.0771,15.5329,5.407036588557544,21.157674999999998,16.17665,16.753312083560274,38.5214,19.475283333333334,38.5214,2047.0594286399999,5650.412418399999,169.48893445184913,15.587077021022003,-0.05417702102200295,0.05417702102200295,16.945916290534655,-0.12551629053465518,0.12551629053465518,18.540675786806453,-11.662675786806453,11.662675786806453,49.583255770405046,-4.183855770405046,4.183855770405046,11.662675786806453,4.006556217192039,11.662675786806453,0.1997380947338801,1.8206812323749033,2,668,1,Random_Forest,Set_D_Full_Stage5,669
TRN-0353,Valid,0.011899203602862571,Valid,4,0.4,19.5255,108.769,34.6151,11.8696,15.5531,16.9552,18.7414,46.8337,49.4057,False,None,False,False,False,False,False,False,False,False,False,False,False,False,0,False,-1.4021000000000008,-3.188299999999998,-31.2806,-1.7861999999999973,-29.8785,-28.0923,17.083233333333336,16.9552,1.598001446599261,24.520850000000003,17.848300000000002,14.9323465158695,31.2806,15.937999999999997,31.2806,2123.7691095,1291.0445224,179.51344781018048,15.508571612782118,0.044528387217882326,0.044528387217882326,17.10211366781655,-0.14691366781654835,0.14691366781654835,18.53685377978458,0.2045462202154198,0.2045462202154198,50.60470697639837,-3.7710069763983682,3.7710069763983682,3.7710069763983682,1.0417488129120547,3.7710069763983682,0.4897762122725297,1.2756730392000932,2,669,0,Random_Forest,Set_D_Full_Stage5,670
TRN-0147,Valid,0.06261472960749401,Valid,1,0.4,8.861,75.9485,36.5575,14.8645,8.6741,10.6902,10.3391,58.0673,23.809,False,None,False,False,False,False,False,False,False,False,False,False,False,False,0,False,-2.0161000000000016,-1.665000000000001,-49.39320000000001,0.35110000000000063,-47.3771,-47.7282,9.901133333333334,10.3391,1.0770449866803777,21.942675,10.51465,24.099133873284746,49.39320000000001,24.75511666666667,49.39320000000001,672.9796585,1128.93647825,116.67114996726072,8.593499032554329,0.08060096744567069,0.08060096744567069,10.711285531682993,-0.021085531682992098,0.021085531682992098,10.047087793226634,0.29201220677336615,0.29201220677336615,50.88576719502219,7.181532804977813,7.181532804977813,7.181532804977813,1.8938078777199605,7.181532804977813,0.34556544257799965,2.2510098467894886,4,670,0,Random_Forest,Set_D_Full_Stage5,671
TRN-0144,Valid,0.07192384126867203,Valid,4,0.4,21.5592,95.6797,38.3352,5.2788,16.0257,17.0131,19.5681,40.2086,40.0378,False,None,False,False,False,False,False,False,False,False,False,False,False,False,0,False,-0.9874000000000009,-3.5424000000000007,-24.182899999999997,-2.5549999999999997,-23.195499999999996,-20.640499999999996,17.535633333333333,17.0131,1.8280947057888806,23.203875,18.2906,11.434325859847034,24.182899999999997,12.517283333333332,24.182899999999997,2062.77778824,505.07400036,225.32676990764293,15.690401569276773,0.3352984307232276,0.3352984307232276,16.756622531003803,0.2564774689961986,0.2564774689961986,19.150932190848135,0.41716780915186646,0.41716780915186646,51.05802473577248,-10.84942473577248,10.84942473577248,10.84942473577248,2.9645921111609432,10.84942473577248,0.2522327573585299,1.0421918570963438,2,671,0,Random_Forest,Set_D_Full_Stage5,672
TRN-0019,Valid,0.3378651281188383,Valid,4,0.4,8.2185,21.3276,46.7842,33.5716,6.2229,6.6093,8.3971,71.8081,15.9881,False,None,False,False,False,False,False,False,False,False,False,False,False,False,0,False,-0.3864000000000001,-2.1742,-65.5852,-1.7877999999999998,-65.19879999999999,-63.410999999999994,7.076433333333334,6.6093,1.1599338659308698,23.259349999999998,7.5032,32.37968702355434,65.5852,33.09056666666667,65.5852,175.28088060000002,716.0016561599999,385.34556849079667,5.511552179981291,0.7113478200187089,0.7113478200187089,6.361885819369252,0.2474141806307486,0.2474141806307486,7.362796938306785,1.0343030616932154,1.0343030616932154,52.1360003536313,19.672099646368693,19.672099646368693,19.672099646368693,5.4162911771778415,19.672099646368693,0.155853276041603,2.819733647013504,4,672,0,Random_Forest,Set_D_Full_Stage5,673
TRN-0626,Invalid,0.8723407246272913,Invalid,1,0.4,8.6911,18.8487,44.6416,43.601,5.6547,6.384,7.4265,34.5325,14.4551,False,None,False,False,False,False,False,False,False,False,False,False,False,False,0,False,-0.7293000000000003,-1.7717999999999998,-28.8778,-1.0424999999999995,-28.1485,-27.105999999999998,6.4883999999999995,6.384,0.8905017293638456,13.499424999999999,6.9052500000000006,14.040888448474334,28.8778,14.61265,28.8778,163.81593657000002,821.8221687,461.09786823607556,5.702646040046632,-0.04794604004663228,0.04794604004663228,6.30155685920764,0.08244314079236048,0.08244314079236048,7.6636307018142915,-0.23713070181429163,0.23713070181429163,50.15556037270181,-15.623060372701808,15.623060372701808,15.623060372701808,3.997645063838773,15.623060372701808,0.20009424183314925,2.1391858251845357,4,673,1,Random_Forest,Set_D_Full_Stage5,674
TRN-0476,Valid,0.038109622194191346,Valid,4,0.4,13.8624,81.0334,36.4075,9.6282,11.1898,12.5515,13.5137,34.8156,27.4893,False,None,False,False,False,False,False,False,False,False,False,False,False,False,0,False,-1.3617000000000008,-2.3239,-23.625800000000005,-0.9621999999999993,-22.264100000000003,-21.301900000000003,12.418333333333335,12.5515,1.1676591212050431,18.017650000000003,13.0326,11.23914322431504,23.625800000000005,11.97326666666667,23.625800000000005,1123.31740416,780.20578188,171.07017957161125,11.230575084849923,-0.04077508484992265,0.04077508484992265,12.83486044437253,-0.28336044437252994,0.28336044437252994,13.47501195214711,0.03868804785289015,0.03868804785289015,51.59098826245622,-16.775388262456218,16.775388262456218,16.775388262456218,4.28455295988289,16.775388262456218,0.18923076513593323,1.3112579546955598,4,674,0,Random_Forest,Set_D_Full_Stage5,675
TRN-0796,Valid,0.1340549186572762,Valid,1,0.4,29.2093,62.3251,41.0718,47.5542,18.2781,17.4134,23.4021,46.8724,29.0277,False,None,False,False,False,False,False,False,False,False,False,False,False,False,0,False,0.8646999999999991,-5.124000000000002,-28.5943,-5.9887000000000015,-29.459,-23.470299999999998,19.697866666666666,18.2781,3.2369638495561452,26.4915,20.8401,13.841932865270898,29.459,15.583499999999999,29.459,1820.4725434299999,2963.8202704200003,468.660223784603,18.022822040846876,0.2552779591531227,0.2552779591531227,17.018220436395836,0.39517956360416306,0.39517956360416306,23.176183501094762,0.22591649890523868,0.22591649890523868,48.18597044405123,-1.31357044405123,1.31357044405123,1.31357044405123,0.5474861164284386,1.31357044405123,0.6462093516599531,1.1120166423129525,3,675,0,Random_Forest,Set_D_Full_Stage5,676
TRN-0870,Valid,0.048038802787690994,Valid,2,0.4,10.7956,108.3219,24.6777,48.043,11.5524,13.9552,13.1178,55.7297,44.2781,False,None,False,False,False,False,False,False,False,False,False,False,False,False,0,False,-2.402799999999999,-1.5654000000000003,-44.1773,0.8373999999999988,-41.7745,-42.6119,12.875133333333332,13.1178,1.219642280889496,23.588775,13.5365,21.45041155570603,44.1773,22.22821666666667,44.1773,1169.39990364,5204.1090417,99.66220130350361,11.694215951030007,-0.1418159510300061,0.1418159510300061,14.037376925065173,-0.08217692506517338,0.08217692506517338,13.316729476266339,-0.19892947626633806,0.19892947626633806,50.53666827595594,5.1930317240440615,5.1930317240440615,5.1930317240440615,1.4039885191013948,5.1930317240440615,0.41597536429741255,1.872809472806675,2,676,0,Random_Forest,Set_D_Full_Stage5,677
TRN-0854,Valid,0.07108556834341717,Valid,4,0.4,8.6289,26.2498,23.3529,56.0306,6.2386,6.4568,8.0669,52.8494,13.2914,False,None,False,False,False,False,False,False,False,False,False,False,False,False,0,False,-0.2182000000000004,-1.8283000000000005,-46.610800000000005,-1.6101,-46.3926,-44.7825,6.920766666666666,6.4568,0.9985584726661397,18.402925,7.261850000000001,22.97878556369984,46.610800000000005,23.57375,46.610800000000005,226.50689922,1470.79204388,328.72237932388845,6.214140172166256,0.024459827833744008,0.024459827833744008,6.365160432480463,0.09163956751953695,0.09163956751953695,7.952707260358981,0.11419273964101961,0.11419273964101961,49.770624274602895,3.078775725397108,3.078775725397108,3.078775725397108,0.8272669650978521,3.078775725397108,0.5472654073546658,2.5327916443762915,4,677,0,Random_Forest,Set_D_Full_Stage5,678
TRN-0134,Valid,0.02222178004322582,Valid,1,0.4,22.2438,41.4757,24.1234,53.4966,13.6413,12.3822,17.6506,70.0693,18.4064,False,None,False,False,False,False,False,False,False,False,False,False,False,False,0,False,1.2591,-4.009300000000001,-56.428,-5.2684000000000015,-57.6871,-52.4187,14.558033333333332,13.6413,2.751237838379906,28.43585,15.64595,27.84638914048522,57.6871,29.51176666666667,57.6871,922.5771756600001,2218.80893262,536.309083075371,13.565626577326498,0.07567342267350163,0.07567342267350163,12.349204943476007,0.03299505652399226,0.03299505652399226,17.518930288471104,0.13166971152889673,0.13166971152889673,48.651354613242866,21.417945386757133,21.417945386757133,21.417945386757133,5.414570894370881,21.417945386757133,0.15589507333648023,2.0286743569563224,4,678,0,Random_Forest,Set_D_Full_Stage5,679
TRN-0527,Valid,0.1155022544024598,Valid,3,0.4,14.7369,57.4826,37.9908,20.1469,10.8502,11.6163,13.5462,51.1441,18.5575,False,None,False,False,False,False,False,False,False,False,False,False,False,False,0,False,-0.7661000000000016,-2.6960000000000015,-40.2939,-1.9299,-39.5278,-37.5979,12.004233333333334,11.6163,1.3892347545801376,21.7892,12.58125,19.60277887120429,40.2939,20.4686,40.2939,847.11532794,1158.09619394,256.37144868682896,10.46646204943256,0.38373795056743987,0.38373795056743987,11.269582077314796,0.3467179226852046,0.3467179226852046,13.065572233106472,0.4806277668935284,0.4806277668935284,50.59625639775312,0.5478436022468784,0.5478436022468784,0.5478436022468784,0.43973181059826283,0.5478436022468784,0.6945738037033872,1.8492593352397815,4,679,0,Random_Forest,Set_D_Full_Stage5,680
TRN-0770,Valid,0.021959355634617875,Valid,3,0.4,15.7032,98.3867,38.3044,32.4798,13.1948,15.1165,15.3287,46.7966,40.2031,False,None,False,False,False,False,False,False,False,False,False,False,False,False,0,False,-1.9216999999999995,-2.133899999999999,-33.6018,-0.21219999999999928,-31.680099999999996,-31.4679,14.546666666666667,15.1165,1.1755487328619483,22.60915,15.2226,16.153508180887517,33.6018,16.836266666666663,33.6018,1544.98602744,3195.58033866,159.6069225203282,13.332569009927917,-0.13776900992791674,0.13776900992791674,15.188030819265608,-0.07153081926560745,0.07153081926560745,15.901861493138693,-0.5731614931386932,0.5731614931386932,49.153424739677874,-2.356824739677876,2.356824739677876,2.356824739677876,0.7848215155025233,2.356824739677876,0.560280112781163,1.486202937216597,2,680,0,Random_Forest,Set_D_Full_Stage5,681
TRN-0251,Valid,0.13952690698731599,Valid,4,0.4,30.3515,109.3207,33.6619,8.9928,20.9797,21.2055,25.9842,48.8242,53.6774,False,None,False,False,False,False,False,False,False,False,False,False,False,False,0,False,-0.22579999999999956,-5.0045,-27.844499999999996,-4.778700000000001,-27.618699999999997,-22.839999999999996,22.723133333333333,21.2055,2.8264223434110716,29.248399999999997,23.59485,13.25300704720756,27.844499999999996,14.718699999999998,27.844499999999996,3318.04722605,983.0991909600001,277.6372381774688,20.707189013352306,0.2725109866476956,0.2725109866476956,20.82950424495328,0.3759957550467199,0.3759957550467199,25.538887529852495,0.4453124701475062,0.4453124701475062,49.71469817422368,-0.8904981742236799,0.8904981742236799,0.8904981742236799,0.4960793465164004,0.8904981742236799,0.6684137457872712,0.9520004677177324,1,681,0,Random_Forest,Set_D_Full_Stage5,682
TRN-0132,Valid,0.01665249436822326,Valid,1,0.4,9.7487,72.7897,36.5709,25.4378,9.0643,10.8287,10.8578,77.4383,23.3231,False,None,False,False,False,False,False,False,False,False,False,False,False,False,0,False,-1.7644000000000002,-1.7934999999999999,-68.374,-0.02909999999999968,-66.6096,-66.5805,10.250266666666667,10.8287,1.0271803168545108,27.047275,10.84325,33.604484156173264,68.374,34.19185,68.374,709.6049483899999,1851.60983066,133.92964472588227,8.970881390723692,0.09341860927630741,0.09341860927630741,10.8411373464788,-0.012437346478799682,0.012437346478799682,10.637462331077401,0.22033766892259798,0.22033766892259798,50.5677239897354,26.8705760102646,26.8705760102646,26.8705760102646,6.799192408735577,26.8705760102646,0.12821840359777997,2.527943192819538,4,682,0,Random_Forest,Set_D_Full_Stage5,683
TRN-0215,Invalid,0.7760678125866981,Invalid,2,0.4,23.5742,80.0256,28.2073,5.4162,15.6847,15.9431,19.5115,52.9688,27.4716,False,None,False,False,False,False,False,False,False,False,False,False,False,False,0,False,-0.25839999999999996,-3.826800000000002,-37.2841,-3.5684000000000022,-37.0257,-33.457300000000004,17.046433333333336,15.9431,2.138716412555283,26.027025000000002,17.7273,18.045872436538872,37.2841,19.236783333333335,37.2841,1886.53949952,433.43465471999997,294.5831965542031,15.783884264528346,-0.09918426452834694,0.09918426452834694,15.815056157173213,0.12804384282678605,0.12804384282678605,19.57970465054619,-0.06820465054618907,0.06820465054618907,49.263854302945724,3.704945697054278,3.704945697054278,3.704945697054278,1.0000946137389,3.704945697054278,0.499976347684192,1.432514306758338,4,683,1,Random_Forest,Set_D_Full_Stage5,684
TRN-0780,Valid,0.01624323404830418,Valid,1,0.4,12.6266,68.5622,35.0442,17.9569,9.9021,11.2444,12.2991,43.9458,22.3588,False,None,False,False,False,False,False,False,False,False,False,False,False,False,0,False,-1.3422999999999998,-2.3969999999999985,-34.0437,-1.0546999999999986,-32.7014,-31.6467,11.148533333333333,11.2444,1.201372158547605,19.34785,11.77175,16.427944847423856,34.0437,17.197633333333332,34.0437,865.70747452,1231.1645691800002,184.16267503629183,10.031191333662129,-0.129091333662128,0.129091333662128,11.364996762137748,-0.1205967621377475,0.1205967621377475,12.161885274000573,0.13721472599942608,0.13721472599942608,50.43102723202686,-6.485227232026858,6.485227232026858,6.485227232026858,1.71803251345654,6.485227232026858,0.3679131853828685,1.7595589383011867,4,684,0,Random_Forest,Set_D_Full_Stage5,685
TRN-0425,Valid,0.13130473756805455,Valid,1,0.4,14.8763,108.8282,36.4889,20.9661,13.3401,15.6721,15.4704,25.5252,48.8125,False,None,False,False,False,False,False,False,False,False,False,False,False,False,0,False,-2.3320000000000007,-2.1303,-12.185100000000002,0.20170000000000066,-9.853100000000001,-10.054800000000002,14.827533333333333,15.4704,1.292096808808587,17.50195,15.57125,5.451882928860451,12.185100000000002,6.126166666666669,12.185100000000002,1618.96095166,2281.70292402,136.69525576135086,13.379214983719793,-0.03911498371979327,0.03911498371979327,15.638052580945391,0.03404741905460895,0.03404741905460895,15.681495170272761,-0.21109517027276148,0.21109517027276148,50.26060848043299,-24.73540848043299,24.73540848043299,24.73540848043299,6.254916513370039,24.73540848043299,0.13783756134989375,0.6962134526647302,2,685,0,Random_Forest,Set_D_Full_Stage5,686
TRN-0273,Valid,0.04303245089882347,Valid,3,0.4,14.7494,46.7725,41.9781,18.1946,9.8595,10.6273,12.2165,33.6728,17.7087,False,None,False,False,False,False,False,False,False,False,False,False,False,False,0,False,-0.7677999999999994,-2.3569999999999993,-23.8133,-1.5892,-23.045500000000004,-21.456300000000002,10.9011,10.6273,1.2021177479764615,16.594025000000002,11.4219,11.428078211544,23.8133,12.171516666666667,23.8133,689.8663115,851.0069285000001,315.34335018582493,9.86516017250465,-0.005660172504649452,0.005660172504649452,10.477893588238524,0.1494064117614755,0.1494064117614755,12.5648983663852,-0.34839836638520083,0.34839836638520083,51.283269888738545,-17.610469888738542,17.610469888738542,17.610469888738542,4.5284837098474675,17.610469888738542,0.18088142291507092,1.4350518122927907,4,686,0,Random_Forest,Set_D_Full_Stage5,687
TRN-0970,Valid,0.035008052374173745,Valid,5,0.4,21.6393,46.0109,37.6075,53.7777,13.5387,12.9017,17.5589,27.2276,20.1454,False,None,False,False,False,False,False,False,False,False,False,False,False,False,0,False,0.6370000000000005,-4.020200000000001,-13.688899999999999,-4.657200000000001,-14.325899999999999,-9.668699999999998,14.666433333333336,13.5387,2.5251167920184083,17.806725,15.5488,6.6103356104285655,14.325899999999999,7.832983333333334,14.325899999999999,995.6436683699999,2474.3603769300003,470.3080204238516,13.56388576582916,-0.02518576582915877,0.02518576582915877,12.96748868326938,-0.06578868326938014,0.06578868326938014,17.526166473862137,0.03273352613786429,0.03273352613786429,49.18003061775282,-21.95243061775282,21.95243061775282,21.95243061775282,5.519034648247306,21.95243061775282,0.15339694509352822,0.8045214352883894,4,687,0,Random_Forest,Set_D_Full_Stage5,688
TRN-0318,Valid,0.12002453911727955,Valid,2,0.4,25.1775,66.3148,37.9414,36.4763,16.4199,15.8983,20.8264,62.0508,27.6115,False,None,False,False,False,False,False,False,False,False,False,False,False,False,0,False,0.5215999999999976,-4.406500000000001,-45.630900000000004,-4.928099999999999,-46.1525,-41.2244,17.714866666666666,16.4199,2.707258096918972,28.79885,18.62315,22.277901840239206,46.1525,23.810666666666666,46.1525,1669.640877,2418.9185392400004,379.66632189702415,16.170347582233838,0.24955241776616077,0.24955241776616077,15.775315395097165,0.12298460490283603,0.12298460490283603,20.542606380789245,0.28379361921075485,0.28379361921075485,49.050226418517,13.000573581483003,13.000573581483003,13.000573581483003,3.4142260558406887,13.000573581483003,0.22654027848819586,1.6025807966009766,3,688,0,Random_Forest,Set_D_Full_Stage5,689
TRN-0767,Valid,0.041848196937355774,Valid,5,0.4,27.0091,89.3887,31.1747,24.0991,18.2747,18.1538,23.0462,65.1731,35.2858,False,None,False,False,False,False,False,False,False,False,False,False,False,False,0,False,0.1208999999999989,-4.7715,-46.89840000000001,-4.8923999999999985,-47.0193,-42.126900000000006,19.8249,18.2747,2.790382495286264,31.16195,20.660449999999997,22.78827842971031,47.0193,24.304900000000004,47.0193,2414.30833717,2154.18722017,302.1533703752968,18.17361883023993,0.10108116976006798,0.10108116976006798,18.04228699174456,0.11151300825543942,0.11151300825543942,22.591928011727493,0.4542719882725059,0.4542719882725059,48.34661215524575,16.826487844754254,16.826487844754254,16.826487844754254,4.373338502760567,16.826487844754254,0.1861040393204797,1.5088685050619408,1,689,0,Random_Forest,Set_D_Full_Stage5,690
TRN-0437,Valid,0.06414693917299684,Valid,4,0.4,25.3163,24.303,33.4231,57.0072,14.28,12.2727,18.7394,78.7804,19.2354,False,None,False,False,False,False,False,False,False,False,False,False,False,False,0,False,2.007299999999999,-4.4594000000000005,-64.5004,-6.4666999999999994,-66.5077,-60.041,15.097366666666668,14.28,3.3099272534805553,31.018125,16.5097,31.955999894372994,66.5077,33.997083333333336,66.5077,615.2620389,1385.4459816,1041.694012387766,14.150127880098399,0.1298721199016004,0.1298721199016004,12.287966222611859,-0.015266222611858282,0.015266222611858282,18.828894832689485,-0.08949483268948555,0.08949483268948555,48.78413426135623,29.99626573864377,29.99626573864377,29.99626573864377,7.557724728461679,29.99626573864377,0.1168534898854778,2.144155346541628,3,690,0,Random_Forest,Set_D_Full_Stage5,691
TRN-0502,Valid,0.4818539682539682,Invalid,1,0.4,31.4814,15.7485,22.313,54.752,16.6856,13.4554,22.2083,63.0366,19.7031,False,None,False,False,False,False,False,False,False,False,False,False,False,False,0,False,3.2302000000000017,-5.5227,-46.351,-8.752900000000002,-49.5812,-40.8283,17.449766666666665,16.6856,4.426203522583811,28.846474999999998,19.44695,23.078143233136554,49.5812,25.71105,49.5812,495.7848279,862.261872,1999.0081601370543,16.59919523651434,0.0864047634856604,0.0864047634856604,13.312113910947364,0.1432860890526353,0.1432860890526353,22.25057959367872,-0.042279593678717475,0.042279593678717475,47.652124009657335,15.384475990342665,15.384475990342665,15.384475990342665,3.9141116091399195,15.384475990342665,0.2034955816103295,1.7187952015644197,3,691,0,Random_Forest,Set_D_Full_Stage5,692
TRN-0413,Valid,0.2052857300558631,Valid,5,0.4,23.8614,99.6453,27.3515,52.786,17.422,17.7966,21.1059,58.3409,40.8523,False,None,False,False,False,False,False,False,False,False,False,False,False,False,0,False,-0.37460000000000093,-3.6838999999999977,-40.918899999999994,-3.309299999999997,-40.54429999999999,-37.235,18.774833333333333,17.7966,2.0274331415199187,28.66635,19.45125,19.85217195413808,40.918899999999994,21.010999999999996,40.918899999999994,2377.67636142,5259.8768058000005,239.46335256521354,17.56167757044724,-0.13967757044724038,0.13967757044724038,17.941908489972906,-0.1453084899729049,0.1453084899729049,21.47197843177013,-0.36607843177013066,0.36607843177013066,47.8788771097074,10.462022890292594,10.462022890292594,10.462022890292594,2.7782718456207176,10.462022890292594,0.2646712679393544,1.4274187584332294,2,692,0,Random_Forest,Set_D_Full_Stage5,693
TRN-0735,Valid,0.11167502864723239,Valid,1,0.4,26.086,76.1449,37.1549,29.5568,16.9605,16.7213,21.3601,54.0255,29.7533,False,None,False,False,False,False,False,False,False,False,False,False,False,False,0,False,0.2392000000000003,-4.3995999999999995,-37.065,-4.6388,-37.3042,-32.665400000000005,18.3473,16.9605,2.611901039472974,27.266849999999998,19.1603,17.9661210848827,37.3042,19.38536666666667,37.3042,1986.3158614000001,2250.5995803200003,342.583634283631,17.06675918437277,-0.10625918437277093,0.10625918437277093,16.83354404930308,-0.11224404930307941,0.11224404930307941,21.496669754977198,-0.1365697549771987,0.1365697549771987,48.900200848008346,5.125299151991655,5.125299151991655,5.125299151991655,1.370093035161176,5.125299151991655,0.4219243654846637,1.3681149938056676,3,693,0,Random_Forest,Set_D_Full_Stage5,694
TRN-0249,Valid,0.06619047928347005,Valid,3,0.4,15.2693,100.304,34.0973,32.5533,12.9218,14.867,15.5072,30.5176,40.5863,False,None,False,False,False,False,False,False,False,False,False,False,False,False,0,False,-1.9452000000000016,-2.5854,-17.595800000000004,-0.6401999999999983,-15.6506,-15.010400000000002,14.432,14.867,1.3464739284516432,18.453400000000002,15.187100000000001,8.117591588642533,17.595800000000004,8.904600000000002,17.595800000000004,1531.5718672,3265.2262032,152.23020495391958,13.224276174279776,-0.3024761742797768,0.3024761742797768,15.065293503403986,-0.19829350340398477,0.19829350340398477,15.665062509468774,-0.15786250946877445,0.15786250946877445,48.75830011003269,-18.24070011003269,18.24070011003269,18.24070011003269,4.724833074296306,18.24070011003269,0.17467758221455557,0.9535256627365892,2,694,0,Random_Forest,Set_D_Full_Stage5,695
TRN-0941,Valid,0.0510857759364775,Valid,2,0.4,26.4406,81.4135,28.2367,48.9851,17.6256,17.3812,22.0976,32.9076,29.618,False,None,False,False,False,False,False,False,False,False,False,False,False,False,0,False,0.24439999999999884,-4.472000000000001,-15.282000000000004,-4.7164,-15.526400000000002,-10.810000000000002,19.0348,17.6256,2.6552760157844233,22.503,19.8616,7.267322210186273,15.526400000000002,8.508533333333334,15.526400000000002,2152.6217881,3988.0484388500004,324.769193712444,17.745850052470196,-0.12025005247019749,0.12025005247019749,17.29364506543522,0.08755493456477836,0.08755493456477836,22.19414123429941,-0.09654123429940853,0.09654123429940853,48.77367656457897,-15.866076564578968,15.866076564578968,15.866076564578968,4.042605696478338,15.866076564578968,0.19831017140570428,0.6899699195796475,3,695,0,Random_Forest,Set_D_Full_Stage5,696
TRN-0644,Valid,0.0256549773600026,Valid,2,0.4,22.3928,21.7817,18.0,17.6499,12.3418,10.3495,16.293,43.2368,15.8306,False,None,False,False,False,False,False,False,False,False,False,False,False,False,0,False,1.9922999999999984,-3.9512,-30.895000000000003,-5.9434999999999985,-32.8873,-26.943800000000003,12.994766666666665,12.3418,3.0250739103918316,20.555275,14.3174,15.321418335427262,32.8873,17.102183333333333,32.8873,487.75325176000007,384.44482683,1028.0551894226855,12.13044405125237,0.21135594874762909,0.21135594874762909,10.239693869908095,0.10980613009190598,0.10980613009190598,16.01227599587907,0.28072400412093046,0.28072400412093046,49.57078162085321,-6.3339816208532085,6.3339816208532085,6.3339816208532085,1.7339669259534185,6.3339816208532085,0.36576887251526247,1.599943761421941,4,696,0,Random_Forest,Set_D_Full_Stage5,697
TRN-0004,Valid,0.02857972914308939,Valid,4,0.4,15.8587,26.0792,30.945,29.2205,9.2522,8.8999,12.1474,35.7616,15.4348,False,None,False,False,False,False,False,False,False,False,False,False,False,False,0,False,0.3522999999999996,-2.895199999999999,-26.5094,-3.2474999999999987,-26.8617,-23.614200000000004,10.099833333333335,9.2522,1.7819724361878695,16.515275000000003,10.6998,12.913114172131369,26.8617,13.913383333333334,26.8617,413.58220904,762.0472636000001,608.097407858597,9.37570411712932,-0.12350411712932008,0.12350411712932008,8.858433224426236,0.04146677557376499,0.04146677557376499,12.304781888538503,-0.1573818885385041,0.1573818885385041,50.77184882466088,-15.010248824660877,15.010248824660877,15.010248824660877,3.8331504014756166,15.010248824660877,0.20690438263512106,1.6264751107837374,4,697,0,Random_Forest,Set_D_Full_Stage5,698
TRN-0102,Valid,0.035512457077889664,Valid,4,0.4,15.3713,82.2769,40.7093,24.3331,12.0642,13.5868,14.6883,31.9827,29.6686,False,None,False,False,False,False,False,False,False,False,False,False,False,False,0,False,-1.5226000000000006,-2.6241000000000003,-19.9185,-1.1014999999999997,-18.3959,-17.294400000000003,13.446433333333333,13.5868,1.3176692693287393,18.0805,14.137550000000001,9.330369607898716,19.9185,10.142833333333334,19.9185,1264.70291297,2002.0520353900001,186.82398257299647,12.201327458420446,-0.13712745842044605,0.13712745842044605,13.723923376229475,-0.137123376229475,0.137123376229475,14.799778757246088,-0.11147875724608802,0.11147875724608802,50.98712530576542,-19.004425305765416,19.004425305765416,19.004425305765416,4.847538724415356,19.004425305765416,0.17101212101848562,1.1016558714328302,4,698,0,Random_Forest,Set_D_Full_Stage5,699
TRN-0310,Valid,0.019632694976595626,Valid,4,0.4,17.7259,93.4655,30.4254,9.3407,13.8355,15.1421,16.6845,43.4387,34.339,False,None,False,False,False,False,False,False,False,False,False,False,False,False,0,False,-1.3065999999999995,-2.849,-29.603199999999998,-1.5424000000000007,-28.296599999999998,-26.754199999999997,15.220699999999999,15.1421,1.4261254222542983,22.275199999999998,15.9133,14.156968960433113,29.603199999999998,15.058666666666666,29.603199999999998,1656.76010645,873.0331958500001,189.6517763611411,13.763530537318397,0.07196946268160254,0.07196946268160254,15.028551235015552,0.1135487649844471,0.1135487649844471,16.52328213880622,0.16121786119378,0.16121786119378,50.817441977525185,-7.378741977525188,7.378741977525188,7.378741977525188,1.9313695165962543,7.378741977525188,0.34113747664304883,1.3289751252625677,2,699,0,Random_Forest,Set_D_Full_Stage5,700
TRN-0653,Valid,0.16017703503322778,Valid,4,0.4,11.3197,81.8708,23.3696,20.6582,9.9817,11.3997,11.2124,36.3911,23.001,False,None,False,False,False,False,False,False,False,False,False,False,False,False,0,False,-1.4179999999999993,-1.2307000000000006,-26.4094,0.1872999999999987,-24.991400000000002,-25.1787,10.864600000000001,11.2124,0.770327612123569,17.246225000000003,11.306049999999999,12.778738343403338,26.4094,13.235916666666668,26.4094,926.75289476,1691.30336056,138.2629535484014,10.16759502985344,-0.1858950298534392,0.1858950298534392,11.706766886194025,-0.30706688619402556,0.30706688619402556,11.886347377673875,-0.6739473776738745,0.6739473776738745,50.60998220932633,-14.218882209326331,14.218882209326331,14.218882209326331,3.8464478757619176,14.218882209326331,0.20633668732953997,1.5313139360561885,4,700,0,Random_Forest,Set_D_Full_Stage5,701
TRN-0115,Valid,0.06672189536602599,Valid,2,0.4,28.8054,58.7016,35.5128,57.6561,17.5856,16.3149,22.4877,65.3874,23.0506,False,None,False,False,False,False,False,False,False,False,False,False,False,False,0,False,1.270699999999998,-4.902100000000001,-47.8018,-6.172799999999999,-49.0725,-42.899699999999996,18.796066666666665,17.5856,3.259568548647709,30.4439,20.03665,23.447201898307608,49.0725,25.353266666666666,49.0725,1690.9230686399999,3384.50531976,490.70885790014955,17.73804620892196,-0.1524462089219618,0.1524462089219618,16.487270607857624,-0.17237060785762282,0.17237060785762282,22.82611758156872,-0.33841758156872004,0.33841758156872004,48.57067715725145,16.816722842748547,16.816722842748547,16.816722842748547,4.369989310274213,16.816722842748547,0.18622010998918284,1.6118987344266882,3,701,0,Random_Forest,Set_D_Full_Stage5,702
TRN-0772,Valid,0.13670417280422315,Valid,2,0.4,29.2843,55.6198,36.0893,55.5212,17.8595,16.5567,22.9917,15.8876,23.1953,False,None,False,False,False,False,False,False,False,False,False,False,False,False,0,False,1.3028000000000013,-5.132200000000001,1.9718999999999998,-6.435000000000002,0.6690999999999985,7.104100000000001,19.13596666666667,17.8595,3.4021069373747412,18.323875,17.2081,3.217793121975578,7.104100000000001,3.769183333333334,7.104100000000001,1628.78690914,3088.0780397599997,526.5084508559091,17.773954080397083,0.08554591960291802,0.08554591960291802,16.39175556352204,0.16494443647795975,0.16494443647795975,22.95759700496765,0.03410299503235237,0.03410299503235237,48.53386344340739,-32.64626344340739,32.64626344340739,32.64626344340739,8.232714198630156,32.64626344340739,0.10831051178302135,0.38769616814338226,3,702,0,Random_Forest,Set_D_Full_Stage5,703
TRN-0831,Valid,0.268317321015416,Valid,3,0.4,18.7826,102.8008,35.3483,23.859,14.421,15.9943,16.9964,53.0225,43.4195,False,None,False,False,False,False,False,False,False,False,False,False,False,False,0,False,-1.5733000000000015,-2.575400000000002,-38.6015,-1.0021000000000004,-37.0282,-36.0261,15.8039,15.9943,1.2982143158970334,25.10855,16.495350000000002,18.639464050682,38.6015,19.467766666666666,38.6015,1930.8663060799997,2452.7242872,182.70867710089053,14.945577396544323,-0.5245773965443234,0.5245773965443234,16.4568890277953,-0.462589027795298,0.462589027795298,17.93879670920246,-0.942396709202459,0.942396709202459,48.78514456947152,4.237355430528481,4.237355430528481,4.237355430528481,1.5417296410176404,4.237355430528481,0.39343287494559287,1.5373840634429055,2,703,0,Random_Forest,Set_D_Full_Stage5,704
TRN-0705,Valid,0.5389043970659642,Invalid,1,0.4,8.2692,25.6949,31.0763,11.3228,5.3401,6.1135,6.6989,39.6231,12.5064,False,None,False,False,False,False,False,False,False,False,False,False,False,False,0,False,-0.7734000000000005,-1.3588000000000005,-34.283,-0.5853999999999999,-33.5096,-32.9242,6.050833333333333,6.1135,0.6815641520307048,14.4439,6.4062,16.795355273011246,34.283,17.239066666666666,34.283,212.47626707999999,290.93821372,321.8224932486628,5.47891261630959,-0.13881261630959063,0.13881261630959063,6.0303496024754075,0.08315039752459263,0.08315039752459263,7.0566049686461465,-0.3577049686461464,0.3577049686461464,50.87148347626196,-11.248383476261957,11.248383476261957,11.248383476261957,2.957012864685572,11.248383476261957,0.2527158829642726,2.373526282010896,4,704,0,Random_Forest,Set_D_Full_Stage5,705
TRN-0991,Valid,0.06601029086609658,Valid,4,0.4,31.3945,56.8214,40.6793,37.536,18.3479,16.9601,23.7599,53.2477,24.1357,False,None,False,False,False,False,False,False,False,False,False,False,False,False,0,False,1.3877999999999986,-5.411999999999999,-34.8998,-6.799799999999998,-36.2876,-29.487800000000004,19.6893,18.3479,3.5928867891989014,28.078899999999997,21.0539,17.033714890181766,36.2876,19.0458,36.2876,1783.8794423,2132.8480704,552.5118084890889,18.6495571693117,-0.3016571693116994,0.3016571693116994,17.20696276970995,-0.24686276970994925,0.24686276970994925,24.158972566893834,-0.3990725668938353,0.3990725668938353,49.19800475176885,4.049695248231153,4.049695248231153,4.049695248231153,1.2493219385366592,4.049695248231153,0.4445784228871078,1.2923436130533557,3,705,0,Random_Forest,Set_D_Full_Stage5,706
TRN-0862,Valid,0.12652724235212143,Valid,5,0.4,16.9245,33.0504,36.7006,42.7713,10.4439,10.0715,13.4578,57.3797,17.5038,False,None,False,False,False,False,False,False,False,False,False,False,False,False,0,False,0.37239999999999895,-3.0139000000000014,-46.9358,-3.3863000000000003,-47.3082,-43.9219,11.324399999999999,10.4439,1.856937562224428,22.838225,11.950849999999999,23.077510176125298,47.3082,24.15641666666667,47.3082,559.3614948,1413.60857352,512.0813932414151,10.448844324286933,-0.004944324286933366,0.004944324286933366,10.116377075212492,-0.044877075212491846,0.044877075212491846,13.639057855409446,-0.18125785540944506,0.18125785540944506,49.942773975399064,7.436926024600936,7.436926024600936,7.436926024600936,1.9170013198774516,7.436926024600936,0.3428178085438822,2.071447290037956,4,706,0,Random_Forest,Set_D_Full_Stage5,707
TRN-0229,Valid,0.060384410950783035,Valid,4,0.4,14.9486,51.2987,47.6404,16.062,10.0847,11.0032,13.0154,40.751,20.6136,False,None,False,False,False,False,False,False,False,False,False,False,False,False,0,False,-0.9184999999999999,-2.9307,-30.6663,-2.0122,-29.747799999999998,-27.735599999999998,11.367766666666666,11.0032,1.4989770723174298,18.713575,12.0093,14.74250844064537,30.6663,15.668516666666667,30.6663,766.84374682,823.9597194,291.4030391797377,10.198591234860446,-0.11389123486044639,0.11389123486044639,11.102458349122902,-0.09925834912290199,0.09925834912290199,12.94642144891177,0.06897855108822881,0.06897855108822881,52.088881956123174,-11.337881956123177,11.337881956123177,11.337881956123177,2.9050025227986884,11.337881956123177,0.25608178078289867,1.6387186100365057,4,707,0,Random_Forest,Set_D_Full_Stage5,708
TRN-0696,Valid,0.06042714409801228,Valid,3,0.4,19.9703,69.0999,46.7115,35.8717,14.0227,14.7328,17.7988,55.6225,30.0941,False,None,False,False,False,False,False,False,False,False,False,False,False,False,0,False,-0.7100999999999988,-3.7760999999999996,-41.5998,-3.0660000000000007,-40.889700000000005,-37.8237,15.518099999999999,14.7328,2.0068021501882045,25.5442,16.2658,20.11903480338955,41.5998,21.3109,41.5998,1379.9457329700003,2478.73088283,289.00616513103995,13.823484693607705,0.19921530639229523,0.19921530639229523,14.482827570997417,0.24997242900258243,0.24997242900258243,17.391294822533812,0.407505177466188,0.407505177466188,50.3376287566795,5.284871243320502,5.284871243320502,5.284871243320502,1.535391039045392,5.284871243320502,0.394416476432966,1.628541262383922,4,708,0,Random_Forest,Set_D_Full_Stage5,709
TRN-0371,Valid,0.24433345612503463,Valid,1,0.4,8.4715,19.0963,37.7212,24.6285,5.5421,6.063,7.3369,59.883,13.5288,False,None,False,False,False,False,False,False,False,False,False,False,False,False,0,False,-0.5209000000000001,-1.7948000000000004,-54.340900000000005,-1.2739000000000003,-53.82,-52.5461,6.314,6.063,0.9233512386952217,19.70625,6.699949999999999,26.795108233718082,54.340900000000005,27.38276666666667,54.340900000000005,161.77430545,470.31322455,443.61973595946023,5.377215886072057,0.16488411392794244,0.16488411392794244,5.864324049577382,0.19867595042261765,0.19867595042261765,7.150386121330889,0.1865138786691114,0.1865138786691114,50.565248193104196,9.317751806895807,9.317751806895807,9.317751806895807,2.4669564374788697,9.317751806895807,0.288437428630395,2.7575450643602593,4,709,0,Random_Forest,Set_D_Full_Stage5,710
TRN-0819,Valid,0.18950417687833818,Valid,1,0.4,17.2999,23.0813,37.999,20.686,10.0065,9.4349,13.3861,60.0238,16.4621,False,None,False,False,False,False,False,False,False,False,False,False,False,False,0,False,0.5716000000000001,-3.3796,-50.0173,-3.9512,-50.5889,-46.6377,10.9425,10.0065,2.1354314224530837,23.212825000000002,11.6963,24.60251099642406,50.5889,25.857716666666665,50.5889,399.30418187,477.4597718,749.5198496099226,9.7992781893014,0.20722181069860035,0.20722181069860035,9.232994611485331,0.20190538851466933,0.20190538851466933,13.02670299656947,0.35939700343053005,0.35939700343053005,49.8001028152092,10.223697184790801,10.223697184790801,10.223697184790801,2.74805534685865,10.223697184790801,0.26680502486125984,2.179350346478575,4,710,0,Random_Forest,Set_D_Full_Stage5,711
TRN-0107,Valid,0.08032591785657565,Valid,4,0.4,16.1498,53.7524,24.6296,36.9404,11.0133,10.8826,13.8872,35.324,16.8455,False,None,False,False,False,False,False,False,False,False,False,False,False,False,0,False,0.13069999999999915,-2.873900000000001,-24.310699999999997,-3.0046,-24.441399999999998,-21.436799999999998,11.9277,11.0133,1.6982346157112689,17.776775,12.45025,11.780041622556631,24.441399999999998,12.699683333333331,24.441399999999998,868.09050952,1985.63515696,300.4479241023797,11.126913955028154,-0.11361395502815519,0.11361395502815519,11.169253811636521,-0.2866538116365209,0.2866538116365209,13.908014626552124,-0.020814626552123627,0.020814626552123627,49.7734561423116,-14.449456142311604,14.449456142311604,14.449456142311604,3.717634633882101,14.449456142311604,0.21197063308336547,1.374905529880684,4,711,0,Random_Forest,Set_D_Full_Stage5,712
TRN-0017,Valid,0.05285626046778814,Valid,5,0.4,15.8688,16.7878,29.9819,37.0965,8.8732,8.0324,11.9012,45.7346,15.0326,False,None,False,False,False,False,False,False,False,False,False,False,False,False,0,False,0.8407999999999998,-3.0279999999999987,-36.8614,-3.8687999999999985,-37.7022,-33.8334,9.602266666666667,8.8732,2.0348358688929506,18.63535,10.3872,18.142401973553557,37.7022,19.355766666666664,37.7022,266.40224064,622.7686227,945.2573027690926,8.964559795212578,-0.09135979521257731,0.09135979521257731,8.106372587779997,-0.0739725877799966,0.0739725877799966,11.975299891369366,-0.07409989136936623,0.07409989136936623,50.183793730919064,-4.449193730919063,4.449193730919063,4.449193730919063,1.1721565013202508,4.449193730919063,0.4603719848879183,2.0231538322844314,4,712,0,Random_Forest,Set_D_Full_Stage5,713
TRN-0196,Valid,0.09460765437263671,Valid,4,0.4,28.5086,20.9697,30.8619,45.7868,15.5239,12.9922,20.4713,56.8221,19.7101,False,None,False,False,False,False,False,False,False,False,False,False,False,False,0,False,2.531699999999999,-4.9474,-41.2982,-7.479099999999999,-43.829899999999995,-36.3508,16.329133333333335,15.5239,3.8040156076616363,26.452375,17.9976,20.483337387475867,43.829899999999995,22.739516666666663,43.829899999999995,597.81678942,960.1354599599999,1359.5133170654244,15.36606627415804,0.1578337258419591,0.1578337258419591,12.929282642832275,0.06291735716772529,0.06291735716772529,20.53002857183396,-0.058728571833960075,0.058728571833960075,48.91881455728443,7.903285442715571,7.903285442715571,7.903285442715571,2.045691274389804,7.903285442715571,0.32833268703517804,1.6569356600548493,3,713,0,Random_Forest,Set_D_Full_Stage5,714
TRN-0548,Valid,0.09012969546416233,Valid,3,0.4,11.0253,69.5239,28.2345,57.4589,9.5924,11.0881,11.7175,55.009,21.1399,False,None,False,False,False,False,False,False,False,False,False,False,False,False,0,False,-1.4957000000000011,-2.1250999999999998,-45.4166,-0.6293999999999986,-43.9209,-43.2915,10.799333333333335,11.0881,1.0915824033637285,21.851750000000003,11.4028,22.122794235584255,45.4166,22.813200000000005,45.4166,766.5218546699999,3994.76681771,158.5828530069727,9.784600639136,-0.19220063913600072,0.19220063913600072,11.01616127014677,0.07193872985323146,0.07193872985323146,11.741941755850178,-0.02444175585017838,0.02444175585017838,48.75799626562405,6.251003734375949,6.251003734375949,6.251003734375949,1.63489621480384,6.251003734375949,0.3795215896480564,2.0783955159675926,4,714,0,Random_Forest,Set_D_Full_Stage5,715
TRN-0525,Valid,0.03121027243463227,Valid,3,0.4,9.5113,33.9672,37.9995,40.471,6.9494,7.6298,8.9024,47.3362,15.1242,False,None,False,False,False,False,False,False,False,False,False,False,False,False,0,False,-0.6804000000000006,-1.9530000000000003,-40.3868,-1.2725999999999997,-39.706399999999995,-38.4338,7.8272,7.6298,0.9913512596451372,17.70445,8.2661,19.771076225891196,40.3868,20.4055,40.3868,323.07222936,1374.6865511999997,280.0141666036157,6.908558412687876,0.04084158731212373,0.04084158731212373,7.6462094864508625,-0.016409486450862154,0.016409486450862154,8.857107496007817,0.045292503992182986,0.045292503992182986,51.08355992710416,-3.7473599271041635,3.7473599271041635,3.7473599271041635,0.9624758762148331,3.7473599271041635,0.5095604038347575,2.281165310887765,4,715,0,Random_Forest,Set_D_Full_Stage5,716
TRN-0687,Valid,0.08121037645939133,Valid,2,0.4,29.9997,106.7406,47.4892,50.5266,20.7767,21.1299,26.0691,55.6824,57.2566,False,None,False,False,False,False,False,False,False,False,False,False,False,False,0,False,-0.3531999999999975,-5.292399999999997,-34.905699999999996,-4.9392,-34.5525,-29.613300000000002,22.658566666666662,21.1299,2.958883365956375,30.914524999999998,23.5995,16.687721609689564,34.905699999999996,18.276049999999998,34.905699999999996,3202.18597782,5393.23959996,281.05235673657853,20.895630616251633,-0.1189306162516317,0.1189306162516317,21.299348441039264,-0.1694484410392647,0.1694484410392647,25.998349493964028,0.07075050603597077,0.07075050603597077,48.290645212195976,7.391754787804025,7.391754787804025,7.391754787804025,1.9377210877827231,7.391754787804025,0.340399912081089,1.1291031872224506,1,716,0,Random_Forest,Set_D_Full_Stage5,717
TRN-0637,Valid,0.09254855158790792,Valid,2,0.4,28.1778,101.9614,46.7242,5.1181,19.2773,19.9162,23.9894,55.4093,50.626,False,None,False,False,False,False,False,False,False,False,False,False,False,False,0,False,-0.6388999999999996,-4.7120999999999995,-36.132000000000005,-4.0732,-35.4931,-31.419900000000002,21.06096666666667,19.9162,2.556137641703461,29.64805,21.9528,17.30051715383098,36.132000000000005,18.744866666666667,36.132000000000005,2873.04793692,521.84864134,276.35749642928636,19.226367673123292,0.050932326876708345,0.050932326876708345,19.855943616361984,0.06025638363801633,0.06025638363801633,23.85677103980979,0.13262896019021042,0.13262896019021042,48.67312419543063,6.7361758045693705,6.7361758045693705,6.7361758045693705,1.7449983688185764,6.7361758045693705,0.36429894143448666,1.2186969400358743,1,717,0,Random_Forest,Set_D_Full_Stage5,718
TRN-0790,Valid,0.12587233197485234,Valid,1,0.4,11.0441,36.6588,49.2146,45.1862,7.7952,8.7153,10.2325,51.3039,20.4399,False,None,False,False,False,False,False,False,False,False,False,False,False,False,0,False,-0.9200999999999988,-2.4372999999999996,-43.5087,-1.5172000000000008,-42.5886,-41.0714,8.914333333333333,8.7153,1.2307796404447602,19.511725,9.4739,21.218593722546743,43.5087,22.007216666666665,43.5087,404.86345308,1656.4718685599998,301.2672806345869,7.8450724025822804,-0.049872402582280095,0.049872402582280095,8.788380006063486,-0.07308000606348664,0.07308000606348664,10.151954107481316,0.08054589251868371,0.08054589251868371,49.949748128848555,1.3541518711514442,1.3541518711514442,1.3541518711514442,0.38941254307897366,1.3541518711514442,0.7197286399790047,2.2298734582034863,4,718,0,Random_Forest,Set_D_Full_Stage5,719
TRN-0337,Valid,0.08341325415260609,Valid,5,0.4,24.7539,95.1678,30.4097,7.7587,17.2067,17.6076,21.1211,62.9772,37.6123,False,None,False,False,False,False,False,False,False,False,False,False,False,False,0,False,-0.40090000000000003,-3.914399999999997,-45.7705,-3.513499999999997,-45.369600000000005,-41.856100000000005,18.645133333333334,17.6076,2.1535989420812145,29.72815,19.36435,22.235670127147806,45.7705,23.47083333333333,45.7705,2355.77420442,738.37840986,260.1079083358123,17.211703575706867,-0.005003575706865604,0.005003575706865604,17.589943765548096,0.01765623445190556,0.01765623445190556,21.14138672421707,-0.02028672421707256,0.02028672421707256,48.6988493086451,14.278350691354902,14.278350691354902,14.278350691354902,3.5803243064326864,14.278350691354902,0.21832515191022234,1.5396344745184365,2,719,0,Random_Forest,Set_D_Full_Stage5,720
TRN-0776,Valid,0.025619832548249732,Valid,4,0.4,20.4738,40.3826,41.5696,36.864,12.6427,12.2225,16.7908,53.4398,19.2865,False,None,False,False,False,False,False,False,False,False,False,False,False,False,0,False,0.42019999999999946,-4.148100000000001,-40.7971,-4.568300000000001,-41.217299999999994,-36.649,13.885333333333335,12.6427,2.52496424199103,23.77395,14.716750000000001,19.884397265276444,41.217299999999994,21.3,41.217299999999994,826.78527588,1488.6641663999997,506.99546166035327,12.486167558146596,0.15653244185340398,0.15653244185340398,12.067786589453263,0.15471341054673715,0.15471341054673715,16.254222861167076,0.536577138832925,0.536577138832925,50.419214318706324,3.0205856812936744,3.0205856812936744,3.0205856812936744,0.9671021681316851,3.0205856812936744,0.5083620038657068,1.7337162172393659,4,720,0,Random_Forest,Set_D_Full_Stage5,721
TRN-0882,Valid,0.13126388745822576,Valid,1,0.4,16.6046,62.6201,20.6738,56.6195,12.4968,12.4027,15.5819,36.5569,19.8233,False,None,False,False,False,False,False,False,False,False,False,False,False,False,0,False,0.09410000000000096,-3.085099999999999,-24.0601,-3.1792,-24.1542,-20.975,13.4938,12.4968,1.8089596208870995,19.259574999999998,14.039349999999999,11.625755975813643,24.1542,12.591283333333331,24.1542,1039.78171246,3545.51875195,265.1640183960073,12.054705077304796,0.4420949226952047,0.4420949226952047,12.112722139884283,0.2899778601157159,0.2899778601157159,14.910124486099075,0.6717755139009238,0.6717755139009238,49.185809842776955,-12.628909842776956,12.628909842776956,12.628909842776956,3.5081895348722,12.628909842776956,0.22181853541531468,1.254139172780722,4,721,0,Random_Forest,Set_D_Full_Stage5,722
TRN-0235,Valid,0.13725011145150343,Valid,5,0.4,14.5684,107.6301,39.9672,6.4811,13.4309,15.8185,15.7473,46.4148,49.1812,False,None,False,False,False,False,False,False,False,False,False,False,False,False,0,False,-2.387600000000001,-2.3164,-32.9839,0.07120000000000104,-30.5963,-30.6675,14.9989,15.7473,1.3583944051710461,22.852875,15.7829,15.747058458936598,32.9839,16.50381666666667,32.9839,1567.99834884,697.5614411099999,135.35617495884748,13.003098738799915,0.4278012612000843,0.4278012612000843,15.425434733751803,0.3930652662481968,0.3930652662481968,15.24989361710864,0.4974063828913593,0.4974063828913593,49.68609154100245,-3.271291541002448,3.271291541002448,3.271291541002448,1.147391112835522,3.271291541002448,0.46568135353766565,1.4433144874268609,2,722,0,Random_Forest,Set_D_Full_Stage5,723
TRN-0112,Valid,0.03092666285348486,Valid,2,0.4,8.0142,60.8575,28.5069,33.4378,7.7383,9.1334,9.0903,64.7652,15.6204,False,None,False,False,False,False,False,False,False,False,False,False,False,False,0,False,-1.3951000000000002,-1.3519999999999994,-57.02689999999999,0.043100000000000804,-55.63179999999999,-55.674899999999994,8.654,9.0903,0.7933122147049041,22.6818,9.11185,28.063076349656793,57.02689999999999,28.520633333333326,57.02689999999999,487.72417650000006,2034.9409135000003,131.68793793896594,7.570399589309975,0.1679004106900246,0.1679004106900246,9.040976768113772,0.0924232318862277,0.0924232318862277,8.98131961848256,0.10898038151743883,0.10898038151743883,51.11538396215606,13.649816037843934,13.649816037843934,13.649816037843934,3.504780015484406,13.649816037843934,0.2219864225473102,2.514212930978612,4,723,0,Random_Forest,Set_D_Full_Stage5,724
TRN-0296,Valid,0.01770232155286989,Valid,4,0.4,14.8834,47.7957,30.2891,13.1237,9.9603,10.1437,12.5896,65.077,16.4399,False,None,False,False,False,False,False,False,False,False,False,False,False,False,0,False,-0.18340000000000067,-2.6293000000000006,-55.116699999999994,-2.4459,-54.933299999999996,-52.487399999999994,10.897866666666667,10.1437,1.4679510016800064,24.44265,11.36665,27.11606920167449,55.116699999999994,27.965999999999998,55.116699999999994,711.36252138,627.25642809,311.3961483154032,9.918164268427065,0.0421357315729356,0.0421357315729356,10.204256245447077,-0.06055624544707605,0.06055624544707605,12.480821157861378,0.10877884213862288,0.10877884213862288,51.35195564551445,13.725044354485547,13.725044354485547,13.725044354485547,3.4841287934110454,13.725044354485547,0.22300875957653013,2.254938701434295,4,724,0,Random_Forest,Set_D_Full_Stage5,725
TRN-0809,Valid,0.1024334007652353,Valid,2,0.4,27.2252,27.563,26.0366,22.9568,15.0208,12.9747,19.8833,80.3398,18.8413,False,None,False,False,False,False,False,False,False,False,False,False,False,False,0,False,2.046099999999999,-4.862499999999999,-65.319,-6.908599999999998,-67.3651,-60.4565,15.9596,15.0208,3.54868955672372,32.054649999999995,17.45205,32.32024138301982,67.3651,34.49296666666667,67.3651,750.4081876,632.7582784,987.7440816514597,14.844153426617689,0.17664657338231038,0.17664657338231038,12.703803421354905,0.270896578645095,0.270896578645095,19.608506124778174,0.27479387522182463,0.27479387522182463,48.97179965099492,31.36800034900508,31.36800034900508,31.36800034900508,8.022584344063578,31.36800034900508,0.1108329899579106,2.1015696313734105,3,725,0,Random_Forest,Set_D_Full_Stage5,726
TRN-0853,Valid,0.09541721582035217,Valid,2,0.4,19.4248,90.8578,42.6535,7.9696,14.7149,16.0781,17.7581,53.2609,36.753,False,None,False,False,False,False,False,False,False,False,False,False,False,False,0,False,-1.363199999999999,-3.043199999999999,-38.546,-1.6799999999999997,-37.1828,-35.5028,16.183699999999998,16.0781,1.5243457875429702,25.453,16.9181,18.580333061600378,38.546,19.553,38.546,1764.89459344,724.1003228799999,213.79339871828302,14.433170244026293,0.2817297559737071,0.2817297559737071,15.775392203912542,0.3027077960874571,0.3027077960874571,17.62742557817289,0.1306744218271092,0.1306744218271092,49.74694608034836,3.513953919651641,3.513953919651641,3.513953919651641,1.0572664733849786,3.513953919651641,0.48608190185232697,1.5143984935376995,2,726,0,Random_Forest,Set_D_Full_Stage5,727
TRN-0529,Invalid,0.6573551587301587,Invalid,5,0.4,31.0312,81.3554,30.7886,32.5102,19.8275,25.595,25.174,47.8984,31.6224,False,None,False,False,False,False,False,False,False,False,False,False,False,False,0,False,-5.767499999999998,-5.346499999999999,-28.0709,0.4209999999999994,-22.303400000000003,-22.724400000000003,23.532166666666665,25.174,3.2152335192538235,29.623725,25.3845,12.462750476352857,28.0709,14.105616666666668,28.0709,2524.55568848,2644.8803250799997,381.4276149551701,19.76411276672144,0.06338723327856144,0.06338723327856144,18.809929656929786,6.785070343070213,6.785070343070213,24.934734176189952,0.23926582381004735,0.23926582381004735,47.973094827200526,-0.07469482720052412,0.07469482720052412,6.785070343070213,1.7906045568398365,6.785070343070213,0.3583452902880764,0.9475813903952355,3,727,1,Random_Forest,Set_D_Full_Stage5,728
TRN-0874,Invalid,0.9539996669996671,Invalid,5,0.4,21.7457,52.85,38.0608,53.9387,14.0088,13.5919,1.0,63.0673,20.8285,False,None,False,False,False,False,False,False,False,False,False,False,False,False,0,False,0.41690000000000005,13.0088,-49.0585,12.5919,-49.4754,-62.0673,9.533566666666667,13.5919,7.393224698555654,22.917,13.800350000000002,27.439114394965447,62.0673,31.103133333333336,62.0673,1149.260245,2850.660295,411.4606600831296,13.995076068301053,0.013723931698947922,0.013723931698947922,13.600253954906533,-0.008353954906532124,0.008353954906532124,17.94125629562409,-16.94125629562409,16.94125629562409,49.07572890553122,13.991571094468782,13.991571094468782,16.94125629562409,7.738726319174588,16.94125629562409,0.11443315232401675,2.708350696709562,4,728,1,Random_Forest,Set_D_Full_Stage5,729
TRN-0293,Valid,0.01954571628026289,Valid,3,0.4,23.6339,86.7762,33.2134,26.0206,16.5715,16.8931,20.2296,47.5054,33.6492,False,None,False,False,False,False,False,False,False,False,False,False,False,False,0,False,-0.3216000000000001,-3.658100000000001,-30.9339,-3.336500000000001,-30.6123,-27.2758,17.89806666666667,16.8931,2.025559775304924,25.2999,18.56135,14.895764779963464,30.9339,16.023033333333334,30.9339,2050.8600331800003,2257.96878972,272.35460041409965,16.416408016474826,0.15509198352517473,0.15509198352517473,16.726824168902347,0.16627583109765354,0.16627583109765354,20.31016914073616,-0.08056914073615928,0.08056914073615928,48.676790206706706,-1.171390206706704,1.171390206706704,1.171390206706704,0.39333179051642286,1.171390206706704,0.7177041439852321,1.2226881439499193,2,729,0,Random_Forest,Set_D_Full_Stage5,730
TRN-0386,Valid,0.007616516373285663,Valid,1,0.4,24.1553,87.6288,31.6699,9.5358,16.7324,16.8579,20.8384,37.0967,33.0113,False,None,False,False,False,False,False,False,False,False,False,False,False,False,0,False,-0.1255000000000024,-4.106000000000002,-20.3643,-3.9804999999999993,-20.238799999999998,-16.2583,18.1429,16.8579,2.335214711755645,22.881349999999998,18.84815,9.6668049932057,20.3643,10.845566666666665,20.3643,2116.69995264,835.61071104,275.6547760947569,16.529270008959095,0.20312999104090323,0.20312999104090323,16.79589177905222,0.06200822094778147,0.06200822094778147,20.4265943724728,0.41180562752720107,0.41180562752720107,49.53178689272057,-12.43508689272057,12.43508689272057,12.43508689272057,3.278007683059114,12.43508689272057,0.23375367088750082,0.889995175111969,2,730,0,Random_Forest,Set_D_Full_Stage5,731
TRN-0001,Valid,0.09240182068577506,Valid,2,0.4,28.6557,37.7881,19.8451,49.0661,16.5184,14.4007,21.5919,60.3044,20.1476,False,None,False,False,False,False,False,False,False,False,False,False,False,False,0,False,2.1176999999999992,-5.073499999999999,-43.786,-7.1911999999999985,-45.9037,-38.712500000000006,17.503666666666664,16.5184,3.6954569627223814,28.20385,19.055149999999998,21.612032796029776,45.9037,23.797433333333334,45.9037,1082.84445717,1854.11469341,758.3258331787432,16.393350482780228,0.12504951721977164,0.12504951721977164,14.09175985328906,0.30894014671094006,0.30894014671094006,21.382045009695727,0.20985499030427235,0.20985499030427235,48.65941643392503,11.64498356607497,11.64498356607497,11.64498356607497,3.0722070550774885,11.64498356607497,0.24556708106311442,1.6275679995575074,3,731,0,Random_Forest,Set_D_Full_Stage5,732
TRN-0483,Valid,0.0407547660271109,Valid,2,0.4,28.1686,30.8848,47.1226,31.0161,15.6773,13.958,20.8884,49.9856,22.8391,False,None,False,False,False,False,False,False,False,False,False,False,False,False,0,False,1.7193000000000005,-5.2111,-34.308299999999996,-6.930400000000001,-36.0276,-29.097199999999997,16.841233333333335,15.6773,3.6088317560303826,25.127325,18.28285,16.832103399827957,36.0276,18.882316666666664,36.0276,869.98157728,957.92604528,912.0535305219622,15.599133889011327,0.07816611098867376,0.07816611098867376,14.047221642966543,-0.08922164296654245,0.08922164296654245,20.752063247586698,0.13633675241330323,0.13633675241330323,48.873183779370365,1.1124162206296333,1.1124162206296333,1.1124162206296333,0.3540351817495382,1.1124162206296333,0.7385332474950229,1.433801077591396,3,732,0,Random_Forest,Set_D_Full_Stage5,733
TRN-0127,Valid,0.2618324602427285,Valid,3,0.4,31.9221,26.6474,39.91,58.3026,17.1866,14.5966,22.8735,43.6359,22.4999,False,None,False,False,False,False,False,False,False,False,False,False,False,False,0,False,2.589999999999998,-5.686900000000001,-26.4493,-8.2769,-29.039299999999997,-20.7624,18.2189,17.1866,4.233910824521462,24.57315,20.03005,13.170293827271532,29.039299999999997,15.467466666666665,29.039299999999997,850.64096754,1553.61270324,1197.943815177535,17.488500718971693,-0.30190071897169446,0.30190071897169446,14.994960282016088,-0.3983602820160872,0.3983602820160872,23.349385247874455,-0.4758852478744551,0.4758852478744551,49.60868110853988,-5.972781108539877,5.972781108539877,5.972781108539877,1.7872318393505284,5.972781108539877,0.35877890955530156,1.1817487046842978,3,733,0,Random_Forest,Set_D_Full_Stage5,734
TRN-0207,Valid,0.03632068522673159,Valid,2,0.4,16.4512,87.7723,18.0,18.5651,13.0139,13.8086,15.8387,34.7912,26.7392,False,None,False,False,False,False,False,False,False,False,False,False,False,False,0,False,-0.7947000000000006,-2.8247999999999998,-21.777300000000004,-2.030099999999999,-20.982600000000005,-18.952500000000004,14.220399999999998,13.8086,1.4567285917424697,19.3631,14.82365,10.353944109372044,21.777300000000004,11.227000000000002,21.777300000000004,1443.95966176,1629.50152673,187.43040943094695,12.928106349382634,0.0857936506173651,0.0857936506173651,13.792758487037826,0.015841512962174065,0.015841512962174065,15.431162775479937,0.4075372245200626,0.4075372245200626,50.01852192028928,-15.227321920289278,15.227321920289278,15.227321920289278,3.93412357709722,15.227321920289278,0.20267023806248227,1.1246798680583856,2,734,0,Random_Forest,Set_D_Full_Stage5,735
TRN-0471,Valid,0.04802384425183351,Valid,3,0.4,27.1316,40.1931,50.0495,59.2364,15.9906,14.7284,21.0562,65.685,26.8539,False,None,False,False,False,False,False,False,False,False,False,False,False,False,0,False,1.2622,-5.0656,-49.6944,-6.3278,-50.9566,-44.6288,17.258399999999998,15.9906,3.348992511188999,29.36505,18.523400000000002,24.36721289184848,50.9566,26.32256666666667,50.9566,1090.50311196,2380.8945488400004,675.0311185175767,15.960007201610027,0.030592798389973197,0.030592798389973197,14.82125283674422,-0.0928528367442194,0.0928528367442194,21.042770866014788,0.013429133985212616,0.013429133985212616,50.40811515325126,15.276884846748743,15.276884846748743,15.276884846748743,3.853439903967037,15.276884846748743,0.20603943178170064,1.7352799551575921,3,735,0,Random_Forest,Set_D_Full_Stage5,736
TRN-0059,Invalid,0.8908511904761904,Invalid,3,0.4,30.7887,106.5889,44.7605,54.8665,21.3848,21.588,35.7555,55.686,55.6198,False,None,False,False,False,False,False,False,False,False,False,False,False,False,0,False,-0.2032000000000025,-14.3707,-34.3012,-14.167499999999997,-34.098,-19.930500000000002,26.242766666666665,21.588,8.238895202837169,33.603575,28.67175,16.185763087432733,34.3012,19.51185,34.3012,3281.7336654299997,5848.15988185,288.8546284974675,21.31086796224315,0.07393203775684754,0.07393203775684754,21.504733690733687,0.08326630926631395,0.08326630926631395,26.532394444403497,9.2231055555965,9.2231055555965,48.007929528136216,7.6780704718637836,7.6780704718637836,9.2231055555965,4.264593593620861,9.2231055555965,0.18994818540441674,1.0207601361580914,1,736,1,Random_Forest,Set_D_Full_Stage5,737
TRN-0063,Valid,0.13674527181544974,Valid,5,0.4,27.5392,38.1989,35.1752,12.4804,15.2211,13.532,20.2284,69.7442,19.9811,False,None,False,False,False,False,False,False,False,False,False,False,False,False,0,False,1.6890999999999998,-5.007300000000001,-54.52310000000001,-6.696400000000001,-56.21220000000001,-49.515800000000006,16.327166666666667,15.2211,3.48252506715075,29.681425,17.72475,26.859452397542164,56.21220000000001,28.940650000000005,56.21220000000001,1051.9671468800002,476.73755156,720.9420373513275,15.472638865767529,-0.2515388657675288,0.2515388657675288,13.91686933966083,-0.38486933966082937,0.38486933966082937,20.27000034030337,-0.041600340303368455,0.041600340303368455,49.397666253721475,20.34653374627853,20.34653374627853,20.34653374627853,5.256135573002565,20.34653374627853,0.15984308337487974,1.8938504826333367,3,737,0,Random_Forest,Set_D_Full_Stage5,738
TRN-0698,Valid,0.062319284515931536,Valid,1,0.4,13.6327,45.7725,28.7424,15.8314,9.2535,9.6527,11.532,46.4299,16.0087,False,None,False,False,False,False,False,False,False,False,False,False,False,False,0,False,-0.39919999999999867,-2.2784999999999993,-37.1764,-1.8793000000000006,-36.77720000000001,-34.89790000000001,10.146066666666666,9.6527,1.216736850487127,19.217025,10.59235,18.1690975573683,37.1764,18.90141666666667,37.1764,624.00276075,724.6427565,297.83597185297464,9.220799084121788,0.032700915878212555,0.032700915878212555,9.557790201587952,0.09490979841204705,0.09490979841204705,11.5825230880067,-0.05052308800670069,0.05052308800670069,50.30446467626217,-3.8745646762621675,3.8745646762621675,3.8745646762621675,1.013174619639782,3.8745646762621675,0.4967278994302692,1.9345544200757299,4,738,0,Random_Forest,Set_D_Full_Stage5,739
TRN-0960,Valid,0.21220544733044733,Valid,4,0.4,24.9995,20.1043,45.4578,57.462,14.2425,12.5571,19.3371,44.5012,20.9081,False,None,False,False,False,False,False,False,False,False,False,False,False,False,0,False,1.6853999999999996,-5.0946,-30.258699999999997,-6.779999999999999,-31.9441,-25.164099999999998,15.3789,14.2425,3.5299651159749437,22.659475,16.7898,14.84365830253782,31.9441,16.82115,31.9441,502.59744785,1155.2332866,1243.4895800950146,13.785950213655608,0.45654978634439125,0.45654978634439125,12.210605728955517,0.3464942710444827,0.3464942710444827,18.56441496205914,0.7726850379408603,0.7726850379408603,49.46842148721925,-4.9672214872192555,4.9672214872192555,4.9672214872192555,1.6357376456372474,4.9672214872192555,0.3794004314713303,1.4097451905901657,4,739,0,Random_Forest,Set_D_Full_Stage5,740
TRN-0899,Valid,0.054408452128337136,Valid,3,0.4,14.9915,18.5185,35.0207,17.393,8.2577,7.9147,10.9201,35.7485,14.8891,False,None,False,False,False,False,False,False,False,False,False,False,False,False,0,False,0.34299999999999997,-2.6624,-27.4908,-3.0054,-27.8338,-24.828400000000002,9.030833333333334,8.2577,1.6451166078224768,15.71025,9.588899999999999,13.42619456373746,27.8338,14.360633333333334,27.8338,277.62009275,322.0922705,809.5413723890314,8.405735315713294,-0.14803531571329387,0.14803531571329387,7.935535199058716,-0.020835199058716114,0.020835199058716114,11.241182720017973,-0.3210827200179729,0.3210827200179729,51.447855267207885,-15.699355267207885,15.699355267207885,15.699355267207885,4.047327125499467,15.699355267207885,0.198124665815284,1.771695694406076,4,740,0,Random_Forest,Set_D_Full_Stage5,741
TRN-0100,Valid,0.03212235086342229,Valid,4,0.4,21.3697,98.1157,35.5882,6.5734,15.6299,16.7153,19.2324,,40.8155,True,Sensor_S4,False,False,False,False,False,False,False,False,False,False,False,False,1,True,-1.0854,-3.602499999999999,,-2.5170999999999992,,,17.192533333333333,16.7153,1.8480571699309876,17.192533333333333,16.7153,1.8480571699309876,3.602499999999999,2.401666666666666,3.602499999999999,2096.70307429,644.9537423800001,217.80100251019942,15.745662294097082,-0.11576229409708283,0.11576229409708283,16.821154761720525,-0.10585476172052566,0.10585476172052566,19.13633788457192,0.09606211542807941,0.09606211542807941,50.84527845214658,,,0.11576229409708283,0.10589305708189596,0.11576229409708283,0.90424656669668,0.2095385150500323,2,741,0,Random_Forest,Set_D_Full_Stage5,742
TRN-0292,Invalid,0.6741539939851073,Invalid,1,0.4,17.4334,47.8325,29.7571,5.9921,17.1563,11.1729,14.0808,78.7172,16.7479,False,None,False,False,False,False,False,False,False,False,False,False,False,False,0,False,5.983400000000001,3.0755000000000017,-61.560900000000004,-2.9078999999999997,-67.5443,-64.63640000000001,14.136666666666665,14.0808,2.9920911923491467,30.2818,15.61855,32.38255283132158,67.5443,34.284733333333335,67.5443,833.8831055,286.61712325,364.467597456207,11.048487011892012,6.107812988107989,6.107812988107989,10.995788121578013,0.1771118784219876,0.1771118784219876,14.009057031161072,0.07174296883892772,0.07174296883892772,50.149380397540476,28.56781960245953,28.56781960245953,28.56781960245953,8.731121859457108,28.56781960245953,0.10276307443711215,2.2305238689497098,4,742,1,Random_Forest,Set_D_Full_Stage5,743
TRN-0789,Valid,0.054058053422370564,Valid,4,0.4,8.159,75.9748,31.6705,28.6888,8.5246,10.3218,9.8852,59.4848,22.5855,False,None,False,False,False,False,False,False,False,False,False,False,False,False,0,False,-1.7972000000000001,-1.3605999999999998,-50.9602,0.4366000000000003,-49.163,-49.5996,9.5772,9.8852,0.937352633751034,22.0541,10.1035,24.965533996825837,50.9602,25.55286666666667,50.9602,619.8783932000001,2179.62584224,107.39085757503047,8.426727549779061,0.09787245022093849,0.09787245022093849,10.449845261727598,-0.128045261727598,0.128045261727598,9.767038611430758,0.11816138856924141,0.11816138856924141,51.016914002083794,8.467885997916206,8.467885997916206,8.467885997916206,2.202991274608496,8.467885997916206,0.3122081561468602,2.3106894814617323,4,743,0,Random_Forest,Set_D_Full_Stage5,744
TRN-0883,Invalid,0.8060523001615815,Invalid,3,0.4,20.0684,50.751,37.9395,44.2971,20.5106,12.7888,16.5123,50.9035,19.4832,False,None,False,False,False,False,False,False,False,False,False,False,False,False,0,False,7.7218,3.9983000000000004,-30.3929,-3.7234999999999996,-38.1147,-34.3912,16.6039,16.5123,3.8617148690704757,25.178800000000003,18.51145,17.43724561181228,38.1147,19.723733333333332,38.1147,1018.4913683999999,2248.1221221,395.4285835887798,12.949397492771423,7.561202507228577,7.561202507228577,12.751897393118513,0.03690260688148683,0.03690260688148683,16.588723880660602,-0.07642388066060235,0.07642388066060235,49.8622606742328,1.0412393257672008,1.0412393257672008,7.561202507228577,2.1789420801344668,7.561202507228577,0.3145700597217867,1.513760975995291,4,744,1,Random_Forest,Set_D_Full_Stage5,745
TRN-0987,Valid,0.05610535619448922,Valid,5,0.4,8.9208,80.0837,21.4928,31.7022,9.0013,10.7514,10.3396,80.3354,21.0958,False,None,False,False,False,False,False,False,False,False,False,False,False,False,0,False,-1.7500999999999998,-1.3383000000000003,-71.3341,0.4117999999999995,-69.584,-69.9958,10.030766666666667,10.3396,0.9150114880881732,27.606925000000004,10.5455,35.16025499124213,71.3341,35.735683333333334,71.3341,714.41067096,2538.82947414,111.39344068849957,9.036585097576152,-0.035285097576151614,0.035285097576151614,10.750372392081555,0.0010276079184450282,0.0010276079184450282,10.401779523279778,-0.06217952327977727,0.06217952327977727,49.65085962717305,30.68454037282696,30.68454037282696,30.68454037282696,7.695758150400334,30.68454037282696,0.11499859847803635,2.583919583974099,4,745,0,Random_Forest,Set_D_Full_Stage5,746
TRN-0845,Valid,0.07141796834451987,Valid,2,0.4,20.8759,61.2433,21.7204,5.906,13.325,12.9631,16.6578,58.0203,18.2318,False,None,False,False,False,False,False,False,False,False,False,False,False,False,0,False,0.36189999999999856,-3.3328000000000024,-44.6953,-3.694700000000001,-45.057199999999995,-41.3625,14.3153,13.325,2.0367185838991118,25.24155,14.9914,21.915684748067232,45.057199999999995,23.08406666666666,45.057199999999995,1278.50900647,361.7029298,340.86825156902853,13.447646247367803,-0.12264624736780405,0.12264624736780405,13.084091858373364,-0.12099185837336357,0.12099185837336357,16.834884353994873,-0.17708435399487144,0.17708435399487144,49.64370197926752,8.37659802073248,8.37659802073248,8.37659802073248,2.19933012011713,8.37659802073248,0.31256543165460815,1.7850402273076622,4,746,0,Random_Forest,Set_D_Full_Stage5,747
TRN-0519,Valid,0.284894273014854,Valid,4,0.4,12.9126,55.1864,41.4512,58.3725,10.086,11.2424,12.5973,57.737,18.5291,False,None,False,False,False,False,False,False,False,False,False,False,False,False,0,False,-1.1563999999999997,-2.5113000000000003,-47.651,-1.3549000000000007,-46.494600000000005,-45.139700000000005,11.30856666666667,11.2424,1.2569568184044086,22.915675,11.91985,23.236891983994617,47.651,24.05131666666667,47.651,712.59990864,3221.3681340000003,233.9815182759668,9.921108464354683,0.16489153564531733,0.16489153564531733,10.89375952915554,0.3486404708444599,0.3486404708444599,12.413131563518604,0.18416843648139647,0.18416843648139647,49.939487477888974,7.7975125221110275,7.7975125221110275,7.7975125221110275,2.1238032412705503,7.7975125221110275,0.32012259504323587,2.079405437803845,4,747,0,Random_Forest,Set_D_Full_Stage5,748
TRN-0170,Valid,0.04134263740440949,Valid,5,0.4,22.0985,55.2047,44.9647,31.4216,13.6698,13.7222,17.7092,52.3794,21.3338,False,None,False,False,False,False,False,False,False,False,False,False,False,False,0,False,-0.052400000000000446,-4.039399999999999,-38.709599999999995,-3.9869999999999983,-38.657199999999996,-34.670199999999994,15.033733333333336,13.7222,2.3171702253682893,24.370150000000002,15.7157,18.768436889185345,38.709599999999995,20.019299999999998,38.709599999999995,1219.94106295,1734.6200015200002,400.30098881055613,14.037908509724444,-0.3681085097244434,0.3681085097244434,13.956001686862495,-0.2338016868624937,0.2338016868624937,18.009544661229686,-0.30034466122968695,0.30034466122968695,49.57864922565344,2.800750774346554,2.800750774346554,2.800750774346554,0.9257514080407945,2.800750774346554,0.5192778236197018,1.5884015533751108,4,748,0,Random_Forest,Set_D_Full_Stage5,749
TRN-0803,Valid,0.018811786294915422,Valid,5,0.4,14.8867,75.4868,18.0,7.5017,11.0816,11.7859,13.2672,44.839,19.2982,False,None,False,False,False,False,False,False,False,False,False,False,False,False,0,False,-0.7042999999999999,-2.185600000000001,-33.7574,-1.481300000000001,-33.0531,-31.571799999999996,12.0449,11.7859,1.1155817271719726,20.243425000000002,12.52655,16.422330237489643,33.7574,17.125583333333335,33.7574,1123.74934556,566.27932756,197.2092872913824,11.356663852646685,-0.2750638526466851,0.2750638526466851,12.105081026386117,-0.3191810263861168,0.3191810263861168,13.609832040987673,-0.34263204098767197,0.34263204098767197,49.50163097702251,-4.662630977022509,4.662630977022509,4.662630977022509,1.3998769742607458,4.662630977022509,0.41668802639686914,1.6675727217243514,4,749,0,Random_Forest,Set_D_Full_Stage5,750
TRN-0414,Valid,0.15685024220301277,Valid,5,0.4,14.0512,70.4544,45.052,55.2408,11.3593,12.7422,13.8951,60.6659,27.6443,False,None,False,False,False,False,False,False,False,False,False,False,False,False,0,False,-1.3829000000000011,-2.5358,-49.3066,-1.152899999999999,-47.9237,-46.7708,12.665533333333334,12.7422,1.2696372487184415,24.665625,13.31865,24.022561323247086,49.3066,24.84545,49.3066,989.96886528,3891.9574195200003,199.4367705300491,11.294246359845811,0.06505364015418813,0.06505364015418813,12.671254445820779,0.07094555417922166,0.07094555417922166,13.928845953900492,-0.03374595390049251,0.03374595390049251,49.65122978636182,11.014670213638183,11.014670213638183,11.014670213638183,2.7961038404680214,11.014670213638183,0.2634279888077851,1.9989998230331394,4,750,0,Random_Forest,Set_D_Full_Stage5,751
TRN-0347,Valid,0.10835111450614265,Valid,4,0.4,31.3892,61.6279,30.734,59.4728,19.219,17.6853,24.8014,77.0681,23.7916,False,None,False,False,False,False,False,False,False,False,False,False,False,False,0,False,1.5336999999999996,-5.5824,-57.8491,-7.116099999999999,-59.3828,-52.2667,20.56856666666667,19.219,3.745092447902098,34.69345,22.0102,28.41478127694575,59.3828,30.621799999999997,59.3828,1934.4504786799998,3665.1837711199996,509.334163693041,19.156399969297006,0.06260003070299547,0.06260003070299547,17.482821781482922,0.20247821851707926,0.20247821851707926,24.62330664564687,0.17809335435313045,0.17809335435313045,47.606238648934024,29.461861351065977,29.461861351065977,29.461861351065977,7.4762582386597956,29.461861351065977,0.11797658493214014,1.711642482473642,3,751,0,Random_Forest,Set_D_Full_Stage5,752
TRN-0022,Valid,0.06462552022862202,Valid,5,0.4,10.984,63.6764,34.8429,45.5198,9.0669,10.3063,11.1205,29.858,21.5988,False,None,False,False,False,False,False,False,False,False,False,False,False,False,0,False,-1.2393999999999998,-2.0535999999999994,-20.7911,-0.8141999999999996,-19.5517,-18.7375,10.164566666666667,10.3063,1.0341104841037696,15.087925,10.7134,9.882851415920745,20.7911,10.53125,20.7911,699.4215776,2898.53699272,172.49716182177983,9.311647913780298,-0.24474791378029792,0.24474791378029792,10.622620434993681,-0.31632043499368123,0.31632043499368123,11.319870878069551,-0.19937087806955134,0.19937087806955134,49.8853167423302,-20.027316742330196,20.027316742330196,20.027316742330196,5.196938992293432,20.027316742330196,0.1613699927082724,1.377995066919363,4,752,0,Random_Forest,Set_D_Full_Stage5,753
TRN-0534,Valid,0.0910598659556928,Valid,4,0.4,9.9767,102.2508,27.3341,52.6467,10.9906,13.3539,12.5827,12.1712,38.8217,False,None,False,False,False,False,False,False,False,False,False,False,False,False,0,False,-2.363299999999999,-1.5921000000000003,-1.1806,0.7711999999999986,1.1826999999999988,0.4115000000000002,12.309066666666666,12.5827,1.2051776314441502,12.2746,12.37695,0.9864349378781481,2.363299999999999,1.2502333333333329,2.363299999999999,1020.1255563599999,5383.167192360001,97.57086520879393,11.026342999068465,-0.03574299906846434,0.03574299906846434,13.370977212107762,-0.017077212107762918,0.017077212107762918,12.573163381308603,0.009536618691397436,0.009536618691397436,49.24617910534008,-37.074979105340084,37.074979105340084,37.074979105340084,9.284333983801927,37.074979105340084,0.0972352708084961,0.19253564879047066,2,753,0,Random_Forest,Set_D_Full_Stage5,754
TRN-0690,Invalid,0.7306673449801104,Invalid,4,0.4,19.3418,107.1489,26.47,17.3647,15.2982,16.7083,,58.3653,45.6354,True,Sensor_S3,False,False,False,False,False,False,False,False,False,False,False,False,1,True,-1.4101000000000017,,-43.067099999999996,,-41.657,,16.00325,16.00325,0.9970912721511519,30.123933333333337,16.7083,24.46790119530756,43.067099999999996,28.711399999999998,43.067099999999996,2072.4525940199997,1860.6085038299998,180.51326887039727,15.384927422738388,-0.08672742273838807,0.08672742273838807,16.688486703504466,0.01981329649553487,0.01981329649553487,18.328892867633808,,,49.952846413190606,8.412453586809391,8.412453586809391,8.412453586809391,2.839664768681105,8.412453586809391,0.26043940298035245,1.4296634249854183,2,754,1,Random_Forest,Set_D_Full_Stage5,755
TRN-0021,Valid,0.025188524011922172,Valid,3,0.4,25.4376,105.8126,24.01,17.6411,17.9464,18.4169,21.6122,51.5824,45.8638,False,None,False,False,False,False,False,False,False,False,False,False,False,False,0,False,-0.4704999999999977,-3.665800000000001,-33.635999999999996,-3.195300000000003,-33.1655,-29.9702,19.325166666666664,18.4169,1.994550992913778,27.389474999999997,20.01455,16.21062711173856,33.635999999999996,17.35055,33.635999999999996,2691.61859376,1866.6506578600001,240.40234902059402,18.21523456046929,-0.26883456046929055,0.26883456046929055,18.59414370785261,-0.177243707852611,0.177243707852611,22.164959571601127,-0.5527595716011255,0.5527595716011255,47.4375296379339,4.144870362066101,4.144870362066101,4.144870362066101,1.285927050497282,4.144870362066101,0.43745927928122613,1.2280625210733243,1,755,0,Random_Forest,Set_D_Full_Stage5,756
TRN-0280,Valid,0.05630735833696057,Valid,5,0.4,27.7531,100.6147,29.6118,29.7973,19.0287,19.2137,23.3513,64.087,43.5179,False,None,False,False,False,False,False,False,False,False,False,False,False,False,0,False,-0.18499999999999872,-4.322599999999998,-45.0583,-4.137599999999999,-44.8733,-40.73570000000001,20.531233333333333,19.2137,2.4440004609928634,31.420175,21.2825,21.869117372431077,45.0583,23.21875,45.0583,2792.36983057,2998.04640031,275.8354121380462,19.21599343913484,-0.18729343913484087,0.18729343913484087,19.248691854475513,-0.03499185447551412,0.03499185447551412,23.701324689429125,-0.35002468942912657,0.35002468942912657,47.97004166956369,16.11695833043631,16.11695833043631,16.11695833043631,4.172317078368948,16.11695833043631,0.19333694838278218,1.4340558465839714,1,756,0,Random_Forest,Set_D_Full_Stage5,757
TRN-0366,Valid,0.0070963065827188655,Valid,3,0.4,24.3028,79.2742,39.3552,10.3422,16.3572,16.5962,20.5079,46.8445,30.8484,False,None,False,False,False,False,False,False,False,False,False,False,False,False,0,False,-0.23900000000000077,-4.1507000000000005,-30.487299999999998,-3.9116999999999997,-30.248299999999997,-26.336599999999997,17.820433333333334,16.5962,2.3304802216138487,25.07645,18.55205,14.636251916958338,30.487299999999998,15.895599999999996,30.487299999999998,1926.58502776,819.86963124,306.566284293467,16.143745412107798,0.21345458789220118,0.21345458789220118,16.384126196443823,0.21207380355617644,0.21207380355617644,20.193500707736124,0.3143992922638752,0.3143992922638752,49.75098864279576,-2.9064886427957646,2.9064886427957646,2.9064886427957646,0.9116040816270043,2.9064886427957646,0.5231208750866864,1.2157736777838657,4,757,0,Random_Forest,Set_D_Full_Stage5,758
TRN-0775,Valid,0.041090365517178276,Valid,2,0.4,29.5407,41.2186,43.8119,6.1275,16.6176,15.0835,21.8808,48.6293,22.324,False,None,False,False,False,False,False,False,False,False,False,False,False,False,0,False,1.5340999999999987,-5.263200000000001,-32.011700000000005,-6.7973,-33.5458,-26.7485,17.860633333333336,16.6176,3.565062513243398,25.5528,19.249200000000002,15.657293058720803,33.5458,17.6501,33.5458,1217.62629702,252.56697150000002,716.6835562868325,16.53601451652289,0.08158548347710948,0.08158548347710948,15.08614863714304,-0.002648637143039423,0.002648637143039423,21.723316827499033,0.15748317250096733,0.15748317250096733,48.73986675557836,-0.11056675557836115,0.11056675557836115,0.15748317250096733,0.08807101217486935,0.15748317250096733,0.919057661504252,1.312802779811692,3,758,0,Random_Forest,Set_D_Full_Stage5,759
TRN-0274,Valid,0.031867119572481034,Valid,5,0.4,30.8093,80.8853,32.2866,32.2677,19.4915,18.5482,24.6741,53.8304,31.928,False,None,False,False,False,False,False,False,False,False,False,False,False,False,0,False,0.9432999999999971,-5.182600000000001,-34.338899999999995,-6.125899999999998,-35.282199999999996,-29.156299999999998,20.9046,19.4915,3.2983786031927864,29.136049999999997,22.0828,16.68172485136554,35.282199999999996,18.504866666666665,35.282199999999996,2492.01947329,2609.9825948099997,380.90105607557166,19.631196728937717,-0.139696728937718,0.139696728937718,18.739971423549893,-0.1917714235498913,0.1917714235498913,24.78245549941997,-0.10835549941997158,0.10835549941997158,48.04693936824991,5.7834606317500885,5.7834606317500885,5.7834606317500885,1.5558210709144173,5.7834606317500885,0.39126369657881477,1.2109461608741883,3,759,0,Random_Forest,Set_D_Full_Stage5,760
TRN-0404,Valid,0.014213811782899594,Valid,3,0.4,23.7474,48.4547,23.1116,46.5521,14.4691,13.4609,18.3451,48.0412,19.5522,False,None,False,False,False,False,False,False,False,False,False,False,False,False,0,False,1.0081999999999987,-3.8759999999999994,-33.572100000000006,-4.884199999999998,-34.5803,-29.696100000000005,15.425033333333332,14.4691,2.578605982567583,23.579075,16.4071,16.443429930598423,34.5803,17.93615,34.5803,1150.67314278,2255.6680398700005,490.09477097272884,14.594982673540825,-0.1258826735408256,0.1258826735408256,13.370977219654575,0.08992278034542522,0.08992278034542522,18.72143821702,-0.3763382170200025,0.3763382170200025,48.339665143765295,-0.29846514376529143,0.29846514376529143,0.3763382170200025,0.22265220366788618,0.3763382170200025,0.8178940805897684,1.4665666627861091,4,760,0,Random_Forest,Set_D_Full_Stage5,761
TRN-0139,Valid,0.03371317277599166,Valid,3,0.4,20.8691,25.8051,33.1449,7.2908,11.1923,10.2307,14.7645,59.8275,16.6329,False,None,False,False,False,False,False,False,False,False,False,False,False,False,0,False,0.9615999999999989,-3.5722000000000005,-48.6352,-4.533799999999999,-49.5968,-45.063,12.0625,11.1923,2.388885020255265,24.00375,12.9784,23.962018293054257,49.5968,25.393766666666664,49.5968,538.52921241,188.13982307999999,808.7196683137564,11.504502642728209,-0.3122026427282094,0.3122026427282094,10.437750732030013,-0.20705073203001234,0.20705073203001234,15.22249479958797,-0.4579947995879703,0.4579947995879703,50.954378310123765,8.873121689876236,8.873121689876236,8.873121689876236,2.462592466055607,8.873121689876236,0.2888009518310841,2.066209627158412,4,761,0,Random_Forest,Set_D_Full_Stage5,762
TRN-0325,Valid,0.02194848158759047,Valid,1,0.4,26.5393,44.1499,20.0222,45.7095,15.6498,13.8113,20.1295,60.542,19.3421,False,None,False,False,False,False,False,False,False,False,False,False,False,False,0,False,1.8385000000000016,-4.479699999999999,-44.8922,-6.318200000000001,-46.7307,-40.4125,16.5302,15.6498,3.2498062911502896,27.53315,17.88965,22.165298601567873,46.7307,24.11196666666667,46.7307,1171.7074410700002,2018.06985405,601.1178731734673,15.682909049227602,-0.03310904922760116,0.03310904922760116,13.866054758074664,-0.05475475807466523,0.05475475807466523,20.27224483511504,-0.14274483511503888,0.14274483511503888,48.39716548617137,12.144834513828634,12.144834513828634,12.144834513828634,3.093860789061485,12.144834513828634,0.24426819853570286,1.6972516049737845,3,762,0,Random_Forest,Set_D_Full_Stage5,763
TRN-0155,Valid,0.00015666109948268568,Valid,2,0.4,25.4113,48.2705,35.1281,17.6202,15.2911,14.2782,19.8332,46.3663,20.6212,False,None,False,False,False,False,False,False,False,False,False,False,False,False,0,False,1.0129000000000001,-4.542100000000001,-31.075200000000002,-5.5550000000000015,-32.088100000000004,-26.5331,16.4675,15.2911,2.958452969036352,23.9422,17.562150000000003,15.143299607637257,32.088100000000004,16.801066666666667,32.088100000000004,1226.61615665,850.5358641,526.4352914439893,15.063720173437208,0.22737982656279243,0.22737982656279243,14.076353264631612,0.20184673536838815,0.20184673536838815,19.474142785175786,0.35905721482421527,0.35905721482421527,49.14762957338274,-2.7813295733827346,2.7813295733827346,2.7813295733827346,0.8924033375345326,2.7813295733827346,0.5284285755397279,1.3402313320282466,3,763,0,Random_Forest,Set_D_Full_Stage5,764
TRN-0756,Valid,0.031161757928331785,Valid,5,0.4,18.5486,32.1192,32.1721,47.2999,11.1649,10.5368,14.573,52.4955,17.5281,False,None,False,False,False,False,False,False,False,False,False,False,False,False,0,False,0.6280999999999999,-3.408100000000001,-41.330600000000004,-4.036200000000001,-41.9587,-37.9225,12.091566666666665,11.1649,2.171810521968557,22.192549999999997,12.86895,20.27964409196243,41.9587,21.547366666666665,41.9587,595.76619312,1519.23494808,577.4924103052348,11.22455365328334,-0.05965365328334116,0.05965365328334116,10.489974865973071,0.04682513402692834,0.04682513402692834,14.662758735025186,-0.08975873502518539,0.08975873502518539,49.61098758311306,2.884512416886942,2.884512416886942,2.884512416886942,0.7701874848055992,2.884512416886942,0.5649119138981029,1.8906651598553752,4,764,0,Random_Forest,Set_D_Full_Stage5,765
TRN-0679,Valid,0.011023492186228601,Valid,4,0.4,30.3557,91.8033,35.0595,45.8747,19.865,19.5118,24.6688,53.0942,39.1206,False,None,False,False,False,False,False,False,False,False,False,False,False,False,0,False,0.3531999999999975,-4.8038000000000025,-33.229200000000006,-5.157,-33.5824,-28.4254,21.348533333333336,19.865,2.8808532786890306,29.284950000000002,22.2669,16.046174469428323,33.5824,17.59183333333333,33.5824,2786.7534338099995,4211.448846509999,330.6601907926849,20.173510831625407,-0.3085108316254086,0.3085108316254086,19.70593438358425,-0.19413438358424884,0.19413438358424884,25.27719741738915,-0.6083974173891491,0.6083974173891491,48.25227607331084,4.841923926689162,4.841923926689162,4.841923926689162,1.4882416398219922,4.841923926689162,0.40189022802123814,1.1467456332533832,1,765,0,Random_Forest,Set_D_Full_Stage5,766
TRN-0837,Invalid,0.8559543650793653,Invalid,4,0.4,22.8665,30.6578,36.9534,24.3963,15.1315,16.2079,16.7916,45.8619,18.3588,False,None,False,False,False,False,False,False,False,False,False,False,False,False,0,False,-1.0763999999999978,-1.6600999999999981,-30.730399999999996,-0.5837000000000003,-29.654,-29.0703,16.043666666666667,16.2079,0.8421475187479517,23.498224999999998,16.49975,14.924964592113218,30.730399999999996,15.462483333333333,30.730399999999996,701.0365836999999,747.9368861400001,745.8621473614717,12.947618766880117,2.183881233119884,2.183881233119884,11.815147172528894,4.392752827471105,4.392752827471105,17.07660429820937,-0.28500429820937256,0.28500429820937256,50.63982303111145,-4.777923031111449,4.777923031111449,4.777923031111449,2.9098903474779525,4.777923031111449,0.2557616483145219,1.30777481798101,4,766,1,Random_Forest,Set_D_Full_Stage5,767
TRN-0160,Valid,0.09398357617450014,Valid,3,0.4,30.0586,32.3412,37.7249,9.3042,16.3571,14.3251,21.5508,54.612,21.2713,False,None,False,False,False,False,False,False,False,False,False,False,False,False,0,False,2.0319999999999983,-5.1937,-38.254900000000006,-7.225699999999998,-40.2869,-33.0612,17.411,16.3571,3.7263539861371187,26.71125,18.95395,18.847698611147905,40.2869,21.009066666666666,40.2869,972.13119432,300.90899304,929.4210080575215,16.30932082715632,0.04777917284367916,0.04777917284367916,14.335823270717755,-0.010723270717754474,0.010723270717754474,21.591058050869595,-0.04025805086959622,0.04025805086959622,50.548559834001935,4.063440165998067,4.063440165998067,4.063440165998067,1.0405501651072742,4.063440165998067,0.49006391369330965,1.5082366013434036,3,767,0,Random_Forest,Set_D_Full_Stage5,768
TRN-0058,Valid,0.2224031127655815,Valid,5,0.4,31.3506,109.6014,35.8066,50.6344,21.7,21.5969,27.0793,57.1371,55.8411,False,None,False,False,False,False,False,False,False,False,False,False,False,False,0,False,0.10309999999999775,-5.379300000000001,-35.4371,-5.482399999999998,-35.5402,-30.057799999999997,23.45873333333333,21.7,3.1359264409952816,31.878324999999997,24.38965,17.032736668814163,35.5402,18.66665,35.5402,3436.06965084,5549.6011281599995,286.0419405188309,21.701113317925223,-0.0011133179252240666,0.0011133179252240666,21.631382739588215,-0.03448273958821346,0.03448273958821346,26.892412115454665,0.18688788454533523,0.18688788454533523,47.35709180930728,9.780008190692719,9.780008190692719,9.780008190692719,2.500623033187873,9.780008190692719,0.28566343491413904,1.114870020658231,1,768,0,Random_Forest,Set_D_Full_Stage5,769
TRN-0357,Invalid,0.842470234450513,Invalid,1,0.4,13.0874,48.0294,42.0912,28.1127,9.6031,10.4584,12.469,52.8484,17.6333,False,None,False,False,False,False,False,False,False,False,False,False,False,False,0,False,-0.8552999999999997,-2.8659,-43.2453,-2.0106,-42.39,-40.3794,10.843499999999999,10.4584,1.4712485208148893,21.344724999999997,11.4637,21.036776229795763,43.2453,21.95775,43.2453,628.5799695600001,1350.23611338,272.4872114814652,9.246115176092438,0.3569848239075615,0.3569848239075615,10.089607119507352,0.3687928804926468,0.3687928804926468,11.688296939176608,0.7807030608233916,0.7807030608233916,50.12890768113837,2.719492318861626,2.719492318861626,2.719492318861626,1.0564932710213064,2.719492318861626,0.48626465940410046,2.026040613762598,4,769,1,Random_Forest,Set_D_Full_Stage5,770
TRN-0964,Valid,0.06404456051195181,Valid,2,0.4,17.1665,43.9713,47.3783,13.5215,10.8962,11.3229,14.2006,,19.9834,True,Sensor_S4,False,False,False,False,False,False,False,False,False,False,False,False,1,True,-0.4267000000000003,-3.3043999999999993,,-2.877699999999999,,,12.139899999999999,11.3229,1.7973262336036824,12.139899999999999,11.3229,1.7973262336036824,3.3043999999999993,2.2029333333333327,3.3043999999999993,754.83332145,594.55793295,390.4022873096116,10.828404829329108,0.0677951706708928,0.0677951706708928,11.207239578700362,0.11566042129963883,0.11566042129963883,13.98742591614237,0.21317408385762882,0.21317408385762882,50.19766214010108,,,0.21317408385762882,0.13220989194272015,0.21317408385762882,0.8832284606559427,0.27219312169530085,4,770,0,Random_Forest,Set_D_Full_Stage5,771
TRN-0594,Valid,0.02064173552504335,Valid,5,0.4,31.7607,60.7084,33.7976,47.1394,19.2807,17.6694,24.8962,49.0986,24.0277,False,None,False,False,False,False,False,False,False,False,False,False,False,False,0,False,1.6113,-5.615500000000001,-29.817899999999998,-7.226800000000001,-31.429199999999998,-24.202399999999997,20.615433333333332,19.2807,3.793783647407076,27.736224999999997,22.08845,14.574563186679043,31.429199999999998,16.650516666666665,31.429199999999998,1928.14127988,2861.75755096,523.168042121347,19.15563158695707,0.12506841304292848,0.12506841304292848,17.53263292194055,0.13676707805944943,0.13676707805944943,24.661871462866284,0.2343285371337167,0.2343285371337167,48.07557066687448,1.023029333125514,1.023029333125514,1.023029333125514,0.37979834034040216,1.023029333125514,0.7247435880762806,1.1331458649668926,3,771,0,Random_Forest,Set_D_Full_Stage5,772
TRN-0520,Valid,0.06671834234898619,Valid,2,0.4,20.2427,35.2642,36.7994,8.5725,11.3985,11.1055,14.7262,66.0157,17.8961,False,None,False,False,False,False,False,False,False,False,False,False,False,False,0,False,0.29300000000000104,-3.3277,-54.6172,-3.620700000000001,-54.910199999999996,-51.2895,12.410066666666665,11.3985,2.011173155979697,25.811474999999998,13.06235,26.85307293853908,54.910199999999996,28.009716666666666,54.910199999999996,713.84262134,302.30235450000004,574.0295897738812,11.756996243399888,-0.3584962433998875,0.3584962433998875,11.157617249282366,-0.052117249282366274,0.052117249282366274,15.354746902269232,-0.6285469022692318,0.6285469022692318,49.85242987033995,16.16327012966005,16.16327012966005,16.16327012966005,4.300607631152884,16.16327012966005,0.18865761618022264,2.1273553226402897,4,772,0,Random_Forest,Set_D_Full_Stage5,773
TRN-0495,Valid,0.00695086521140005,Valid,4,0.4,22.6527,78.1419,34.0494,41.5444,15.8485,16.0008,20.0946,47.2861,28.8206,False,None,False,False,False,False,False,False,False,False,False,False,False,False,0,False,-0.1523000000000021,-4.2461,-31.437599999999996,-4.093799999999998,-31.285299999999996,-27.191499999999998,17.314633333333333,16.0008,2.4087257675653597,24.807499999999997,18.0477,15.114237551174497,31.437599999999996,16.4011,31.437599999999996,1770.1250181300002,3246.3583503600007,289.8918134967522,15.66494803206779,0.1835519679322104,0.1835519679322104,15.820588294007806,0.18021170599219616,0.18021170599219616,19.519227850118284,0.5753721498817157,0.5753721498817157,49.227419697259776,-1.9413196972597788,1.9413196972597788,1.9413196972597788,0.7201138802664753,1.9413196972597788,0.5813568575152028,1.2672614059210296,4,773,0,Random_Forest,Set_D_Full_Stage5,774
TRN-0328,Valid,0.018826549511659747,Valid,3,0.4,8.935,70.4062,39.5264,32.159,8.5375,10.6639,10.031,45.449,23.2713,False,None,False,False,False,False,False,False,False,False,False,False,False,False,0,False,-2.1264000000000003,-1.493500000000001,-36.9115,0.6328999999999994,-34.7851,-35.418,9.744133333333332,10.031,1.0918395501782,18.67035,10.34745,17.87467813202054,36.9115,18.561233333333334,36.9115,629.079397,2264.1929858,126.90641919228432,8.539358990641153,-0.0018589906411534685,0.0018589906411534685,10.512054430033588,0.15184556996641163,0.15184556996641163,10.150614167988874,-0.11961416798887292,0.11961416798887292,50.45865541129442,-5.009655411294425,5.009655411294425,5.009655411294425,1.3207435349727157,5.009655411294425,0.43089638511553874,1.977010620041606,4,774,0,Random_Forest,Set_D_Full_Stage5,775
TRN-0152,Valid,0.25914083363422546,Valid,5,0.4,30.236,74.725,22.1657,13.3417,19.1212,17.8014,23.953,34.737,26.2554,False,None,False,False,False,False,False,False,False,False,False,False,False,False,0,False,1.3198000000000008,-4.831799999999998,-15.6158,-6.151599999999998,-16.9356,-10.784000000000002,20.291866666666667,19.1212,3.238578542097339,23.903150000000004,21.537100000000002,7.691406237050111,16.9356,9.2731,16.9356,2259.3851,996.9585324999999,404.63025699160164,18.77212503451542,0.34907496548458283,0.34907496548458283,17.530938585316047,0.2704614146839539,0.2704614146839539,23.674067333626937,0.2789326663730627,0.2789326663730627,48.20932601265783,-13.472326012657831,13.472326012657831,13.472326012657831,3.5926987647998576,13.472326012657831,0.21773690181127706,0.7085088331417269,3,775,0,Random_Forest,Set_D_Full_Stage5,776
TRN-0962,Valid,0.01390544432087355,Valid,3,0.4,19.9277,91.0498,37.7678,56.4853,15.2122,16.215,18.7176,44.0866,36.8685,False,None,False,False,False,False,False,False,False,False,False,False,False,False,0,False,-1.0028000000000006,-3.5054000000000016,-28.874399999999998,-2.502600000000001,-27.871599999999997,-25.368999999999996,16.714933333333335,16.215,1.805382866134864,23.557850000000002,17.4663,13.764990818134725,28.874399999999998,14.8543,28.874399999999998,1814.4130994600002,5142.975267940001,218.86591526110817,15.248008998330237,-0.03580899833023743,0.03580899833023743,16.219196019818753,-0.004196019818753172,0.004196019818753172,18.669151519116255,0.04844848088374576,0.04844848088374576,48.46683701789053,-4.380237017890536,4.380237017890536,4.380237017890536,1.1171726292308182,4.380237017890536,0.4723280408000108,1.2256800914853894,2,776,0,Random_Forest,Set_D_Full_Stage5,777
TRN-0990,Valid,0.12198125364717262,Valid,2,0.4,26.8625,67.5097,36.0548,44.896,17.1685,16.3352,21.811,34.2837,28.0254,False,None,False,False,False,False,False,False,False,False,False,False,False,False,0,False,0.8333000000000013,-4.642499999999998,-17.1152,-5.4758,-17.948500000000003,-12.472700000000003,18.438233333333333,17.1685,2.950468346438126,22.3996,19.48975,8.280894423108332,17.948500000000003,9.748000000000001,17.948500000000003,1813.47931625,3030.9154912,397.9057234877768,17.142338172582978,0.026161827417023886,0.026161827417023886,16.47183971123374,-0.13663971123374097,0.13663971123374097,21.805922098449514,0.005077901550485819,0.005077901550485819,48.81139546091401,-14.527695460914003,14.527695460914003,14.527695460914003,3.6738937252788135,14.527695460914003,0.2139543726874848,0.8012862723949213,3,777,0,Random_Forest,Set_D_Full_Stage5,778
TRN-0740,Valid,0.009862403542152924,Valid,4,0.4,28.0295,103.8628,36.1283,6.1492,19.0844,19.44,23.6415,48.6006,48.3109,False,None,False,False,False,False,False,False,False,False,False,False,False,False,0,False,-0.3556000000000026,-4.557100000000002,-29.5162,-4.201499999999999,-29.1606,-24.9591,20.721966666666667,19.44,2.5346338992709256,27.691625000000002,21.540750000000003,14.092106365000939,29.5162,15.458350000000001,29.5162,2911.2223526,638.67312976,269.87041848761845,19.259541829950166,-0.17514182995016725,0.17514182995016725,19.619984993528465,-0.1799849935284641,0.1799849935284641,23.745250536586617,-0.1037505365866167,0.1037505365866167,50.23979155447824,-1.6391915544782378,1.6391915544782378,1.6391915544782378,0.5245172286358715,1.6391915544782378,0.6559453584495032,1.065888669990053,1,778,0,Random_Forest,Set_D_Full_Stage5,779
TRN-0812,Valid,0.09283952113766179,Valid,4,0.4,8.5155,86.0259,29.6979,10.0395,8.8374,11.0558,10.0591,57.7836,26.1854,False,None,False,False,False,False,False,False,False,False,False,False,False,False,0,False,-2.218399999999999,-1.2217000000000002,-48.9462,0.9966999999999988,-46.7278,-47.7245,9.9841,10.0591,1.1111000810008065,21.933975,10.55745,23.916962160549712,48.9462,24.639216666666666,48.9462,732.5535514499999,863.6570230499999,98.98761896270554,8.933319772183378,-0.0959197721833771,0.0959197721833771,11.202501946892799,-0.14670194689279903,0.14670194689279903,10.17633646148306,-0.11723646148305988,0.11723646148305988,51.64547725033568,6.138122749664319,6.138122749664319,6.138122749664319,1.6244952325558888,6.138122749664319,0.3810256492735713,2.231523364313416,2,779,0,Random_Forest,Set_D_Full_Stage5,780
TRN-0079,Valid,0.23823156817455907,Valid,2,0.4,21.2508,94.7546,38.0479,17.6921,15.5653,16.2966,18.7659,23.5672,38.6996,False,None,False,False,False,False,False,False,False,False,False,False,False,False,0,False,-0.731300000000001,-3.200599999999998,-8.0019,-2.469299999999997,-7.270599999999998,-4.801300000000001,16.875933333333332,16.2966,1.6771047741072496,18.54875,17.53125,3.615021809523883,8.0019,4.412499999999999,8.0019,2013.6110536800002,1676.4078586599999,224.271937798066,15.634196532517054,-0.06889653251705319,0.06889653251705319,16.675228284348698,-0.37862828434869655,0.37862828434869655,19.10517998282023,-0.33927998282023,0.33927998282023,49.46934663969303,-25.90214663969303,25.90214663969303,25.90214663969303,6.672237859844753,25.90214663969303,0.1303400674311517,0.43139810963104813,2,780,0,Random_Forest,Set_D_Full_Stage5,781
TRN-0008,Valid,0.10418124329647815,Valid,3,0.4,16.3568,100.6456,27.8161,43.0531,13.7975,15.3252,16.3612,64.6641,40.05,False,None,False,False,False,False,False,False,False,False,False,False,False,False,0,False,-1.5277000000000012,-2.5637000000000008,-50.866600000000005,-1.0359999999999996,-49.3389,-48.30290000000001,15.161300000000002,15.3252,1.2896847793162487,27.537000000000003,15.8432,24.773789775621065,50.866600000000005,25.60596666666667,50.866600000000005,1646.23995008,4333.10508136,162.5187626166705,13.883293353446495,-0.08579335344649586,0.08579335344649586,15.359115479005487,-0.033915479005486304,0.033915479005486304,16.483707943491584,-0.12250794349158411,0.12250794349158411,47.87959569512012,16.78450430487988,16.78450430487988,16.78450430487988,4.256680270205862,16.78450430487988,0.19023413040124618,1.847208538617664,2,781,0,Random_Forest,Set_D_Full_Stage5,782
TRN-0865,Valid,0.01656152974488779,Valid,3,0.4,9.9448,45.6114,22.4851,47.8265,7.713,8.1738,9.3757,51.8502,14.7227,False,None,False,False,False,False,False,False,False,False,False,False,False,False,0,False,-0.4607999999999999,-1.6627,-44.1372,-1.2019000000000002,-43.6764,-42.4745,8.420833333333334,8.1738,0.8584357421108079,19.278175,8.774750000000001,21.725992425721316,44.1372,22.26891666666667,44.1372,453.59625072000006,2181.4336221000003,218.03316319315715,7.823663900036067,-0.11066390003606674,0.11066390003606674,8.346355898459182,-0.17255589845918173,0.17255589845918173,9.642948705472609,-0.2672487054726087,0.2672487054726087,49.204275753702206,2.6459242462977954,2.6459242462977954,2.6459242462977954,0.7990981875664132,2.6459242462977954,0.5558340322451608,2.289489389172269,4,782,0,Random_Forest,Set_D_Full_Stage5,783
TRN-0909,Valid,0.0931376180581683,Valid,2,0.4,10.9793,47.4117,37.106,33.0558,8.1981,9.362,10.0748,55.9068,16.3132,False,None,False,False,False,False,False,False,False,False,False,False,False,False,0,False,-1.1639,-1.8766999999999996,-47.70869999999999,-0.7127999999999997,-46.544799999999995,-45.831999999999994,9.211633333333333,9.362,0.9473427697160796,20.885424999999998,9.718399999999999,23.360392827515405,47.70869999999999,23.973149999999993,47.70869999999999,520.5472778100001,1567.2316728600001,231.5735922623335,8.259035522590823,-0.0609355225908228,0.0609355225908228,9.195163510292597,0.1668364897074035,0.1668364897074035,10.333112886522905,-0.25831288652290496,0.25831288652290496,50.836365050332184,5.070434949667813,5.070434949667813,5.070434949667813,1.3891299621222362,5.070434949667813,0.41856241219783274,2.2843048277423956,4,783,0,Random_Forest,Set_D_Full_Stage5,784
TRN-0693,Valid,0.03277515145514522,Valid,5,0.4,16.6508,72.2498,37.118,36.5301,12.4433,13.3031,15.5018,77.6366,25.539,False,None,False,False,False,False,False,False,False,False,False,False,False,False,0,False,-0.8597999999999999,-3.0584999999999987,-65.1933,-2.1986999999999988,-64.3335,-62.1348,13.7494,13.3031,1.57733741792934,29.7212,14.40245,31.969551813874403,65.1933,32.9631,65.1933,1203.01696984,2639.2924189799996,230.46150571191814,12.40612823640721,0.03717176359279151,0.03717176359279151,13.306439266271225,-0.0033392662712241616,0.0033392662712241616,15.302206480846042,0.1995935191539573,0.1995935191539573,49.47593128159565,28.160668718404352,28.160668718404352,28.160668718404352,7.100193316855581,28.160668718404352,0.12345384373964431,2.1934941410528035,4,784,0,Random_Forest,Set_D_Full_Stage5,785
TRN-0427,Valid,0.03951650649972873,Valid,5,0.4,21.5946,80.6941,19.9261,48.8104,15.272,15.2728,18.9574,48.5895,25.4469,False,None,False,False,False,False,False,False,False,False,False,False,False,False,0,False,-0.0007999999999999119,-3.6853999999999996,-33.3175,-3.6845999999999997,-33.3167,-29.6321,16.500733333333333,15.2728,2.127535779565959,24.522925,17.115099999999998,16.138148661143468,33.3175,17.272850000000002,33.3175,1742.5568118600002,3938.71129864,267.61060999371574,15.365767559466676,-0.09376755946667537,0.09376755946667537,15.276678463218825,-0.0038784632188253454,0.0038784632188253454,18.90847960961116,0.04892039038884022,0.04892039038884022,48.21786979869432,0.3716302013056776,0.3716302013056776,0.3716302013056776,0.12954915359500463,0.3716302013056776,0.8853089720064949,1.358626118774119,4,785,0,Random_Forest,Set_D_Full_Stage5,786
TRN-0595,Valid,0.06391013812793372,Valid,3,0.4,8.7473,59.1484,29.0356,9.764,7.646,9.0648,9.2381,55.1136,15.0574,False,None,False,False,False,False,False,False,False,False,False,False,False,False,0,False,-1.4188,-1.5920999999999994,-47.4676,-0.17329999999999934,-46.0488,-45.8755,8.649633333333332,9.0648,0.8734804653415742,20.265625,9.15145,23.242927849473553,47.4676,23.76268333333333,47.4676,517.38879932,577.5249775999999,147.88732275305455,7.541970747352067,0.1040292526479325,0.1040292526479325,8.959461804547649,0.1053381954523509,0.1053381954523509,8.984742566785778,0.2533574332142212,0.2533574332142212,50.3926188329405,4.720981167059499,4.720981167059499,4.720981167059499,1.2959265120935008,4.720981167059499,0.43555401043222736,2.3422705481471464,4,786,0,Random_Forest,Set_D_Full_Stage5,787
TRN-0086,Valid,0.019140175597464112,Valid,3,0.4,8.299,38.1623,29.2119,41.8582,6.5322,7.5852,7.9413,57.9677,14.3793,False,None,False,False,False,False,False,False,False,False,False,False,False,False,0,False,-1.0530000000000008,-1.4091000000000005,-51.435500000000005,-0.35609999999999964,-50.3825,-50.0264,7.352900000000001,7.5852,0.7327094717553476,20.0066,7.76325,25.31447024016106,51.435500000000005,25.7771,51.435500000000005,316.7089277,1597.4051858599998,217.46587143178698,6.56083895053682,-0.02863895053682075,0.02863895053682075,7.310866047394252,0.27433395260574844,0.27433395260574844,8.193548948945178,-0.25224894894517824,0.25224894894517824,50.24296677637352,7.72473322362648,7.72473322362648,7.72473322362648,2.0699887689285568,7.72473322362648,0.3257340906654214,2.5709253091853146,4,787,0,Random_Forest,Set_D_Full_Stage5,788
TRN-0338,Valid,0.0589336088294103,Valid,3,0.4,23.8341,19.4216,36.1564,8.3279,12.4987,11.0045,16.7929,39.7972,17.556,False,None,False,False,False,False,False,False,False,False,False,False,False,False,0,False,1.4941999999999993,-4.2942,-27.298499999999997,-5.788399999999999,-28.792699999999996,-23.004299999999997,13.432033333333331,12.4987,3.0049504111271674,20.023325,14.6458,13.408964215124893,28.792699999999996,15.112049999999998,28.792699999999996,462.89635656,161.74114264,1227.1948618059985,12.594253092686332,-0.09555309268633216,0.09555309268633216,11.028594884485404,-0.024094884485403867,0.024094884485403867,16.886043487513597,-0.09314348751359702,0.09314348751359702,51.180056559783665,-11.382856559783669,11.382856559783669,11.382856559783669,2.8989120061172504,11.382856559783669,0.25648180785589325,1.4379572633629711,4,788,0,Random_Forest,Set_D_Full_Stage5,789
TRN-0745,Invalid,0.8186136684515698,Invalid,5,0.4,16.5307,105.1387,45.288,58.565,14.3957,16.4442,17.1558,35.4316,18.6752,False,None,False,False,False,False,False,False,False,False,False,False,False,False,0,False,-2.048499999999999,-2.7600999999999996,-21.035900000000005,-0.7116000000000007,-18.987400000000004,-18.275800000000004,15.998566666666667,16.4442,1.4329967911106194,20.856825,16.799999999999997,9.78670949140551,21.035900000000005,10.636550000000002,21.035900000000005,1738.01630809,6157.4479655,157.22753303707074,14.440124520562852,-0.04442452056285262,0.04442452056285262,16.505044636494798,-0.06084463649479943,0.06084463649479943,17.306770699739136,-0.1509706997391369,0.1509706997391369,48.8533811394421,-13.421781139442096,13.421781139442096,13.421781139442096,3.4195052490597213,13.421781139442096,0.22626967129697528,1.0085854349425503,2,789,1,Random_Forest,Set_D_Full_Stage5,790
TRN-0256,Valid,0.010617607930968173,Valid,4,0.4,17.645,28.3906,40.9344,39.962,10.5166,10.0301,14.1336,18.6089,17.3983,False,None,False,False,False,False,False,False,False,False,False,False,False,False,0,False,0.48650000000000126,-3.616999999999999,-8.092299999999998,-4.1035,-8.5788,-4.475299999999999,11.5601,10.5166,2.2419516609418677,13.3223,12.325099999999999,3.9714346937431393,8.5788,4.8922333333333325,8.5788,500.952137,1134.5451572,621.5083085569489,10.499487663796666,0.01711233620333452,0.01711233620333452,10.081329674843417,-0.05122967484341778,0.05122967484341778,13.866493832485675,0.26710616751432426,0.26710616751432426,50.616347629975316,-32.00744762997532,32.00744762997532,32.00744762997532,8.0857239521341,32.00744762997532,0.1100627759844184,0.6439423793621376,4,790,0,Random_Forest,Set_D_Full_Stage5,791
TRN-0412,Valid,0.03177849028313361,Valid,5,0.4,30.6871,101.6972,34.5462,27.1574,20.6696,20.5741,25.6762,43.8239,46.3496,False,None,False,False,False,False,False,False,False,False,False,False,False,False,0,False,0.0954999999999977,-5.006600000000002,-23.154300000000003,-5.1021,-23.2498,-18.1477,22.306633333333338,20.6696,2.9185209787379187,27.685950000000005,23.1729,11.019378430897696,23.2498,12.459333333333333,23.2498,3120.79214612,2761.8315392799996,301.7496743519316,20.66358846277193,0.00601153722806913,0.00601153722806913,20.492666583578902,0.08143341642109903,0.08143341642109903,25.677002477004773,-0.0008024770047718732,0.0008024770047718732,47.88562614330067,-4.0617261433006675,4.0617261433006675,4.0617261433006675,1.0374933934886519,4.0617261433006675,0.4907991374086238,0.8397686047368412,1,791,0,Random_Forest,Set_D_Full_Stage5,792
TRN-0073,Valid,0.034368461311490114,Valid,5,0.4,25.9467,99.2373,38.3006,24.3131,18.2167,18.773,22.4057,42.8541,44.0862,False,None,False,False,False,False,False,False,False,False,False,False,False,False,0,False,-0.5563000000000002,-4.189,-24.637400000000003,-3.6327,-24.081100000000003,-20.448400000000003,19.798466666666666,18.773,2.2749981677648297,25.562375,20.58935,11.676513529695699,24.637400000000003,12.924150000000003,24.637400000000003,2574.88045191,2412.76639863,261.46113795305416,18.221108874070055,-0.004408874070055191,0.004408874070055191,18.743384639911714,0.029615360088286025,0.029615360088286025,22.48208334601857,-0.07638334601857011,0.07638334601857011,48.489459700817896,-5.635359700817894,5.635359700817894,5.635359700817894,1.4364418202487013,5.635359700817894,0.4104345901836164,0.9638146049361201,1,792,0,Random_Forest,Set_D_Full_Stage5,793
TRN-0836,Valid,0.14871599293871005,Valid,5,0.4,11.3923,89.2344,39.1595,59.9745,10.9529,13.1016,13.2032,58.1531,32.8614,False,None,False,False,False,False,False,False,False,False,False,False,False,False,0,False,-2.1487,-2.250300000000001,-47.2002,-0.10160000000000124,-45.051500000000004,-44.9499,12.419233333333333,13.1016,1.2708976053692658,23.8527,13.1524,22.890465858518475,47.2002,23.617033333333335,47.2002,1016.58505512,5351.7885228,127.66711854765445,11.098075761743736,-0.1451757617437366,0.1451757617437366,13.193120310127476,-0.09152031012747663,0.09152031012747663,13.1344328859158,0.068767114084201,0.068767114084201,49.34306248484869,8.810037515151315,8.810037515151315,8.810037515151315,2.2788751752766823,8.810037515151315,0.30498263780828944,1.9788191781982007,2,793,0,Random_Forest,Set_D_Full_Stage5,794
TRN-0907,Invalid,0.5661786484543494,Invalid,1,0.4,9.433,32.4186,50.2549,16.8465,11.9059,7.6211,8.2026,50.3169,20.0939,False,None,False,False,False,False,False,False,False,False,False,False,False,False,0,False,4.284800000000001,3.7033000000000005,-38.410999999999994,-0.5815000000000001,-42.6958,-42.1143,9.2432,8.2026,2.3242233175837477,19.511625,10.05425,20.624343640687492,42.6958,21.96511666666667,42.6958,305.8046538,546.1399448999999,290.9748443872208,6.50149646207067,5.404403537929331,5.404403537929331,7.660109095635615,-0.039009095635615054,0.039009095635615054,8.452433475731054,-0.2498334757310534,0.2498334757310534,50.69480322812852,-0.37790322812852395,0.37790322812852395,5.404403537929331,1.5177873343561308,5.404403537929331,0.3971741323640141,2.1882225656640255,4,794,1,Random_Forest,Set_D_Full_Stage5,795
TRN-0010,Valid,0.02792853094591852,Valid,4,0.4,28.6079,69.1926,27.2581,40.2768,17.9159,16.5888,22.8275,53.0851,25.8781,False,None,False,False,False,False,False,False,False,False,False,False,False,False,0,False,1.3271000000000015,-4.9116,-35.1692,-6.2387000000000015,-36.4963,-30.257599999999996,19.110733333333332,17.9159,3.2864972909365586,27.604325,20.3717,17.197822746765553,36.4963,19.06675,36.4963,1979.45498154,2786.85651168,413.4531129841756,18.00939747348324,-0.09349747348323945,0.09349747348323945,16.889331224636166,-0.3005312246361669,0.3005312246361669,22.845531112025455,-0.018031112025454377,0.018031112025454377,48.48667682459701,4.598423175402985,4.598423175402985,4.598423175402985,1.2526207463869614,4.598423175402985,0.4439273684236136,1.3221220507576075,3,795,0,Random_Forest,Set_D_Full_Stage5,796
TRN-0569,Valid,0.08537065407951011,Valid,5,0.4,27.6118,92.0571,36.6811,42.2679,18.5669,18.6258,22.8757,40.0431,38.7324,False,None,False,False,False,False,False,False,False,False,False,False,False,False,0,False,-0.058900000000001285,-4.308799999999998,-21.476200000000002,-4.249899999999997,-21.4173,-17.167400000000004,20.0228,18.6258,2.4708593869340265,25.027875,20.75075,10.211424995032118,21.476200000000002,11.446416666666666,21.476200000000002,2541.86223378,3891.06029709,299.9420685702603,18.83709344476567,-0.2701934447656704,0.2701934447656704,18.8091249052957,-0.18332490529569867,0.18332490529569867,23.47685265480862,-0.6011526548086223,0.6011526548086223,48.11434861638966,-8.07124861638966,8.07124861638966,8.07124861638966,2.281479905314913,8.07124861638966,0.30474055269402395,0.8580908854263954,1,796,0,Random_Forest,Set_D_Full_Stage5,797
TRN-0528,Valid,0.15491613217196573,Valid,4,0.4,8.5617,24.5077,44.9333,6.3482,5.669,6.6036,7.5,61.0969,14.2798,False,None,False,False,False,False,False,False,False,False,False,False,False,False,0,False,-0.9346000000000005,-1.8310000000000004,-55.4279,-0.8963999999999999,-54.4933,-53.5969,6.590866666666667,6.6036,0.9155664112085664,20.217375,7.0518,27.26326757138929,55.4279,27.86335,55.4279,209.82757509,155.57978114,349.3472054304544,5.532212479229525,0.13678752077047474,0.13678752077047474,6.458067532597221,0.14553246740277892,0.14553246740277892,7.28994298711679,0.21005701288321,0.21005701288321,53.240212292677036,7.856687707322962,7.856687707322962,7.856687707322962,2.0872661770948566,7.856687707322962,0.32391117015410975,2.741595908669692,4,797,0,Random_Forest,Set_D_Full_Stage5,798
TRN-0983,Valid,0.015424798074939645,Valid,5,0.4,29.4688,17.7436,33.5759,43.7144,15.3535,13.0609,20.5369,47.1622,20.0059,False,None,False,False,False,False,False,False,False,False,False,False,False,False,0,False,2.2926,-5.183399999999999,-31.808699999999998,-7.475999999999999,-34.101299999999995,-26.6253,16.3171,15.3535,3.8300179790700715,24.028375,17.9452,15.736403877077507,34.101299999999995,17.91455,34.101299999999995,522.88259968,775.65082784,1660.811976818697,15.641940376437049,-0.28844037643704823,0.28844037643704823,13.061181657439345,-0.00028165743934494003,0.00028165743934494003,20.995180605827215,-0.4582806058272162,0.4582806058272162,48.9870769652224,-1.8248769652224013,1.8248769652224013,1.8248769652224013,0.6429699012315027,1.8248769652224013,0.6086538768911355,1.4192089897011386,3,798,0,Random_Forest,Set_D_Full_Stage5,799
TRN-0760,Valid,0.12137867860025024,Valid,4,0.4,31.1008,93.8091,38.0847,57.8627,20.76,20.5065,25.8765,55.4406,42.5878,False,None,False,False,False,False,False,False,False,False,False,False,False,False,0,False,0.2535000000000025,-5.1164999999999985,-34.6806,-5.370000000000001,-34.9341,-29.564100000000003,22.381,20.76,3.029844179161694,30.6459,23.31825,16.71389417640306,34.9341,18.3198,34.9341,2917.53805728,5428.0478105699995,331.53283300523793,20.786033289026648,-0.026033289026646145,0.026033289026646145,20.33209745642903,0.17440254357097018,0.17440254357097018,26.08549430778167,-0.20899430778166916,0.20899430778166916,47.767876214036484,7.67272378596352,7.67272378596352,7.67272378596352,2.0205384815857013,7.67272378596352,0.3310667968961041,1.1399269918889665,1,799,0,Random_Forest,Set_D_Full_Stage5,800
TRN-0547,Valid,0.1654356837404965,Valid,5,0.4,8.4849,99.8539,44.2752,43.2362,9.9363,12.819,11.4051,50.535,40.8455,False,None,False,False,False,False,False,False,False,False,False,False,False,False,0,False,-2.8827000000000016,-1.4687999999999999,-40.598699999999994,1.4139000000000017,-37.715999999999994,-39.1299,11.3868,11.4051,1.4414371266205135,21.173849999999998,12.11205,19.60945056522492,40.598699999999994,20.534999999999997,40.598699999999994,847.25035611,4317.30319118,84.97313725621761,10.095110327478118,-0.1588103274781183,0.1588103274781183,13.113402982789587,-0.29440298278958643,0.29440298278958643,11.567249094858363,-0.16214909485836415,0.16214909485836415,49.85392721265741,0.6810727873425861,0.6810727873425861,0.6810727873425861,0.32410879811716375,0.6810727873425861,0.755224949356099,1.9173972057999815,2,800,0,Random_Forest,Set_D_Full_Stage5,801
TRN-0376,Valid,0.07263241703044758,Valid,4,0.4,17.5322,81.2201,46.1176,40.8133,13.0548,14.5056,15.8591,79.6941,32.7707,False,None,False,False,False,False,False,False,False,False,False,False,False,False,0,False,-1.4507999999999992,-2.8042999999999996,-66.6393,-1.3535000000000004,-65.1885,-63.83500000000001,14.473166666666666,14.5056,1.4024313043188008,30.7784,15.18235,32.63056458690227,66.6393,33.545233333333336,66.6393,1423.96703722,3314.86030733,215.8603331120827,13.380407346994499,-0.32560734699449867,0.32560734699449867,14.69345292589735,-0.18785292589735114,0.18785292589735114,16.475570113915683,-0.6164701139156836,0.6164701139156836,50.324174086126085,29.36992591387392,29.36992591387392,29.36992591387392,7.624964075170364,29.36992591387392,0.1159425119089841,2.1651313371938317,4,801,0,Random_Forest,Set_D_Full_Stage5,802
TRN-0600,Valid,0.050615620756275674,Valid,1,0.4,14.0661,84.1703,25.8325,46.2828,11.8873,13.3135,14.1282,36.08,26.6367,False,None,False,False,False,False,False,False,False,False,False,False,False,False,0,False,-1.4261999999999997,-2.2409,-24.1927,-0.8147000000000002,-22.7665,-21.9518,13.109666666666667,13.3135,1.1342703484325654,18.852249999999998,13.720849999999999,11.522446188924757,24.1927,12.232133333333332,24.1927,1183.94785683,3895.63716084,167.11474628048774,11.910314851633753,-0.023014851633753608,0.023014851633753608,13.14106223242026,0.17243776757973883,0.17243776757973883,14.219250323279372,-0.09105032327937224,0.09105032327937224,49.71902330034625,-13.639023300346253,13.639023300346253,13.639023300346253,3.4813815607097793,13.639023300346253,0.22314547120187994,1.2832785034791585,4,802,0,Random_Forest,Set_D_Full_Stage5,803
TRN-0029,Valid,0.10182983049088819,Valid,2,0.4,21.3349,46.1014,34.2588,5.2606,12.5252,12.1878,16.1059,63.5447,18.5534,False,None,False,False,False,False,False,False,False,False,False,False,False,False,0,False,0.3374000000000006,-3.5806999999999984,-51.0195,-3.918099999999999,-51.356899999999996,-47.4388,13.6063,12.5252,2.171280684296712,26.090899999999998,14.315549999999998,25.03205788277637,51.356899999999996,26.275233333333333,51.356899999999996,983.56875886,242.52102484,462.78194094280417,12.839094854346621,-0.31389485434662134,0.31389485434662134,12.348203824271433,-0.16040382427143385,0.16040382427143385,16.517620502968786,-0.41172050296878737,0.41172050296878737,49.68276430126232,13.861935698737682,13.861935698737682,13.861935698737682,3.686988720081131,13.861935698737682,0.21335660478881846,1.9683828582444998,4,803,0,Random_Forest,Set_D_Full_Stage5,804
TRN-0039,Invalid,0.981239898989899,Invalid,2,0.4,15.0679,82.3924,27.7559,53.5868,10.1403,19.8333,15.3618,57.5077,27.3712,False,None,False,False,False,False,False,False,False,False,False,False,False,False,0,False,-9.693000000000001,-5.221500000000001,-47.3674,4.471500000000001,-37.6744,-42.1459,15.1118,15.3618,4.851333553776735,25.710774999999998,17.597550000000002,21.564864379413564,47.3674,24.428950000000004,47.3674,1241.48044396,4415.145060319999,182.87970942954576,12.384700753655434,-2.244400753655434,2.244400753655434,13.45967298644574,6.373627013554261,6.373627013554261,14.930338150138574,0.4314618498614262,0.4314618498614262,50.11715756487705,7.390542435122953,7.390542435122953,7.390542435122953,4.110008013048518,7.390542435122953,0.19569440937205537,1.8423163664586673,4,804,1,Random_Forest,Set_D_Full_Stage5,805
TRN-0033,Valid,0.021633818442793103,Valid,5,0.4,20.2632,93.7754,33.5299,33.6812,15.3049,16.2077,18.5165,72.5603,37.2946,False,None,False,False,False,False,False,False,False,False,False,False,False,False,0,False,-0.9027999999999992,-3.2116000000000007,-57.255399999999995,-2.3088000000000015,-56.352599999999995,-54.0438,16.676366666666667,16.2077,1.6563000855320074,30.64735,17.362099999999998,27.97467404367743,57.255399999999995,29.0125,57.255399999999995,1900.1896852800003,3158.46800248,216.08223307154827,15.290426906269339,0.01447309373066119,0.01447309373066119,16.239762192935427,-0.03206219293542745,0.03206219293542745,18.617427007895824,-0.1009270078958231,0.1009270078958231,48.77374993254678,23.78655006745322,23.78655006745322,23.78655006745322,5.983503090503783,23.78655006745322,0.14319460978828907,1.868200066824679,2,805,0,Random_Forest,Set_D_Full_Stage5,806
TRN-0833,Valid,0.16009249355295865,Valid,1,0.4,9.3932,15.4321,32.6449,7.6237,5.4199,5.5241,7.3907,47.3802,12.4673,False,None,False,False,False,False,False,False,False,False,False,False,False,False,0,False,-0.10419999999999963,-1.9707999999999997,-41.960300000000004,-1.8666,-41.856100000000005,-39.9895,6.111566666666666,5.5241,1.1089864621956993,16.428725,6.4574,20.65417451628524,41.960300000000004,21.29125,41.960300000000004,144.95680172000002,117.64970077000001,608.6789168817486,5.41016613735163,0.009733862648370284,0.009733862648370284,5.564847891967323,-0.040747891967323646,0.040747891967323646,7.23800953026966,0.15269046973033973,0.15269046973033973,50.815012511789995,-3.4348125117899926,3.4348125117899926,3.4348125117899926,0.9094961840340066,3.4348125117899926,0.5236983495234839,2.5540797876403754,4,806,0,Random_Forest,Set_D_Full_Stage5,807
TRN-0390,Valid,0.05912224040438658,Valid,4,0.4,19.3037,86.3268,39.0552,48.9097,14.7924,15.7134,17.9805,22.1999,33.9185,False,None,False,False,False,False,False,False,False,False,False,False,False,False,0,False,-0.9209999999999994,-3.1880999999999986,-7.407499999999999,-2.2670999999999992,-6.4864999999999995,-4.2194,16.1621,15.7134,1.6407297675120047,17.67155,16.84695,3.3027897283962835,7.407499999999999,4.081599999999999,7.407499999999999,1666.4266491600001,4222.21788996,223.61187677385507,14.599757306563204,0.19264269343679707,0.19264269343679707,15.581511895980423,0.13188810401957696,0.13188810401957696,17.923498714995223,0.05700128500477675,0.05700128500477675,49.36551089135154,-27.16561089135154,27.16561089135154,27.16561089135154,6.8867857434531725,27.16561089135154,0.12679436623850227,0.4191763488905337,2,807,0,Random_Forest,Set_D_Full_Stage5,808
TRN-0044,Valid,0.25961815484242146,Valid,1,0.4,29.26,109.6202,29.7864,22.7548,20.2331,20.4709,24.7869,35.2815,52.5159,False,None,False,False,False,False,False,False,False,False,False,False,False,False,0,False,-0.2378,-4.553799999999999,-15.0484,-4.315999999999999,-14.8106,-10.494600000000002,21.830299999999998,20.4709,2.5632498668682295,25.1931,22.6289,7.043710807995078,15.0484,8.243533333333334,15.0484,3207.487052,2494.38572696,266.92158316427236,20.35613052176167,-0.12303052176167029,0.12303052176167029,20.485526768456573,-0.014626768456572847,0.014626768456572847,25.02369074050424,-0.2367907405042402,0.2367907405042402,48.812249126555386,-13.530749126555385,13.530749126555385,13.530749126555385,3.476299289319467,13.530749126555385,0.22339882464651514,0.5973220455910366,1,808,0,Random_Forest,Set_D_Full_Stage5,809
TRN-0452,Valid,0.045288792250121224,Valid,4,0.4,19.0424,94.3785,41.6341,21.8384,14.7669,16.189,17.6107,47.4642,39.034,False,None,False,False,False,False,False,False,False,False,False,False,False,False,0,False,-1.4221000000000004,-2.8438000000000017,-32.6973,-1.4217000000000013,-31.275199999999998,-29.853499999999997,16.188866666666666,16.189,1.421900004688563,24.0077,16.89985,15.68070423142192,32.6973,16.5856,32.6973,1797.1931484000002,2061.0754344,201.7662707326064,14.606260203261465,0.16063979673853446,0.16063979673853446,16.02471491317669,0.164285086823309,0.164285086823309,17.752949636192167,-0.14224963619216524,0.14224963619216524,50.70082176843885,-3.2366217684388516,3.2366217684388516,3.2366217684388516,0.9259490720482151,3.2366217684388516,0.5192245290974992,1.3619499735709903,2,809,0,Random_Forest,Set_D_Full_Stage5,810
TRN-0228,Valid,0.18725912358684094,Valid,1,0.4,10.1831,25.6679,37.4147,15.7114,6.1981,6.7544,8.0825,60.7987,13.6425,False,None,False,False,False,False,False,False,False,False,False,False,False,False,0,False,-0.5563000000000002,-1.8843999999999994,-54.6006,-1.3280999999999992,-54.04429999999999,-52.7162,7.011666666666667,6.7544,0.9681840957861952,20.458425,7.41845,26.905132577183732,54.6006,27.521649999999998,54.6006,261.37879248999997,403.27864406,396.7249378698928,6.458538863129542,-0.2604388631295418,0.2604388631295418,6.928968059028325,-0.17456805902832429,0.17456805902832429,8.441847184236078,-0.3593471842360785,0.3593471842360785,50.6039987188933,10.194701281106695,10.194701281106695,10.194701281106695,2.74726384687516,10.194701281106695,0.26686137962607015,2.6688551690293028,4,810,0,Random_Forest,Set_D_Full_Stage5,811
TRN-0432,Invalid,0.9500218253968256,Invalid,4,0.4,10.4138,55.6913,32.6882,40.139,10.7131,2.667,10.4162,58.3703,15.8323,False,None,False,False,False,False,False,False,False,False,False,False,False,False,0,False,8.046100000000001,0.29690000000000083,-47.6572,-7.7492,-55.7033,-47.9541,7.932100000000001,10.4162,4.562126248801101,20.54165,10.56465,25.49271141751435,55.7033,27.901133333333334,55.7033,579.95805994,2235.3930907,186.99147138036435,8.52457204638203,2.188527953617971,2.188527953617971,9.638819063436795,-6.971819063436795,6.971819063436795,10.423465082998963,-0.007265082998962669,0.007265082998962669,50.54283185859338,7.827468141406619,7.827468141406619,7.827468141406619,4.2487700603650875,7.827468141406619,0.1905208245930368,2.711723395285483,4,811,1,Random_Forest,Set_D_Full_Stage5,812
TRN-0898,Valid,0.07396465622575497,Valid,4,0.4,26.7175,47.5673,35.3142,45.1466,16.3394,14.9931,21.1996,33.4623,21.6868,False,None,False,False,False,False,False,False,False,False,False,False,False,False,0,False,1.3463000000000012,-4.860199999999999,-17.122899999999998,-6.2065,-18.4692,-12.262699999999999,17.5107,16.3394,3.264830520869345,21.4986,18.7695,8.409486579254803,18.4692,10.044633333333332,18.4692,1270.87933775,2147.50186618,561.6777572664924,15.972788222286729,0.36661177771327225,0.36661177771327225,14.702523047932397,0.29057695206760314,0.29057695206760314,20.721877136819064,0.4777228631809365,0.4777228631809365,49.073566374312506,-15.611266374312507,15.611266374312507,15.611266374312507,4.18654449181858,15.611266374312507,0.19280659822304266,0.8590880991840868,3,812,0,Random_Forest,Set_D_Full_Stage5,813
TRN-0204,Valid,0.0637647118981897,Valid,5,0.4,24.7316,43.7365,37.4064,31.1994,14.6743,13.4906,19.0906,60.7113,20.4819,False,None,False,False,False,False,False,False,False,False,False,False,False,False,0,False,1.1837,-4.416299999999998,-46.037,-5.599999999999998,-47.2207,-41.6207,15.751833333333332,14.6743,2.9514078951126574,26.9917,16.88245,22.608529727663996,47.2207,24.3464,47.2207,1081.6736234,1364.5525581,565.4680723267585,14.655464228105611,0.018835771894389453,0.018835771894389453,13.646410130502836,-0.15581013050283588,0.15581013050283588,19.05258172856433,0.03801827143566783,0.03801827143566783,49.31243396611802,11.39886603388198,11.39886603388198,11.39886603388198,2.9028825519287182,11.39886603388198,0.25622087948965366,1.7494519613614699,4,813,0,Random_Forest,Set_D_Full_Stage5,814
TRN-0121,Invalid,0.8958869047619049,Invalid,4,0.4,19.018,17.826,43.742,43.2296,1.7456,10.1924,14.6032,35.4098,18.3173,False,None,False,False,False,False,False,False,False,False,False,False,False,False,0,False,-8.4468,-12.8576,-33.664199999999994,-4.4108,-25.217399999999998,-20.806599999999996,8.847066666666665,10.1924,6.533522080266763,15.487749999999998,12.3978,14.31267414042533,33.664199999999994,17.567233333333334,33.664199999999994,339.01486800000004,770.6108495999999,1066.8680203814538,10.61721654822868,-8.87161654822868,8.87161654822868,9.777052763042503,0.415347236957496,0.415347236957496,14.321443255714083,0.2817567442859161,0.2817567442859161,50.59700642341318,-15.18720642341318,15.18720642341318,15.18720642341318,6.188981738221318,15.18720642341318,0.13910175827591095,2.173600314054453,4,814,1,Random_Forest,Set_D_Full_Stage5,815
TRN-0902,Valid,0.03279158410548804,Valid,5,0.4,28.3028,73.1395,45.6515,57.1996,18.1078,17.6794,23.3092,41.0806,32.6957,False,None,False,False,False,False,False,False,False,False,False,False,False,False,0,False,0.4283999999999999,-5.2014,-22.972799999999996,-5.6297999999999995,-23.401199999999996,-17.771399999999996,19.698800000000002,18.1078,3.1340266048647383,25.044249999999998,20.7085,10.992880634756295,23.401199999999996,12.567499999999997,23.401199999999996,2070.0526406,4183.5501441999995,386.9700521646919,18.319516921227947,-0.2117169212279464,0.2117169212279464,17.861339318639192,-0.18193931863919133,0.18193931863919133,23.344041633200987,-0.03484163320098688,0.03484163320098688,48.361182622749546,-7.280582622749549,7.280582622749549,7.280582622749549,1.9272701239544183,7.280582622749549,0.3416152106417533,0.9343937493062282,3,815,0,Random_Forest,Set_D_Full_Stage5,816
TRN-0183,Valid,0.05615980584080076,Valid,5,0.4,30.8671,51.742,18.0,17.4126,18.049,15.8019,23.282,26.729,21.0361,False,None,False,False,False,False,False,False,False,False,False,False,False,False,0,False,2.2470999999999997,-5.2330000000000005,-8.68,-7.4801,-10.9271,-3.446999999999999,19.044299999999996,18.049,3.838090745409754,20.965474999999998,20.6655,4.958253782246998,10.9271,6.335716666666667,10.9271,1597.1254882,900.9627492,596.5578067029094,17.848921410336914,0.2000785896630859,0.2000785896630859,15.69937872942769,0.10252127057231064,0.10252127057231064,22.961686968489975,0.3203130315100253,0.3203130315100253,48.321953546619206,-21.592953546619206,21.592953546619206,21.592953546619206,5.553966609591157,21.592953546619206,0.15257935530775935,0.5211947159820057,3,816,0,Random_Forest,Set_D_Full_Stage5,817
TRN-0634,Valid,0.03284007177993861,Valid,1,0.4,13.8956,58.478,45.3235,55.4579,10.3178,11.3468,12.8722,68.3149,19.5508,False,None,False,False,False,False,False,False,False,False,False,False,False,False,0,False,-1.029,-2.5543999999999993,-57.997099999999996,-1.5253999999999994,-56.96809999999999,-55.442699999999995,11.512266666666667,11.3468,1.2852136994808812,25.712925,12.1095,28.420696177888278,57.997099999999996,29.25278333333333,57.997099999999996,812.5868968,3243.0670762000004,237.62094503557833,10.540774055617819,-0.22297405561781858,0.22297405561781858,11.594732809322142,-0.24793280932214223,0.24793280932214223,13.205713666477978,-0.33351366647797853,0.33351366647797853,49.50766501507172,18.80723498492827,18.80723498492827,18.80723498492827,4.902913879086553,18.80723498492827,0.1694078586412894,2.2555612573982704,4,817,0,Random_Forest,Set_D_Full_Stage5,818
TRN-0378,Valid,0.01396004490575809,Valid,4,0.4,21.3745,17.0531,38.5025,54.46,11.9475,10.3384,16.2741,42.3971,17.8967,False,None,False,False,False,False,False,False,False,False,False,False,False,False,0,False,1.6090999999999998,-4.326600000000001,-30.449600000000004,-5.935700000000001,-32.0587,-26.123,12.853333333333333,11.9475,3.06977753971413,20.239275,14.110800000000001,14.983020166480678,32.0587,16.75045,32.0587,364.50148595,928.7118260000001,1253.4077361841917,11.831671631671702,0.11582836832829813,0.11582836832829813,10.453515365735063,-0.11511536573506298,0.11511536573506298,15.930109931424365,0.34399006857563563,0.34399006857563563,49.596206142022325,-7.199106142022323,7.199106142022323,7.199106142022323,1.94350998616533,7.199106142022323,0.33973045945149116,1.5839838215628665,4,818,0,Random_Forest,Set_D_Full_Stage5,819
TRN-0814,Valid,0.03085242924482146,Valid,2,0.4,30.3615,58.1783,33.7793,29.3668,18.1696,16.7122,23.3428,41.7268,23.0081,False,None,False,False,False,False,False,False,False,False,False,False,False,False,0,False,1.4573999999999998,-5.173200000000001,-23.557199999999998,-6.630600000000001,-25.014599999999998,-18.383999999999997,19.408199999999997,18.1696,3.484510232443005,24.987849999999998,20.7562,11.516271858982835,25.014599999999998,13.3695,25.014599999999998,1766.38045545,1708.51050044,521.8697483649834,18.12612208960956,0.04347791039043969,0.04347791039043969,16.689184578318695,0.023015421681304105,0.023015421681304105,23.344933760781835,-0.0021337607818345816,0.0021337607818345816,48.473380835166616,-6.746580835166618,6.746580835166618,6.746580835166618,1.7038019820050492,6.746580835166618,0.369849569848467,1.0010701196501022,3,819,0,Random_Forest,Set_D_Full_Stage5,820
TRN-0396,Valid,0.05157166025978713,Valid,4,0.4,30.3569,41.0262,28.9521,19.2467,16.9297,14.9258,22.1304,37.034,20.9096,False,None,False,False,False,False,False,False,False,False,False,False,False,False,0,False,2.0039,-5.200700000000001,-20.1043,-7.204600000000001,-22.108199999999997,-14.903599999999997,17.9953,16.9297,3.7186278127825596,22.754975,19.530050000000003,9.991837650260669,22.108199999999997,11.92088333333333,22.108199999999997,1245.42825078,789.6189635400001,739.93917546856,17.050392146559737,-0.12069214655973681,0.12069214655973681,14.979401080162775,-0.05360108016277465,0.05360108016277465,22.27799176610423,-0.14759176610422742,0.14759176610422742,49.682407360584975,-12.648407360584976,12.648407360584976,12.648407360584976,3.2425730883529287,12.648407360584976,0.23570601594237345,0.9715761183758194,3,820,0,Random_Forest,Set_D_Full_Stage5,821
TRN-0663,Valid,0.2016775504365766,Valid,4,0.4,31.9783,109.3958,31.4348,44.0483,21.8455,21.4674,27.2844,44.6375,54.3652,False,None,False,False,False,False,False,False,False,False,False,False,False,False,0,False,0.3780999999999999,-5.4389,-22.792,-5.817,-23.1701,-17.3531,23.532433333333334,21.8455,3.2547934348178433,28.8087,24.564950000000003,10.882022481444645,23.1701,12.491533333333335,23.1701,3498.2917111399997,4818.699017139999,292.3174114255381,21.899552094702933,-0.05405209470293215,0.05405209470293215,21.625887228400405,-0.15848722840040352,0.15848722840040352,27.128064960303718,0.15633503969628393,0.15633503969628393,47.82248553057456,-3.184985530574558,3.184985530574558,3.184985530574558,0.8884649733435444,3.184985530574558,0.5295306050762969,0.8042741240409584,1,821,0,Random_Forest,Set_D_Full_Stage5,822
TRN-0193,Valid,0.1131958046036339,Valid,3,0.4,8.8136,104.1247,23.7841,53.9583,10.6197,13.0278,11.8825,66.9895,39.5565,False,None,False,False,False,False,False,False,False,False,False,False,False,False,0,False,-2.4080999999999992,-1.2628000000000004,-56.369800000000005,1.1452999999999989,-53.96170000000001,-55.107000000000006,11.843333333333334,11.8825,1.204527676449708,25.629875000000002,12.45515,27.590617652670147,56.369800000000005,28.375783333333334,56.369800000000005,917.71345592,5618.39180001,84.6446535121202,10.57808126910812,0.04161873089188006,0.04161873089188006,13.009481620240429,0.01831837975957029,0.01831837975957029,11.89170104732201,-0.009201047322010325,0.009201047322010325,47.64820917043759,19.341290829562418,19.341290829562418,19.341290829562418,4.85260724688397,19.341290829562418,0.17086401971231152,2.1993777966619827,2,822,0,Random_Forest,Set_D_Full_Stage5,823
TRN-0163,Valid,0.06319955561207787,Valid,4,0.4,26.8467,50.4581,37.9266,8.6355,15.6853,14.5305,20.1717,54.5794,20.7763,False,None,False,False,False,False,False,False,False,False,False,False,False,False,0,False,1.1547999999999998,-4.4864000000000015,-38.8941,-5.641200000000001,-40.0489,-34.4077,16.795833333333334,15.6853,2.9800583171027606,26.241725000000002,17.9285,19.047833889863522,40.0489,20.772183333333334,40.0489,1354.63347327,435.73092255000006,532.059167495572,15.771694058776848,-0.08639405877684858,0.08639405877684858,14.763336879878334,-0.23283687987833446,0.23283687987833446,20.401125095188025,-0.22942509518802368,0.22942509518802368,50.86664635412144,3.712753645878557,3.712753645878557,3.712753645878557,1.065352419930441,3.712753645878557,0.48417886959634665,1.5261529010943826,3,823,0,Random_Forest,Set_D_Full_Stage5,824
TRN-0951,Valid,0.058084390269217405,Valid,5,0.4,16.8647,40.1412,23.5961,19.1775,10.2588,9.7996,13.1537,53.8028,15.8285,False,None,False,False,False,False,False,False,False,False,False,False,False,False,0,False,0.45920000000000094,-2.8949,-43.544,-3.3541000000000007,-44.0032,-40.6491,11.0707,10.2588,1.818483684282045,21.753725,11.70625,21.41757878961034,44.0032,22.484083333333334,44.0032,676.9692956399999,769.8078629999999,420.1343208139466,10.50683853997386,-0.24803853997385872,0.24803853997385872,10.072123337438596,-0.2725233374385958,0.2725233374385958,13.405500513491896,-0.2518005134918955,0.2518005134918955,49.846378655584296,3.956421344415702,3.956421344415702,3.956421344415702,1.182195933830013,3.956421344415702,0.45825399291477975,2.0227882706119202,4,824,0,Random_Forest,Set_D_Full_Stage5,825
TRN-0453,Valid,0.14178228382515884,Valid,2,0.4,31.6677,82.2572,33.8737,25.2574,20.0473,19.1506,25.5127,65.8802,33.1281,False,None,False,False,False,False,False,False,False,False,False,False,False,False,0,False,0.8966999999999992,-5.465399999999999,-45.8329,-6.362099999999998,-46.729600000000005,-40.36750000000001,21.5702,20.0473,3.4436169081359784,32.6477,22.78,22.33270449229112,46.729600000000005,24.2757,46.729600000000005,2604.8963324399997,2077.60300328,384.9838816560883,20.03602798027032,0.011272019729680949,0.011272019729680949,19.15504043406854,-0.004440434068538224,0.004440434068538224,25.318246645358677,0.19445335464132185,0.19445335464132185,48.23485765842312,17.645342341576885,17.645342341576885,17.645342341576885,4.463877037504107,17.645342341576885,0.1830202241258341,1.4313285679148706,3,825,0,Random_Forest,Set_D_Full_Stage5,826
TRN-0247,Valid,0.04972322677741629,Valid,3,0.4,30.139,68.3414,19.0017,23.2784,18.2733,16.743,23.1979,36.1587,22.9371,False,None,False,False,False,False,False,False,False,False,False,False,False,False,0,False,1.5303000000000004,-4.924600000000002,-17.885400000000004,-6.454900000000002,-19.415700000000005,-12.960800000000003,19.404733333333336,18.2733,3.3729126201746378,23.593225000000004,20.735599999999998,8.818061547897022,19.415700000000005,10.52861666666667,19.415700000000005,2059.7414545999995,1590.87844576,441.0064117787444,18.471176165845776,-0.19787616584577705,0.19787616584577705,16.93210637638974,-0.18910637638974137,0.18910637638974137,23.410899720232543,-0.212999720232542,0.212999720232542,47.5886873169309,-11.429987316930898,11.429987316930898,11.429987316930898,3.0074923948497396,11.429987316930898,0.2495326008067184,0.8229350489663669,3,826,0,Random_Forest,Set_D_Full_Stage5,827
TRN-0892,Valid,0.03423558950739692,Valid,3,0.4,20.9863,19.4037,37.8768,46.298,11.6783,10.6496,15.2556,31.9236,17.6804,False,None,False,False,False,False,False,False,False,False,False,False,False,False,0,False,1.0287000000000006,-3.5772999999999993,-20.2453,-4.606,-21.274,-16.668,12.527833333333334,11.6783,2.4176619208097176,17.376775000000002,13.46695,9.896750338158144,21.274,11.233216666666669,21.274,407.21186931,898.3525026000001,1081.5612065939968,11.688639625618723,-0.010339625618723147,0.010339625618723147,10.428061774305593,0.22153822569440607,0.22153822569440607,15.680447638071007,-0.42484763807100734,0.42484763807100734,50.60556652010375,-18.68196652010375,18.68196652010375,18.68196652010375,4.8346730023719715,18.68196652010375,0.17138921060245701,1.2242771030429391,4,827,0,Random_Forest,Set_D_Full_Stage5,828
TRN-0841,Valid,0.026066546348879727,Valid,5,0.4,29.8949,91.0083,27.9446,15.6917,19.3979,18.9882,24.2031,42.8908,35.6834,False,None,False,False,False,False,False,False,False,False,False,False,False,False,0,False,0.40970000000000084,-4.805199999999999,-23.4929,-5.2149,-23.9026,-18.6877,20.863066666666665,19.3979,2.899798359081771,26.369999999999997,21.8005,11.26548471956119,23.9026,12.752166666666668,23.9026,2720.68402767,1428.07494111,328.4853877629416,19.544595304243135,-0.14669530424313493,0.14669530424313493,19.001266765299693,-0.013066765299694083,0.013066765299694083,24.36746282054617,-0.16436282054617024,0.16436282054617024,48.11629280750869,-5.225492807508694,5.225492807508694,5.225492807508694,1.3874044243994232,5.225492807508694,0.4188649354001095,0.9064312072691668,1,828,0,Random_Forest,Set_D_Full_Stage5,829
TRN-0233,Invalid,0.9592018398268398,Invalid,4,0.4,15.3672,38.6916,36.452,59.6472,6.9692,3.8644,12.7546,41.3043,17.8643,False,None,False,False,False,False,False,False,False,False,False,False,False,False,0,False,3.1048,-5.7854,-34.3351,-8.8902,-37.439899999999994,-28.549699999999998,7.862733333333334,6.9692,4.511952501227527,16.223125,9.8619,17.121810813379717,37.439899999999994,19.684183333333333,37.439899999999994,594.58155552,2307.84560352,397.1713764301873,10.19817602795188,-3.2289760279518793,3.2289760279518793,10.193862447647536,-6.329462447647536,6.329462447647536,13.154586547504303,-0.3999865475043034,0.3999865475043034,49.56461239287461,-8.26031239287461,8.26031239287461,8.26031239287461,4.554684353994583,8.26031239287461,0.18002823135771204,2.307809187311823,4,829,1,Random_Forest,Set_D_Full_Stage5,830
TRN-0896,Valid,0.10542021171140054,Valid,2,0.4,16.8148,26.4401,32.9144,53.3421,10.6575,9.7959,13.985,46.5964,16.8823,False,None,False,False,False,False,False,False,False,False,False,False,False,False,0,False,0.861600000000001,-3.327499999999999,-35.938900000000004,-4.1891,-36.8005,-32.6114,11.479466666666667,10.6575,2.2122074051348197,20.2587,12.32125,17.651128181696112,36.8005,18.954833333333333,36.8005,444.58499348000004,1410.3704582100002,635.9580198418238,10.13815202205676,0.5193479779432408,0.5193479779432408,9.47435900720232,0.32154099279767934,0.32154099279767934,13.354991136615485,0.6300088633845142,0.6300088633845142,50.14350613101914,-3.5471061310191345,3.5471061310191345,3.5471061310191345,1.2545009912861422,3.5471061310191345,0.4435571347562471,1.816527310968961,4,830,0,Random_Forest,Set_D_Full_Stage5,831
TRN-0572,Valid,0.014553536945131208,Valid,1,0.4,9.7781,45.8148,36.6675,50.8468,7.8509,8.7594,9.9697,30.3101,16.5207,False,None,False,False,False,False,False,False,False,False,False,False,False,False,0,False,-0.9084999999999992,-2.1187999999999994,-22.4592,-1.2103000000000002,-21.5507,-20.3404,8.86,8.7594,1.0629763073559069,14.222525,9.36455,10.760110435732836,22.4592,11.431316666666667,22.4592,447.98169588,2329.53597264,213.42661903432537,7.79299487399749,0.05790512600251052,0.05790512600251052,8.779428017368533,-0.020028017368533213,0.020028017368533213,9.73009713571061,0.23960286428938993,0.23960286428938993,49.955692901770554,-19.645592901770556,19.645592901770556,19.645592901770556,4.990782227357747,19.645592901770556,0.16692310987926748,1.5791277715259622,4,831,0,Random_Forest,Set_D_Full_Stage5,832
TRN-0377,Valid,0.012667184375140451,Valid,4,0.4,25.8767,71.6325,26.5204,14.8354,16.5446,15.9533,20.6098,49.2504,24.5441,False,None,False,False,False,False,False,False,False,False,False,False,False,False,0,False,0.5912999999999986,-4.065200000000001,-32.705799999999996,-4.656499999999999,-33.2971,-28.6406,17.702566666666666,16.5446,2.5350371128118288,25.589525000000002,18.577199999999998,15.909139588587646,33.2971,17.326083333333333,33.2971,1853.61271275,1062.6967905,361.24240236730503,16.53379356051522,0.010806439484777997,0.010806439484777997,15.912664721378455,0.04063527862154537,0.04063527862154537,20.780586929858377,-0.17078692985837662,0.17078692985837662,49.84914168912229,-0.5987416891222921,0.5987416891222921,0.5987416891222921,0.20524258427174802,0.5987416891222921,0.8297084861171221,1.3011998850311268,3,832,0,Random_Forest,Set_D_Full_Stage5,833
TRN-0402,Invalid,0.9433058608058608,Invalid,1,0.4,20.3494,47.6153,20.0764,38.3104,14.6877,18.0815,16.1271,60.5635,17.3125,False,None,False,False,False,False,False,False,False,False,False,False,False,False,0,False,-3.393799999999999,-1.4393999999999991,-45.8758,1.9543999999999997,-42.482,-44.4364,16.298766666666666,16.1271,1.7034000391374104,27.36495,17.1043,22.17602388609524,45.8758,23.26363333333333,45.8758,968.9427858199999,1824.16118912,427.3709443454216,12.808947765646815,1.8787522343531844,1.8787522343531844,11.956903646944856,6.124596353055143,6.124596353055143,16.30183483631496,-0.17473483631496123,0.17473483631496123,49.165500658551615,11.397999341448383,11.397999341448383,11.397999341448383,4.894020691292917,11.397999341448383,0.16966346953570655,1.6764431594272382,4,833,1,Random_Forest,Set_D_Full_Stage5,834
TRN-0692,Invalid,0.98,Invalid,3,0.4,21.0089,88.0631,36.4225,28.2623,24.9495,16.0915,18.8807,56.9598,33.5906,False,None,False,False,False,False,False,False,False,False,False,False,False,False,0,False,8.858,6.0687999999999995,-32.0103,-2.789200000000001,-40.868300000000005,-38.0791,19.9739,18.8807,4.529056820133746,29.220375,21.915100000000002,18.85905892374184,40.868300000000005,21.445616666666666,40.868300000000005,1850.10886159,2488.8657511300003,238.5664099303329,15.258513753999251,9.69098624600075,9.69098624600075,16.050951618406827,0.04054838159317242,0.04054838159317242,18.74582594057614,0.13487405942386133,0.13487405942386133,49.035257027166665,7.924542972833336,7.924542972833336,9.69098624600075,4.447737914962779,9.69098624600075,0.18356242822427193,1.3986229134215722,2,834,1,Random_Forest,Set_D_Full_Stage5,835
TRN-0524,Valid,0.022067503466203876,Valid,5,0.4,26.783,33.5773,29.6182,6.2275,14.7745,13.1842,19.3179,34.1612,18.9352,False,None,False,False,False,False,False,False,False,False,False,False,False,False,0,False,1.5902999999999992,-4.543400000000002,-19.3867,-6.133700000000001,-20.977,-14.8433,15.758866666666668,14.7745,3.1831277422267137,20.359450000000002,17.0462,9.561189056632374,20.977,11.245733333333334,20.977,899.3008259000001,209.10263575000002,797.6517475640543,14.769731621833609,0.004768378166390974,0.004768378166390974,13.030312736566344,0.15388726343365633,0.15388726343365633,19.380704444058377,-0.06280444405837571,0.06280444405837571,49.47619869246815,-15.314998692468151,15.314998692468151,15.314998692468151,3.8841146945316436,15.314998692468151,0.20474539656483107,1.0303318457365764,3,835,0,Random_Forest,Set_D_Full_Stage5,836
TRN-0686,Valid,0.06160457366948987,Valid,4,0.4,17.2166,40.7619,36.5746,56.3485,10.9047,10.5972,13.8475,47.2079,17.7028,False,None,False,False,False,False,False,False,False,False,False,False,False,False,0,False,0.3074999999999992,-2.9428,-36.303200000000004,-3.2502999999999993,-36.6107,-33.3604,11.783133333333334,10.9047,1.7943930347984893,20.639325,12.376100000000001,17.77287505130126,36.6107,18.795816666666667,36.6107,701.7813275399999,2296.87192215,422.3698055365904,11.163018125847696,-0.25831812584769587,0.25831812584769587,10.98322661446981,-0.38602661446980946,0.38602661446980946,14.407197136290812,-0.5596971362908114,0.5596971362908114,49.53799261705309,-2.33009261705309,2.33009261705309,2.33009261705309,0.8835336234153517,2.33009261705309,0.5309169889872907,1.7738313758655502,4,836,0,Random_Forest,Set_D_Full_Stage5,837
TRN-0479,Invalid,0.9248398109243697,Invalid,2,0.4,19.153,39.1288,27.4245,59.066,14.4508,18.5147,15.8739,49.9218,18.1799,False,None,False,False,False,False,False,False,False,False,False,False,False,False,0,False,-4.063900000000002,-1.4231000000000016,-35.471,2.6408000000000005,-31.407099999999996,-34.0479,16.279799999999998,15.8739,2.0621316422575946,24.6903,17.194300000000002,16.905057397319496,35.471,18.175633333333334,35.471,749.4339064,2311.1817008,489.48588009704355,12.02337071723523,2.42742928276477,2.42742928276477,11.236704748420875,7.277995251579126,7.277995251579126,15.526346363698234,0.3475536363017664,0.3475536363017664,49.78033409644539,0.14146590355461086,0.14146590355461086,7.277995251579126,2.5486110185500683,7.277995251579126,0.28180039873984025,1.43663647803531,4,837,1,Random_Forest,Set_D_Full_Stage5,838
TRN-0731,Valid,0.041606458290611166,Valid,4,0.4,13.9035,89.1543,36.5661,28.288,11.6396,13.7202,13.5417,53.827,31.8838,False,None,False,False,False,False,False,False,False,False,False,False,False,False,0,False,-2.0806000000000004,-1.9021000000000008,-42.1874,0.17849999999999966,-40.1068,-40.2853,12.967166666666666,13.5417,1.1531654275659386,23.182125,13.63095,20.45160194237035,42.1874,21.123450000000002,42.1874,1239.55681005,2521.9968384000003,155.9487140890889,11.91697390019547,-0.2773739001954709,0.2773739001954709,13.702061093629005,0.01813890637099469,0.01813890637099469,14.199896136865974,-0.658196136865973,0.658196136865973,50.646391886743935,3.1806081132560635,3.1806081132560635,3.1806081132560635,1.0335792641721255,3.1806081132560635,0.49174380247582933,1.8198237565263078,2,838,0,Random_Forest,Set_D_Full_Stage5,839
TRN-0099,Valid,0.047723713419703946,Valid,5,0.4,20.2736,98.1302,26.7456,46.5455,15.4839,16.3896,19.0144,42.5996,38.4013,False,None,False,False,False,False,False,False,False,False,False,False,False,False,0,False,-0.9057000000000013,-3.530499999999998,-27.115700000000004,-2.624799999999997,-26.21,-23.585200000000004,16.962633333333333,16.3896,1.83368016931343,23.371875000000003,17.701999999999998,12.905622945412853,27.115700000000004,13.995316666666668,27.115700000000004,1989.45242272,4567.5192240999995,206.59896682173613,15.677398387493206,-0.19349838749320547,0.19349838749320547,16.50086634025313,-0.11126634025312754,0.11126634025312754,18.961830587876907,0.0525694121230913,0.0525694121230913,48.297811691673694,-5.698211691673691,5.698211691673691,5.698211691673691,1.513886457885779,5.698211691673691,0.397790439923455,1.160184555075468,2,839,0,Random_Forest,Set_D_Full_Stage5,840
TRN-0817,Valid,0.022083251086728057,Valid,4,0.4,10.3326,92.2829,31.1727,49.2921,10.5226,12.7387,12.1273,45.9361,32.0033,False,None,False,False,False,False,False,False,False,False,False,False,False,False,0,False,-2.216099999999999,-1.6046999999999993,-35.4135,0.6113999999999997,-33.1974,-33.808800000000005,11.796199999999999,12.1273,1.1445502217028307,20.331175,12.433,17.09551178357934,35.4135,17.80865,35.4135,953.52229254,4548.81793509,111.96656022225565,10.612209130875168,-0.08960913087516786,0.08960913087516786,12.742596178172304,-0.0038961781723045874,0.0038961781723045874,12.304222176791127,-0.17692217679112687,0.17692217679112687,49.67371910278752,-3.7376191027875194,3.7376191027875194,3.7376191027875194,1.0020116471565297,3.7376191027875194,0.4994975935431278,1.7418315754836717,2,840,0,Random_Forest,Set_D_Full_Stage5,841
TRN-0277,Valid,0.02026356645275239,Valid,1,0.4,27.884,80.7621,35.9598,51.4908,18.1225,17.7811,22.8208,31.7943,32.0756,False,None,False,False,False,False,False,False,False,False,False,False,False,False,0,False,0.34140000000000015,-4.6983,-13.671800000000001,-5.0397,-14.013200000000001,-8.973500000000001,19.5748,18.1225,2.816296413732049,22.629675,20.471649999999997,6.528148950698046,14.013200000000001,7.789650000000001,14.013200000000001,2251.9703964,4158.5051386800005,345.2609150503868,18.44516912811305,-0.32266912811305204,0.32266912811305204,17.99863535053447,-0.21753535053447237,0.21753535053447237,23.231923810717525,-0.4111238107175268,0.4111238107175268,48.272815970224094,-16.478515970224095,16.478515970224095,16.478515970224095,4.3574610648972865,16.478515970224095,0.1866555795528067,0.6192397287014823,3,841,0,Random_Forest,Set_D_Full_Stage5,842
TRN-0493,Valid,0.0026962156469962323,Valid,5,0.4,20.1257,27.8475,37.8216,40.1598,11.5988,10.7917,15.3087,48.7406,18.2107,False,None,False,False,False,False,False,False,False,False,False,False,False,False,0,False,0.8071000000000002,-3.7098999999999993,-37.1418,-4.5169999999999995,-37.9489,-33.4319,12.566400000000002,11.5988,2.408943662687029,21.60995,13.45375,18.193731323086716,37.9489,19.592766666666666,37.9489,560.45043075,1118.3500305,722.7109353762687,11.671839867179287,-0.07303986717928623,0.07303986717928623,10.796142894755183,-0.004442894755182891,0.004442894755182891,15.43024796131343,-0.12154796131343026,0.12154796131343026,49.82132259348747,-1.0807225934874722,1.0807225934874722,1.0807225934874722,0.3199383291838429,1.0807225934874722,0.7576111534076972,1.7560837687806918,4,842,0,Random_Forest,Set_D_Full_Stage5,843
TRN-0726,Valid,0.018157318653002325,Valid,4,0.4,20.0636,36.2696,21.0752,16.9709,11.9,10.664,15.1836,52.3788,16.4284,False,None,False,False,False,False,False,False,False,False,False,False,False,False,0,False,1.2360000000000007,-3.2836,-40.4788,-4.5196000000000005,-41.7148,-37.1952,12.582533333333332,11.9,2.33582637482612,22.531599999999997,13.5418,19.989324652257096,41.7148,21.404666666666667,41.7148,727.69874656,615.52775464,553.1793697257842,11.804511148091349,0.09548885190865164,0.09548885190865164,10.753574246223515,-0.08957424622351517,0.08957424622351517,15.22907634272719,-0.04547634272718959,0.04547634272718959,50.34129011832724,2.0375098816727615,2.0375098816727615,2.0375098816727615,0.5670123306330295,2.0375098816727615,0.6381570715503099,1.8513901137113593,4,843,0,Random_Forest,Set_D_Full_Stage5,844
TRN-0330,Valid,0.009944661393059549,Valid,3,0.4,26.031,19.3516,38.3725,38.5153,13.8593,12.1453,18.3326,50.1899,19.5005,False,None,False,False,False,False,False,False,False,False,False,False,False,False,0,False,1.7139999999999986,-4.4733,-36.330600000000004,-6.187299999999999,-38.0446,-31.857300000000002,14.779066666666665,13.8593,3.1945497903982227,23.631774999999998,16.09595,17.896513950557523,38.0446,19.76785,38.0446,503.7414996,745.3326794800001,1345.1593950064103,14.015053986120277,-0.1557539861202777,0.1557539861202777,12.11692611416663,0.028373885833371304,0.028373885833371304,18.828464036521925,-0.495864036521926,0.495864036521926,50.517198778926414,-0.3272987789264121,0.3272987789264121,0.495864036521926,0.2518226718504968,0.495864036521926,0.7988351884710301,1.60989108524811,3,844,0,Random_Forest,Set_D_Full_Stage5,845
TRN-0117,Valid,0.01554458244478783,Valid,3,0.4,23.1148,32.8453,34.0878,15.1929,13.1449,11.8919,17.2516,51.8169,18.1669,False,None,False,False,False,False,False,False,False,False,False,False,False,False,0,False,1.2530000000000001,-4.1067,-38.672,-5.3597,-39.925,-34.56529999999999,14.096133333333333,13.1449,2.8036101125750945,23.526325,15.19825,18.998795029926676,39.925,20.64695,39.925,759.21254044,499.01535837,703.7473538840095,13.067958321952483,0.0769416780475165,0.0769416780475165,11.910466402648009,-0.018566402648009017,0.018566402648009017,17.16468524290474,0.08691475709526131,0.08691475709526131,50.514635312740985,1.3022646872590116,1.3022646872590116,1.3022646872590116,0.3711718812624496,1.3022646872590116,0.7293031702774502,1.6970344084618365,4,845,0,Random_Forest,Set_D_Full_Stage5,846
TRN-0840,Valid,0.07190639239715706,Valid,1,0.4,8.9498,57.5485,34.0731,6.2441,7.4276,8.9841,9.0359,49.734,15.7433,False,None,False,False,False,False,False,False,False,False,False,False,False,False,0,False,-1.5564999999999998,-1.6082999999999998,-42.306400000000004,-0.05180000000000007,-40.749900000000004,-40.698100000000004,8.482533333333334,8.9841,0.9139661171691941,18.7954,9.01,20.63922878678691,42.306400000000004,21.161833333333334,42.306400000000004,515.0475653,359.33858885,155.51749298113884,7.512865216887437,-0.0852652168874366,0.0852652168874366,9.02508890359336,-0.040988903593360604,0.040988903593360604,9.02793067333165,0.007969326668350263,0.007969326668350263,51.00441201904348,-1.2704120190434764,1.2704120190434764,1.2704120190434764,0.351158866548156,1.2704120190434764,0.7401054196940797,2.250889977925462,4,846,0,Random_Forest,Set_D_Full_Stage5,847
TRN-0640,Invalid,0.9716666666666667,Invalid,3,0.4,11.8036,103.8967,40.1589,32.5814,14.9657,18.8878,13.5683,61.162,44.2449,False,None,False,False,False,False,False,False,False,False,False,False,False,False,0,False,-3.9220999999999986,1.3973999999999993,-46.1963,5.319499999999998,-42.2742,-47.5937,15.807266666666665,14.9657,2.7577972919221834,27.14595,16.92675,22.788884487910618,47.5937,24.45053333333333,47.5937,1226.35508812,3385.09994138,113.60898723357072,11.766991642028229,3.198708357971771,3.198708357971771,14.366822330478884,4.520977669521114,4.520977669521114,13.666376261714078,-0.0980762617140769,0.0980762617140769,49.409715250771,11.752284749228998,11.752284749228998,11.752284749228998,4.89251175960899,11.752284749228998,0.16970691630259166,1.7532516809131082,2,847,1,Random_Forest,Set_D_Full_Stage5,848
TRN-0576,Valid,0.0933137877519759,Valid,1,0.4,9.2718,33.9917,26.1932,21.3669,6.3612,6.8259,8.2625,60.8207,12.9188,False,None,False,False,False,False,False,False,False,False,False,False,False,False,0,False,-0.46469999999999967,-1.901299999999999,-54.459500000000006,-1.4365999999999994,-53.994800000000005,-52.5582,7.149866666666667,6.8259,0.9911867752009873,20.567575,7.5442,26.847617308726548,54.459500000000006,27.469183333333334,54.459500000000006,315.16424406000004,726.2972547300001,272.7665068924158,6.532761941671559,-0.17156194167155903,0.17156194167155903,7.01399546345281,-0.18809546345281003,0.18809546345281003,8.224381905544256,0.038118094455743545,0.038118094455743545,50.57566059995185,10.24503940004815,10.24503940004815,10.24503940004815,2.6607037249070657,10.24503940004815,0.27317151978077303,2.647831527133594,4,848,0,Random_Forest,Set_D_Full_Stage5,849
TRN-0815,Valid,0.022803967653739834,Valid,2,0.4,19.7839,44.4744,35.2429,41.0408,12.316,11.8512,16.0196,42.8264,18.7609,False,None,False,False,False,False,False,False,False,False,False,False,False,False,0,False,0.4648000000000003,-3.7036,-30.510399999999997,-4.1684,-30.9752,-26.8068,13.395600000000002,12.316,2.284303342378153,20.753300000000003,14.1678,14.833128182101936,30.9752,16.104866666666663,30.9752,879.87708216,1825.26495552,444.83782921459766,12.42106102922895,-0.10506102922894911,0.10506102922894911,12.004784188079096,-0.1535841880790958,0.1535841880790958,16.005244258274455,0.014355741725545101,0.014355741725545101,49.76180577456875,-6.93540577456875,6.93540577456875,6.93540577456875,1.802101683400585,6.93540577456875,0.35687498634468406,1.4925426353675628,4,849,0,Random_Forest,Set_D_Full_Stage5,850
TRN-0048,Valid,0.06846682947731199,Valid,1,0.4,14.4827,83.324,29.2952,44.22,12.0149,13.4732,14.4046,38.866,27.2094,False,None,False,False,False,False,False,False,False,False,False,False,False,False,0,False,-1.4582999999999995,-2.3896999999999995,-26.8511,-0.9314,-25.3928,-24.461399999999998,13.297566666666668,13.4732,1.2044923508820355,19.689675,13.9389,12.821988808130872,26.8511,13.580783333333335,26.8511,1206.7564948,3684.5872799999997,173.81184606933823,12.044098542640446,-0.029198542640445524,0.029198542640445524,13.305352927116356,0.1678470728836441,0.1678470728836441,14.454502037516743,-0.049902037516742936,0.049902037516742936,49.7259677421353,-10.859967742135304,10.859967742135304,10.859967742135304,2.776728848794034,10.859967742135304,0.26477940038488995,1.363714046212522,4,850,0,Random_Forest,Set_D_Full_Stage5,851
TRN-0783,Valid,0.029659523809523813,Valid,1,0.4,21.1949,108.7053,26.2056,47.5161,16.633,17.8845,20.0756,,48.7174,True,Sensor_S4,False,False,False,False,False,False,False,False,False,False,False,False,1,True,-1.2515,-3.4426000000000023,,-2.1911000000000023,,,18.1977,17.8845,1.7425396322609148,18.1977,17.8845,1.7425396322609148,3.4426000000000023,2.2950666666666684,3.4426000000000023,2303.99796297,5165.25190533,194.97575601412666,16.713058869393357,-0.08005886939335838,0.08005886939335838,17.715982577840265,0.1685174221597343,0.1685174221597343,20.091599991486692,-0.015999991486690845,0.015999991486690845,49.06624614191648,,,0.1685174221597343,0.08819209434659452,0.1685174221597343,0.9189553987712532,0.18917764927565073,2,851,0,Random_Forest,Set_D_Full_Stage5,852
TRN-0632,Valid,0.012965847057252643,Valid,5,0.4,31.9735,69.2267,37.9105,34.68,19.336,18.1544,24.6004,45.4908,29.468,False,None,False,False,False,False,False,False,False,False,False,False,False,False,0,False,1.1815999999999995,-5.264400000000002,-26.1548,-6.4460000000000015,-27.3364,-20.8904,20.69693333333333,19.336,3.4317391586968466,26.8954,21.9682,12.709649031608492,27.3364,14.5456,27.3364,2213.4198924499997,2400.781956,461.8665252183731,19.586374394841677,-0.25037439484167834,0.25037439484167834,18.35687474941071,-0.20247474941071175,0.20247474941071175,25.071117398008912,-0.47071739800891166,0.47071739800891166,48.24942415348861,-2.7586241534886113,2.7586241534886113,2.7586241534886113,0.9205476739374783,2.7586241534886113,0.5206848096354801,1.0163964780607546,3,852,0,Random_Forest,Set_D_Full_Stage5,853
TRN-0766,Valid,0.013717079804987637,Valid,2,0.4,23.4755,92.6999,25.5168,7.1791,16.4879,16.7331,19.9848,48.9082,34.1003,False,None,False,False,False,False,False,False,False,False,False,False,False,False,0,False,-0.24520000000000053,-3.4969,-32.4203,-3.2516999999999996,-32.1751,-28.9234,17.735266666666668,16.7331,1.9520068963334463,25.5285,18.35895,15.667742778290261,32.4203,16.752100000000002,32.4203,2176.17650245,665.50185209,253.2418855638587,16.45370738652953,0.03419261347046998,0.03419261347046998,16.786970569918537,-0.053870569918537115,0.053870569918537115,20.13877506398839,-0.15397506398839056,0.15397506398839056,49.21286735549619,-0.3046673554961927,0.3046673554961927,0.3046673554961927,0.1366764007183976,0.3046673554961927,0.8797578619279718,1.2699644436749342,2,853,0,Random_Forest,Set_D_Full_Stage5,854
TRN-0241,Valid,0.015901682860711776,Valid,3,0.4,17.2696,76.3134,34.1474,6.8534,12.628,13.5151,15.3496,45.6354,25.6781,False,None,False,False,False,False,False,False,False,False,False,False,False,False,0,False,-0.8871000000000002,-2.7216000000000005,-33.0074,-1.8345000000000002,-32.1203,-30.285799999999995,13.8309,13.5151,1.3880107600447487,21.782024999999997,14.43235,15.942582527385579,33.0074,16.80945,33.0074,1317.9018926400001,523.00625556,226.298366171817,12.552576471145658,0.07542352885434234,0.07542352885434234,13.501857161294373,0.013242838705627591,0.013242838705627591,15.366995702525422,-0.01739570252542144,0.01739570252542144,49.90325476722938,-4.26785476722938,4.26785476722938,4.26785476722938,1.093479209328693,4.26785476722938,0.47767371920577406,1.5153496906969437,4,854,0,Random_Forest,Set_D_Full_Stage5,855
TRN-0810,Valid,0.06072856542110522,Valid,3,0.4,23.8527,97.2547,35.4709,33.6235,17.4008,17.9167,21.4636,64.1445,41.3538,False,None,False,False,False,False,False,False,False,False,False,False,False,False,0,False,-0.5158999999999985,-4.062799999999999,-46.74369999999999,-3.546900000000001,-46.227799999999995,-42.680899999999994,18.92703333333333,17.9167,2.2118241438535144,30.231399999999997,19.69015,22.68074661396019,46.74369999999999,23.962999999999994,46.74369999999999,2319.78718269,3270.04340545,245.26010102749777,17.194001206149814,0.2067987938501865,0.2067987938501865,17.829630955836024,0.0870690441639752,0.0870690441639752,21.11700043912545,0.346599560874548,0.346599560874548,48.39371745750989,15.750782542490107,15.750782542490107,15.750782542490107,4.097812485344704,15.750782542490107,0.19616257029359563,1.5461964890158941,2,855,0,Random_Forest,Set_D_Full_Stage5,856
TRN-0301,Invalid,0.8996721611721612,Invalid,2,0.4,31.3955,107.7199,28.1927,21.7747,19.3311,28.0601,26.6706,41.9273,51.0155,False,None,False,False,False,False,False,False,False,False,False,False,False,False,0,False,-8.729,-7.339500000000001,-22.596200000000003,1.3894999999999982,-13.867200000000004,-15.256700000000002,24.68726666666667,26.6706,4.690316469422221,28.997275000000002,27.36535,9.43242985957666,22.596200000000003,11.529683333333333,22.596200000000003,3381.9201204499996,2345.56850653,291.45494087397583,21.26409721273509,-1.932997212735092,1.932997212735092,21.01418651857938,7.0459134814206195,7.0459134814206195,26.279766032765128,0.3908339672348724,0.3908339672348724,48.16333061985887,-6.236030619858866,6.236030619858866,7.0459134814206195,3.9014438203123625,7.0459134814206195,0.20402151624299783,0.7792522644792436,1,856,1,Random_Forest,Set_D_Full_Stage5,857
TRN-0984,Valid,0.0014155590141289773,Valid,2,0.4,28.7539,86.5251,31.709,38.5884,19.0654,18.6212,23.9913,43.3456,34.1487,False,None,False,False,False,False,False,False,False,False,False,False,False,False,0,False,0.4441999999999986,-4.925899999999999,-24.280199999999997,-5.370099999999997,-24.724399999999996,-19.3543,20.559299999999997,19.0654,2.9804859352125774,26.255874999999996,21.52835,11.650152983079948,24.724399999999996,13.183183333333332,24.724399999999996,2487.93407289,3338.86516884,332.3185604733701,19.023354406006508,0.0420455939934925,0.0420455939934925,18.551588440662677,0.06961155933732499,0.06961155933732499,23.823580096627754,0.16771990337224452,0.16771990337224452,48.5185860328165,-5.172986032816503,5.172986032816503,5.172986032816503,1.3630907723798913,5.172986032816503,0.4231746032307047,0.9416707911388247,1,857,0,Random_Forest,Set_D_Full_Stage5,858
TRN-0054,Valid,0.0821611889689413,Valid,3,0.4,30.4531,88.0644,32.0545,34.9604,19.8072,19.2231,24.8046,80.5923,35.5919,False,None,False,False,False,False,False,False,False,False,False,False,False,False,0,False,0.584100000000003,-4.997399999999999,-60.78509999999999,-5.581500000000002,-61.36919999999999,-55.787699999999994,21.278299999999998,19.8072,3.0677983913549474,36.1068,22.3059,29.762592410272326,61.36919999999999,31.5175,61.36919999999999,2681.83397964,3078.7666497600003,345.8048489736091,19.869234174933425,-0.062034174933423,0.062034174933423,19.23528721632401,-0.012187216324011985,0.012187216324011985,24.928777834291157,-0.12417783429115659,0.12417783429115659,47.89592301033761,32.69637698966238,32.69637698966238,32.69637698966238,8.223694053802744,32.69637698966238,0.1084164320896702,1.6996572114789423,1,858,0,Random_Forest,Set_D_Full_Stage5,859
TRN-0866,Invalid,0.8737480158730158,Invalid,4,0.4,10.0427,38.7344,30.3281,48.4402,0.0,7.9897,9.259,30.3878,14.4958,False,None,False,False,False,False,False,False,False,False,False,False,False,True,0,False,-7.9897,-9.259,-30.3878,-1.2693000000000003,-22.3981,-21.1288,5.7495666666666665,7.9897,5.019553592037178,11.909125,8.62435,12.982985569165772,30.3878,15.40545,30.3878,388.99795888,1876.30208288,259.2707620949951,7.503339250284475,-7.503339250284475,7.503339250284475,8.068993749506532,-0.07929374950653223,0.07929374950653223,9.449046399255812,-0.19004639925581124,0.19004639925581124,50.237956292250054,-19.850156292250055,19.850156292250055,19.850156292250055,6.9057089228242186,19.850156292250055,0.1264908700487245,2.5516378813406684,4,859,1,Random_Forest,Set_D_Full_Stage5,860
TRN-0180,Valid,0.05098720263843756,Valid,4,0.4,16.0409,26.3495,35.8273,56.5978,9.5647,9.0462,12.8008,33.9355,16.4986,False,None,False,False,False,False,False,False,False,False,False,False,False,False,0,False,0.5184999999999995,-3.2361000000000004,-24.370799999999996,-3.7546,-24.8893,-21.134699999999995,10.470566666666668,9.5647,2.0346255437631107,16.3368,11.18275,11.849496817164852,24.8893,12.984,24.8893,422.66969455,1491.3237311,608.7741290065736,9.803692087194184,-0.23899208719418397,0.23899208719418397,9.33407815286861,-0.2878781528686094,0.2878781528686094,12.927260770912405,-0.12646077091240393,0.12646077091240393,49.73833484449123,-15.80283484449123,15.80283484449123,15.80283484449123,4.114041463866607,15.80283484449123,0.19554006494971268,1.5235104038058838,4,860,0,Random_Forest,Set_D_Full_Stage5,861
TRN-0832,Valid,0.012693182765470054,Valid,3,0.4,26.5757,84.5292,46.3478,32.8302,17.8573,17.963,22.2743,74.1483,37.7818,False,None,False,False,False,False,False,False,False,False,False,False,False,False,0,False,-0.10570000000000235,-4.417000000000002,-56.29100000000001,-4.311299999999999,-56.185300000000005,-51.87400000000001,19.364866666666668,17.963,2.520197385788132,33.060725000000005,20.118650000000002,27.468898871071747,56.29100000000001,28.864050000000002,56.29100000000001,2246.42266044,2775.1105418399998,314.3966446628331,17.808019438511103,0.04928056148889581,0.04928056148889581,18.037179471179435,-0.07417947117943413,0.07417947117943413,22.377330685298126,-0.1030306852981262,0.1030306852981262,49.540220918986805,24.6080790810132,24.6080790810132,24.6080790810132,6.208642449744914,24.6080790810132,0.13872237483985436,1.7026542210873412,3,861,0,Random_Forest,Set_D_Full_Stage5,862
TRN-0979,Valid,0.053905959720609464,Valid,4,0.4,9.6624,74.2431,42.9247,42.6739,9.1369,11.4155,10.8367,67.7177,25.671,False,None,False,False,False,False,False,False,False,False,False,False,False,False,0,False,-2.278599999999999,-1.6997999999999998,-58.580799999999996,0.5787999999999993,-56.30219999999999,-56.88099999999999,10.463033333333334,10.8367,1.184366739373127,24.776699999999998,11.126100000000001,28.643661838063462,58.580799999999996,29.386866666666663,58.580799999999996,717.36652944,3168.2426250900003,130.145410126273,9.230573778348244,-0.09367377834824353,0.09367377834824353,11.300477520445632,0.11502247955436751,0.11502247955436751,11.011623888472894,-0.1749238884728932,0.1749238884728932,50.84371471701594,16.87398528298405,16.87398528298405,16.87398528298405,4.314401357339889,16.87398528298405,0.1881679483275888,2.364349423309229,4,862,0,Random_Forest,Set_D_Full_Stage5,863
TRN-0070,Valid,0.12203741410541888,Valid,3,0.4,27.0056,63.4253,35.9462,35.4084,16.9847,16.1667,21.572,53.3195,27.8043,False,None,False,False,False,False,False,False,False,False,False,False,False,False,0,False,0.8180000000000014,-4.587299999999999,-36.3348,-5.4053,-37.1528,-31.7475,18.241133333333334,16.9847,2.9134662454425886,27.010725,19.27835,17.69976861550738,37.1528,19.34095,37.1528,1712.8382816800001,2245.78839252,425.7858574124431,16.86824027573848,0.11645972426152085,0.11645972426152085,16.084034508787674,0.08266549121232458,0.08266549121232458,21.539701325550435,0.03229867444956369,0.03229867444956369,49.11570484235445,4.203795157645551,4.203795157645551,4.203795157645551,1.10880476189224,4.203795157645551,0.47420226759289724,1.3754827478778344,3,863,0,Random_Forest,Set_D_Full_Stage5,864
TRN-0169,Valid,0.06783123118732519,Valid,1,0.4,15.1614,82.0274,25.1007,7.2104,11.8337,13.0679,14.1548,62.8403,24.6253,False,None,False,False,False,False,False,False,False,False,False,False,False,False,0,False,-1.2341999999999995,-2.3210999999999995,-51.0066,-1.0869,-49.7724,-48.6855,13.0188,13.0679,1.1613287260719936,25.474175000000002,13.61135,24.928790353775693,51.0066,25.68445,51.0066,1243.65022236,591.45036496,184.83333802688637,11.855731500704865,-0.02203150070486437,0.02203150070486437,12.979267348312725,0.0886326516872753,0.0886326516872753,14.190728231741433,-0.035928231741433336,0.035928231741433336,50.42942896473225,12.410871035267746,12.410871035267746,12.410871035267746,3.13936585485033,12.410871035267746,0.24158289821815176,2.002285843492147,4,864,0,Random_Forest,Set_D_Full_Stage5,865
TRN-0599,Valid,0.04535760998578963,Valid,1,0.4,19.5873,19.6865,35.3793,12.1957,10.6163,9.7921,14.0789,51.5171,16.4383,False,None,False,False,False,False,False,False,False,False,False,False,False,False,0,False,0.8242000000000012,-3.4626,-40.9008,-4.286800000000001,-41.725,-37.438199999999995,11.495766666666668,10.6163,2.274699930393751,21.5011,12.3476,20.096673529716305,41.725,21.4396,41.725,385.60538145,240.09064805,994.9605084903318,10.608168500485693,0.008131499514307805,0.008131499514307805,9.579986452762686,0.21211354723731368,0.21211354723731368,14.179855806569654,-0.10095580656965275,0.10095580656965275,49.74247448590284,1.7746255140971599,1.7746255140971599,1.7746255140971599,0.5239565918546085,1.7746255140971599,0.6561866691905119,1.9405974854321475,4,865,0,Random_Forest,Set_D_Full_Stage5,866
TRN-0998,Valid,0.047745039898350085,Valid,3,0.4,21.6903,73.4161,34.7918,25.7828,14.9436,15.1886,18.7858,31.6359,26.9214,False,None,False,False,False,False,False,False,False,False,False,False,False,False,0,False,-0.24499999999999922,-3.8421999999999983,-16.6923,-3.597199999999999,-16.4473,-12.850100000000001,16.305999999999997,15.1886,2.151060733684662,20.138475,16.987199999999998,7.863597566582783,16.6923,8.945683333333333,16.6923,1592.41723383,1892.87262308,295.44332980867546,14.74687695773927,0.19672304226073045,0.19672304226073045,14.97108044795367,0.21751955204632978,0.21751955204632978,18.410086404692994,0.37571359530700477,0.37571359530700477,49.30776972077994,-17.671869720779938,17.671869720779938,17.671869720779938,4.615456477598501,17.671869720779938,0.1780799128244083,0.8288756577269839,4,866,0,Random_Forest,Set_D_Full_Stage5,867
TRN-0016,Valid,0.09953255773630013,Valid,4,0.4,19.1531,67.5403,44.1923,16.6557,12.8284,13.5424,15.9988,42.3271,27.0879,False,None,False,False,False,False,False,False,False,False,False,False,False,False,0,False,-0.7140000000000004,-3.170399999999999,-29.4987,-2.4563999999999986,-28.7847,-26.328300000000002,14.123200000000002,13.5424,1.6630861432890354,21.174175,14.7706,14.167176764708628,29.4987,15.15875,29.4987,1293.60611993,1124.93097471,283.58027968778936,13.119292933218512,-0.29089293321851173,0.29089293321851173,13.825135546065237,-0.2827355460652363,0.2827355460652363,16.447947808276375,-0.44914780827637557,0.44914780827637557,51.33886223455351,-9.011762234553508,9.011762234553508,9.011762234553508,2.508634630528408,9.011762234553508,0.28501115257173354,1.3931445295297078,4,867,0,Random_Forest,Set_D_Full_Stage5,868
TRN-0314,Valid,0.02590544907368144,Valid,1,0.4,17.1067,61.6249,24.8072,10.2851,11.5329,11.9072,14.219,51.8342,17.309,False,None,False,False,False,False,False,False,False,False,False,False,False,False,0,False,-0.37429999999999986,-2.6860999999999997,-40.301300000000005,-2.3118,-39.92700000000001,-37.6152,12.553033333333333,11.9072,1.4548569769339297,22.373325,13.063099999999999,19.67647291113171,40.301300000000005,20.535950000000003,40.301300000000005,1054.1986768299998,633.81825899,277.59391453877987,11.698736417027638,-0.16583641702763785,0.16583641702763785,11.935125748195471,-0.027925748195471556,0.027925748195471556,14.491692524263765,-0.2726925242637659,0.2726925242637659,50.11913566050482,1.7150643394951857,1.7150643394951857,1.7150643394951857,0.5453797572455152,1.7150643394951857,0.6470901377551366,1.8013094605699151,4,868,0,Random_Forest,Set_D_Full_Stage5,869
TRN-0628,Valid,0.020311460561338625,Valid,5,0.4,17.3905,47.9269,26.7059,58.6967,11.6212,11.3781,15.0085,44.1,17.744,False,None,False,False,False,False,False,False,False,False,False,False,False,False,0,False,0.2431000000000001,-3.3872999999999998,-32.4788,-3.6304,-32.721900000000005,-29.091500000000003,12.669266666666665,11.6212,2.029478712214871,20.52695,13.31485,15.802487315714997,32.721900000000005,16.9255,32.721900000000005,833.47275445,2813.15087123,362.854605064253,11.666312196745862,-0.045112196745861866,0.045112196745861866,11.348699779942097,0.029400220057903326,0.029400220057903326,14.807810838225759,0.2006891617742408,0.2006891617742408,49.12169178348186,-5.021691783481856,5.021691783481856,5.021691783481856,1.3242233405149655,5.021691783481856,0.43025125106025114,1.5940938161325402,4,869,0,Random_Forest,Set_D_Full_Stage5,870
TRN-0586,Valid,0.03391280532385766,Valid,4,0.4,9.8497,48.8292,49.9941,41.9037,8.1285,9.5477,10.1542,69.9002,21.5495,False,None,False,False,False,False,False,False,False,False,False,False,False,False,0,False,-1.4192,-2.0256999999999987,-61.771699999999996,-0.6064999999999987,-60.3525,-59.745999999999995,9.2768,9.5477,1.0396659223038902,24.43265,9.850950000000001,30.323584227077557,61.771699999999996,30.986933333333337,61.771699999999996,480.95297124,2046.1241480400001,201.71737367858296,7.916136270732788,0.2123637292672127,0.2123637292672127,9.429735632666018,0.11796436733398252,0.11796436733398252,9.949533950910592,0.20466604908940766,0.20466604908940766,51.49330318897728,18.40689681102272,18.40689681102272,18.40689681102272,4.735472739178331,18.40689681102272,0.17435354424564153,2.52824293384347,4,870,0,Random_Forest,Set_D_Full_Stage5,871
TRN-0145,Valid,0.017111693539572884,Valid,1,0.4,29.3082,105.8771,43.4125,9.8873,19.8704,20.2378,24.6602,46.3785,52.9031,False,None,False,False,False,False,False,False,False,False,False,False,False,False,0,False,-0.36739999999999995,-4.7898,-26.508100000000002,-4.4224,-26.140700000000002,-21.718300000000003,21.589466666666667,20.2378,2.6656702896895057,27.786725,22.448999999999998,12.584166326347038,26.508100000000002,13.991116666666668,26.508100000000002,3103.06722222,1046.83865083,276.81337354221324,20.03797330993025,-0.1675733099302512,0.1675733099302512,20.505552321514813,-0.26775232151481276,0.26775232151481276,24.81849240933151,-0.15829240933150857,0.15829240933150857,49.093593849008904,-2.715093849008902,2.715093849008902,2.715093849008902,0.8271779724463686,2.715093849008902,0.5472920619008568,0.953983978326349,1,871,0,Random_Forest,Set_D_Full_Stage5,872
TRN-0370,Valid,0.040926664685728927,Valid,1,0.4,27.8564,48.3216,33.5844,18.1832,16.3613,14.9818,20.9924,31.3304,21.3731,False,None,False,False,False,False,False,False,False,False,False,False,False,False,0,False,1.3795000000000002,-4.6311,-14.969100000000001,-6.0106,-16.3486,-10.338000000000001,17.445166666666665,16.3613,3.1484763463194914,20.916475,18.67685,7.40327821863396,16.3486,8.946150000000001,16.3486,1346.06581824,878.6413171199999,576.4791363532796,16.239814004129613,0.12148599587038689,0.12148599587038689,14.870114706031515,0.1116852939684847,0.1116852939684847,21.047921325693792,-0.055521325693792534,0.055521325693792534,48.885580573304544,-17.555180573304543,17.555180573304543,17.555180573304543,4.460968297209302,17.555180573304543,0.18311770835787972,0.7816131630147227,3,872,0,Random_Forest,Set_D_Full_Stage5,873
TRN-0122,Valid,0.03857284562278379,Valid,1,0.4,31.8857,49.6381,38.1437,28.7934,18.1299,16.4775,23.5738,47.1112,23.0595,False,None,False,False,False,False,False,False,False,False,False,False,False,False,0,False,1.6524,-5.443899999999999,-28.981299999999997,-7.096299999999999,-30.633699999999997,-23.537399999999998,19.393733333333333,18.1299,3.713128659679507,26.323099999999997,20.85185,14.18647381252062,30.633699999999997,16.224166666666665,30.633699999999997,1582.74556517,1429.24966854,642.3632970715444,18.38284461293602,-0.25294461293601955,0.25294461293601955,16.61195605604489,-0.13445605604488975,0.13445605604488975,23.95430527636939,-0.3805052763693908,0.3805052763693908,48.28128737091747,-1.1700873709174715,1.1700873709174715,1.1700873709174715,0.4844983290669429,1.1700873709174715,0.6736282422281564,1.1637568661149842,3,873,0,Random_Forest,Set_D_Full_Stage5,874
TRN-0374,Valid,0.027153415530773054,Valid,1,0.4,23.1221,109.7203,46.3794,39.7795,17.8087,19.0765,21.4412,50.6761,57.1092,False,None,False,False,False,False,False,False,False,False,False,False,False,False,0,False,-1.2677999999999976,-3.6324999999999967,-32.867399999999996,-2.364699999999999,-31.5996,-29.2349,19.44213333333333,19.0765,1.8436458074514552,27.250625,20.25885,15.68936545378748,32.867399999999996,16.827816666666664,32.867399999999996,2536.96374863,4364.61867385,210.73673597896322,17.63156888529543,0.1771311147045722,0.1771311147045722,19.0423309703766,0.03416902962339918,0.03416902962339918,21.500012508935214,-0.05881250893521539,0.05881250893521539,49.081238395919286,1.5948616040807124,1.5948616040807124,1.5948616040807124,0.4662435643359748,1.5948616040807124,0.6820149287085704,1.2061150134666585,2,874,0,Random_Forest,Set_D_Full_Stage5,875
TRN-0878,Invalid,0.9853653846153847,Invalid,4,0.4,13.9113,105.5919,33.6955,36.2678,10.5031,20.7532,15.6068,41.2921,45.3496,False,None,False,False,False,False,False,False,False,False,False,False,False,False,0,False,-10.2501,-5.1037,-30.788999999999998,5.1464,-20.538899999999998,-25.685299999999998,15.621033333333335,15.6068,5.12506482332988,22.038800000000002,18.18,13.500436125547942,30.788999999999998,16.252233333333333,30.788999999999998,1468.92059847,3829.5859108199998,131.74588848710096,12.918516087880674,-2.415416087880674,2.415416087880674,15.074813471180299,5.678386528819701,5.678386528819701,15.109043668552456,0.49775633144754394,0.49775633144754394,49.95685891783537,-8.664758917835371,8.664758917835371,8.664758917835371,4.314079466495823,8.664758917835371,0.18817934626397556,1.3970355023705905,2,875,1,Random_Forest,Set_D_Full_Stage5,876
TRN-0847,Valid,0.04935267221973488,Valid,3,0.4,10.5879,24.4649,37.1274,49.8712,6.8628,7.1306,8.9615,28.1238,14.8242,False,None,False,False,False,False,False,False,False,False,False,False,False,False,0,False,-0.26780000000000026,-2.098699999999999,-21.261,-1.8308999999999989,-20.993199999999998,-19.162300000000002,7.651633333333334,7.1306,1.142253134525501,12.769675,8.04605,10.278483845190074,21.261,10.93565,21.261,259.03191470999997,1220.09392088,432.7790292300278,7.015208127980671,-0.15240812798067083,0.15240812798067083,7.266971217954663,-0.13637121795466278,0.13637121795466278,9.233362688747404,-0.2718626887474045,0.2718626887474045,50.97394165667262,-22.850141656672623,22.850141656672623,22.850141656672623,5.852695922838841,22.850141656672623,0.14592796926347984,1.6649588458916567,4,876,0,Random_Forest,Set_D_Full_Stage5,877
TRN-0540,Valid,0.17806252734566155,Valid,3,0.4,31.2972,94.3311,29.0551,52.1742,20.9992,20.3502,26.3378,36.4869,39.5278,False,None,False,False,False,False,False,False,False,False,False,False,False,False,0,False,0.6489999999999974,-5.338600000000003,-15.4877,-5.9876000000000005,-16.136699999999998,-10.149099999999997,22.5624,20.9992,3.285655812771631,26.043525000000002,23.6685,7.461229644580487,16.136699999999998,8.958116666666665,16.136699999999998,2952.29930292,4921.64967762,331.7802578597877,20.823931705920415,0.1752682940795829,0.1752682940795829,20.111444270582496,0.23875572941750534,0.23875572941750534,26.029140560451776,0.30865943954822583,0.30865943954822583,46.998413916218155,-10.511513916218156,10.511513916218156,10.511513916218156,2.8085493448158676,10.511513916218156,0.262567163889102,0.6196048270712865,1,877,0,Random_Forest,Set_D_Full_Stage5,878
TRN-0808,Invalid,0.738162401324166,Invalid,3,0.4,9.5961,62.7447,45.4544,7.0814,,10.0403,9.9205,53.4667,23.8244,True,Sensor_S1,False,False,False,False,False,False,False,False,False,False,False,False,1,True,,,,0.11979999999999968,-43.4264,-43.5462,9.9804,9.9804,0.08471139238614817,24.475833333333338,10.0403,25.106898465826745,43.5462,29.0308,43.5462,602.10441567,444.32031858000005,152.9387895808268,8.13983906236008,,,10.064413812225608,-0.02411381222560749,0.02411381222560749,9.864596682500588,0.05590331749941235,0.05590331749941235,51.743158598044516,1.7235414019554867,1.7235414019554867,1.7235414019554867,0.6011861772268355,1.7235414019554867,0.6245369927761578,1.779150136195511,4,878,1,Random_Forest,Set_D_Full_Stage5,879
TRN-0886,Valid,0.1346259842904372,Valid,2,0.4,9.5103,41.0171,26.1524,39.0628,7.2008,7.5552,8.7786,40.1126,14.0527,False,None,False,False,False,False,False,False,False,False,False,False,False,False,0,False,-0.35440000000000005,-1.5778000000000008,-32.9118,-1.2234000000000007,-32.5574,-31.334,7.844866666666667,7.5552,0.8278244338827733,15.9118,8.1669,16.148018943924153,32.9118,16.6598,32.9118,390.08492613000004,1602.2427738800002,231.8617767073302,7.256982230076899,-0.0561822300768986,0.0561822300768986,7.847359842284769,-0.2921598422847689,0.2921598422847689,9.033695833528975,-0.2550958335289746,0.2550958335289746,50.990459852067985,-10.877859852067985,10.877859852067985,10.877859852067985,2.8703244394896568,10.877859852067985,0.2583762719726568,2.068388197194411,4,879,0,Random_Forest,Set_D_Full_Stage5,880
TRN-0510,Valid,0.001756153585915063,Valid,5,0.4,27.9197,27.1864,27.2906,49.5003,15.25,13.1347,20.14,44.8598,19.6898,False,None,False,False,False,False,False,False,False,False,False,False,False,False,0,False,2.1152999999999995,-4.890000000000001,-29.6098,-7.0053,-31.725099999999998,-24.7198,16.1749,15.25,3.5930679133576087,23.346125,17.695,14.639420412792987,31.725099999999998,16.677549999999997,31.725099999999998,759.0361320799999,1345.73495592,1026.9726675938455,15.476138461457094,-0.2261384614570936,0.2261384614570936,13.171078279320295,-0.03637827932029403,0.03637827932029403,20.471442312603404,-0.3314423126034036,0.3314423126034036,48.69831334795326,-3.83851334795326,3.83851334795326,3.83851334795326,1.1081181003335128,3.83851334795326,0.47435672595467776,1.3589015912055677,3,880,0,Random_Forest,Set_D_Full_Stage5,881
TRN-0418,Valid,0.2028798024179877,Valid,2,0.4,11.9313,52.7544,42.8991,27.5887,8.9263,9.9342,11.1392,55.1761,17.4674,False,None,False,False,False,False,False,False,False,False,False,False,False,False,0,False,-1.0079000000000011,-2.212900000000001,-46.2498,-1.205,-45.2419,-44.036899999999996,9.999900000000002,9.9342,1.1079119865765517,21.293950000000002,10.5367,22.606206542820637,46.2498,23.325733333333332,46.2498,629.4285727199999,1455.42531528,226.16687401110164,8.95479387848319,-0.028493878483191182,0.028493878483191182,10.115893262008932,-0.1816932620089311,0.1816932620089311,11.194753047117333,-0.055553047117332,0.055553047117332,50.73351954465865,4.44258045534135,4.44258045534135,4.44258045534135,1.177080160737701,4.44258045534135,0.4593308129091357,2.1719680134648507,4,881,0,Random_Forest,Set_D_Full_Stage5,882
TRN-0850,Valid,0.036697650443629035,Valid,1,0.4,13.3815,37.7292,31.756,45.366,9.0567,9.3006,11.7747,78.4565,16.029,False,None,False,False,False,False,False,False,False,False,False,False,False,False,0,False,-0.2439,-2.718,-69.3998,-2.4741,-69.1559,-66.68180000000001,10.043999999999999,9.3006,1.5037831193360298,27.147125000000003,10.53765,34.22827946073977,69.3998,35.11225,69.3998,504.8732898,1711.6228872,354.6721492445773,9.00809301266018,0.04860698733982005,0.04860698733982005,9.136224685385894,0.16437531461410515,0.16437531461410515,11.528816786405724,0.24588321359427567,0.24588321359427567,49.689513345649004,28.766986654351,28.766986654351,28.766986654351,7.3064630424748005,28.766986654351,0.12038818386195617,2.556431829730835,4,882,0,Random_Forest,Set_D_Full_Stage5,883
TRN-0532,Valid,0.15009075882381018,Valid,2,0.4,26.879,60.1489,22.0906,13.677,16.0546,14.7739,20.373,64.638,20.069,False,None,False,False,False,False,False,False,False,False,False,False,False,False,0,False,1.2807000000000013,-4.3184000000000005,-48.583400000000005,-5.599100000000002,-49.86410000000001,-44.265,17.067166666666665,16.0546,2.933674938252931,28.959875,18.2138,23.905724804653666,49.86410000000001,25.651783333333338,49.86410000000001,1616.7422831000001,822.6565052999999,446.8742658844524,16.364486263094406,-0.3098862630944055,0.3098862630944055,15.148305937711878,-0.37440593771187913,0.37440593771187913,20.802419661021585,-0.42941966102158347,0.42941966102158347,48.904098787742235,15.73390121225777,15.73390121225777,15.73390121225777,4.211903268521409,15.73390121225777,0.19186848805114048,1.721833494849859,3,883,0,Random_Forest,Set_D_Full_Stage5,884
TRN-0361,Valid,0.05054756728682545,Valid,5,0.4,27.8914,24.7733,29.776,10.3938,14.7921,12.5916,19.7028,52.313,18.6118,False,None,False,False,False,False,False,False,False,False,False,False,False,False,0,False,2.2005,-4.9107,-37.520900000000005,-7.1112,-39.7214,-32.610200000000006,15.695500000000001,14.7921,3.6406579116967306,24.849875,17.24745,18.54849283857047,39.7214,20.679150000000003,39.7214,690.96201962,257.48872554,1125.864892499226,14.866972765080602,-0.07487276508060248,0.07487276508060248,12.707245591973164,-0.11564559197316449,0.11564559197316449,19.73396291296935,-0.031162912969350032,0.031162912969350032,49.45229638488,2.860703615120002,2.860703615120002,2.860703615120002,0.7705962212857798,2.860703615120002,0.5647815057878162,1.598454077352873,3,884,0,Random_Forest,Set_D_Full_Stage5,885
TRN-0161,Valid,0.051617972081552006,Valid,5,0.4,16.1451,82.5904,26.857,31.5841,12.7468,13.7874,15.18,73.8668,26.1738,False,None,False,False,False,False,False,False,False,False,False,False,False,False,0,False,-1.0405999999999995,-2.4331999999999994,-61.12,-1.3925999999999998,-60.0794,-58.6868,13.904733333333333,13.7874,1.2208361451617218,28.895249999999997,14.483699999999999,29.997599687252755,61.12,30.7921,61.12,1333.43026704,2608.54345264,195.4839550984188,12.656540862155817,0.09025913784418371,0.09025913784418371,13.633401768262397,0.15399823173760296,0.15399823173760296,15.27653151624299,-0.09653151624299028,0.09653151624299028,49.14407035173366,24.722729648266338,24.722729648266338,24.722729648266338,6.265879633522779,24.722729648266338,0.13762958518969592,2.1152258190443693,4,885,0,Random_Forest,Set_D_Full_Stage5,886
TRN-0110,Valid,0.010449310230098435,Valid,5,0.4,24.5955,66.6176,38.2375,53.1687,16.1615,15.8666,20.7128,41.1122,27.8569,False,None,False,False,False,False,False,False,False,False,False,False,False,False,0,False,0.29490000000000016,-4.551300000000001,-24.9507,-4.846200000000001,-25.245600000000003,-20.3994,17.5803,16.1615,2.7168287929127968,23.463275000000003,18.437150000000003,11.973234811967066,25.245600000000003,13.381350000000003,25.245600000000003,1638.4931808,3541.97118912,369.20417889503995,16.116051734444895,0.045448265555105394,0.045448265555105394,15.751979331744778,0.11462066825522221,0.11462066825522221,20.459412768458712,0.2533872315412893,0.2533872315412893,48.63424576701644,-7.5220457670164365,7.5220457670164365,7.5220457670164365,1.9838754830920133,7.5220457670164365,0.3351346279918354,1.0759618697893325,4,886,0,Random_Forest,Set_D_Full_Stage5,887
TRN-0175,Valid,0.04294588744588745,Valid,2,0.4,12.5344,101.6442,32.2129,53.5995,12.1063,14.2966,14.2216,,40.8855,True,Sensor_S4,False,False,False,False,False,False,False,False,False,False,False,False,1,True,-2.1903000000000006,-2.1153000000000013,,0.07499999999999929,,,13.5415,14.2216,1.2434852351355048,13.5415,14.2216,1.2434852351355048,2.1903000000000006,1.4602000000000004,2.1903000000000006,1274.04906048,5448.0782979,123.31641910542666,12.234838579780217,-0.12853857978021743,0.12853857978021743,14.357752302896735,-0.06115230289673512,0.06115230289673512,14.288488119460798,-0.06688811946079731,0.06688811946079731,50.355894174296665,,,0.12853857978021743,0.08552633404591663,0.12853857978021743,0.9212121057191239,0.1617471020587808,2,887,0,Random_Forest,Set_D_Full_Stage5,888
TRN-0616,Valid,0.07378139374799775,Valid,5,0.4,20.4904,26.5967,26.2294,14.7813,11.3379,9.9378,14.7259,55.1477,16.6078,False,None,False,False,False,False,False,False,False,False,False,False,False,False,0,False,1.4001000000000001,-3.388,-43.8098,-4.7881,-45.209900000000005,-40.421800000000005,12.000533333333331,11.3379,2.4618666908127524,22.787325,13.0319,21.66702616671625,45.209900000000005,23.169616666666666,45.209900000000005,544.97702168,393.13380171,770.4110771595435,11.455074155060865,-0.11717415506086581,0.11717415506086581,10.225375623075118,-0.28757562307511897,0.28757562307511897,15.05015965899191,-0.32425965899191134,0.32425965899191134,49.890069803443616,5.257630196556384,5.257630196556384,5.257630196556384,1.49665990842107,5.257630196556384,0.40053512960538423,1.9839924238617639,4,888,0,Random_Forest,Set_D_Full_Stage5,889
TRN-0119,Valid,0.026690973863507793,Valid,2,0.4,15.6102,75.703,26.1544,13.7047,11.7033,12.5963,13.9901,50.7214,22.7052,False,None,False,False,False,False,False,False,False,False,False,False,False,False,0,False,-0.8929999999999989,-2.2867999999999995,-39.018100000000004,-1.3938000000000006,-38.1251,-36.731300000000005,12.763233333333332,12.5963,1.1525031945002724,22.252775,13.293199999999999,19.00239756581171,39.018100000000004,19.74135,39.018100000000004,1181.7389706000001,1037.4869041000002,206.20316153875518,11.810073621937242,-0.10677362193724171,0.10677362193724171,12.69329373629544,-0.09699373629544006,0.09699373629544006,14.305833289214666,-0.31573328921466626,0.31573328921466626,50.20373343751769,0.5176665624823116,0.5176665624823116,0.5176665624823116,0.2592918024824149,0.5176665624823116,0.7940971250894522,1.7534030010176256,4,889,0,Random_Forest,Set_D_Full_Stage5,890
TRN-0635,Valid,0.19063926099420367,Valid,5,0.4,28.8943,84.908,34.2153,18.1794,18.634,18.1477,23.4368,56.8268,33.4142,False,None,False,False,False,False,False,False,False,False,False,False,False,False,0,False,0.48629999999999995,-4.802800000000001,-38.1928,-5.289100000000001,-38.6791,-33.39,20.072833333333335,18.634,2.9234099478747995,29.261325,21.035400000000003,18.531353618012727,38.6791,20.140016666666664,38.6791,2453.3572244,1543.5764952000002,340.3012271751511,18.7675377906385,-0.13353779063849913,0.13353779063849913,18.36280197870722,-0.2151019787072208,0.2151019787072208,23.53591874443755,-0.09911874443754698,0.09911874443754698,48.437881887229715,8.388918112770284,8.388918112770284,8.388918112770284,2.2091691566383878,8.388918112770284,0.3116071329339032,1.3218501479853875,3,890,0,Random_Forest,Set_D_Full_Stage5,891
TRN-0278,Valid,0.07342361380048346,Valid,3,0.4,15.1906,103.8022,32.8666,43.5159,13.434,15.3229,15.801,70.573,43.6644,False,None,False,False,False,False,False,False,False,False,False,False,False,False,0,False,-1.8889000000000014,-2.367000000000001,-57.138999999999996,-0.4780999999999995,-55.25009999999999,-54.77199999999999,14.852633333333335,15.3229,1.251613080521826,28.782725,15.56195,27.878919854180744,57.138999999999996,28.64918333333333,57.138999999999996,1576.81769932,4517.04615498,146.34177827235084,13.510183364329585,-0.0761833643295855,0.0761833643295855,15.390266721748072,-0.0673667217480709,0.0673667217480709,15.950126884077012,-0.14912688407701147,0.14912688407701147,48.29862383834005,22.274376161659944,22.274376161659944,22.274376161659944,5.641763282953653,22.274376161659944,0.15056242708416595,1.9851831314848989,2,891,0,Random_Forest,Set_D_Full_Stage5,892
TRN-0225,Invalid,0.8710238095238095,Invalid,1,0.4,27.9293,38.0633,39.1615,20.9747,18.3877,21.4138,20.7639,64.6651,21.316,False,None,False,False,False,False,False,False,False,False,False,False,False,False,0,False,-3.0260999999999996,-2.3762000000000008,-46.2774,0.6498999999999988,-43.2513,-43.901199999999996,20.188466666666667,20.7639,1.5930043764325739,31.307624999999998,21.08885,22.276321587337975,46.2774,23.247016666666667,46.2774,1063.08132469,798.3662985099999,733.7590976717474,15.74760802370922,2.640091976290778,2.640091976290778,14.224087092267476,7.189712907732522,7.189712907732522,20.695843890794844,0.06805610920515548,0.06805610920515548,48.80184472102247,15.863255278977526,15.863255278977526,15.863255278977526,6.440279068051495,15.863255278977526,0.1344035607876582,1.478150617253587,3,892,1,Random_Forest,Set_D_Full_Stage5,893
TRN-0959,Valid,0.004855011294690364,Valid,3,0.4,29.2834,96.4813,26.6221,29.2271,19.7453,19.3891,24.716,44.6016,39.9414,False,None,False,False,False,False,False,False,False,False,False,False,False,False,0,False,0.3562000000000012,-4.970700000000001,-24.856299999999997,-5.326900000000002,-25.2125,-19.885599999999997,21.283466666666666,19.7453,2.9779915082708577,27.113,22.23065,11.909917064642668,25.2125,13.4347,25.2125,2825.3005004200004,2819.86860323,303.5137064370291,19.69309033298476,0.05220966701524077,0.05220966701524077,19.3187825882489,0.07031741175109829,0.07031741175109829,24.42334182107722,0.2926581789227818,0.2926581789227818,47.40129488392186,-2.799694883921859,2.799694883921859,2.799694883921859,0.803720035402745,2.799694883921859,0.5544097644714104,0.9299041308950943,1,893,0,Random_Forest,Set_D_Full_Stage5,894
TRN-0349,Invalid,0.735813492063492,Invalid,5,0.4,26.5322,71.4206,39.4889,58.2879,23.7994,17.0447,22.0266,49.1332,29.6685,False,None,False,False,False,False,False,False,False,False,False,False,False,False,0,False,6.7547,1.7728000000000002,-25.333800000000004,-4.9818999999999996,-32.0885,-27.106600000000004,20.9569,22.0266,3.5020974558113025,28.000975,22.912999999999997,14.375410538456517,32.0885,16.339716666666668,32.0885,1894.9456433199998,4162.95679074,371.4922065213389,17.375557195968174,6.423842804031825,6.423842804031825,16.912567754744583,0.13213224525541634,0.13213224525541634,22.051066527145956,-0.02446652714595743,0.02446652714595743,48.34460918341474,0.7885908165852626,0.7885908165852626,6.423842804031825,1.8422580982546153,6.423842804031825,0.35183293192623283,1.145977543289995,3,894,1,Random_Forest,Set_D_Full_Stage5,895
TRN-0159,Valid,0.09806354318680909,Valid,5,0.4,11.4085,75.1307,29.9009,40.9165,9.9183,11.561,11.6384,20.9754,22.5737,False,None,False,False,False,False,False,False,False,False,False,False,False,False,0,False,-1.6426999999999996,-1.7201000000000004,-11.0571,-0.0774000000000008,-9.4144,-9.337,11.039233333333334,11.561,0.9715278397109027,13.523275,11.5997,5.0310134402358075,11.0571,5.54145,11.0571,857.1285909500001,3074.08528655,151.8486914339023,10.084143907739378,-0.16584390773937763,0.16584390773937763,11.54121561597592,0.01978438402407967,0.01978438402407967,12.024722700172047,-0.3863227001720464,0.3863227001720464,49.60418692891252,-28.62878692891252,28.62878692891252,28.62878692891252,7.300184480212005,28.62878692891252,0.12047924987499288,0.8176341769030232,4,895,0,Random_Forest,Set_D_Full_Stage5,896
TRN-0032,Valid,0.025950484351113183,Valid,2,0.4,9.6771,40.9333,42.7255,56.3017,7.5451,8.5237,9.7694,29.2837,16.8355,False,None,False,False,False,False,False,False,False,False,False,False,False,False,0,False,-0.9786000000000001,-2.2242999999999995,-21.738599999999998,-1.2456999999999994,-20.759999999999998,-19.5143,8.612733333333333,8.5237,1.1148196371311965,13.780475,9.14655,10.375488628614075,21.738599999999998,11.076916666666667,21.738599999999998,396.11563743,2304.61437661,236.41137254719928,7.552176514196928,-0.00707651419692823,0.00707651419692823,8.56703854603024,-0.04333854603024001,0.04333854603024001,9.59813522213566,0.17126477786433902,0.17126477786433902,50.95722159435713,-21.67352159435713,21.67352159435713,21.67352159435713,5.473800358112159,21.67352159435713,0.1544687733144141,1.5774916485159993,4,896,0,Random_Forest,Set_D_Full_Stage5,897
TRN-0344,Valid,0.16909669863228324,Valid,2,0.4,9.1303,20.5699,37.6841,25.2845,5.7455,6.2235,7.4901,51.5441,13.3281,False,None,False,False,False,False,False,False,False,False,False,False,False,False,0,False,-0.47799999999999976,-1.7446000000000002,-45.7986,-1.2666000000000004,-45.3206,-44.054,6.486366666666666,6.2235,0.9015161969334403,17.750799999999998,6.8568,22.540888497424707,45.7986,23.1104,45.7986,187.80935797,520.09963655,443.86679377790176,5.798077336038671,-0.052577336038670985,0.052577336038670985,6.227890284415876,-0.004390284415876522,0.004390284415876522,7.691821314090955,-0.20172131409095506,0.20172131409095506,51.191108674440656,0.3529913255593442,0.3529913255593442,0.3529913255593442,0.1529200650262117,0.3529913255593442,0.8673628210098546,2.580085077807717,4,897,0,Random_Forest,Set_D_Full_Stage5,898
TRN-0391,Valid,0.05167535537874315,Valid,1,0.4,14.6069,39.0401,34.8904,19.468,9.4995,9.5566,11.9096,63.8012,16.4488,False,None,False,False,False,False,False,False,False,False,False,False,False,False,0,False,-0.05710000000000015,-2.4101,-54.301700000000004,-2.3529999999999998,-54.244600000000005,-51.891600000000004,10.3219,9.5566,1.3752849050287725,23.691724999999998,10.7331,26.76321769087504,54.301700000000004,27.54301666666667,54.301700000000004,570.25483669,760.0326668,374.151097422625,9.368104477730366,0.13139552226963325,0.13139552226963325,9.54873144863194,0.007868551368058974,0.007868551368058974,12.010867506201707,-0.1012675062017081,0.1012675062017081,50.12576508614041,13.67543491385959,13.67543491385959,13.67543491385959,3.4789916234247475,13.67543491385959,0.2232645390025033,2.2920102727807823,4,898,0,Random_Forest,Set_D_Full_Stage5,899
TRN-0651,Valid,0.14519013828024316,Valid,4,0.4,16.53,103.9792,43.4328,46.9103,14.2198,16.2414,17.0286,37.4711,46.9167,False,None,False,False,False,False,False,False,False,False,False,False,False,False,0,False,-2.0215999999999994,-2.8088000000000015,-23.2513,-0.7872000000000021,-21.2297,-20.4425,15.829933333333335,16.2414,1.448902333952615,21.240225000000002,16.634999999999998,10.885061735661708,23.2513,11.75685,23.2513,1718.7761760000003,4877.69546576,158.9740872237825,14.224071650782248,-0.0042716507822486705,0.0042716507822486705,16.243400535499465,-0.002000535499465883,0.002000535499465883,17.013157895050572,0.015442104949428881,0.015442104949428881,49.75806381146477,-12.286963811464773,12.286963811464773,12.286963811464773,3.077169525673979,12.286963811464773,0.24526819248083498,1.094681862041545,2,899,0,Random_Forest,Set_D_Full_Stage5,900
TRN-0538,Valid,0.1971089133645024,Valid,5,0.4,31.3956,65.9954,44.7277,20.6592,18.6968,17.6704,24.1282,24.3526,31.1325,False,None,False,False,False,False,False,False,False,False,False,False,False,False,0,False,1.0263999999999989,-5.4314,-5.655799999999999,-6.457799999999999,-6.682199999999998,-0.22439999999999927,20.165133333333333,18.6968,3.470273374438004,21.212,21.4125,3.5231024396119954,6.682199999999998,4.246333333333332,6.682199999999998,2071.9651802400003,1363.41216768,475.72399353227746,18.974765490813898,-0.277965490813898,0.277965490813898,17.986169734764175,-0.31576973476417436,0.31576973476417436,24.395880486615905,-0.26768048661590527,0.26768048661590527,48.77709561299435,-24.424495612994352,24.424495612994352,24.424495612994352,6.3214778312970825,24.424495612994352,0.1365844468893022,0.31501965160303047,3,900,0,Random_Forest,Set_D_Full_Stage5,901
TRN-0264,Valid,0.1030266956240769,Valid,3,0.4,8.8333,97.192,40.8705,59.4113,10.141,12.7958,11.5139,62.4186,38.2856,False,None,False,False,False,False,False,False,False,False,False,False,False,False,0,False,-2.6548,-1.3728999999999996,-52.2776,1.2819000000000003,-49.6228,-50.9047,11.483566666666666,11.5139,1.3276599125278028,24.217325,12.15485,25.490577194900208,52.2776,26.35245,52.2776,858.5260935999999,5774.3030696,90.88504291659365,10.297761600179888,-0.1567616001798875,0.1567616001798875,13.0276540757094,-0.23185407570939986,0.23185407570939986,11.859223932865335,-0.3453239328653357,0.3453239328653357,49.20260318834656,13.21599681165344,13.21599681165344,13.21599681165344,3.487484105102016,13.21599681165344,0.22284201494174796,2.1586850906592323,2,901,0,Random_Forest,Set_D_Full_Stage5,902
TRN-0804,Valid,0.036730486122648814,Valid,5,0.4,25.5109,94.6061,39.9882,26.6325,17.7896,18.352,22.0215,48.7888,41.155,False,None,False,False,False,False,False,False,False,False,False,False,False,False,0,False,-0.5624000000000002,-4.2318999999999996,-30.999200000000002,-3.6694999999999993,-30.4368,-26.767300000000002,19.3877,18.352,2.298205880681711,26.737975,20.18675,14.819829187584002,30.999200000000002,16.111183333333333,30.999200000000002,2413.48675649,2519.59695825,269.653831026347,17.786679711486126,0.0029202885138737145,0.0029202885138737145,18.27444498364247,0.07755501635752893,0.07755501635752893,22.029263904900898,-0.0077639049008979555,0.0077639049008979555,48.609474097732694,0.17932590226730838,0.17932590226730838,0.17932590226730838,0.06689127800990224,0.17932590226730838,0.9373026292475873,1.1593693391629925,1,902,0,Random_Forest,Set_D_Full_Stage5,903
TRN-0875,Valid,0.13762703508841775,Valid,3,0.4,11.8252,52.265,18.0,26.9784,8.6729,9.2711,10.5035,55.0555,14.5475,False,None,False,False,False,False,False,False,False,False,False,False,False,False,0,False,-0.5982000000000003,-1.8306000000000004,-46.382600000000004,-1.2324000000000002,-45.784400000000005,-44.552,9.482500000000002,9.2711,0.9334299973752721,20.875750000000004,9.8873,22.79924216481767,46.382600000000004,23.3967,46.382600000000004,618.044078,1410.026076,226.25462044300767,8.833478573455734,-0.16057857345573368,0.16057857345573368,9.234470774666457,0.0366292253335434,0.0366292253335434,10.793334683691171,-0.28983468369117027,0.28983468369117027,49.00844012279487,6.047059877205129,6.047059877205129,6.047059877205129,1.633525589921394,6.047059877205129,0.3797191125945536,2.22184006714007,4,903,0,Random_Forest,Set_D_Full_Stage5,904
TRN-0179,Valid,0.12602798578407406,Valid,5,0.4,13.3176,109.6532,40.8517,50.3689,12.994,15.6239,15.2389,55.4972,51.3991,False,None,False,False,False,False,False,False,False,False,False,False,False,False,0,False,-2.629900000000001,-2.2448999999999995,-42.5032,0.38500000000000156,-39.8733,-40.2583,14.618933333333333,15.2389,1.420338869190495,24.8385,15.4314,20.472007223360716,42.5032,21.315766666666665,42.5032,1460.31745632,5523.1110654799995,121.4519848529742,13.038651815362655,-0.04465181536265561,0.04465181536265561,15.563868546650395,0.06003145334960536,0.06003145334960536,15.257896413510975,-0.01899641351097614,0.01899641351097614,49.06795533915775,6.429244660842251,6.429244660842251,6.429244660842251,1.638231085766372,6.429244660842251,0.3790418532308033,1.7111815483295898,2,904,0,Random_Forest,Set_D_Full_Stage5,905
TRN-0664,Valid,0.006128331355688881,Valid,1,0.4,27.1883,36.0978,23.5129,49.3863,15.2966,13.4176,19.7864,44.9089,19.4155,False,None,False,False,False,False,False,False,False,False,False,False,False,False,0,False,1.8789999999999996,-4.489800000000001,-29.612300000000005,-6.3688,-31.491300000000003,-25.122500000000002,16.166866666666667,15.2966,3.2723732081370756,23.352375000000002,17.5415,14.617286717302681,31.491300000000003,16.49395,31.491300000000003,981.43781574,1782.7367801399998,753.1841959387564,15.597696235032148,-0.3010962350321478,0.3010962350321478,13.548375943969129,-0.1307759439691285,0.1307759439691285,20.394315744551193,-0.6079157445511925,0.6079157445511925,48.24086236825494,-3.331962368254935,3.331962368254935,3.331962368254935,1.092937572951851,3.331962368254935,0.47779733754295095,1.34852607131991,3,905,0,Random_Forest,Set_D_Full_Stage5,906
TRN-0848,Valid,0.1220391888567102,Valid,4,0.4,23.3547,85.3049,34.0201,57.2993,16.2814,16.6584,20.1503,56.7314,32.1656,False,None,False,False,False,False,False,False,False,False,False,False,False,False,0,False,-0.3769999999999989,-3.8689,-40.45,-3.491900000000001,-40.073,-36.5811,17.696700000000003,16.6584,2.1332245474867384,27.455375000000004,18.40435,19.594915556571472,40.45,20.806983333333335,40.45,1992.2703480300002,4887.91105657,273.7790825873915,16.581913146801718,-0.30051314680171615,0.30051314680171615,16.803805436697623,-0.1454054366976223,0.1454054366976223,20.577883519187463,-0.4275835191874613,0.4275835191874613,48.358508315547724,8.372891684452277,8.372891684452277,8.372891684452277,2.3115984467847692,8.372891684452277,0.30196897844631493,1.473299318148334,2,906,0,Random_Forest,Set_D_Full_Stage5,907
TRN-0319,Valid,0.07260900145989231,Valid,3,0.4,20.7606,77.2405,28.7917,13.6383,14.1857,14.6874,17.3806,53.6133,25.6472,False,None,False,False,False,False,False,False,False,False,False,False,False,False,0,False,-0.5016999999999996,-3.1949000000000005,-39.4276,-2.693200000000001,-38.9259,-36.2327,15.417900000000001,14.6874,1.7181586626385823,24.96675,16.034,19.149156415274973,39.4276,20.162666666666667,39.4276,1603.5591243,1053.42911115,268.7786499597167,14.354547716417985,-0.16884771641798402,0.16884771641798402,14.674236015551969,0.01316398444803113,0.01316398444803113,17.72354305266276,-0.3429430526627577,0.3429430526627577,49.02635856676044,4.586941433239559,4.586941433239559,4.586941433239559,1.277974046692083,4.586941433239559,0.4389865641586791,1.5792037092518212,4,907,0,Random_Forest,Set_D_Full_Stage5,908
TRN-0897,Valid,0.03696461754538862,Valid,1,0.4,11.6323,73.824,34.9155,48.3119,10.4622,11.8497,12.5183,54.2381,24.3359,False,None,False,False,False,False,False,False,False,False,False,False,False,False,0,False,-1.387500000000001,-2.0561000000000007,-43.77590000000001,-0.6685999999999996,-42.388400000000004,-41.719800000000006,11.610066666666668,11.8497,1.048787348957516,22.267075000000002,12.184000000000001,21.33121210189035,43.77590000000001,21.999383333333338,43.77590000000001,858.7429152000001,3566.5777056,157.56797822280313,10.202732408792878,0.2594675912071214,0.2594675912071214,11.724750990937128,0.12494900906287221,0.12494900906287221,12.260904636616257,0.25739536338374336,0.25739536338374336,49.9015929995537,4.3365070004463036,4.3365070004463036,4.3365070004463036,1.2445797410250101,4.3365070004463036,0.4455176983569048,1.9659465978595763,4,908,0,Random_Forest,Set_D_Full_Stage5,909
TRN-0617,Valid,0.2407472523278807,Valid,5,0.4,15.1971,52.9502,39.526,51.7112,11.2222,11.7197,14.243,74.3364,19.2716,False,None,False,False,False,False,False,False,False,False,False,False,False,False,0,False,-0.4974999999999987,-3.0207999999999995,-63.1142,-2.5233000000000008,-62.616699999999994,-60.093399999999995,12.394966666666667,11.7197,1.619659520804707,27.880325,12.981349999999999,30.99893797356881,63.1142,31.977649999999997,63.1142,804.6894844200001,2738.11838224,287.0073603107523,10.82775827255687,0.3944417274431302,0.3944417274431302,11.373856506109528,0.345843493890472,0.345843493890472,13.681266474831936,0.561733525168064,0.561733525168064,49.72013692087304,24.61626307912696,24.61626307912696,24.61626307912696,6.479570456407156,24.61626307912696,0.13369751723421217,2.2637532870390547,4,909,0,Random_Forest,Set_D_Full_Stage5,910
TRN-0066,Valid,0.07381894786613531,Valid,4,0.4,25.2849,50.1209,35.0471,10.259,14.9101,14.074,19.4972,36.2356,20.1216,False,None,False,False,False,False,False,False,False,False,False,False,False,False,0,False,0.8361000000000001,-4.5870999999999995,-21.325499999999998,-5.4232,-22.1616,-16.7384,16.160433333333334,14.9101,2.9198072955819074,21.179225,17.20365,10.316811309823398,22.1616,11.845316666666667,22.1616,1267.30194441,514.1903131,504.47807112839735,15.017895860814601,-0.10779586081460124,0.10779586081460124,14.117840220179895,-0.043840220179895084,0.043840220179895084,19.36196420462466,0.13523579537534047,0.13523579537534047,50.78244852336732,-14.546848523367323,14.546848523367323,14.546848523367323,3.70843009993429,14.546848523367323,0.21238501555198958,1.0463834033665522,3,910,0,Random_Forest,Set_D_Full_Stage5,911
TRN-0329,Valid,0.06688666675286563,Valid,1,0.4,15.2564,63.7462,31.7923,10.5219,10.7028,11.4641,13.1068,58.1291,21.3423,False,None,False,False,False,False,False,False,False,False,False,False,False,False,0,False,-0.7613000000000003,-2.404,-47.4263,-1.6426999999999996,-46.665,-45.0223,11.7579,11.4641,1.2286345388275555,23.3507,12.28545,23.20729215670512,47.4263,23.986933333333337,47.4263,972.5375256799999,670.73114178,239.33030685275247,10.937834755706966,-0.23503475570696608,0.23503475570696608,11.698674346849884,-0.2345743468498842,0.2345743468498842,13.477025622789823,-0.37022562278982285,0.37022562278982285,50.31278271968825,7.81631728031175,7.81631728031175,7.81631728031175,2.164038001414606,7.81631728031175,0.3160518298303975,2.031043167424031,4,911,0,Random_Forest,Set_D_Full_Stage5,912
TRN-0512,Invalid,0.780322106296137,Invalid,4,0.4,13.4272,55.4707,35.9373,17.5331,9.7561,10.4939,12.1206,55.9888,20.0655,False,None,False,False,False,False,False,False,False,False,False,False,False,False,0,False,-0.7378,-2.3644999999999996,-46.232699999999994,-1.6266999999999996,-45.4949,-43.8682,10.790199999999999,10.4939,1.209776975314045,22.08985,11.30725,22.620876803887743,46.232699999999994,23.387466666666665,46.232699999999994,744.8161830399999,972.5733301700001,242.05927777019616,9.700754050221882,0.05534594977811835,0.05534594977811835,10.570310988409467,-0.07641098840946725,0.07641098840946725,12.050049698405683,0.07055030159431652,0.07055030159431652,51.49720385438621,4.491596145613791,4.491596145613791,4.491596145613791,1.1734758463489232,4.491596145613791,0.46009252952124274,2.0929376646117266,4,912,1,Random_Forest,Set_D_Full_Stage5,913
TRN-0559,Valid,0.05329142477231321,Valid,2,0.4,26.2772,84.5838,38.358,28.6853,17.5264,17.5087,21.6766,74.9606,34.3654,False,None,False,False,False,False,False,False,False,False,False,False,False,False,0,False,0.01769999999999783,-4.150200000000002,-57.434200000000004,-4.1678999999999995,-57.451899999999995,-53.284,18.9039,17.5264,2.4012449458562117,32.918075,19.6015,28.096839476754322,57.451899999999995,29.41765,57.451899999999995,2222.62542936,2426.31167814,310.66465320018096,17.617676370881338,-0.09127637088133866,0.09127637088133866,17.655434219392617,-0.14673421939261644,0.14673421939261644,22.040682402300614,-0.36408240230061395,0.36408240230061395,48.872240154388024,26.088359845611976,26.088359845611976,26.088359845611976,6.672613209546636,26.088359845611976,0.13033369110223772,1.7452989747125323,3,913,0,Random_Forest,Set_D_Full_Stage5,914
TRN-0843,Valid,0.042550074546575084,Valid,1,0.4,23.3537,79.7753,25.0997,53.661,16.2534,16.1519,19.9649,35.1917,27.2341,False,None,False,False,False,False,False,False,False,False,False,False,False,False,0,False,0.10149999999999793,-3.711500000000001,-18.938299999999998,-3.812999999999999,-19.039799999999996,-15.226799999999997,17.456733333333332,16.2534,2.1727288333644705,21.890475,18.10915,9.043197870360903,19.039799999999996,10.138483333333332,19.039799999999996,1863.04842361,4280.8223733,292.7434565907672,16.22216494876173,0.031235051238269307,0.031235051238269307,16.021414235229102,0.13048576477089924,0.13048576477089924,20.149360014420495,-0.18446001442049464,0.18446001442049464,48.645733129686825,-13.454033129686827,13.454033129686827,13.454033129686827,3.4500534900291226,13.454033129686827,0.22471639998049903,0.8697751557354713,4,914,0,Random_Forest,Set_D_Full_Stage5,915
TRN-0080,Valid,0.05201702507284511,Valid,5,0.4,29.3998,97.6878,34.4117,41.896,19.8876,19.9085,24.822,54.2529,43.3474,False,None,False,False,False,False,False,False,False,False,False,False,False,False,0,False,-0.02090000000000103,-4.9344,-34.3653,-4.913499999999999,-34.34439999999999,-29.430899999999998,21.539366666666666,19.9085,2.8428630644709805,29.71775,22.36525,16.52064555003829,34.3653,18.001566666666665,34.3653,2872.0017824399997,4092.7280688,300.956690502121,19.999084554117083,-0.11148455411708369,0.11148455411708369,19.827779418740402,0.08072058125959813,0.08072058125959813,24.880199153363343,-0.05819915336334347,0.05819915336334347,47.81300241954077,6.439897580459224,6.439897580459224,6.439897580459224,1.6725754672998123,6.439897580459224,0.37417091200434155,1.156389310634449,1,915,0,Random_Forest,Set_D_Full_Stage5,916
TRN-0401,Invalid,0.8488544600782286,Invalid,2,0.4,26.451,76.411,34.296,47.7037,17.666,17.209,13.7836,54.1006,30.3139,False,None,False,False,False,False,False,False,False,False,False,False,False,False,0,False,0.45700000000000074,3.8824000000000005,-36.4346,3.4254,-36.8916,-40.317,16.219533333333334,17.209,2.1219190967926496,25.689799999999998,17.4375,19.019608216785116,40.317,20.234666666666666,40.317,2021.147361,3645.0874206999997,346.16739132227144,17.46665235844915,0.19934764155085105,0.19934764155085105,17.05320124634153,0.15579875365846974,0.15579875365846974,22.002735512373473,-8.219135512373473,8.219135512373473,48.81186191088295,5.288738089117047,5.288738089117047,8.219135512373473,3.46575499917496,8.219135512373473,0.22392630141706119,1.569377118787566,3,916,1,Random_Forest,Set_D_Full_Stage5,917
TRN-0384,Valid,0.011486685285156254,Valid,3,0.4,16.7072,31.9859,25.408,37.7306,10.1169,9.5467,13.0626,50.9706,15.7683,False,None,False,False,False,False,False,False,False,False,False,False,False,False,0,False,0.5701999999999998,-2.9457000000000004,-40.853699999999996,-3.5159000000000002,-41.423899999999996,-37.908,10.908733333333332,10.1169,1.8869653476768815,20.9242,11.589749999999999,20.090098282985075,41.423899999999996,21.2029,41.423899999999996,534.39482848,1206.8471985400001,522.3299884230275,10.203407888044131,-0.08650788804413168,0.08650788804413168,9.537222426356548,0.009477573643451365,0.009477573643451365,13.23140418959276,-0.16880418959276078,0.16880418959276078,49.64514903362559,1.3254509663744045,1.3254509663744045,1.3254509663744045,0.3975601544136871,1.3254509663744045,0.7155327066544238,1.9797115398860936,4,917,0,Random_Forest,Set_D_Full_Stage5,918
TRN-0047,Valid,0.01929458244478783,Valid,3,0.4,29.1083,58.7199,37.1572,10.9987,17.5282,16.4304,22.4226,49.4021,23.1457,False,None,False,False,False,False,False,False,False,False,False,False,False,False,0,False,1.0977999999999994,-4.894400000000001,-31.8739,-5.9922,-32.9717,-26.979499999999998,18.793733333333332,17.5282,3.1902658468117253,26.445825,19.9754,15.524278564531322,32.9717,17.301583333333333,32.9717,1709.23646517,645.84256413,495.7143156384265,17.324849216453494,0.2033507835465045,0.2033507835465045,16.23917793233619,0.19122206766380856,0.19122206766380856,22.28786137827742,0.13473862172257967,0.13473862172257967,49.79938294809848,-0.39728294809848563,0.39728294809848563,0.39728294809848563,0.2316486052578446,0.39728294809848563,0.8119198899191307,1.2467634317464358,3,918,0,Random_Forest,Set_D_Full_Stage5,919
TRN-0938,Valid,0.16682936596321024,Valid,3,0.4,26.2329,96.5506,33.0648,48.832,18.6651,18.7209,22.8946,34.729,41.4065,False,None,False,False,False,False,False,False,False,False,False,False,False,False,0,False,-0.055800000000001404,-4.229500000000002,-16.0639,-4.1737,-16.0081,-11.834399999999999,20.09353333333333,18.7209,2.4259553300366714,23.752399999999998,20.80775,7.581076923058711,16.0639,8.727566666666668,16.0639,2532.80223474,4714.7588992,271.7010280929349,18.479277687247638,0.18582231275236083,0.18582231275236083,18.648048869511932,0.07285113048806835,0.07285113048806835,22.846495048934184,0.04810495106581669,0.04810495106581669,47.6889496478262,-12.9599496478262,12.9599496478262,12.9599496478262,3.3166820105331114,12.9599496478262,0.23165940821211886,0.6763061095695132,1,919,0,Random_Forest,Set_D_Full_Stage5,920
TRN-0724,Valid,0.588372618287885,Invalid,3,0.4,16.1649,103.2809,29.1169,27.8213,14.339,15.9315,17.0601,64.6338,42.3237,False,None,False,False,False,False,False,False,False,False,False,False,False,False,0,False,-1.5924999999999994,-2.721099999999998,-50.294799999999995,-1.1285999999999987,-48.702299999999994,-47.573699999999995,15.776866666666665,15.9315,1.367124684633165,27.991099999999996,16.4958,24.45395680907284,50.294799999999995,25.335499999999996,50.294799999999995,1669.52542041,2873.40890317,156.5139191744147,13.753414876160308,0.5855851238396923,0.5855851238396923,15.425460269137922,0.5060397308620779,0.5060397308620779,16.25453239926787,0.8055676007321289,0.8055676007321289,48.29714399565613,16.336656004343865,16.336656004343865,16.336656004343865,4.558462114944441,16.336656004343865,0.17990587671928307,1.7968133453800155,2,920,0,Random_Forest,Set_D_Full_Stage5,921
TRN-0089,Invalid,0.7928074123588829,Invalid,1,0.4,31.414,88.8354,24.8395,59.5524,28.5205,19.4702,25.3351,33.2402,34.707,False,None,False,False,False,False,False,False,False,False,False,False,False,False,0,False,9.0503,3.185399999999998,-4.719700000000003,-5.864900000000002,-13.770000000000003,-7.905100000000001,24.441933333333335,25.3351,4.590783434592982,26.6415,26.927799999999998,5.77949557602853,13.770000000000003,7.415900000000001,13.770000000000003,2790.6752556,5290.361274960001,353.62025120388364,20.671062827250978,7.84943717274902,7.84943717274902,19.623087440771123,-0.15288744077112426,0.15288744077112426,25.92896940881843,-0.5938694088184278,0.5938694088184278,47.76076005586036,-14.520560055860358,14.520560055860358,14.520560055860358,5.779188519549733,14.520560055860358,0.14751028048802795,0.5168625952507948,1,921,1,Random_Forest,Set_D_Full_Stage5,922
TRN-0114,Valid,0.026880487775324428,Valid,1,0.4,24.4427,39.5791,50.9417,13.3518,14.191,13.5804,18.7265,56.7296,26.4238,False,None,False,False,False,False,False,False,False,False,False,False,False,False,0,False,0.6106000000000016,-4.535500000000001,-42.538599999999995,-5.146100000000002,-43.1492,-38.003099999999996,15.4993,14.191,2.811462781187047,25.806874999999998,16.458750000000002,20.742563924673505,43.1492,22.330516666666668,43.1492,967.4200675699999,528.45222738,617.5656804814458,14.079257972051488,0.1117420279485124,0.1117420279485124,13.45449288788842,0.12590711211157846,0.12590711211157846,18.516040722099003,0.2104592779009984,0.2104592779009984,49.32769562360261,7.40190437639739,7.40190437639739,7.40190437639739,1.9625031985896197,7.40190437639739,0.33755237816319567,1.6720034207925523,4,922,0,Random_Forest,Set_D_Full_Stage5,923
TRN-0748,Valid,0.047357358833957336,Valid,2,0.4,25.3016,95.0191,43.6434,59.1909,18.1013,18.3361,22.5789,47.7604,42.7271,False,None,False,False,False,False,False,False,False,False,False,False,False,False,0,False,-0.2347999999999999,-4.4776000000000025,-29.6591,-4.242800000000003,-29.4243,-25.181499999999996,19.6721,18.3361,2.5200986964799625,26.694175,20.4575,14.19408612236683,29.6591,15.536683333333334,29.6591,2404.13526056,5624.2660461899995,266.2790674423282,18.08589625958356,0.015403740416438438,0.015403740416438438,18.627358768322274,-0.29125876832227604,0.29125876832227604,22.463524518101064,0.11537548189893698,0.11537548189893698,48.86251823485211,-1.1021182348521137,1.1021182348521137,1.1021182348521137,0.3810390563724413,1.1021182348521137,0.7240924833991936,1.1110696955160833,1,923,0,Random_Forest,Set_D_Full_Stage5,924
TRN-0459,Valid,0.12935825288974595,Valid,4,0.4,13.0534,103.6735,32.3023,13.9118,12.2147,14.3912,14.2445,41.7232,41.8715,False,None,False,False,False,False,False,False,False,False,False,False,False,False,0,False,-2.176499999999999,-2.0298,-29.508499999999998,0.14669999999999916,-27.332,-27.478699999999996,13.6168,14.2445,1.2164676444525762,20.6434,14.31785,14.08825607589527,29.508499999999998,14.778699999999999,29.508499999999998,1353.2916649000001,1442.2849973,125.90873020504465,12.137611093142997,0.07708890685700354,0.07708890685700354,14.380560425829708,0.010639574170291155,0.010639574170291155,14.086815424337134,0.15768457566286642,0.15768457566286642,51.01817368396142,-9.294973683961423,9.294973683961423,9.294973683961423,2.385096685162896,9.294973683961423,0.29541253707259424,1.429439225399292,2,924,0,Random_Forest,Set_D_Full_Stage5,925
TRN-0223,Valid,0.1449864238724404,Valid,2,0.4,28.7214,66.8864,52.6266,35.0011,18.1509,17.5824,23.3627,63.4231,40.5369,False,None,False,False,False,False,False,False,False,False,False,False,False,False,0,False,0.5685000000000002,-5.2118,-45.2722,-5.7803,-45.8407,-40.0604,19.698666666666668,18.1509,3.1858520466797158,30.629775000000002,20.7568,22.01642462093168,45.8407,23.788983333333334,45.8407,1921.0710489599999,2341.09757504,429.40561468316207,17.905537849797295,0.24536215020270546,0.24536215020270546,17.50366547679026,0.0787345232097394,0.0787345232097394,23.01456398118598,0.3481360188140208,0.3481360188140208,48.66529420622693,14.757805793773066,14.757805793773066,14.757805793773066,3.857509621499883,14.757805793773066,0.20586680787494227,1.4966053467237852,3,925,0,Random_Forest,Set_D_Full_Stage5,926
TRN-0851,Valid,0.09983518146410245,Valid,5,0.4,19.5142,22.8595,42.4082,21.103,11.1408,10.0973,14.9382,77.6634,17.5099,False,None,False,False,False,False,False,False,False,False,False,False,False,False,0,False,1.0434999999999999,-3.7973999999999997,-66.5226,-4.8408999999999995,-67.56609999999999,-62.725199999999994,12.058766666666669,11.1408,2.5476607512251963,28.459925,13.0395,32.868206962085715,67.56609999999999,34.41595,67.56609999999999,446.0848549,482.40402850000004,853.657843059628,10.883159674500664,0.25764032549933624,0.25764032549933624,10.149901556014992,-0.0526015560149915,0.0526015560149915,14.537222564733007,0.40097743526699325,0.40097743526699325,50.39711637549905,27.266283624500943,27.266283624500943,27.266283624500943,6.994375735320566,27.266283624500943,0.12508794096102127,2.374077804464416,4,926,0,Random_Forest,Set_D_Full_Stage5,927
TRN-0582,Valid,0.16055272493267414,Valid,2,0.4,26.0201,21.9729,49.4476,50.2003,14.1856,12.9194,19.0732,59.4491,24.3289,False,None,False,False,False,False,False,False,False,False,False,False,False,False,0,False,1.2662000000000013,-4.887599999999999,-45.2635,-6.1538,-46.529700000000005,-40.3759,15.392733333333334,14.1856,3.249644868802333,26.406825,16.6294,22.187406085791853,46.529700000000005,24.079449999999998,46.529700000000005,571.73705529,1103.0461718699999,1184.1899866699496,14.299939616524062,-0.11433961652406133,0.11433961652406133,12.780865676296026,0.13853432370397378,0.13853432370397378,19.246262642559213,-0.17306264255921278,0.17306264255921278,49.10990690859567,10.339193091404333,10.339193091404333,10.339193091404333,2.691282418547895,10.339193091404333,0.2709085587640806,1.7620324434942698,3,927,0,Random_Forest,Set_D_Full_Stage5,928
TRN-0007,Valid,0.13334869446668388,Valid,1,0.4,29.2042,18.0618,43.0245,8.0414,15.1344,12.9107,20.4836,61.0351,20.2753,False,None,False,False,False,False,False,False,False,False,False,False,False,False,0,False,2.223699999999999,-5.3492,-45.9007,-7.572899999999999,-48.1244,-40.551500000000004,16.176233333333332,15.1344,3.892462732427034,27.39095,17.808999999999997,22.65348369979034,48.1244,24.953733333333332,48.1244,527.4804195600001,145.24215852,1616.9032893159656,15.106405660264228,0.02799433973577159,0.02799433973577159,12.976399255788664,-0.06569925578866354,0.06569925578866354,20.371538034024546,0.11206196597545315,0.11206196597545315,48.903162856765505,12.131937143234495,12.131937143234495,12.131937143234495,3.084423176183596,12.131937143234495,0.24483261328821962,1.756944626986422,3,928,0,Random_Forest,Set_D_Full_Stage5,929
TRN-0947,Valid,0.040421423113165336,Valid,2,0.4,31.0368,95.4489,32.3525,9.5897,20.0135,19.7332,24.8781,55.2816,40.6902,False,None,False,False,False,False,False,False,False,False,False,False,False,False,0,False,0.28030000000000044,-4.864599999999999,-35.2681,-5.1449,-35.5484,-30.403499999999998,21.541600000000003,20.0135,2.8928906322223793,29.9766,22.4458,17.034556372464372,35.5484,18.584966666666666,35.5484,2962.42841952,915.32631633,325.1666257896502,20.277002462428534,-0.2635024624285336,0.2635024624285336,19.876792038240495,-0.14359203824049516,0.14359203824049516,25.29656917540825,-0.41846917540825146,0.41846917540825146,48.30505370645884,6.976546293541155,6.976546293541155,6.976546293541155,1.9505274924046088,6.976546293541155,0.33892244779086067,1.1858712509519922,1,929,0,Random_Forest,Set_D_Full_Stage5,930
TRN-0556,Valid,0.04910199560635877,Valid,4,0.4,31.1222,48.7828,21.2304,44.2287,18.461,16.124,23.7059,52.5012,21.8063,False,None,False,False,False,False,False,False,False,False,False,False,False,False,0,False,2.3369999999999997,-5.244900000000001,-34.0402,-7.581900000000001,-36.3772,-28.795299999999997,19.4303,18.461,3.882777198089018,27.698024999999998,21.08345,16.836619193962306,36.3772,19.06275,36.3772,1518.22805816,2157.5998263600004,637.9747292130157,18.12883574349035,0.33216425650964965,0.33216425650964965,15.8682316656951,0.2557683343048982,0.2557683343048982,23.462799754611314,0.24310024538868547,0.24310024538868547,47.96758230613795,4.533617693862048,4.533617693862048,4.533617693862048,1.3411626325163204,4.533617693862048,0.4271382030923599,1.313349484900283,3,930,0,Random_Forest,Set_D_Full_Stage5,931
TRN-0006,Valid,0.08522138393487688,Valid,3,0.4,18.8185,104.2809,38.6618,41.1927,15.2872,16.8364,18.3224,27.0816,46.7583,False,None,False,False,False,False,False,False,False,False,False,False,False,False,0,False,-1.5492000000000008,-3.035199999999998,-11.794400000000001,-1.485999999999997,-10.2452,-8.759200000000003,16.81533333333333,16.8364,1.517709660420375,19.3819,17.5794,5.280595253062544,11.794400000000001,6.144866666666666,11.794400000000001,1962.41011665,4295.61182943,180.45968336870092,15.25954817498632,0.02765182501368102,0.02765182501368102,16.852590187651316,-0.016190187651314858,0.016190187651314858,18.358194903779054,-0.03579490377905614,0.03579490377905614,48.619332581154346,-21.537732581154344,21.537732581154344,21.537732581154344,5.404342374399599,21.537732581154344,0.15614405688199157,0.6085261978824584,2,931,0,Random_Forest,Set_D_Full_Stage5,932
TRN-0036,Valid,0.02321973636015418,Valid,2,0.4,16.9204,43.4907,39.3973,33.6326,10.7918,10.9189,13.9573,28.7296,18.2157,False,None,False,False,False,False,False,False,False,False,False,False,False,False,0,False,-0.12710000000000043,-3.1654999999999998,-17.937800000000003,-3.0383999999999993,-17.8107,-14.772300000000001,11.889333333333335,10.9189,1.7920388397948668,16.099400000000003,12.4381,8.546319723717339,17.937800000000003,9.4753,17.937800000000003,735.88004028,1462.7053168199998,389.05780107981684,10.908457768204306,-0.11665776820430551,0.11665776820430551,10.998053435312961,-0.0791534353129606,0.0791534353129606,14.029486442072919,-0.07218644207291902,0.07218644207291902,50.14359768317719,-21.41399768317719,21.41399768317719,21.41399768317719,5.420498832191844,21.41399768317719,0.15575113805582888,1.1141898988844934,4,932,0,Random_Forest,Set_D_Full_Stage5,933
TRN-0655,Valid,0.04465989382678931,Valid,1,0.4,21.322,83.0772,45.3964,35.2913,15.2434,15.9841,19.0301,67.443,34.4756,False,None,False,False,False,False,False,False,False,False,False,False,False,False,0,False,-0.7407000000000004,-3.7867000000000015,-52.1996,-3.046000000000001,-51.4589,-48.41289999999999,16.752533333333332,15.9841,2.006898493530088,29.42515,17.5071,25.398148497413477,52.1996,26.607466666666664,52.1996,1771.3720584,2931.9023883600003,256.652817300918,15.236801606629406,0.006598393370593314,0.006598393370593314,16.08485146878791,-0.10075146878791053,0.10075146878791053,18.92832350705951,0.10177649294049118,0.10177649294049118,49.27696053979901,18.166039460200984,18.166039460200984,18.166039460200984,4.593791453824995,18.166039460200984,0.1787696249055204,1.773978459250519,4,933,0,Random_Forest,Set_D_Full_Stage5,934
TRN-0419,Valid,0.21648728966357367,Valid,5,0.4,8.5951,98.1424,45.6516,9.1583,9.5852,12.6494,10.9585,63.7497,39.859,False,None,False,False,False,False,False,False,False,False,False,False,False,False,0,False,-3.0641999999999996,-1.3733000000000004,-54.1645,1.6908999999999992,-51.1003,-52.791199999999996,11.064366666666666,10.9585,1.5348407811018485,24.2357,11.80395,26.372458700823984,54.1645,27.364066666666663,54.1645,843.54374224,898.81754192,87.57783714502223,9.649334017941992,-0.06413401794199203,0.06413401794199203,12.763370951407554,-0.11397095140755376,0.11397095140755376,11.021502632654169,-0.06300263265416817,0.06300263265416817,50.47037395229168,13.279326047708317,13.279326047708317,13.279326047708317,3.3801084124280076,13.279326047708317,0.22830485135085365,2.2349046097679826,2,934,0,Random_Forest,Set_D_Full_Stage5,935
TRN-0800,Valid,0.04081145217601923,Valid,4,0.4,19.7012,86.7513,31.5115,52.1103,14.9638,15.6935,18.3355,37.307,31.5476,False,None,False,False,False,False,False,False,False,False,False,False,False,False,0,False,-0.7296999999999993,-3.371699999999999,-22.343200000000003,-2.6419999999999995,-21.613500000000002,-18.971500000000002,16.330933333333334,15.6935,1.7739309917055206,21.57495,17.014499999999998,10.587574351254084,22.343200000000003,11.611933333333335,22.343200000000003,1709.10471156,4520.636268390001,227.09974062639515,14.842356053156195,0.12144394684380622,0.12144394684380622,15.541326972682409,0.1521730273175912,0.1521730273175912,18.16470019898005,0.17079980101994963,0.17079980101994963,48.779254441504996,-11.472254441504994,11.472254441504994,11.472254441504994,2.979167804171585,11.472254441504994,0.25130882868313414,1.0356079455071991,2,935,0,Random_Forest,Set_D_Full_Stage5,936
TRN-0298,Valid,0.02151457418586276,Valid,3,0.4,18.1743,69.2155,40.5882,54.384,13.1973,13.8308,16.659,68.1312,26.9194,False,None,False,False,False,False,False,False,False,False,False,False,False,False,0,False,-0.6334999999999997,-3.4616999999999987,-54.93390000000001,-2.828199999999999,-54.30040000000001,-51.47220000000001,14.562366666666668,13.8308,1.843158718974937,27.954575000000002,15.2449,26.82666208984077,54.93390000000001,27.93831666666667,54.93390000000001,1257.94326165,3764.2157520000005,262.5755412334605,13.182559385638804,0.014740614361196336,0.014740614361196336,13.834901141877774,-0.004101141877773884,0.004101141877773884,16.461690835594766,0.19730916440523316,0.19730916440523316,49.47004910018589,18.661150899814118,18.661150899814118,18.661150899814118,4.71932545511458,18.661150899814118,0.17484579393986702,1.9651123420361993,4,936,0,Random_Forest,Set_D_Full_Stage5,937
TRN-0146,Valid,0.10733953245538289,Valid,5,0.4,11.0542,26.6928,44.529,46.8693,7.4141,7.7295,9.7895,38.8963,15.9725,False,None,False,False,False,False,False,False,False,False,False,False,False,False,0,False,-0.31539999999999946,-2.3754,-31.482199999999995,-2.0600000000000005,-31.166799999999995,-29.106799999999996,8.311033333333333,7.7295,1.290064747729095,15.957349999999998,8.7595,15.328866417209937,31.482199999999995,16.084433333333333,31.482199999999995,295.06754975999996,1251.07285104,414.126500731845,7.337991747371673,0.07610825262832766,0.07610825262832766,7.8369584241741315,-0.10745842417413165,0.10745842417413165,9.681876724481562,0.10762327551843853,0.10762327551843853,50.7085916071625,-11.8122916071625,11.8122916071625,11.8122916071625,3.0258703898708497,11.8122916071625,0.24839349088734078,1.9728952658835797,4,937,0,Random_Forest,Set_D_Full_Stage5,938
TRN-0074,Invalid,0.945965909090909,Invalid,5,0.4,30.0968,32.2241,35.629,38.7023,16.5086,5.949,22.018,41.9803,21.1645,False,None,False,False,False,False,False,False,False,False,False,False,False,False,0,False,10.559600000000001,-5.509399999999999,-25.4717,-16.069000000000003,-36.0313,-19.9623,14.8252,16.5086,8.165694515471419,21.613975,19.2633,15.126210429224058,36.0313,18.933883333333334,36.0313,969.8422928800001,1247.1467854300001,933.9839021155278,16.68656156156229,-0.17796156156228804,0.17796156156228804,14.53046887517737,-8.58146887517737,8.58146887517737,22.062572953599375,-0.04457295359937419,0.04457295359937419,48.85096247071207,-6.87066247071207,6.87066247071207,8.58146887517737,3.9186664652627754,8.58146887517737,0.20330713762812047,1.667036411841685,3,938,1,Random_Forest,Set_D_Full_Stage5,939
TRN-0358,Invalid,0.9617385901347572,Invalid,5,0.4,21.9169,69.2729,27.4127,57.3516,23.2412,14.8395,18.8472,57.6618,24.2571,False,None,False,False,False,False,False,False,False,False,False,False,False,False,0,False,8.4017,4.393999999999998,-34.4206,-4.007700000000002,-42.8223,-38.8146,18.975966666666668,18.8472,4.202329873217157,28.647425,21.0442,19.644884221661883,42.8223,22.143483333333336,42.8223,1518.24722201,3972.9116516400004,316.3848609795661,15.005625331101175,8.235574668898824,8.235574668898824,14.73493365725196,0.10456634274803989,0.10456634274803989,18.78507289960313,0.062127100396871526,0.062127100396871526,48.44287297310741,9.218927026892587,9.218927026892587,9.218927026892587,4.4052987847340805,9.218927026892587,0.18500364916445522,1.4948039850688204,4,939,1,Random_Forest,Set_D_Full_Stage5,940
TRN-0521,Valid,0.010994774015669055,Valid,3,0.4,30.8301,49.2877,22.913,21.7955,17.7515,15.7744,22.803,47.6397,21.1624,False,None,False,False,False,False,False,False,False,False,False,False,False,False,0,False,1.9771,-5.051500000000001,-29.888199999999998,-7.028600000000001,-31.865299999999998,-24.836699999999997,18.776300000000003,17.7515,3.6246331910967213,25.992150000000002,20.277250000000002,14.732026633721059,31.865299999999998,16.774566666666665,31.865299999999998,1519.54471977,1074.25006535,625.5129321285165,17.74203178783422,0.009468212165778311,0.009468212165778311,15.669652404058905,0.10474759594109528,0.10474759594109528,22.94841041750213,-0.14541041750213068,0.14541041750213068,48.44240665181464,-0.8027066518146455,0.8027066518146455,0.8027066518146455,0.26558321935591245,0.8027066518146455,0.7901495411016318,1.2259581350684206,3,940,0,Random_Forest,Set_D_Full_Stage5,941
TRN-0598,Valid,0.06551131758594592,Valid,2,0.4,21.3932,55.3268,23.3942,48.6738,14.2356,13.521,18.1062,32.255,19.6008,False,None,False,False,False,False,False,False,False,False,False,False,False,False,0,False,0.714599999999999,-3.8706000000000014,-18.019400000000005,-4.5852,-18.734,-14.148800000000001,15.2876,14.2356,2.4669906282756733,19.52945,16.1709,8.719548585219307,18.734,10.012100000000002,18.734,1183.61729776,2692.96559784,386.66968147991906,13.869349254315843,0.36625074568415705,0.36625074568415705,13.173656335292863,0.34734366470713773,0.34734366470713773,17.57046742533311,0.5357325746668913,0.5357325746668913,49.470908983014056,-17.215908983014053,17.215908983014053,17.215908983014053,4.61630899201806,17.215908983014053,0.17805288160270516,0.9592687150591979,4,941,0,Random_Forest,Set_D_Full_Stage5,942
TRN-0242,Valid,0.074803489385066,Valid,4,0.4,30.3616,64.6342,31.7954,28.9432,18.6656,17.155,23.9571,62.4181,26.6204,False,None,False,False,False,False,False,False,False,False,False,False,False,False,0,False,1.5106000000000002,-5.291499999999999,-43.7525,-6.802099999999999,-45.2631,-38.461,19.9259,18.6656,3.5718913995249064,30.548949999999998,21.31135,21.44533447294928,45.2631,23.51346666666667,45.2631,1962.3977267200003,1870.7205774400002,469.74504677940666,18.473646719129512,0.19195328087048935,0.19195328087048935,17.155914751109382,-0.0009147511093807736,0.0009147511093807736,23.633393160051632,0.32370683994836824,0.32370683994836824,49.14190079896673,13.276199201033272,13.276199201033272,13.276199201033272,3.4481935182403776,13.276199201033272,0.2248103631056909,1.4816576407183748,3,942,0,Random_Forest,Set_D_Full_Stage5,943
TRN-0285,Valid,0.017637087898766623,Valid,4,0.4,17.7964,18.2136,35.4373,55.6627,10.1469,9.1725,13.6656,68.1464,16.6974,False,None,False,False,False,False,False,False,False,False,False,False,False,False,0,False,0.974400000000001,-3.518699999999999,-57.9995,-4.4931,-58.9739,-54.4808,10.995,10.1469,2.3635655501804895,25.28285,11.90625,28.64079128149221,58.9739,30.073400000000003,58.9739,324.13651103999996,1013.81815272,977.0935031550581,10.186467766896758,-0.03956776689675756,0.03956776689675756,9.229709394394515,-0.057209394394515556,0.057209394394515556,13.646444103157245,0.019155896842754316,0.019155896842754316,49.68682256277465,18.45957743722535,18.45957743722535,18.45957743722535,4.643877623839844,18.45957743722535,0.17718314723479855,2.332564432979497,4,943,0,Random_Forest,Set_D_Full_Stage5,944
TRN-0786,Valid,0.0775619461841164,Valid,4,0.4,11.544,102.3093,38.2807,43.7299,11.7398,14.1771,13.633,64.3894,42.5382,False,None,False,False,False,False,False,False,False,False,False,False,False,False,0,False,-2.4372999999999987,-1.8931999999999984,-52.64959999999999,0.5441000000000003,-50.2123,-50.7564,13.183299999999997,13.633,1.2793671834153,25.984824999999997,13.90505,25.624350845029547,52.64959999999999,26.41548333333333,52.64959999999999,1181.0585592,4473.97545807,112.83430608612257,11.692153291978507,0.04764670802149418,0.04764670802149418,14.1897848540004,-0.012684854000401202,0.012684854000401202,13.581421138277854,0.05157886172214532,0.05157886172214532,50.09686024379696,14.292539756203034,14.292539756203034,14.292539756203034,3.6011125449867687,14.292539756203034,0.21733873932068218,2.0261664159114345,2,944,0,Random_Forest,Set_D_Full_Stage5,945
TRN-0976,Valid,0.0005693904339402787,Valid,2,0.4,24.2635,37.3892,33.5862,45.49,14.1304,12.7538,18.4596,45.4709,19.2066,False,None,False,False,False,False,False,False,False,False,False,False,False,False,0,False,1.3765999999999998,-4.329199999999998,-31.3405,-5.705799999999998,-32.7171,-27.011300000000002,15.114600000000001,14.1304,2.9775032560855403,22.703675,16.294999999999998,15.371616305683885,32.7171,17.080083333333334,32.7171,907.1928542,1700.834708,648.9439065441607,14.233593142627628,-0.10319314262762802,0.10319314262762802,12.940322123429914,-0.18652212342991348,0.18652212342991348,18.612948730495475,-0.15334873049547681,0.15334873049547681,49.23419957948703,-3.7632995794870325,3.7632995794870325,3.7632995794870325,1.0515908940100127,3.7632995794870325,0.48742661264469406,1.441048006083594,4,945,0,Random_Forest,Set_D_Full_Stage5,946
TRN-0467,Valid,0.0888744819422708,Valid,5,0.4,28.4198,43.3529,39.5156,49.0356,16.6095,14.8325,21.9299,57.9675,22.49,False,None,False,False,False,False,False,False,False,False,False,False,False,False,0,False,1.777000000000001,-5.320399999999999,-41.358000000000004,-7.0974,-43.135000000000005,-36.0376,17.790633333333332,16.6095,3.693180019080214,27.83485,19.2697,20.3134981286664,43.135000000000005,22.454233333333335,43.135000000000005,1232.0807474199999,2125.83546324,655.5453832280232,16.6242899068205,-0.014789906820499965,0.014789906820499965,15.107888472349941,-0.2753884723499418,0.2753884723499418,21.74003687709112,0.18986312290887852,0.18986312290887852,48.76721883871268,9.200281161287322,9.200281161287322,9.200281161287322,2.4200806658416605,9.200281161287322,0.29239076434295336,1.5496754788779252,3,946,0,Random_Forest,Set_D_Full_Stage5,947
TRN-0186,Valid,0.043524619604118325,Valid,5,0.4,22.8272,95.3947,34.7263,28.3226,16.8659,17.4628,20.8694,32.5902,39.037,False,None,False,False,False,False,False,False,False,False,False,False,False,False,0,False,-0.5969000000000015,-4.003499999999999,-15.724300000000003,-3.4065999999999974,-15.127400000000002,-11.720800000000004,18.399366666666666,17.4628,2.1598312210293957,21.947074999999998,19.1661,7.311282487304583,15.724300000000003,8.429916666666667,15.724300000000003,2177.59389584,2701.82593022,239.29209491805153,16.55076059646184,0.3151394035381614,0.3151394035381614,17.2569912153945,0.20580878460550167,0.20580878460550167,20.288913926612683,0.5804860733873163,0.5804860733873163,48.649448244527164,-16.05924824452716,16.05924824452716,16.05924824452716,4.290170626514535,16.05924824452716,0.18902981975438793,0.716464168248312,2,947,0,Random_Forest,Set_D_Full_Stage5,948
TRN-0592,Valid,0.0678091844766309,Valid,3,0.4,22.821,20.5096,25.9169,35.7305,12.4104,10.5864,16.6569,55.5549,16.7186,False,None,False,False,False,False,False,False,False,False,False,False,False,False,0,False,1.8239999999999998,-4.246500000000001,-43.14450000000001,-6.070500000000001,-44.968500000000006,-38.898,13.2179,12.4104,3.1147688116455776,23.80215,14.53365,21.320723457472077,44.968500000000006,23.192000000000004,44.968500000000006,468.0495816,732.8182628,1112.6979011302508,12.48451588059002,-0.07411588059002128,0.07411588059002128,10.67844777312105,-0.09204777312105072,0.09204777312105072,16.608048624091175,0.048851375908824934,0.048851375908824934,49.66386624396444,5.8910337560355615,5.8910337560355615,5.8910337560355615,1.5265121964138646,5.8910337560355615,0.39580256189516977,1.8892613107381853,4,948,0,Random_Forest,Set_D_Full_Stage5,949
TRN-1000,Valid,0.03459799822551561,Valid,4,0.4,26.6318,52.237,18.0,19.3886,15.6335,14.2114,19.7274,53.1397,19.2422,False,None,False,False,False,False,False,False,False,False,False,False,False,False,0,False,1.4221000000000004,-4.0939,-37.5062,-5.516,-38.9283,-33.4123,16.5241,15.6335,2.8638156836640167,25.677999999999997,17.68045,18.456521007130966,38.9283,20.146466666666665,38.9283,1391.1653366,1012.8022982,509.8262706843289,15.867780006799846,-0.23428000679984606,0.23428000679984606,14.29612247850836,-0.08472247850836112,0.08472247850836112,20.28555987701498,-0.5581598770149796,0.5581598770149796,49.31766685312585,3.8220331468741477,3.8220331468741477,3.8220331468741477,1.1747988772993336,3.8220331468741477,0.4598126339120611,1.5160170122217416,3,949,0,Random_Forest,Set_D_Full_Stage5,950
TRN-0852,Valid,0.08217382888114595,Valid,3,0.4,27.0525,96.1578,35.4219,5.1608,18.2324,18.3623,22.7426,,40.6205,True,Sensor_S4,False,False,False,False,False,False,False,False,False,False,False,False,1,True,-0.1299000000000028,-4.510200000000001,,-4.380299999999998,,,19.7791,18.3623,2.567288002932277,19.7791,18.3623,2.567288002932277,4.510200000000001,3.0068000000000006,4.510200000000001,2601.3088844999997,496.25117423999995,281.3344022706008,18.325142673158048,-0.09274267315804963,0.09274267315804963,18.59415554811799,-0.2318555481179878,0.2318555481179878,22.672038434300173,0.07056156569982619,0.07056156569982619,48.89598643554109,,,0.2318555481179878,0.13171992899195453,0.2318555481179878,0.8836108425613038,0.22802846033011603,1,950,0,Random_Forest,Set_D_Full_Stage5,951
TRN-0955,Valid,0.006110970244577769,Valid,1,0.4,26.4383,82.8779,55.0,30.3299,17.6575,18.2482,22.4962,52.7821,49.6297,False,None,False,False,False,False,False,False,False,False,False,False,False,False,0,False,-0.5907000000000018,-4.838700000000003,-35.1246,-4.248000000000001,-34.5339,-30.285899999999998,19.467299999999998,18.2482,2.6396795316856188,27.796,20.3722,16.796256927660995,35.1246,18.270300000000002,35.1246,2191.15078357,2513.67841921,319.0029767883867,17.641468172678927,0.016031827321072,0.016031827321072,18.100222235910906,0.14797776408909513,0.14797776408909513,22.274123789599077,0.22207621040092462,0.22207621040092462,48.90035129254475,3.8817487074552517,3.8817487074552517,3.8817487074552517,1.0669586273165859,3.8817487074552517,0.4838026203254212,1.2636561866253466,3,951,0,Random_Forest,Set_D_Full_Stage5,952
TRN-0125,Valid,0.03680591610229889,Valid,3,0.4,19.6803,26.1334,47.9709,25.1259,11.2459,10.6531,14.9109,48.4915,20.6012,False,None,False,False,False,False,False,False,False,False,False,False,False,False,0,False,0.5928000000000004,-3.664999999999999,-37.2456,-4.2578,-37.8384,-33.580600000000004,12.269966666666667,11.2459,2.3062414473192807,21.32535,13.0784,18.20839647882262,37.8384,19.530033333333336,37.8384,514.31315202,656.6251950600001,753.0704948187014,11.190278020099,0.05562197990099982,0.05562197990099982,10.688112097461524,-0.03501209746152334,0.03501209746152334,14.937497237876773,-0.02659723787677315,0.02659723787677315,51.893871605791475,-3.4023716057914726,3.4023716057914726,3.4023716057914726,0.8799007302576922,3.4023716057914726,0.5319429818312388,1.774338158886884,4,952,0,Random_Forest,Set_D_Full_Stage5,953
TRN-0570,Invalid,0.9337026862026861,Invalid,4,0.4,28.9539,53.4652,32.5587,57.3032,9.9563,16.426,22.727,59.2031,22.9629,False,None,False,False,False,False,False,False,False,False,False,False,False,False,0,False,-6.469699999999998,-12.7707,-49.2468,-6.301000000000002,-42.777100000000004,-36.4761,16.369766666666667,16.426,6.385535706840368,27.0781,19.5765,22.04216388243223,49.2468,25.67356666666667,49.2468,1548.0260542800002,3063.72704864,541.5465496160961,17.51194060712983,-7.555640607129829,7.555640607129829,15.99020770414192,0.43579229585807866,0.43579229585807866,22.625689386261396,0.10131061373860462,0.10131061373860462,48.103757518024324,11.099342481975675,11.099342481975675,11.099342481975675,4.7980214996755475,11.099342481975675,0.17247262709459757,1.8186941407653636,3,953,1,Random_Forest,Set_D_Full_Stage5,954
TRN-0189,Valid,0.025519782262115064,Valid,4,0.4,28.0795,87.7125,35.8628,8.9414,18.1591,18.0504,22.5456,39.2104,35.0691,False,None,False,False,False,False,False,False,False,False,False,False,False,False,0,False,0.10869999999999891,-4.386500000000002,-21.0513,-4.4952000000000005,-21.16,-16.6648,19.58503333333333,18.1591,2.564501932799688,24.491374999999998,20.35235,10.03360358873288,21.16,11.311083333333334,21.16,2462.9231437500002,784.2725475000001,320.1310736632665,18.423524011827823,-0.26442401182782405,0.26442401182782405,18.28357054461841,-0.23317054461841025,0.23317054461841025,23.021538647470454,-0.47593864747045345,0.47593864747045345,50.25545626262948,-11.04505626262948,11.04505626262948,11.04505626262948,3.004647366636542,11.04505626262948,0.2497098766625958,0.863977272008096,1,954,0,Random_Forest,Set_D_Full_Stage5,955
TRN-0470,Valid,0.06425648179364578,Valid,5,0.4,13.4852,26.4721,36.3935,26.4129,8.1837,8.2053,10.4649,77.6793,15.044,False,None,False,False,False,False,False,False,False,False,False,False,False,False,0,False,-0.021599999999999397,-2.2812,-69.4956,-2.2596000000000007,-69.474,-67.2144,8.9513,8.2053,1.3108605417816193,26.1333,9.3351,34.38066413320138,69.4956,35.1244,69.4956,356.98156292000004,699.2049300900001,509.4116033818234,8.236387650967853,-0.05268765096785266,0.05268765096785266,8.221629814163528,-0.01632981416352841,0.01632981416352841,10.815607654572448,-0.3507076545724477,0.3507076545724477,50.60184659963074,27.077453400369258,27.077453400369258,27.077453400369258,6.874294630018271,27.077453400369258,0.12699550207174298,2.659272782513964,4,955,0,Random_Forest,Set_D_Full_Stage5,956
TRN-0003,Valid,0.019620030115546642,Valid,2,0.4,31.005,101.7031,29.9077,29.4333,20.8706,20.494,25.705,51.6998,45.8035,False,None,False,False,False,False,False,False,False,False,False,False,False,False,0,False,0.3765999999999998,-4.834399999999999,-30.829200000000004,-5.2109999999999985,-31.205800000000004,-25.994800000000005,22.35653333333333,20.8706,2.905964324167337,29.692349999999998,23.287799999999997,14.862253432886057,31.205800000000004,16.40863333333333,31.205800000000004,3153.3046155,2993.45785323,304.8579340395785,20.835203412331218,0.03539658766878162,0.03539658766878162,20.486573142942,0.00742685705800028,0.00742685705800028,25.869284858895988,-0.16428485889598932,0.16428485889598932,48.213574948024004,3.4862250519759996,3.4862250519759996,3.4862250519759996,0.9233333388996927,3.4862250519759996,0.5199306744051364,1.050970687409152,1,956,0,Random_Forest,Set_D_Full_Stage5,957
TRN-0442,Valid,0.03300729960965714,Valid,1,0.4,30.6434,53.8376,32.1864,19.2467,17.7871,16.0427,22.9994,67.4393,22.3594,False,None,False,False,False,False,False,False,False,False,False,False,False,False,0,False,1.7443999999999988,-5.212300000000003,-49.65220000000001,-6.956700000000001,-51.39660000000001,-44.4399,18.943066666666667,17.7871,3.6195459554111675,31.067125,20.393250000000002,24.42755078108528,51.39660000000001,26.56701666666667,51.39660000000001,1649.76711184,1036.19613592,569.182027211089,17.89674715804282,-0.10964715804282221,0.10964715804282221,16.26823192996211,-0.22553192996210925,0.22553192996210925,23.133788950818918,-0.13438895081891644,0.13438895081891644,48.604223288190646,18.835076711809357,18.835076711809357,18.835076711809357,4.826161187658301,18.835076711809357,0.1716396041562194,1.6543720558719046,3,957,0,Random_Forest,Set_D_Full_Stage5,958
TRN-0716,Valid,0.07689739687842523,Valid,2,0.4,8.1937,31.9047,40.42,53.7509,6.1854,7.2116,7.7697,55.6906,14.421,False,None,False,False,False,False,False,False,False,False,False,False,False,False,0,False,-1.0262000000000002,-1.5843000000000007,-49.5052,-0.5581000000000005,-48.479000000000006,-47.9209,7.0555666666666665,7.2116,0.8035928218527925,19.214325000000002,7.4906500000000005,24.326366856749626,49.5052,24.845616666666672,49.5052,261.41754039,1714.90633923,256.8178804947608,6.308063488052417,-0.12266348805241734,0.12266348805241734,7.19195739750846,0.019642602491539485,0.019642602491539485,8.123225331026202,-0.35352533102620143,0.35352533102620143,51.1732482903376,4.517351709662407,4.517351709662407,4.517351709662407,1.2532957828081412,4.517351709662407,0.4437943778307536,2.576472201614055,4,958,0,Random_Forest,Set_D_Full_Stage5,959
TRN-0678,Valid,0.005460407360612747,Valid,3,0.4,22.2523,57.734,28.2572,33.8496,14.4608,13.6746,18.2936,45.7141,19.8362,False,None,False,False,False,False,False,False,False,False,False,False,False,False,0,False,0.7862000000000009,-3.8328000000000007,-31.253300000000003,-4.6190000000000015,-32.039500000000004,-27.4205,15.476333333333335,14.4608,2.471289382758186,23.035775,16.377200000000002,15.252938975461964,32.039500000000004,16.65855,32.039500000000004,1284.7142882,1954.2728064000003,385.4279306079727,14.241438019682283,0.2193619803177178,0.2193619803177178,13.695724611025502,-0.02112461102550256,0.02112461102550256,18.060030815794935,0.23356918420506645,0.23356918420506645,48.934926348639166,-3.2208263486391644,3.2208263486391644,3.2208263486391644,0.9237205310468628,3.2208263486391644,0.5198260266296651,1.3908577458940514,4,959,0,Random_Forest,Set_D_Full_Stage5,960
TRN-0978,Valid,0.1322986306030673,Valid,1,0.4,29.6916,34.0954,36.4183,7.569,16.4078,14.5572,21.9698,77.4425,20.8658,False,None,False,False,False,False,False,False,False,False,False,False,False,False,0,False,1.8506000000000018,-5.561999999999998,-61.034699999999994,-7.412599999999999,-62.885299999999994,-55.472699999999996,17.644933333333334,16.4078,3.8580479330010053,32.594325,19.1888,30.06426894808021,62.885299999999994,32.36965,62.885299999999994,1012.34697864,258.06808259999997,870.8386260789943,16.21384309667726,0.19395690332274285,0.19395690332274285,14.294541623992252,0.26265837600774766,0.26265837600774766,21.399100716734527,0.5706992832654727,0.5706992832654727,48.89725263624146,28.545247363758534,28.545247363758534,28.545247363758534,7.393140481588624,28.545247363758534,0.11914491389648747,1.9293321983712812,3,960,0,Random_Forest,Set_D_Full_Stage5,961
TRN-0350,Valid,0.06435540158467877,Valid,2,0.4,21.452,28.3591,30.3015,6.641,11.9595,10.8367,15.791,59.1218,17.1638,False,None,False,False,False,False,False,False,False,False,False,False,False,False,0,False,1.1227999999999998,-3.8315,-47.1623,-4.9543,-48.2851,-43.330799999999996,12.8624,11.9595,2.5976322738216817,24.42725,13.875250000000001,23.22674071790243,48.2851,24.781133333333333,48.2851,608.3594132000001,188.3327831,756.441228233185,11.927243532223791,0.03225646777620916,0.03225646777620916,10.768556499862335,0.06814350013766557,0.06814350013766557,15.693794206618477,0.09720579338152291,0.09720579338152291,49.72451117164699,9.397288828353012,9.397288828353012,9.397288828353012,2.3987236474121025,9.397288828353012,0.2942280996460045,1.976689157932572,4,961,0,Random_Forest,Set_D_Full_Stage5,962
TRN-0924,Valid,0.17523170961699008,Valid,2,0.4,16.0857,15.5071,28.7113,49.5399,8.8379,7.913,11.7744,40.6311,14.9855,False,None,False,False,False,False,False,False,False,False,False,False,False,False,0,False,0.9248999999999992,-2.9365000000000006,-31.793200000000006,-3.8613999999999997,-32.71810000000001,-28.856700000000004,9.508433333333334,8.8379,2.0161383145343312,17.2891,10.306149999999999,15.648161902068031,32.71810000000001,16.84846666666667,32.71810000000001,249.44255846999997,768.22018329,1037.3112720552056,9.134825887286551,-0.29692588728655167,0.29692588728655167,8.128393233629847,-0.21539323362984675,0.21539323362984675,12.23409454267883,-0.4596945426788306,0.4596945426788306,50.275863870628285,-9.644763870628282,9.644763870628282,9.644763870628282,2.6541943835558777,9.644763870628282,0.27365812954561686,1.8924108875471326,4,962,0,Random_Forest,Set_D_Full_Stage5,963
TRN-0918,Invalid,0.5711959706959707,Invalid,5,0.4,22.5775,45.7229,27.6436,22.427,,12.7552,17.5525,48.2208,18.8499,True,Sensor_S1,False,False,False,False,False,False,False,False,False,False,False,False,1,True,,,,-4.797299999999998,-35.465599999999995,-30.6683,15.153849999999998,15.153849999999998,3.392203361386223,26.176166666666663,17.5525,19.24130754193522,35.465599999999995,23.64373333333333,35.465599999999995,1032.30877475,1025.4274783,493.7896559952111,13.607556097487466,,,12.679068920041448,0.07613107995855195,0.07613107995855195,17.489631718679984,0.06286828132001432,0.06286828132001432,49.329521681281186,-1.1087216812811889,1.1087216812811889,1.1087216812811889,0.41590701418658504,1.1087216812811889,0.7062610679801479,1.354880831208734,4,963,1,Random_Forest,Set_D_Full_Stage5,964
TRN-0552,Valid,0.16710769233611628,Valid,3,0.4,31.7367,93.174,36.9449,26.5721,21.0587,20.5685,26.6096,49.686,40.9406,False,None,False,False,False,False,False,False,False,False,False,False,False,False,0,False,0.4902000000000015,-5.550899999999999,-28.627299999999998,-6.0411,-29.1175,-23.0764,22.7456,21.0587,3.3552862783971205,29.4807,23.83415,13.745966149383607,29.1175,15.4839,29.1175,2957.0352858,2475.8288454,340.61751769619013,20.67266658620853,0.3860334137914734,0.3860334137914734,20.197158816246272,0.37134118375372793,0.37134118375372793,25.93298703984079,0.6766129601592112,0.6766129601592112,48.30396903935338,1.3820309606466168,1.3820309606466168,1.3820309606466168,0.7040046295877573,1.3820309606466168,0.5868528656767358,0.9876797404133076,1,964,0,Random_Forest,Set_D_Full_Stage5,965
TRN-0999,Valid,0.05299500065100247,Valid,5,0.4,17.3189,39.7274,22.4561,25.1758,10.7576,10.0099,13.8466,61.3193,15.8237,False,None,False,False,False,False,False,False,False,False,False,False,False,False,0,False,0.7477,-3.0890000000000004,-50.5617,-3.8367000000000004,-51.3094,-47.472699999999996,11.538033333333333,10.7576,2.033930643688062,23.98335,12.3021,24.94597249343736,51.3094,26.169533333333334,51.3094,688.0348678600001,1000.1690769200001,435.9433449097234,10.772011029273077,-0.014411029273077247,0.014411029273077247,10.2076557238493,-0.19775572384929951,0.19775572384929951,13.762161160952765,0.0844388390472357,0.0844388390472357,49.681905998693345,11.637394001306653,11.637394001306653,11.637394001306653,2.9834998983690664,11.637394001306653,0.25103552793095896,2.139374966643539,4,965,0,Random_Forest,Set_D_Full_Stage5,966
TRN-0444,Valid,0.06980797535449856,Valid,3,0.4,22.1475,17.4918,48.452,25.6791,11.9534,10.9397,16.1779,39.0296,21.4587,False,None,False,False,False,False,False,False,False,False,False,False,False,False,0,False,1.0137,-4.224500000000001,-27.0762,-5.238200000000001,-28.0899,-22.8517,13.023666666666665,11.9534,2.7782706605608705,19.52515,14.065650000000002,13.199356071793806,28.0899,14.749033333333335,28.0899,387.39964050000003,449.17368138,1266.1639933203023,11.906938169103052,0.04646183089694844,0.04646183089694844,10.829502737833305,0.1101972621666949,0.1101972621666949,16.129251664602087,0.04864833539791391,0.04864833539791391,52.00245603404749,-12.972856034047489,12.972856034047489,12.972856034047489,3.2945408656272615,12.972856034047489,0.23285376278610395,1.4386514630353862,4,966,0,Random_Forest,Set_D_Full_Stage5,967
TRN-0118,Invalid,0.9657738095238095,Invalid,1,0.4,17.225,17.998,31.2125,18.4846,13.2507,2.3372,12.8889,33.3767,15.7524,False,None,False,False,False,False,False,False,False,False,False,False,False,False,0,False,10.913499999999999,0.36180000000000057,-20.125999999999998,-10.5517,-31.0395,-20.4878,9.492266666666668,12.8889,6.199109537936343,15.463375,13.0698,12.970576122741555,31.0395,15.58005,31.0395,310.01555,332.6858308,957.050251666712,9.446993077677632,3.803706922322368,3.803706922322368,8.540891614123476,-6.203691614123476,6.203691614123476,12.614042256059967,0.27485774394003215,0.27485774394003215,49.827668497914935,-16.450968497914936,16.450968497914936,16.450968497914936,6.683306194575203,16.450968497914936,0.13015230353647103,2.007290124380917,4,967,1,Random_Forest,Set_D_Full_Stage5,968
TRN-0950,Invalid,0.7992886110305464,Invalid,5,0.4,13.3577,103.8261,34.66,27.5427,12.3709,14.5408,24.5374,70.1512,42.9187,False,None,False,False,False,False,False,False,False,False,False,False,False,False,0,False,-2.1699,-12.166500000000001,-57.780300000000004,-9.9966,-55.6104,-45.6138,17.1497,14.5408,6.489275766216135,30.400075,19.5391,27.025239139413735,57.780300000000004,30.556250000000002,57.780300000000004,1386.8778959699998,2859.65112447,128.6545359351323,12.45320862834765,-0.08230862834764885,0.08230862834764885,14.689816613809327,-0.14901661380932651,0.14901661380932651,14.550120286294668,9.987279713705334,9.987279713705334,49.34997330254538,20.801226697454624,20.801226697454624,20.801226697454624,7.754957913329234,20.801226697454624,0.11422099453813726,1.9006624488056532,2,968,1,Random_Forest,Set_D_Full_Stage5,969
TRN-0642,Invalid,0.7241227988516907,Invalid,1,0.4,26.0234,20.5917,25.5081,18.3233,14.0169,19.2132,18.5738,72.7639,17.9536,False,None,False,False,False,False,False,False,False,False,False,False,False,False,0,False,-5.196300000000001,-4.556899999999999,-58.74700000000001,0.639400000000002,-53.550700000000006,-54.19010000000001,17.267966666666666,18.5738,2.8335991147890582,31.14195,18.8935,27.844254525784432,58.74700000000001,29.48006666666667,58.74700000000001,535.8660457799999,377.30789661,1263.7804242581117,13.81447398843839,0.20242601156160944,0.20242601156160944,11.623708091636336,7.589491908363664,7.589491908363664,18.394601967519115,0.17919803248088328,0.17919803248088328,48.97101835051096,23.792881649489047,23.792881649489047,23.792881649489047,7.940999400473801,23.792881649489047,0.11184432021626217,1.8864259025443486,3,969,1,Random_Forest,Set_D_Full_Stage5,970
TRN-0953,Valid,0.018298107698903544,Valid,3,0.4,25.3769,64.1776,55.0,36.5896,16.4129,16.417,21.1623,46.4387,43.8394,False,None,False,False,False,False,False,False,False,False,False,False,False,False,0,False,-0.004100000000001103,-4.749399999999998,-30.025799999999997,-4.745299999999997,-30.021699999999996,-25.2764,17.9974,16.417,2.7408845670695423,25.107725,18.78965,14.395665501433639,30.025799999999997,15.80378333333333,30.025799999999997,1628.62853744,2348.23271296,395.41671932002447,16.170445098989376,0.24245490101062472,0.24245490101062472,16.209627338179864,0.2073726618201377,0.2073726618201377,20.768188155049476,0.39411184495052254,0.39411184495052254,50.83901855630223,-4.400318556302231,4.400318556302231,4.400318556302231,1.311064491020879,4.400318556302231,0.43270103620443084,1.195878481272803,3,970,0,Random_Forest,Set_D_Full_Stage5,971
TRN-0821,Valid,0.020595495640687512,Valid,2,0.4,22.0135,69.1617,44.4028,12.3592,14.6651,15.0965,18.624,64.6883,28.3474,False,None,False,False,False,False,False,False,False,False,False,False,False,False,0,False,-0.4314,-3.958899999999998,-50.023199999999996,-3.527499999999998,-49.5918,-46.0643,16.128533333333333,15.0965,2.1718752043644978,28.268475,16.86025,24.344556460993495,50.023199999999996,25.599516666666663,50.023199999999996,1522.49108295,854.7832826399999,318.29027940460116,14.532951251362029,0.132148748637972,0.132148748637972,14.922112572493779,0.17438742750622183,0.17438742750622183,18.32443067790883,0.2995693220911697,0.2995693220911697,49.512849553606905,15.175450446393093,15.175450446393093,15.175450446393093,3.945388986157114,15.175450446393093,0.20220856292581837,1.7695748463350618,4,971,0,Random_Forest,Set_D_Full_Stage5,972
TRN-0487,Valid,0.016408391863498847,Valid,5,0.4,21.9062,62.304,32.0312,24.7918,14.2662,14.1283,18.2479,36.3827,23.6253,False,None,False,False,False,False,False,False,False,False,False,False,False,False,0,False,0.13790000000000013,-3.981700000000002,-22.116500000000002,-4.119600000000002,-22.2544,-18.1348,15.547466666666667,14.2662,2.3396600700386667,20.756275000000002,16.25705,10.591320810416738,22.2544,11.790816666666666,22.2544,1364.8438847999998,1544.6283071999999,351.60176688466754,14.235434299460104,0.030765700539895136,0.030765700539895136,14.015442513841787,0.11285748615821234,0.11285748615821234,17.966371797944777,0.2815282020552239,0.2815282020552239,49.2199309042832,-12.837230904283203,12.837230904283203,12.837230904283203,3.3155955732591336,12.837230904283203,0.23171772772136778,1.072176451614535,4,972,0,Random_Forest,Set_D_Full_Stage5,973
TRN-0871,Valid,0.05464030595929578,Valid,2,0.4,29.6718,78.684,39.5392,15.528,18.6499,18.1576,23.9128,45.0982,32.4221,False,None,False,False,False,False,False,False,False,False,False,False,False,False,0,False,0.4923000000000002,-5.262900000000002,-26.4483,-5.755200000000002,-26.9406,-21.185399999999998,20.240099999999998,18.6499,3.1901620319350563,26.454625,21.28135,12.699056648527087,26.9406,14.347450000000002,26.9406,2334.6959112,1221.805152,377.10076037049964,18.77231290817098,-0.1224129081709826,0.1224129081709826,18.257265490471298,-0.09966549047129902,0.09966549047129902,23.75821936626454,0.15458063373545983,0.15458063373545983,48.53426822727286,-3.4360682272728624,3.4360682272728624,3.4360682272728624,0.953181814912651,3.4360682272728624,0.5119851067447714,1.0183697488171732,3,973,0,Random_Forest,Set_D_Full_Stage5,974
TRN-0683,Invalid,0.95875,Invalid,1,0.4,21.9239,53.253,38.5191,9.8962,17.3202,7.0374,17.6327,39.7699,20.5016,False,None,False,False,False,False,False,False,False,False,False,False,False,False,0,False,10.2828,-0.3125,-22.4497,-10.5953,-32.7325,-22.1372,13.996766666666666,17.3202,6.029013382248652,20.44005,17.47645,13.794791361114044,32.7325,16.418333333333337,32.7325,1167.5134467,527.0023386,411.69316063073245,13.566746278463281,3.7534537215367187,3.7534537215367187,13.321767113854689,-6.284367113854689,6.284367113854689,17.358637700396603,0.274062299603397,0.274062299603397,49.66044423406416,-9.890544234064159,9.890544234064159,9.890544234064159,5.050606842264741,9.890544234064159,0.16527267860387046,1.6013896241009078,4,974,1,Random_Forest,Set_D_Full_Stage5,975
TRN-0555,Valid,0.06789583068278277,Valid,4,0.4,28.8941,48.0674,24.3217,27.9187,16.9022,14.9453,22.1869,31.0964,20.6918,False,None,False,False,False,False,False,False,False,False,False,False,False,False,0,False,1.956900000000001,-5.284700000000001,-14.194199999999999,-7.241600000000002,-16.1511,-8.909499999999998,18.011466666666667,16.9022,3.746070880713997,21.282700000000002,19.54455,7.222135056892802,16.1511,8.956333333333333,16.1511,1388.86426234,1341.97932038,601.1162240694891,16.831945785224576,0.07025421477542437,0.07025421477542437,14.99793649616551,-0.05263649616551014,0.05263649616551014,21.758403529344758,0.42849647065524366,0.42849647065524366,49.09473256332902,-17.99833256332902,17.99833256332902,17.99833256332902,4.6374299362313,17.99833256332902,0.17738579659732567,0.7588836196142313,3,975,0,Random_Forest,Set_D_Full_Stage5,976
TRN-0085,Valid,0.17875100305035418,Valid,1,0.4,11.2378,16.8026,28.0457,14.052,6.7369,6.2907,9.02,61.471,12.9026,False,None,False,False,False,False,False,False,False,False,False,False,False,False,0,False,0.44620000000000015,-2.2830999999999992,-54.7341,-2.7292999999999994,-55.180299999999995,-52.45099999999999,7.3492,6.7369,1.4640536499732513,20.879649999999998,7.87845,27.087289962945103,55.180299999999995,27.970666666666663,55.180299999999995,188.82425828,236.11013520000003,668.8127618268827,6.443500207714045,0.29339979228595503,0.29339979228595503,6.2290235332479575,0.061676466752042636,0.061676466752042636,8.555698218860783,0.4643017811392163,0.4643017811392163,50.495157083577034,10.975842916422963,10.975842916422963,10.975842916422963,2.948805239150044,10.975842916422963,0.25324115509308937,2.6427777080661277,4,976,0,Random_Forest,Set_D_Full_Stage5,977
TRN-0685,Valid,0.04734401802689661,Valid,4,0.4,31.8763,87.9656,35.5841,42.6868,20.5022,19.7731,25.75,52.2359,37.7807,False,None,False,False,False,False,False,False,False,False,False,False,False,False,0,False,0.729099999999999,-5.247800000000002,-31.733700000000002,-5.9769000000000005,-32.4628,-26.4859,22.008433333333333,20.5022,3.260734203110296,29.5653,23.1261,15.34643911900521,32.4628,17.106033333333333,32.4628,2804.01785528,3754.9699740799997,362.3722952640242,20.655701609897655,-0.15350160989765627,0.15350160989765627,19.894791923886345,-0.12169192388634542,0.12169192388634542,26.031072324656304,-0.2810723246563036,0.2810723246563036,48.33103597894802,3.904864021051978,3.904864021051978,3.904864021051978,1.1152824698730708,3.904864021051978,0.4727501003967597,1.098003031255211,1,977,0,Random_Forest,Set_D_Full_Stage5,978
TRN-0888,Invalid,0.905150863025863,Invalid,5,0.4,29.1316,87.2646,32.8035,33.0805,21.8279,24.0598,24.2703,61.1365,35.2834,False,None,False,False,False,False,False,False,False,False,False,False,False,False,0,False,-2.2318999999999996,-2.4423999999999992,-39.3086,-0.2104999999999997,-37.0767,-36.8662,23.385999999999996,24.0598,1.3534527217453882,32.82362499999999,24.16505,18.907572171200794,39.3086,19.689383333333335,39.3086,2542.1574213599997,2886.7566003,333.83063305961025,19.187047482306966,2.640852517693034,2.640852517693034,18.724601833996555,5.335198166003444,5.335198166003444,24.0290007105204,0.2412992894795991,0.2412992894795991,48.09532633117136,13.041173668828641,13.041173668828641,13.041173668828641,5.3146309105011795,13.041173668828641,0.1583623831975687,1.1975699827273854,1,978,1,Random_Forest,Set_D_Full_Stage5,979
TRN-0609,Valid,0.008989442466799991,Valid,1,0.4,28.7022,49.8082,35.574,32.2327,16.4982,15.1114,21.3608,42.7087,21.5634,False,None,False,False,False,False,False,False,False,False,False,False,False,False,0,False,1.386800000000001,-4.8626000000000005,-26.2105,-6.249400000000001,-27.5973,-21.3479,17.6568,16.4982,3.2818463644722926,23.919775,18.9295,12.809362478639079,27.5973,14.609083333333333,27.5973,1429.60491804,1605.45276814,576.254396614534,16.897794823162563,-0.39959482316256256,0.39959482316256256,15.47286294891052,-0.36146294891051944,0.36146294891051944,21.91910336729939,-0.5583033672993878,0.5583033672993878,48.51451430039735,-5.805814300397351,5.805814300397351,5.805814300397351,1.7812938599424553,5.805814300397351,0.35954489182264615,1.1537436477794427,3,979,0,Random_Forest,Set_D_Full_Stage5,980
TRN-0182,Valid,0.01626036437228439,Valid,3,0.4,28.9134,69.877,35.6098,49.2626,18.3843,17.4357,23.2013,41.1466,28.8087,False,None,False,False,False,False,False,False,False,False,False,False,False,False,0,False,0.948599999999999,-4.817,-22.7623,-5.765599999999999,-23.7109,-17.9453,19.673766666666666,18.3843,3.091533446905165,25.041975,20.7928,11.029159632953304,23.7109,12.658283333333332,23.7109,2020.3816517999999,3442.3227002,413.7755751140468,18.307273703966167,0.07702629603383215,0.07702629603383215,17.400518046398794,0.03518195360120657,0.03518195360120657,23.316005865138596,-0.11470586513859615,0.11470586513859615,48.4593274052887,-7.3127274052886975,7.3127274052886975,7.3127274052886975,1.884910380015583,7.3127274052886975,0.34663121840013567,0.9468458670508747,3,980,0,Random_Forest,Set_D_Full_Stage5,981
TRN-0211,Valid,0.14671609162785826,Valid,1,0.4,29.5815,96.4859,33.6394,22.865,19.5361,19.4533,24.3634,21.8384,41.8311,False,None,False,False,False,False,False,False,False,False,False,False,False,False,0,False,0.08280000000000243,-4.8272999999999975,-2.302299999999999,-4.9101,-2.3851000000000013,2.5249999999999986,21.1176,19.5361,2.8112501116051547,21.297800000000002,20.68725,2.323497282115905,4.9101,2.8387666666666664,4.9101,2854.1976508499997,2206.1501034999997,306.5888065936259,19.79042070519992,-0.25432070519991967,0.25432070519991967,19.603359089342554,-0.1500590893425553,0.1500590893425553,24.628337562787838,-0.2649375627878392,0.2649375627878392,48.74991104918525,-26.91151104918525,26.91151104918525,26.91151104918525,6.895207101628891,26.91151104918525,0.12665912206326874,0.23054483066568815,1,981,0,Random_Forest,Set_D_Full_Stage5,982
TRN-0574,Valid,0.019646195969594125,Valid,3,0.4,26.7868,108.7878,45.2297,26.2494,19.1576,20.2134,23.4315,52.4351,56.3026,False,None,False,False,False,False,False,False,False,False,False,False,False,False,0,False,-1.0558000000000014,-4.273900000000001,-33.2775,-3.2180999999999997,-32.2217,-29.0036,20.934166666666666,20.2134,2.226248805352478,28.809399999999997,21.82245,15.85500938862331,33.2775,17.1751,33.2775,2914.07704104,2855.6144773200003,246.22979357705609,19.16343573258679,-0.005835732586792375,0.005835732586792375,20.072790962813123,0.14060903718687712,0.14060903718687712,23.581460921542075,-0.14996092154207474,0.14996092154207474,48.924604791732136,3.510495208267862,3.510495208267862,3.510495208267862,0.9517252248959016,3.510495208267862,0.5123672058157349,1.1550913399476077,1,982,0,Random_Forest,Set_D_Full_Stage5,983
TRN-0648,Valid,0.049592273466682435,Valid,2,0.4,12.2535,84.2097,34.1778,23.3351,10.7455,12.535,12.8661,49.7019,27.754,False,None,False,False,False,False,False,False,False,False,False,False,False,False,0,False,-1.7895000000000003,-2.1205999999999996,-38.9564,-0.3310999999999993,-37.1669,-36.835800000000006,12.048866666666667,12.535,1.1408243963613913,21.462125,12.70055,18.849545971609857,38.9564,19.533383333333333,38.9564,1031.86355895,1965.04177047,145.51172305426536,10.787103829735976,-0.041603829735976205,0.041603829735976205,12.58730354258004,-0.052303542580039775,0.052303542580039775,12.791141238689667,0.07495876131033263,0.07495876131033263,50.56171433699114,-0.8598143369911355,0.8598143369911355,0.8598143369911355,0.25717011765437103,0.8598143369911355,0.7954372967962369,1.8151223072634666,4,983,0,Random_Forest,Set_D_Full_Stage5,984
TRN-0665,Invalid,0.4575622300249998,Invalid,3,0.4,10.6599,55.4415,45.4533,57.3204,8.7772,10.33,10.7495,50.0292,15.8353,False,None,False,False,False,False,True,False,False,False,False,False,False,False,0,False,-1.5527999999999995,-1.9722999999999988,-41.252,-0.4194999999999993,-39.699200000000005,-39.279700000000005,9.952233333333332,10.33,1.0390007523256817,19.971474999999998,10.53975,20.05643278375212,41.252,20.69591666666667,41.252,591.00084585,3177.9289565999998,192.27290165798152,8.858077675425971,-0.08087767542597035,0.08087767542597035,10.250765954683962,0.0792340453160385,0.0792340453160385,11.01946148705626,-0.26996148705626055,0.26996148705626055,50.67660120538384,-0.6474012053838365,0.6474012053838365,0.6474012053838365,0.2693686032955265,0.6474012053838365,0.7877932362623485,2.06554495071348,4,984,1,Random_Forest,Set_D_Full_Stage5,985
TRN-0966,Valid,0.18119729476456092,Valid,2,0.4,10.2322,24.649,29.244,29.8759,6.378,6.8095,8.3687,35.6748,13.3057,False,None,False,False,False,False,False,False,False,False,False,False,False,False,0,False,-0.4314999999999998,-1.9907000000000004,-29.296799999999998,-1.5592000000000006,-28.865299999999998,-27.306099999999997,7.1854000000000005,6.8095,1.047233130682944,14.307749999999999,7.5891,14.270340205358337,29.296799999999998,14.908266666666664,29.296799999999998,252.21349780000003,736.4110591000001,415.11606348490267,6.5968978294884195,-0.2188978294884194,0.2188978294884194,6.727909178561029,0.08159082143897045,0.08159082143897045,8.584260435466948,-0.2155604354669478,0.2155604354669478,51.00644018860845,-15.331640188608453,15.331640188608453,15.331640188608453,3.961922318750698,15.331640188608453,0.20153479554105108,2.0476161188054594,4,985,0,Random_Forest,Set_D_Full_Stage5,986
TRN-0064,Valid,0.021757848206246364,Valid,3,0.4,29.9458,73.9712,26.1227,21.0852,18.5312,17.6543,23.3809,46.6224,26.9808,False,None,False,False,False,False,False,False,False,False,False,False,False,False,0,False,0.8768999999999991,-4.849700000000002,-28.0912,-5.726600000000001,-28.9681,-23.2415,19.85546666666667,18.5312,3.084436503371943,26.5472,20.956049999999998,13.618358162666551,28.9681,15.292333333333337,28.9681,2215.12676096,1559.6975462399998,404.8304739100523,18.67245547982457,-0.1412554798245722,0.1412554798245722,17.553142148824712,0.1011578511752873,0.1011578511752873,23.610936241897214,-0.2300362418972135,0.2300362418972135,48.12351887281034,-1.5011188728103377,1.5011188728103377,1.5011188728103377,0.4933921114268527,1.5011188728103377,0.669616500816089,1.0911918804273595,3,986,0,Random_Forest,Set_D_Full_Stage5,987
TRN-0499,Invalid,0.9183747831116252,Invalid,1,0.4,16.3503,36.5196,38.889,45.5942,10.4687,9.9585,24.1552,37.4683,17.1232,False,None,False,False,False,False,False,False,False,False,False,False,False,False,0,False,0.5101999999999993,-13.6865,-26.9996,-14.1967,-27.5098,-13.313099999999999,14.8608,10.4687,8.053227895074125,20.512675,17.31195,13.07712062149641,27.5098,16.035983333333334,27.5098,597.10641588,1665.0819463199998,447.7128863095745,10.381696579207478,0.08700342079252188,0.08700342079252188,10.288821578739535,-0.33032157873953416,0.33032157873953416,13.483665019127278,10.671534980872723,10.671534980872723,49.40530063312223,-11.937000633122231,11.937000633122231,11.937000633122231,5.756465153381752,11.937000633122231,0.14800638755599577,1.3411116097185716,4,987,1,Random_Forest,Set_D_Full_Stage5,988
TRN-0334,Valid,0.2798807626758089,Valid,1,0.4,14.8769,107.2819,28.9216,39.1291,13.3181,15.2609,15.5173,60.8696,45.5134,False,None,False,False,False,False,False,False,False,False,False,False,False,False,0,False,-1.9428,-2.199200000000001,-47.5515,-0.25640000000000107,-45.6087,-45.3523,14.698766666666666,15.2609,1.2025454558283168,26.241475,15.3891,23.106287882792856,47.5515,23.818483333333333,47.5515,1596.02209811,4197.84419329,138.671095620874,13.498765676199037,-0.1806656761990375,0.1806656761990375,15.422826353890276,-0.16192635389027643,0.16192635389027643,15.810431318143896,-0.2931313181438959,0.2931313181438959,49.8594414030249,11.010158596975096,11.010158596975096,11.010158596975096,2.9114704863020764,11.010158596975096,0.2556583268369244,1.8120735164187542,2,988,0,Random_Forest,Set_D_Full_Stage5,989
TRN-0352,Valid,0.10947372991955684,Valid,4,0.4,10.5874,42.421,34.8628,33.0266,7.567,8.2445,9.545,51.1579,15.1699,False,None,False,False,False,False,False,False,False,False,False,False,False,False,0,False,-0.6775000000000002,-1.9779999999999998,-43.5909,-1.3004999999999995,-42.913399999999996,-41.612899999999996,8.452166666666667,8.2445,1.0052189230875697,19.1286,8.89475,21.36863491834079,43.5909,22.012199999999996,43.5909,449.1280954,1401.0213986,249.5791590063509,7.7944735541543295,-0.22747355415432935,0.22747355415432935,8.582363702694673,-0.3378637026946727,0.3378637026946727,9.794052809514268,-0.2490528095142679,0.2490528095142679,51.10702236877164,0.05087763122836009,0.05087763122836009,0.3378637026946727,0.2163169243979075,0.3378637026946727,0.822154144155326,2.2788325968274745,4,989,0,Random_Forest,Set_D_Full_Stage5,990
TRN-0448,Valid,0.06270925321161074,Valid,1,0.4,30.1259,65.5198,38.2584,11.9638,18.4846,17.4073,23.6323,39.9026,28.5721,False,None,False,False,False,False,False,False,False,False,False,False,False,False,0,False,1.077300000000001,-5.1477,-21.418,-6.225000000000001,-22.4953,-16.2703,19.8414,18.4846,3.326910868959372,24.8567,21.05845,10.391911613365464,22.4953,12.1056,22.4953,1973.8429428200002,783.8657832400002,459.7983419060586,18.216044615051608,0.2685553849483924,0.2685553849483924,17.212225520316665,0.1950744796833348,0.1950744796833348,23.327751791604587,0.3045482083954134,0.3045482083954134,48.851053756287094,-8.948453756287094,8.948453756287094,8.948453756287094,2.4291579573285587,8.948453756287094,0.29161677952538445,0.9049990928002942,3,990,0,Random_Forest,Set_D_Full_Stage5,991
TRN-0701,Valid,0.09495672882857559,Valid,5,0.4,8.0832,102.2184,27.279,41.7623,9.837,12.5588,11.2025,50.148,38.0511,False,None,False,False,False,False,False,False,False,False,False,False,False,False,0,False,-2.7218,-1.3655000000000008,-40.31100000000001,1.3562999999999992,-37.589200000000005,-38.9455,11.199433333333333,11.2025,1.3609025914198758,20.936575,11.88065,19.505958455196026,40.31100000000001,20.381550000000004,40.31100000000001,826.25177088,4268.87548632,79.07773169236343,9.98518196626529,-0.148181966265291,0.148181966265291,12.610558471238384,-0.05175847123838473,0.05175847123838473,11.186679560394026,0.015820439605974457,0.015820439605974457,49.3840605550261,0.7639394449739001,0.7639394449739001,0.7639394449739001,0.24492508052088757,0.7639394449739001,0.8032611886826083,1.9253856347632627,2,991,0,Random_Forest,Set_D_Full_Stage5,992
TRN-0077,Invalid,0.9852500000000001,Invalid,5,0.4,28.6141,92.9727,24.1137,57.8035,1.0,18.8709,24.1812,38.1393,36.4665,False,None,False,False,False,False,False,False,False,False,False,False,False,False,0,False,-17.8709,-23.1812,-37.1393,-5.310300000000002,-19.2684,-13.958099999999998,14.684033333333332,18.8709,12.144521304824384,20.547849999999997,21.526049999999998,15.357852999361596,37.1393,19.4547,37.1393,2660.3301350700003,5374.14746445,307.7688065670023,19.533065277446205,-18.533065277446205,18.533065277446205,18.956203044867983,-0.08530304486798457,0.08530304486798457,24.265344236228138,-0.08414423622813771,0.08414423622813771,47.39423250741138,-9.254932507411382,9.254932507411382,18.533065277446205,6.9893612664884275,18.533065277446205,0.1251664515653491,1.807453428240216,1,992,1,Random_Forest,Set_D_Full_Stage5,993
TRN-0900,Valid,0.11091705093144436,Valid,1,0.4,14.0411,33.1688,32.8892,5.0829,8.7505,8.8766,11.533,55.739,15.1575,False,None,False,False,False,False,False,False,False,False,False,False,False,False,0,False,-0.1260999999999992,-2.782499999999999,-46.988499999999995,-2.6563999999999997,-46.862399999999994,-44.205999999999996,9.720033333333333,8.8766,1.5713406388601205,21.224775,10.204799999999999,23.045225048496125,46.988499999999995,23.93698333333333,46.988499999999995,465.72643767999995,168.59369352,423.32239233183225,8.598238800796995,0.1522611992030054,0.1522611992030054,8.666889343169185,0.2097106568308149,0.2097106568308149,11.099229616576729,0.4337703834232709,0.4337703834232709,50.46470198653338,5.27429801346662,5.27429801346662,5.27429801346662,1.5175100632309277,5.27429801346662,0.3972178759502624,2.213850458320308,4,993,0,Random_Forest,Set_D_Full_Stage5,994
TRN-0034,Valid,0.13847815451347104,Valid,1,0.4,11.1801,81.6207,24.0033,51.6781,10.9195,12.251,12.6476,57.4131,23.8279,False,None,False,False,False,False,False,False,False,False,False,False,False,False,0,False,-1.3315000000000001,-1.7281000000000013,-46.4936,-0.3966000000000012,-45.1621,-44.7655,11.939366666666666,12.251,0.9052175999909272,23.3078,12.449300000000001,22.748876567572882,46.4936,23.312900000000003,46.4936,912.52758807,4218.00269667,136.9762649700058,10.442021228708045,0.4774787712919544,0.4774787712919544,11.913988342315587,0.3370116576844122,0.3370116576844122,12.282634699341315,0.36496530065868527,0.36496530065868527,49.87597179420019,7.53712820579981,7.53712820579981,7.53712820579981,2.1791459838587155,7.53712820579981,0.31454988386102406,1.9947648449167896,4,994,0,Random_Forest,Set_D_Full_Stage5,995
TRN-0239,Valid,0.04896261417941297,Valid,2,0.4,16.2927,22.5266,18.0,56.5085,9.3918,8.2446,12.2663,53.6154,14.4998,False,None,False,False,False,False,False,False,False,False,False,False,False,False,0,False,1.1471999999999998,-2.8744999999999994,-44.223600000000005,-4.021699999999999,-45.3708,-41.3491,9.967566666666668,9.3918,2.0717500243353038,20.879525,10.829049999999999,21.88937575132055,45.3708,23.164483333333333,45.3708,367.01913582,1272.9443760999998,723.2646190438776,9.690788691138222,-0.2989886911382218,0.2989886911382218,8.516237409720233,-0.271637409720233,0.271637409720233,12.702633951074727,-0.4363339510747277,0.4363339510747277,50.173339248486734,3.4420607515132673,3.4420607515132673,3.4420607515132673,1.1122552008616124,3.4420607515132673,0.47342764245157914,2.1729794269843654,4,995,0,Random_Forest,Set_D_Full_Stage5,996
TRN-0535,Invalid,0.8177779676463885,Invalid,5,0.4,26.1926,94.0394,24.7273,10.6431,17.7601,8.933,21.8885,29.1698,35.5601,False,None,False,False,False,False,False,False,False,False,False,False,False,False,0,False,8.827100000000002,-4.128399999999999,-11.409699999999997,-12.9555,-20.2368,-7.281299999999998,16.19386666666667,17.7601,6.618236940706591,19.43785,19.8243,8.443602209365384,20.2368,10.806466666666667,20.2368,2463.13638844,1000.8707381400001,278.5279065447135,17.865749481561313,-0.10564948156131138,0.10564948156131138,17.8313726250944,-8.8983726250944,8.8983726250944,21.994102008723722,-0.1056020087237215,0.1056020087237215,48.37973557258704,-19.20993557258704,19.20993557258704,19.20993557258704,7.079889921991618,19.20993557258704,0.1237640623392935,1.0411022612571548,1,996,1,Random_Forest,Set_D_Full_Stage5,997
TRN-0373,Valid,0.24943688114991722,Valid,5,0.4,22.3964,35.4825,35.1415,9.346,13.1843,12.0804,17.3384,57.9593,18.6685,False,None,False,False,False,False,False,False,False,False,False,False,False,False,0,False,1.1039000000000012,-4.1541,-44.775,-5.258000000000001,-45.8789,-40.6209,14.201033333333333,13.1843,2.772535122109968,25.1406,15.26135,21.99593392925156,45.8789,23.631800000000002,45.8789,794.6802630000001,331.61944500000004,631.1954819430756,12.812451410546524,0.3718485894534762,0.3718485894534762,11.881252747420799,0.19914725257920018,0.19914725257920018,16.749256977831017,0.5891430221689831,0.5891430221689831,49.9353264741229,8.023973525877096,8.023973525877096,8.023973525877096,2.296028097519689,8.023973525877096,0.3033954718870616,1.8248920770021095,4,997,0,Random_Forest,Set_D_Full_Stage5,998
TRN-0539,Valid,0.06519260379481388,Valid,3,0.4,9.3981,58.666,37.814,54.2995,7.9371,9.6094,9.7017,51.1548,16.8214,False,None,False,False,False,False,False,False,False,False,False,False,False,False,0,False,-1.6723000000000008,-1.7646000000000006,-43.2177,-0.09229999999999983,-41.5454,-41.4531,9.082733333333335,9.6094,0.9932203297019923,19.60075,9.655550000000002,21.051659225581247,43.2177,21.624233333333336,43.2177,551.3489345999999,3185.534467,160.19667947419637,8.381410650627904,-0.4443106506279042,0.4443106506279042,9.814724169843812,-0.20532416984381108,0.20532416984381108,10.217848859168361,-0.5161488591683607,0.5161488591683607,50.07132625791814,1.083473742081864,1.083473742081864,1.083473742081864,0.562314355430485,1.083473742081864,0.6400760490512531,2.204899197786208,4,998,0,Random_Forest,Set_D_Full_Stage5,999
TRN-0141,Valid,0.08553827296716256,Valid,1,0.4,16.714,29.6168,30.5975,6.9082,9.8028,9.156,12.851,54.5636,15.9219,False,None,False,False,False,False,False,False,False,False,False,False,False,False,0,False,0.6467999999999989,-3.0482000000000014,-44.7608,-3.6950000000000003,-45.4076,-41.7126,10.603266666666668,9.8028,1.973275554334299,21.59335,11.3269,22.03913801180376,45.4076,23.211833333333335,45.4076,495.0151952,204.59877776000002,564.3416694775703,9.706334187177767,0.09646581282223288,0.09646581282223288,9.232875588261685,-0.07687558826168406,0.07687558826168406,12.664261706207789,0.18673829379221196,0.18673829379221196,50.15210173173522,4.411498268264779,4.411498268264779,4.411498268264779,1.192894490785227,4.411498268264779,0.45601829189781135,2.1028501354119973,4,999,0,Random_Forest,Set_D_Full_Stage5,1000
