Applied_Voltage_kV,Load_Current_A,Ambient_Temperature_C,Test_Duration_min,Sensor_S1,Sensor_S2,Sensor_S3,Sensor_S4,missing_any,missing_critical_measurement,non_finite_value,duplicate_full_row,duplicate_test_id,duplicate_measurement_pair,malformed_numeric,invalid_voltage,invalid_current,invalid_duration,invalid_ambient_temp,sensor_s2_negative,sensor_zero_reading,data_quality_issue_count,data_quality_issue,S1_minus_S2,S1_minus_S3,S1_minus_S4,S2_minus_S3,S2_minus_S4,S3_minus_S4,sensor_mean_S1_S2_S3,sensor_median_S1_S2_S3,sensor_std_S1_S2_S3,sensor_mean_S1_S2_S3_S4,sensor_median_S1_S2_S3_S4,sensor_std_S1_S2_S3_S4,max_minus_min_sensors,pairwise_abs_diff_mean,pairwise_abs_diff_max,Apparent_Power_kVA,Thermal_Loading_Index,Apparent_Impedance_Proxy,Sensor_S1_Expected,Sensor_S1_Residual,Sensor_S1_AbsResidual,Sensor_S2_Expected,Sensor_S2_Residual,Sensor_S2_AbsResidual,Sensor_S3_Expected,Sensor_S3_Residual,Sensor_S3_AbsResidual,Sensor_S4_Expected,Sensor_S4_Residual,Sensor_S4_AbsResidual,p1_max_abs_residual,p1_mean_abs_residual,p1_residual_error,p1_consistency_index,p1_sensor_disagreement_index,p1_regime_cluster
16.7196,93.1228,33.3421,19.9546,13.6343,15.1361,16.5062,62.9115,False,False,False,False,False,False,False,False,False,False,False,False,False,0,False,-1.5018000000000011,-2.8719,-49.27719999999999,-1.370099999999999,-47.7754,-46.4053,15.0922,15.1361,1.4364532049461272,27.047024999999998,15.82115,23.938399312871777,49.27719999999999,24.86695,49.27719999999999,1556.97596688,1858.22822488,179.543551144988,13.382705676978931,0.25159432302106843,0.25159432302106843,14.833459332488696,0.30264066751130514,0.30264066751130514,16.05484401646555,0.45135598353444806,0.45135598353444806,49.80627180301347,13.105228196986523,13.105228196986523,13.105228196986523,3.5277047927633363,13.105228196986523,0.2208624558735162,1.821907650875595,2
21.4477,82.523,34.4915,47.0553,15.6466,15.9849,19.3289,39.8667,False,False,False,False,False,False,False,False,False,False,False,False,False,0,False,-0.33830000000000027,-3.6823000000000015,-24.220100000000002,-3.344000000000001,-23.881800000000002,-20.5378,16.9868,15.9849,2.035358943773801,22.706775,17.6569,11.560027970950879,24.220100000000002,12.667383333333335,24.220100000000002,1769.9285471,3883.1445219,259.8996328417977,15.392954507884394,0.2536454921156057,0.2536454921156057,15.837314833336618,0.14758516666338117,0.14758516666338117,19.048764250075628,0.28013574992437285,0.28013574992437285,48.93113633620836,-9.06443633620836,9.06443633620836,9.06443633620836,2.43645068622793,9.06443633620836,0.29099791945440795,1.0666459386478535,4
19.2432,107.3619,29.4673,5.2763,15.108,16.6481,18.3834,44.539,False,False,False,False,False,False,False,False,False,False,False,False,False,0,False,-1.540099999999999,-3.275400000000001,-29.431,-1.7353000000000023,-27.890900000000002,-26.1556,16.713166666666666,16.6481,1.6386691378473373,23.669625,17.51575,13.977102985567742,29.431,15.004716666666667,29.431,2065.9865140800002,566.47359297,179.23675165615066,15.202748546108243,-0.09474854610824224,0.09474854610824224,16.665029284186986,-0.016929284186986138,0.016929284186986138,18.11434522975223,0.26905477024777014,0.26905477024777014,49.60801453738419,-5.0690145373841915,5.0690145373841915,5.0690145373841915,1.3624367844817975,5.0690145373841915,0.4232917496750504,1.2434074289696484,2
22.7191,69.969,26.9695,20.3051,14.9296,14.7026,18.6269,44.2673,False,False,False,False,False,False,False,False,False,False,False,False,False,0,False,0.2270000000000003,-3.6972999999999985,-29.337699999999998,-3.924299999999999,-29.5647,-25.6404,16.086366666666667,14.9296,2.2030920233465805,23.1316,16.77825,14.204822908435007,29.5647,15.398566666666667,29.5647,1589.6327079,1420.7275418999998,324.7023217850303,14.983998633206848,-0.05439863320684779,0.05439863320684779,14.742739887543268,-0.04013988754326725,0.04013988754326725,18.737536560817386,-0.11063656081738671,0.11063656081738671,49.277246196561165,-5.009946196561167,5.009946196561167,5.009946196561167,1.303780319532167,5.009946196561167,0.43406916515506644,1.2781081818342952,4
13.5008,108.8999,35.5415,29.1939,12.6845,15.2455,14.6132,44.072,False,False,False,False,False,False,False,False,False,False,False,False,False,0,False,-2.561,-1.928700000000001,-31.387500000000003,0.632299999999999,-28.826500000000003,-29.458800000000004,14.181066666666666,14.6132,1.334066963586661,21.6538,14.92935,14.985108063007088,31.387500000000003,15.799133333333335,31.387500000000003,1470.23576992,3179.21279061,123.9743907960989,12.818712284227347,-0.1342122842273472,0.1342122842273472,15.208226939079502,0.03727306092049787,0.03727306092049787,14.917609278691682,-0.304409278691681,0.304409278691681,49.802852034660326,-5.730852034660323,5.730852034660323,5.730852034660323,1.5516866646249623,5.730852034660323,0.39189764709883623,1.4495139654407239,2
13.4841,75.9719,25.2769,59.8003,11.3356,12.4198,13.764,,True,False,False,False,False,False,False,False,False,False,False,False,False,1,True,-1.084200000000001,-2.4284,,-1.344199999999999,,,12.506466666666668,12.4198,1.2165175598129823,12.506466666666668,12.4198,1.2165175598129823,2.4284,1.6189333333333333,2.4284,1024.4126967900002,4543.14241157,177.4879689085084,11.341103893781645,-0.005503893781645175,0.005503893781645175,12.341365047032705,0.07843495296729586,0.07843495296729586,13.651704525810393,0.11229547418960628,0.11229547418960628,49.12712728844647,,,0.11229547418960628,0.06541144031284911,0.11229547418960628,0.9386045260658721,0.1941713933287366,4
21.5217,69.0397,30.813,17.2425,14.6484,14.5557,18.4782,54.8324,False,False,False,False,False,False,False,False,False,False,False,False,False,0,False,0.09270000000000067,-3.8298000000000005,-40.184,-3.922500000000001,-40.2767,-36.3542,15.8941,14.6484,2.2383761815208816,25.628675,16.5633,19.554744190157535,40.2767,20.77665,40.2767,1485.8517114899998,1190.4170272499998,311.729293185038,14.326145552205421,0.32225444779457924,0.32225444779457924,14.346659843474319,0.2090401565256812,0.2090401565256812,17.910805589098644,0.5673944109013576,0.5673944109013576,49.5994907944135,5.232909205586502,5.232909205586502,5.232909205586502,1.58289955520203,5.232909205586502,0.38716178412202396,1.571547662316658,4
27.5517,31.9359,38.4775,36.8148,15.6381,13.8904,20.6009,46.5897,False,False,False,False,False,False,False,False,False,False,False,False,False,0,False,1.7477,-4.9628,-30.9516,-6.7105,-32.6993,-25.9888,16.7098,15.6381,3.4812509576300297,24.179775,18.1195,15.20794238183347,32.6993,17.176783333333333,32.6993,879.88833603,1175.71377132,862.7184883724935,15.41906958049331,0.219030419506689,0.219030419506689,13.696179251429383,0.19422074857061666,0.19422074857061666,20.398964227316572,0.20193577268342722,0.20193577268342722,49.28818694051213,-2.698486940512126,2.698486940512126,2.698486940512126,0.8284184703182147,2.698486940512126,0.5469207493982282,1.352340395086226,3
27.0232,98.1134,49.9673,29.2064,18.5386,19.0188,22.7145,43.2755,False,False,False,False,False,False,False,False,False,False,False,False,False,0,False,-0.48019999999999996,-4.175900000000002,-24.736900000000002,-3.695700000000002,-24.256700000000002,-20.561,20.090633333333333,19.0188,2.2849847315317753,25.886850000000003,20.86665,11.74160469172194,24.736900000000002,12.9844,24.736900000000002,2651.3380308799997,2865.5392057599997,275.4282008952701,18.744025882601534,-0.20542588260153494,0.20542588260153494,19.431170863227102,-0.41237086322710326,0.41237086322710326,23.3337256103291,-0.6192256103290994,0.6192256103290994,49.18789994629721,-5.9123999462972066,5.9123999462972066,5.9123999462972066,1.787355575613736,5.9123999462972066,0.3587629826452315,0.9555774628518098,1
23.8796,37.0768,27.7869,13.8211,4.7556,12.2665,17.5003,34.8471,False,False,False,False,False,False,False,False,False,False,False,False,False,0,False,-7.5109,-12.744699999999998,-30.091499999999996,-5.233799999999999,-22.580599999999997,-17.346799999999998,11.507466666666668,12.2665,6.406164470518481,17.342375,14.8834,12.788429008906188,30.091499999999996,15.91805,30.091499999999996,885.37915328,512.44216048,644.0575659017051,13.650517181148846,-8.894917181148845,8.894917181148845,12.324053352324805,-0.05755335232480441,0.05755335232480441,17.774340720507958,-0.27404072050795847,0.27404072050795847,49.70046645113769,-14.853366451137695,14.853366451137695,14.853366451137695,6.019969426279825,14.853366451137695,0.14245076285609148,1.7351419657676839,4
27.3166,35.2106,18.0,41.4065,15.4562,13.3195,20.1433,61.2734,False,False,False,False,False,False,False,False,False,False,False,False,False,0,False,2.136700000000001,-4.687099999999999,-45.8172,-6.8238,-47.953900000000004,-41.1301,16.30633333333333,15.4562,3.490430721749586,27.548099999999998,17.79975,22.66343624063512,47.953900000000004,24.758133333333333,47.953900000000004,961.83387596,1457.9477089,775.8059289515292,15.51278590203199,-0.056585902031988766,0.056585902031988766,13.276584071878927,0.042915928121072255,0.042915928121072255,20.239525786404446,-0.09622578640444601,0.09622578640444601,48.45397329615158,12.819426703848421,12.819426703848421,12.819426703848421,3.253788580101482,12.819426703848421,0.23508455607733642,1.740732848823386,3
17.7127,48.0925,30.733,23.2218,11.7089,11.4861,14.8118,65.0676,False,False,False,False,False,False,False,False,False,False,False,False,False,0,False,0.22279999999999944,-3.1029,-53.3587,-3.3256999999999994,-53.5815,-50.2558,12.668933333333333,11.7089,1.8591175657642882,25.7686,13.260349999999999,26.243271122200703,53.5815,27.3079,53.5815,851.8480247500001,1116.7944165000001,368.3047526527519,11.409393635579482,0.2995063644205178,0.2995063644205178,11.300576470536594,0.18552352946340633,0.18552352946340633,14.500034682002216,0.31176531799778395,0.31176531799778395,50.041484435294684,15.026115564705314,15.026115564705314,15.026115564705314,3.9557276941467556,15.026115564705314,0.20178671261157205,2.0793321797334046,4
10.2728,88.373,37.5953,58.4948,10.6857,12.8873,12.4997,83.903,False,False,False,False,False,False,False,False,False,False,False,False,False,0,False,-2.201599999999999,-1.814,-73.21730000000001,0.38759999999999906,-71.01570000000001,-71.4033,12.024233333333333,12.4997,1.1752923267567659,29.993925,12.6935,35.95219254902961,73.21730000000001,36.67325,73.21730000000001,907.8381544,5169.3609604,116.24363592458828,10.483540713147814,0.20215928685218643,0.20215928685218643,12.66610226419981,0.22119773580019064,0.22119773580019064,12.303459999560616,0.19624000043938494,0.19624000043938494,49.747552879900574,34.15544712009943,34.15544712009943,34.15544712009943,8.693761035797799,34.15544712009943,0.10315913465445765,2.441070169685972,2
30.7232,28.9017,38.9336,45.1598,17.0465,14.7144,22.609,53.4406,False,False,False,False,False,False,False,False,False,False,False,False,False,0,False,2.3321000000000023,-5.5625,-36.3941,-7.894600000000002,-38.726200000000006,-30.8316,18.1233,17.0465,4.05595869924732,26.952625,19.82775,17.966499950440173,38.726200000000006,20.290183333333335,38.726200000000006,887.95270944,1305.19499166,1063.0236065616878,16.875637238488725,0.17086276151127677,0.17086276151127677,14.62135114731141,0.09304885268858953,0.09304885268858953,22.44701706966727,0.16198293033273004,0.16198293033273004,48.86267972926423,4.577920270735774,4.577920270735774,4.577920270735774,1.2509537038170926,4.577920270735774,0.44425613832227345,1.4368242659762211,3
27.8122,59.7061,25.295,56.0876,17.8995,16.2175,22.741,53.7565,False,False,False,False,False,False,False,False,False,False,False,False,False,0,False,1.6819999999999986,-4.8415,-35.857,-6.5234999999999985,-37.539,-31.015500000000003,18.95266666666667,17.8995,3.386869215563738,27.653625,20.32025,17.62027125394215,37.539,19.576416666666667,37.539,1660.55799442,3348.77185436,465.81832244639617,17.287182890752433,0.6123171092475665,0.6123171092475665,15.885145911954519,0.3323540880454825,0.3323540880454825,22.09070106088604,0.6502989391139593,0.6502989391139593,48.07438939931837,5.682110600681632,5.682110600681632,5.682110600681632,1.8192701842721601,5.682110600681632,0.35470172585043175,1.3574707267236297,3
30.2039,105.7357,25.4332,14.8461,20.5299,20.3649,25.1377,39.4088,False,False,False,False,False,False,False,False,False,False,False,False,False,0,False,0.1650000000000027,-4.6077999999999975,-18.878899999999998,-4.7728,-19.0439,-14.2711,22.010833333333334,20.5299,2.7092023943096852,26.360325,22.8338,8.97582843581397,19.0439,10.289916666666668,19.0439,3193.63050923,1569.76277577,285.6546761732626,20.489804355757887,0.04009564424211476,0.04009564424211476,20.270119603328645,0.09478039667135363,0.09478039667135363,25.25446067563346,-0.11676067563346137,0.11676067563346137,48.26919998731543,-8.860399987315432,8.860399987315432,8.860399987315432,2.2780091759655905,8.860399987315432,0.30506320950289406,0.7224452951754976,1
13.8779,70.3753,33.7208,28.7584,10.7783,12.0405,12.8023,60.3125,False,False,False,False,False,False,False,False,False,False,False,False,False,0,False,-1.2622,-2.024000000000001,-49.5342,-0.7618000000000009,-48.272,-47.5102,11.8737,12.0405,1.0222576387584497,23.9834,12.4214,24.233778288716486,49.5342,24.894066666666664,49.5342,976.6613758699999,2023.88102752,197.19842086663633,10.8656580078067,-0.08735800780670111,0.08735800780670111,12.007932085226331,0.032567914773668605,0.032567914773668605,13.233823179886496,-0.43152317988649536,0.43152317988649536,50.13306161681889,10.179438383181107,10.179438383181107,10.179438383181107,2.682721871411993,10.179438383181107,0.2715382901333762,2.065352675036619,4
29.8252,29.6371,52.0927,40.8807,16.4051,14.7736,21.9869,50.5573,False,False,False,False,False,False,False,False,False,False,False,False,False,0,False,1.6315000000000008,-5.581799999999998,-34.15219999999999,-7.2132999999999985,-35.783699999999996,-28.5704,17.721866666666667,16.4051,3.782635333115436,25.930725,19.195999999999998,16.705696850351178,35.783699999999996,18.822149999999997,35.783699999999996,883.93243492,1211.58539397,1006.3464352630873,16.452126674362525,-0.047026674362523835,0.047026674362523835,14.75779833968943,0.015801660310570398,0.015801660310570398,21.98729080104871,-0.0003908010487130298,0.0003908010487130298,49.49324468794847,1.0640553120515293,1.0640553120515293,1.0640553120515293,0.28181861194333413,1.0640553120515293,0.7801415821883911,1.3799724535382432,3
18.9717,104.0403,31.8576,48.305,15.2581,16.7679,18.2016,48.5457,False,False,False,False,False,False,False,False,False,False,False,False,False,0,False,-1.5098000000000003,-2.9434999999999985,-33.2876,-1.4336999999999982,-31.777799999999996,-30.344099999999997,16.742533333333334,16.7679,1.4719139456277093,24.693325,17.48475,15.946934071554317,33.2876,16.882749999999998,33.2876,1973.8213595099999,5025.6666915,182.34951433727943,15.401623663662932,-0.1435236636629309,0.1435236636629309,16.733120128598685,0.03477987140131589,0.03477987140131589,18.491734438560762,-0.29013443856076293,0.29013443856076293,48.80381261799551,-0.2581126179955149,0.2581126179955149,0.29013443856076293,0.18163764790513115,0.29013443856076293,0.8462831239109994,1.3480398658180435,2
22.8334,18.3011,31.7408,26.9067,12.3229,10.8597,16.5175,28.9254,False,False,False,False,False,False,False,False,False,False,False,False,False,0,False,1.4632000000000005,-4.194599999999998,-16.6025,-5.657799999999998,-18.0657,-12.407900000000001,13.233366666666667,12.3229,2.936730728775338,17.156375,14.4202,8.204240922585912,18.0657,9.73195,18.0657,417.87633674000006,492.4222073700001,1247.6510987584907,12.271523457389524,0.05137654261047686,0.05137654261047686,10.607420322862156,0.25227967713784416,0.25227967713784416,16.425505789280198,0.0919942107198004,0.0919942107198004,49.85067505719926,-20.92527505719926,20.92527505719926,20.92527505719926,5.330231371916845,20.92527505719926,0.15797210895582034,1.0530015501517365,4
31.5596,18.2128,38.845,24.4453,16.4547,13.878,22.1,70.4553,False,False,False,False,False,False,False,False,False,False,False,False,False,0,False,2.576699999999999,-5.645300000000002,-54.00059999999999,-8.222000000000001,-56.577299999999994,-48.35529999999999,17.477566666666664,16.4547,4.205355295731068,30.721999999999998,19.27735,26.710486069332397,56.577299999999994,29.229533333333332,56.577299999999994,574.78868288,445.21735984000003,1732.8243143150341,16.442291668748602,0.012408331251396731,0.012408331251396731,13.824006029127643,0.05399397087235691,0.05399397087235691,22.12990071402658,-0.0299007140265779,0.0299007140265779,49.35614969836266,21.099150301637337,21.099150301637337,21.099150301637337,5.298863329446917,21.099150301637337,0.15875880261205902,1.8415884898156076,3
16.2048,93.1196,42.8621,12.8741,13.1151,14.8764,15.7166,32.2974,False,False,False,False,False,False,False,False,False,False,False,False,False,0,False,-1.7613000000000003,-2.6014999999999997,-19.182300000000005,-0.8401999999999994,-17.421000000000003,-16.580800000000004,14.569366666666667,14.8764,1.3276492998278322,19.001375000000003,15.2965,8.930055612508806,19.182300000000005,9.731183333333336,19.182300000000005,1508.9844940799999,1198.83104236,174.02134738322033,13.064423463300688,0.050676536699311825,0.050676536699311825,14.899382093714108,-0.02298209371410742,0.02298209371410742,15.719568975324266,-0.002968975324266765,0.002968975324266765,50.34382156654516,-18.046421566545156,18.046421566545156,18.046421566545156,4.53076229307071,18.046421566545156,0.1808069027397658,1.0095211480636808,2
22.6926,50.8001,43.6073,31.9818,14.0837,13.6443,18.1982,49.2786,False,False,False,False,False,False,False,False,False,False,False,False,False,0,False,0.4394000000000009,-4.1145,-35.1949,-4.5539000000000005,-35.634299999999996,-31.080399999999997,15.308733333333334,14.0837,2.511977568238485,23.8012,16.14095,17.10832101269243,35.634299999999996,18.502899999999997,35.634299999999996,1152.78634926,1624.67863818,446.70375713753367,14.074408230383675,0.009291769616325496,0.009291769616325496,13.739276610409997,-0.09497661040999716,0.09497661040999716,18.158468069321607,0.03973193067839276,0.03973193067839276,49.8146781486745,-0.5360781486745054,0.5360781486745054,0.5360781486745054,0.1700196148448052,0.5360781486745054,0.8546865260311408,1.4971633795088566,4
26.4931,101.8024,42.852,30.4912,18.56,19.2644,22.9828,68.2684,False,False,False,False,False,False,False,False,False,False,False,False,False,0,False,-0.7043999999999997,-4.422800000000002,-49.7084,-3.7184000000000026,-49.004000000000005,-45.2856,20.269066666666664,19.2644,2.3764061717924694,32.2689,21.1236,24.077974810463882,49.7084,25.473933333333335,49.7084,2697.06116344,3104.0773388800003,260.2404009885424,18.698177342781303,-0.13817734278130445,0.13817734278130445,19.344109535132297,-0.07970953513229873,0.07970953513229873,23.108108014728174,-0.12530801472817288,0.12530801472817288,48.91820530743498,19.35019469256502,19.35019469256502,19.35019469256502,4.923347396301699,19.35019469256502,0.16882345962425907,1.540442487831166,1
31.1979,55.0224,21.7758,25.6304,18.3841,16.3698,23.7608,30.0802,False,False,False,False,False,False,False,False,False,False,False,False,False,0,False,2.0142999999999986,-5.3767,-11.696100000000001,-7.390999999999998,-13.7104,-6.319400000000002,19.504900000000003,18.3841,3.820846075151418,22.148725000000002,21.07245,6.1393663361267725,13.7104,7.751316666666667,13.7104,1716.58333296,1410.24612096,567.0035172941352,18.290753835813106,0.09334616418689379,0.09334616418689379,16.285980310085243,0.0838196899147583,0.0838196899147583,23.527964729315368,0.23283527068463172,0.23283527068463172,48.36353915426179,-18.283339154261785,18.283339154261785,18.283339154261785,4.673335069762017,18.283339154261785,0.17626316579287596,0.6190150362989127,3
14.229,84.784,39.199,37.0993,11.9475,13.5096,14.4506,42.1564,False,False,False,False,False,False,False,False,False,False,False,False,False,0,False,-1.562100000000001,-2.5031,-30.2089,-0.940999999999999,-28.6468,-27.705799999999996,13.302566666666666,13.5096,1.2643276882728358,20.516025,13.9801,14.463803355589658,30.2089,15.261283333333333,30.2089,1206.391536,3145.4270512000003,167.8264568991252,11.936188265051303,0.011311734948696639,0.011311734948696639,13.598415335709815,-0.08881533570981404,0.08881533570981404,14.370693056050037,0.0799069439499629,0.0799069439499629,49.95250307665152,-7.796103076651519,7.796103076651519,7.796103076651519,1.9940342728149982,7.796103076651519,0.3339975126803734,1.4724531323913224,4
20.0873,84.2981,33.9545,11.1637,14.4518,15.2547,17.5092,45.2027,False,False,False,False,False,False,False,False,False,False,False,False,False,0,False,-0.8028999999999993,-3.0573999999999995,-30.7509,-2.2545,-29.948,-27.6935,15.738566666666665,15.2547,1.585092711273802,23.104599999999998,16.38195,14.788806607476255,30.7509,15.751199999999999,30.7509,1693.32122413,941.0786989700001,238.288853688416,14.411278097620869,0.04052190237913145,0.04052190237913145,15.193893018099788,0.060806981900212165,0.060806981900212165,17.67202928064865,-0.16282928064865132,0.16282928064865132,49.80924481941334,-4.606544819413337,4.606544819413337,4.606544819413337,1.217675746085333,4.606544819413337,0.45092254887361766,1.3309421799372507,4
30.7015,55.1126,37.3272,53.9099,18.3063,16.9658,23.7367,31.425,False,False,False,False,False,False,False,False,False,False,False,False,False,0,False,1.3404999999999987,-5.430399999999999,-13.1187,-6.7708999999999975,-14.4592,-7.688300000000002,19.6696,18.3063,3.5854165546000356,22.60845,21.0215,6.5663915917851465,14.4592,8.134666666666666,14.4592,1692.0394889,2971.11475474,557.0685184388835,18.41348267457179,-0.10718267457178854,0.10718267457178854,16.861064760241497,0.1047352397585044,0.1047352397585044,23.846865296405223,-0.11016529640522421,0.11016529640522421,48.33016024605712,-16.905160246057118,16.905160246057118,16.905160246057118,4.306810864198159,16.905160246057118,0.18843709067274186,0.6395482045216702,3
27.1839,35.792,32.8674,28.726,15.6886,13.7668,20.7464,46.0688,False,False,False,False,False,False,False,False,False,False,False,False,False,0,False,1.9217999999999993,-5.057800000000002,-30.380200000000002,-6.979600000000001,-32.30200000000001,-25.322400000000002,16.733933333333333,15.6886,3.6053079443139584,24.06765,18.2175,14.959916360171718,32.30200000000001,16.99396666666667,32.30200000000001,972.9661488,1028.160992,759.4963233414385,15.351576315704907,0.337023684295092,0.337023684295092,13.647576104991563,0.119223895008437,0.119223895008437,20.15457734283381,0.5918226571661904,0.5918226571661904,49.26140781569063,-3.1926078156906286,3.1926078156906286,3.1926078156906286,1.060169513040087,3.1926078156906286,0.4853969509161171,1.342132970135028,3
28.9435,99.9672,33.2564,54.1579,20.242,19.9359,25.0693,38.6309,False,False,False,False,False,False,False,False,False,False,False,False,False,0,False,0.3061000000000007,-4.8272999999999975,-18.388899999999996,-5.133399999999998,-18.694999999999997,-13.561599999999999,21.749066666666664,20.242,2.8794767481841776,25.969524999999997,22.65565,8.762229457687503,18.694999999999997,10.152049999999997,18.694999999999997,2893.4006532000003,5414.01362088,289.52993686629844,20.041740584052214,0.2002594159477873,0.2002594159477873,19.93075007301657,0.005149926983431641,0.005149926983431641,24.873902926080167,0.19539707391983185,0.19539707391983185,47.854882100371036,-9.223982100371039,9.223982100371039,9.223982100371039,2.4061971293055224,9.223982100371039,0.2935825385431778,0.7198819693922128,1
31.1338,64.9587,39.5961,9.0647,18.6229,17.3282,24.1833,48.479,False,False,False,False,False,False,False,False,False,False,False,False,False,0,False,1.2947000000000024,-5.560399999999998,-29.856099999999998,-6.8551,-31.1508,-24.2957,20.0448,18.6229,3.6420390868303425,27.15335,21.403100000000002,14.52476843934755,31.1508,16.502133333333333,31.1508,2022.41117406,588.83112789,479.28599567325153,18.637032893411547,-0.014132893411545666,0.014132893411545666,17.535772020895536,-0.20757202089553672,0.20757202089553672,23.92159102826897,0.2617089717310286,0.2617089717310286,49.25228931660841,-0.7732893166084125,0.7732893166084125,0.7732893166084125,0.31417580066163087,0.7732893166084125,0.7609332020088508,1.147217139978257,3
24.0314,97.8945,45.1767,31.2893,17.3437,18.1727,21.6014,52.8876,False,False,False,False,False,False,False,False,False,False,False,False,False,0,False,-0.8290000000000006,-4.257700000000003,-35.5439,-3.4287000000000027,-34.7149,-31.286199999999997,19.039266666666666,18.1727,2.2572562245640926,27.501350000000002,19.887050000000002,17.02422453848241,35.5439,18.3434,35.5439,2352.5418873,3063.05037885,245.48261184411672,17.311715525066287,0.03198447493371148,0.03198447493371148,18.2424273391128,-0.06972733911280216,0.06972733911280216,21.35769775983765,0.24370224016235298,0.24370224016235298,49.25016362569904,3.637436374300961,3.637436374300961,3.637436374300961,0.9957126071274569,3.637436374300961,0.5010741508715311,1.292441537436694,2
24.6143,33.6779,42.1612,26.794,14.0177,13.065,18.7117,,True,False,False,False,False,False,False,False,False,False,False,False,False,1,True,0.9527000000000001,-4.694000000000001,,-5.646700000000001,,,15.2648,14.0177,3.0228709912928804,15.2648,14.0177,3.0228709912928804,5.646700000000001,3.7644666666666673,5.646700000000001,828.95793397,902.3656526000001,730.8737388988804,13.989608433576867,0.028091566423132264,0.028091566423132264,12.860504926068648,0.20449507393135136,0.20449507393135136,18.46119462256281,0.2505053774371895,0.2505053774371895,49.88859831333442,,,0.2505053774371895,0.16103067259722437,0.2505053774371895,0.861303687837119,0.3699161666604433,4
28.3339,101.6303,50.6215,7.7931,19.0319,19.8449,23.5519,54.1915,False,False,False,False,False,False,False,False,False,False,False,False,False,0,False,-0.8129999999999988,-4.52,-35.1596,-3.7070000000000007,-34.346599999999995,-30.639599999999998,20.80956666666667,19.8449,2.40946806024345,29.155050000000003,21.6984,16.80650843641633,35.1596,18.197633333333332,35.1596,2879.58275717,792.01509093,278.7937968505655,19.315642727645997,-0.28374272764599695,0.28374272764599695,20.020984860208905,-0.17608486020890624,0.17608486020890624,24.02271124667319,-0.47081124667318974,0.47081124667318974,49.524897342069,4.666602657930994,4.666602657930994,4.666602657930994,1.3993103731147718,4.666602657930994,0.4167864279692191,1.2059518999446406,1
9.4876,21.4776,37.3279,15.6388,6.1571,6.5039,8.2616,52.9346,False,False,False,False,False,False,False,False,False,False,False,False,False,0,False,-0.3468,-2.1045,-46.7775,-1.7576999999999998,-46.4307,-44.673,6.9742,6.5039,1.1283247006070547,18.4643,7.38275,22.99865944919399,46.7775,23.681700000000003,46.7775,203.77087776,335.88389087999997,441.74375081771205,5.90551209786826,0.25158790213173976,0.25158790213173976,6.344247650569076,0.15965234943092366,0.15965234943092366,7.804808544557764,0.45679145544223587,0.45679145544223587,51.483031139471,1.451568860529001,1.451568860529001,1.451568860529001,0.579900141883475,1.451568860529001,0.6329513957811611,2.5334009231864068,4
22.2248,47.0868,39.5367,20.27,13.0209,12.675,16.6458,61.0745,False,False,False,False,False,False,False,False,False,False,False,False,False,0,False,0.34589999999999854,-3.624900000000002,-48.0536,-3.9708000000000006,-48.3995,-44.4287,14.113900000000001,13.0209,2.199499922709706,25.85405,14.83335,23.548878700057035,48.3995,24.8039,48.3995,1046.4947126399998,954.4494359999999,471.99629790168416,13.500232583429822,-0.479332583429823,0.479332583429823,13.032186203011323,-0.357186203011322,0.357186203011322,17.435991943552008,-0.7901919435520064,0.7901919435520064,50.01335074406993,11.061149255930069,11.061149255930069,11.061149255930069,3.171964996480805,11.061149255930069,0.2396952037813199,1.8720270626741022,4
30.9408,29.3598,18.0356,35.4607,16.7021,13.7519,21.9045,43.0005,False,False,False,False,False,False,False,False,False,False,False,False,False,0,False,2.9502000000000024,-5.202399999999997,-26.2984,-8.1526,-29.248600000000003,-21.096000000000004,17.452833333333334,16.7021,4.127822924173629,23.839750000000002,19.3033,13.2109840444735,29.248600000000003,15.49136666666667,29.248600000000003,908.41569984,1041.11905986,1053.8487817189553,16.861716610327058,-0.1596166103270562,0.1596166103270562,13.983878039112225,-0.23197803911222614,0.23197803911222614,22.20864195493323,-0.3041419549332325,0.3041419549332325,48.31810291706343,-5.317602917063425,5.317602917063425,5.317602917063425,1.503334880358985,5.317602917063425,0.39946712996568695,1.2268831565418443,3
25.933,70.3816,24.6378,10.6208,16.6609,15.9391,20.9687,48.0101,False,False,False,False,False,False,False,False,False,False,False,False,False,0,False,0.7218000000000018,-4.307799999999997,-31.3492,-5.0295999999999985,-32.071,-27.041400000000003,17.856233333333332,16.6609,2.7195285204118242,25.3947,18.814799999999998,15.239569405115532,32.071,16.753466666666668,32.071,1825.2060328000002,747.50889728,368.4627276926458,16.433896948253714,0.2270030517462871,0.2270030517462871,15.73190224281136,0.20719775718863964,0.20719775718863964,20.661396680587586,0.3073033194124122,0.3073033194124122,49.11018187834344,-1.1000818783434383,1.1000818783434383,1.1000818783434383,0.4603965016726943,1.1000818783434383,0.6847455460586424,1.2629008167449047,3
17.6142,31.0902,47.58,51.1189,10.8589,10.9508,3.2181,51.1091,False,False,False,False,False,False,False,False,False,False,False,False,False,0,False,-0.09189999999999898,7.6408000000000005,-40.2502,7.7326999999999995,-40.1583,-47.891,8.3426,10.8589,4.438185055853349,19.034225,10.90485,21.688131277018005,47.891,23.960816666666663,47.891,547.62900084,1589.29682478,566.5513356133652,10.777124281463953,0.08177571853604704,0.08177571853604704,10.60120546284754,0.34959453715245914,0.34959453715245914,14.243371253790357,-11.025271253790358,11.025271253790358,50.21150496524867,0.8975950347513262,0.8975950347513262,11.025271253790358,3.0885591360575475,11.025271253790358,0.24458494220637947,2.5160454307725004,4
11.2999,91.5588,48.8199,21.2042,10.7983,13.3691,12.9707,43.4485,False,False,False,False,False,False,False,False,False,False,False,False,False,0,False,-2.5708,-2.1724000000000014,-32.650200000000005,0.39839999999999876,-30.079400000000003,-30.477800000000002,12.379366666666668,12.9707,1.383658011697014,20.14665,13.1699,15.575593124607916,32.650200000000005,16.391500000000004,32.650200000000005,1034.60528412,1941.43110696,123.41685087431782,10.727225824186835,0.07107417581316433,0.07107417581316433,13.332493901573242,0.03660609842675733,0.03660609842675733,12.662577413403103,0.3081225865968982,0.3081225865968982,50.835401845112536,-7.386901845112533,7.386901845112533,7.386901845112533,1.9506761764873382,7.386901845112533,0.33890536954497663,1.6206259499093152,2
30.2939,43.3171,28.5824,30.3499,17.0338,15.1496,22.2573,38.2619,False,False,False,False,False,False,False,False,False,False,False,False,False,0,False,1.8841999999999999,-5.223500000000001,-21.228099999999998,-7.107700000000001,-23.112299999999998,-16.004599999999996,18.1469,17.0338,3.6822674441164653,23.175649999999997,19.64555,10.497271166196796,23.112299999999998,12.426733333333331,23.112299999999998,1312.24389569,1314.6696532900003,699.3518265646069,17.275329550992375,-0.24152955099237516,0.24152955099237516,15.238307302748309,-0.0887073027483094,0.0887073027483094,22.519848087489777,-0.2625480874897761,0.2625480874897761,48.70849282904075,-10.446592829040753,10.446592829040753,10.446592829040753,2.7598444425678035,10.446592829040753,0.2659684503641447,0.9972660972761941,3
30.4866,60.5018,36.4074,15.0767,18.0583,16.8822,23.2278,38.5682,False,False,False,False,False,False,False,False,False,False,False,False,False,0,False,1.1760999999999981,-5.169499999999999,-20.5099,-6.3455999999999975,-21.685999999999996,-15.340399999999999,19.389433333333333,18.0583,3.3757364831001437,24.184125,20.64305,9.977641868155354,21.685999999999996,11.704583333333332,21.685999999999996,1844.49417588,912.1674880600001,503.89566857586567,18.146630102371603,-0.08833010237160366,0.08833010237160366,16.883070988060894,-0.0008709880608925857,0.0008709880608925857,23.340297928775424,-0.11249792877542575,0.11249792877542575,49.11549543324824,-10.547295433248244,10.547295433248244,10.547295433248244,2.6872486131140416,10.547295433248244,0.2712049294542839,0.896703562066619,3
16.4487,20.9785,23.3935,58.5618,9.8089,8.7051,12.9031,61.0478,False,False,False,False,False,False,False,False,False,False,False,False,False,0,False,1.1037999999999997,-3.0942000000000007,-51.2389,-4.198,-52.3427,-48.1447,10.472366666666666,9.8089,2.1762219586552596,23.116225,11.356,25.35006723638355,52.3427,26.68705,52.3427,345.06905294999996,1228.5387213,784.0737974241258,9.713220563641784,0.09567943635821585,0.09567943635821585,8.629691704071158,0.0754082959288418,0.0754082959288418,12.82162347769633,0.08147652230367086,0.08147652230367086,49.4150193260439,11.632780673956105,11.632780673956105,11.632780673956105,2.9713362321367085,11.632780673956105,0.2518044158305799,2.2643263489923857,4
17.5311,72.927,28.746,36.0802,12.6016,13.0752,,56.541,True,False,False,False,False,False,False,False,False,False,False,False,False,1,True,-0.47360000000000113,,-43.9394,,-43.465799999999994,,12.8384,12.8384,0.3348857715699497,27.405933333333333,13.0752,25.232819035798066,43.9394,29.292933333333327,43.9394,1278.4905297,2631.2207454,240.39241427833113,12.842502234751791,-0.2409022347517915,0.2409022347517915,13.391098783491392,-0.31589878349139155,0.31589878349139155,15.789513368411901,,,49.43460129014569,7.106398709854304,7.106398709854304,7.106398709854304,2.554399909365829,7.106398709854304,0.28134144314065623,1.6032799698070357,4
26.4104,30.8751,38.339,14.2777,14.5452,13.0594,19.2013,49.5647,False,False,False,False,False,False,False,False,False,False,False,False,False,0,False,1.4857999999999993,-4.6561,-35.0195,-6.1419,-36.505300000000005,-30.363400000000002,15.601966666666664,14.5452,3.2044189400472174,24.09265,16.87325,17.181744605733922,36.505300000000005,19.02866666666667,36.505300000000005,815.42374104,440.82541526999995,855.3945232907672,14.54483523056966,0.00036476943033925124,0.00036476943033925124,13.01466243773905,0.04473756226095027,0.04473756226095027,19.243191902884824,-0.04189190288482436,0.04189190288482436,49.89649919025202,-0.33179919025202054,0.33179919025202054,0.33179919025202054,0.1046983562070336,0.33179919025202054,0.9052244844769083,1.5152042157237933,3
20.1531,58.459,22.9316,43.5898,13.2875,12.8528,16.6355,61.1192,False,False,False,False,False,False,False,False,False,False,False,False,False,0,False,0.4346999999999994,-3.3480000000000008,-47.8317,-3.7827,-48.2664,-44.4837,14.258600000000001,13.2875,2.069898845354526,25.973750000000003,14.961500000000001,23.491174489795096,48.2664,24.6912,48.2664,1178.1300729,2548.2161182,344.73898890863865,13.385147764561328,-0.09764776456132829,0.09764776456132829,12.948303938367088,-0.09550393836708793,0.09550393836708793,16.829499143990944,-0.19399914399094342,0.19399914399094342,48.98209728143098,12.137102718569018,12.137102718569018,12.137102718569018,3.1310633913720944,12.137102718569018,0.24206842288804944,1.85827542874039,4
24.4753,49.2252,36.9219,22.1919,14.2996,13.6599,18.5642,60.5208,False,False,False,False,False,False,False,False,False,False,False,False,False,0,False,0.6396999999999995,-4.2646,-46.2212,-4.904299999999999,-46.8609,-41.9566,15.5079,14.2996,2.666089137669631,26.761125,16.4319,22.6114789239706,46.8609,24.14121666666667,46.8609,1204.80153756,1092.40071588,497.2106772119407,14.71928480621631,-0.4196848062163099,0.4196848062163099,13.924627712692805,-0.26472771269280493,0.26472771269280493,19.002177112772806,-0.43797711277280627,0.43797711277280627,49.64980225972554,10.870997740274461,10.870997740274461,10.870997740274461,2.9983468429890956,10.870997740274461,0.2501033650328387,1.751080438105484,4
25.549,19.7697,34.1753,21.4309,13.6684,11.704,18.6616,46.3824,False,False,False,False,False,False,False,False,False,False,False,False,False,0,False,1.9643999999999995,-4.9932,-32.714,-6.957599999999999,-34.678399999999996,-27.720799999999997,14.677999999999999,13.6684,3.5869929690480293,22.6041,16.165,16.12048150273434,34.678399999999996,18.1714,34.678399999999996,505.0960653,423.68246373000005,1292.330540002863,13.596605387522983,0.07179461247701724,0.07179461247701724,11.702315539937523,0.0016844600624779105,0.0016844600624779105,18.201709011360986,0.4598909886390139,0.4598909886390139,49.79224310095386,-3.4098431009538643,3.4098431009538643,3.4098431009538643,0.9858032905330933,3.4098431009538643,0.5035745507962915,1.5341634773499155,3
22.9858,28.4295,35.2647,27.6778,12.9089,11.5537,17.0815,35.1347,False,False,False,False,False,False,False,False,False,False,False,False,False,0,False,1.3552,-4.172599999999999,-22.225800000000003,-5.527799999999999,-23.581000000000003,-18.053200000000004,13.848033333333333,12.9089,2.881079966494046,19.1697,14.995199999999999,10.90019689241132,23.581000000000003,12.485933333333335,23.581000000000003,653.4748011,786.8660151,808.5190353263213,12.917916500208387,-0.009016500208387512,0.009016500208387512,11.638851990512258,-0.08515199051225864,0.08515199051225864,17.077953170379374,0.003546829620624692,0.003546829620624692,49.83324029245854,-14.698540292458539,14.698540292458539,14.698540292458539,3.6990639031999524,14.698540292458539,0.212808342384751,1.230117722177331,4
27.9593,15.8726,33.4249,45.782,14.8659,12.4537,20.2947,51.5568,False,False,False,False,False,False,False,False,False,False,False,False,False,0,False,2.4122000000000003,-5.428799999999999,-36.6909,-7.840999999999999,-39.103100000000005,-31.262100000000004,15.871433333333334,14.8659,4.01604820854199,24.792775,17.5803,18.14149325007454,39.103100000000005,20.45635,39.103100000000005,443.78678518,726.6793732,1761.480941067663,14.827439420137082,0.0384605798629174,0.0384605798629174,12.389055700114179,0.06464429988582054,0.06464429988582054,19.95522642403493,0.33947357596506933,0.33947357596506933,49.05042658175027,2.50637341824973,2.50637341824973,2.50637341824973,0.7372379684908843,2.50637341824973,0.5756263782725672,1.577196753006974,3
10.8607,21.0036,44.5708,31.3091,6.8793,7.0831,9.3319,47.3849,False,False,False,False,False,False,False,False,False,False,False,False,False,0,False,-0.2038000000000002,-2.4525999999999994,-40.5056,-2.2487999999999992,-40.3018,-38.053000000000004,7.764766666666667,7.0831,1.3609973450868051,17.669800000000002,8.2075,19.841210073648902,40.5056,20.6276,40.5056,228.11379852,657.60381276,517.0873007068785,6.7350077877292,0.14429221227080014,0.14429221227080014,7.144445321247359,-0.0613453212473587,0.0613453212473587,9.009278649125879,0.3226213508741207,0.3226213508741207,51.27104252508294,-3.8861425250829384,3.8861425250829384,3.8861425250829384,1.1036003523688045,3.8861425250829384,0.47537546705291644,2.2923619439031886,4
19.3366,109.2824,43.2863,42.829,15.6796,17.4192,19.0115,46.0047,False,False,False,False,False,False,False,False,False,False,False,False,False,0,False,-1.7395999999999994,-3.331900000000001,-30.3251,-1.5923000000000016,-28.5855,-26.993199999999998,17.370099999999997,17.4192,1.6664925772411954,24.52875,18.21535,14.381812969742953,30.3251,15.427933333333334,30.3251,2113.15005584,4680.4559096,176.94155903040573,15.817435672154879,-0.13783567215487835,0.13783567215487835,17.623096702716182,-0.20389670271618243,0.20389670271618243,19.034432407700457,-0.02293240770045557,0.02293240770045557,49.23535331823639,-3.230653318236392,3.230653318236392,3.230653318236392,0.8988295252019771,3.230653318236392,0.5266402205820087,1.2363079095722735,2
8.1623,16.276,27.7498,24.8249,4.8959,4.9854,6.5243,58.8781,False,False,False,False,False,False,False,False,False,False,False,False,False,0,False,-0.08950000000000014,-1.6284,-53.982200000000006,-1.5389,-53.892700000000005,-52.35380000000001,5.468533333333333,4.9854,0.9154152081614841,18.820925000000003,5.75485,26.71524114712736,53.982200000000006,27.247583333333335,53.982200000000006,132.8495948,404.0500724,501.49268770417325,5.076736581296046,-0.18083658129604618,0.18083658129604618,5.216473391743306,-0.23107339174330566,0.23107339174330566,6.721990605685999,-0.19769060568599883,0.19769060568599883,51.12213327043532,7.755966729564683,7.755966729564683,7.755966729564683,2.0913918270725085,7.755966729564683,0.3234788910427384,2.8681996935858924,4
29.5509,88.0838,38.0994,34.3734,19.4764,19.0039,24.1937,67.1977,False,False,False,False,False,False,False,False,False,False,False,False,False,0,False,0.47250000000000014,-4.717299999999998,-47.7213,-5.189799999999998,-48.193799999999996,-43.004,20.891333333333332,19.4764,2.869674766124783,32.467925,21.835050000000003,23.271440020817362,48.193799999999996,24.883116666666666,48.193799999999996,2602.95556542,3027.7396909199997,335.4861693652897,19.45021902515323,0.02618097484677051,0.02618097484677051,19.11862513755314,-0.11472513755313685,0.11472513755313685,24.422377676261394,-0.22867767626139468,0.22867767626139468,48.53492305689471,18.662776943105285,18.662776943105285,18.662776943105285,4.758090182941647,18.662776943105285,0.17366869365167323,1.484350637020802,1
30.6035,29.4846,36.2652,41.0898,16.7405,14.3861,22.2693,,True,False,False,False,False,False,False,False,False,False,False,False,False,1,True,2.3544,-5.5288,,-7.8832,,,17.798633333333335,16.7405,4.046720298381559,17.798633333333335,16.7405,4.046720298381559,7.8832,5.255466666666667,7.8832,902.3319561000001,1211.51631708,1037.9482719968146,16.79838409481704,-0.05788409481704093,0.05788409481704093,14.50927342102845,-0.12317342102844897,0.12317342102844897,22.30135607045076,-0.03205607045075709,0.03205607045075709,48.863404157005974,,,0.12317342102844897,0.071037862098749,0.12317342102844897,0.9336738087302096,0.4429101618793792,3
9.6318,92.6893,34.5091,30.5353,10.1782,12.5837,11.7777,64.1771,False,False,False,False,False,False,False,False,False,False,False,False,False,0,False,-2.4055,-1.599499999999999,-53.99889999999999,0.8060000000000009,-51.593399999999995,-52.3994,11.5132,11.7777,1.2243683065156497,24.679175,12.1807,26.35091983155743,53.99889999999999,27.133783333333326,53.99889999999999,892.7647997400001,2830.29558229,103.91489590331398,10.078357710858114,0.0998422891418862,0.0998422891418862,12.473212144297312,0.11048785570268826,0.11048785570268826,11.615969068070608,0.16173093192939092,0.16173093192939092,50.26768554403739,13.909414455962605,13.909414455962605,13.909414455962605,3.5703688831841425,13.909414455962605,0.21880071949538288,2.1880341672547123,2
10.6681,75.8719,33.3623,5.2737,9.6188,11.4513,11.3341,67.399,False,False,False,False,False,False,False,False,False,False,False,False,False,0,False,-1.8324999999999996,-1.7152999999999992,-57.7802,0.11720000000000041,-55.9477,-56.0649,10.801400000000001,11.3341,1.025836746271062,24.9508,11.3927,28.311192877140776,57.7802,28.909633333333332,57.7802,809.40901639,400.12563902999995,140.60671465895612,9.347497966604351,0.2713020333956493,0.2713020333956493,11.152326932630965,0.29897306736903495,0.29897306736903495,11.041010929260686,0.29308907073931323,0.29308907073931323,50.87266195786189,16.526338042138114,16.526338042138114,16.526338042138114,4.3474255534105275,16.526338042138114,0.1870058760074203,2.3157644982267107,4
24.4524,69.9741,29.5096,22.3974,15.7061,15.1518,19.6866,30.7207,False,False,False,False,False,False,False,False,False,False,False,False,False,0,False,0.5542999999999996,-3.9804999999999993,-15.014600000000002,-4.534799999999999,-15.568900000000001,-11.034100000000002,16.848166666666668,15.7061,2.4737299697689985,20.3163,17.69635,7.22435846609695,15.568900000000001,8.447866666666666,15.568900000000001,1711.0346828400002,1567.2379073400002,349.44924629981,15.845821210802782,-0.139721210802783,0.139721210802783,15.44174190860028,-0.28994190860028013,0.28994190860028013,19.92640763069082,-0.239807630690823,0.239807630690823,49.161468131783835,-18.440768131783834,18.440768131783834,18.440768131783834,4.77755972046943,18.440768131783834,0.1730834553656071,0.7663251840516315,4
9.2579,44.797,28.7596,5.9031,6.9661,7.9532,8.5018,71.9907,False,False,False,False,False,False,False,False,False,False,False,False,False,0,False,-0.9870999999999999,-1.5356999999999994,-65.0246,-0.5485999999999995,-64.03750000000001,-63.4889,7.807033333333333,7.9532,0.7782140729473689,23.85295,8.2275,32.09812317654518,65.0246,32.60373333333334,65.0246,414.7261462999999,264.4411707,206.6633465045993,6.95522987982705,0.010870120172949527,0.010870120172949527,7.886087449250011,0.06711255074998856,0.06711255074998856,8.548695071033215,-0.046895071033215885,0.046895071033215885,51.16437346054612,20.82632653945388,20.82632653945388,20.82632653945388,5.237801070352509,20.82632653945388,0.1603129033326945,2.726059994231324,4
23.8319,94.5641,40.9548,12.1292,23.0025,17.4622,20.4693,53.8698,False,False,False,False,False,False,False,False,False,False,False,False,False,0,False,5.540300000000002,2.533200000000001,-30.867299999999997,-3.007100000000001,-36.4076,-33.400499999999994,20.311333333333334,20.4693,2.7735259370219234,28.70095,21.7359,16.931360508535633,36.4076,18.626,36.4076,2253.64217479,1146.98688172,252.018445475773,16.799262315996472,6.203237684003529,6.203237684003529,17.592185193745074,-0.12998519374507467,0.12998519374507467,20.707172343212605,-0.23787234321260442,0.23787234321260442,49.57907951361838,4.290720486381616,4.290720486381616,6.203237684003529,2.715453926835706,6.203237684003529,0.269146117726632,1.2685150601234245,2
29.5137,89.7528,32.8875,44.0727,19.4791,18.9202,24.4323,46.1615,False,False,False,False,False,False,False,False,False,False,False,False,False,0,False,0.5588999999999977,-4.9532000000000025,-26.682399999999998,-5.5121,-27.241299999999995,-21.729199999999995,20.943866666666665,19.4791,3.0339689588612035,27.248275,21.9557,12.84986003150099,27.241299999999995,14.44618333333333,27.241299999999995,2648.93721336,3955.6482285599996,328.83315853843465,19.63207566040802,-0.15297566040802124,0.15297566040802124,19.16337348634265,-0.24317348634264846,0.24317348634264846,24.57434039251818,-0.14204039251817946,0.14204039251817946,48.12327418336283,-1.9617741833628344,1.9617741833628344,1.9617741833628344,0.6249909306579209,1.9617741833628344,0.61538804994753,0.9997436535914094,1
8.5988,18.8074,39.8048,25.8064,5.467,6.0593,7.4333,30.0082,False,False,False,False,False,False,False,False,False,False,False,False,False,0,False,-0.5923000000000007,-1.9663000000000004,-24.5412,-1.3739999999999997,-23.9489,-22.5749,6.319866666666666,6.0593,1.0087146094576669,12.24195,6.7463,11.872768034596367,24.5412,12.499600000000001,24.5412,161.72107112000003,485.35128736,457.20277273691596,5.454653427878663,0.01234657212133694,0.01234657212133694,5.976382622826773,0.082917377173227,0.082917377173227,7.2883008605905975,0.14499913940940257,0.14499913940940257,51.456151649875586,-21.447951649875588,21.447951649875588,21.447951649875588,5.422053684644888,21.447951649875588,0.1557134289286614,2.0046789893121693,4
29.6897,109.4003,33.5982,31.3241,20.6293,20.8849,25.3653,48.7288,False,False,False,False,False,False,False,False,False,False,False,False,False,0,False,-0.2555999999999976,-4.736000000000001,-28.0995,-4.480400000000003,-27.8439,-23.3635,22.293166666666668,20.8849,2.6636131951417683,28.902075000000004,23.1251,13.39554282597387,28.0995,14.796483333333335,28.0995,3248.06208691,3426.8659372300003,271.38588546961154,20.651324261091947,-0.02202426109194633,0.02202426109194633,20.805197641024996,0.07970235897500189,0.07970235897500189,25.461817841452508,-0.0965178414525063,0.0965178414525063,48.1995901079028,0.5292098920971995,0.5292098920971995,0.5292098920971995,0.1818635884041635,0.5292098920971995,0.8461213373620142,0.9722308961446897,1
28.7059,44.4546,28.3929,31.8519,16.5947,25.0,21.7478,58.4106,False,False,False,False,False,False,False,False,False,False,False,False,False,0,False,-8.4053,-5.153100000000002,-41.8159,3.2521999999999984,-33.4106,-36.662800000000004,21.114166666666666,21.7478,4.238323421275603,30.438275,23.3739,18.96659102551554,41.8159,21.449983333333336,41.8159,1276.10930214,1415.96347374,645.7350542497168,16.59224594378785,0.0024540562121480036,0.0024540562121480036,14.7924093104536,10.2075906895464,10.2075906895464,21.566985494271012,0.18081450572898916,0.18081450572898916,48.801769468533955,9.608830531466047,9.608830531466047,10.2075906895464,4.999922445738396,10.2075906895464,0.16666882097955724,1.3737929058749532,3
18.3304,91.2825,54.8353,42.0785,14.206,15.9913,17.3458,,True,False,False,False,False,False,False,False,False,False,False,False,False,1,True,-1.7853000000000012,-3.139800000000001,,-1.3544999999999998,,,15.847699999999998,15.9913,1.57481799900814,15.847699999999998,15.9913,1.57481799900814,3.139800000000001,2.093200000000001,3.139800000000001,1673.244738,3841.03067625,200.80955267334346,14.347218042255907,-0.1412180422559075,0.1412180422559075,16.11107448023231,-0.11977448023231041,0.11977448023231041,17.617923542860233,-0.272123542860232,0.272123542860232,49.94526838008948,,,0.272123542860232,0.17770535511614996,0.272123542860232,0.8491088162721108,0.1981232619728656,2
31.1274,41.4679,25.8498,14.7618,17.5962,15.2001,23.0903,49.2011,False,False,False,False,False,False,False,False,False,False,False,False,False,0,False,2.396099999999999,-5.4940999999999995,-31.604899999999997,-7.890199999999998,-34.001,-26.110799999999998,18.628866666666667,17.5962,4.045196452996236,26.271925,20.343249999999998,15.638875885939925,34.001,17.916183333333333,34.001,1290.7879104600001,612.14084622,750.6382646243806,17.385590916747475,0.2106090832525247,0.2106090832525247,15.149132609172336,0.050967390827665326,0.050967390827665326,22.68771413120802,0.40258586879198077,0.40258586879198077,48.90018347941724,0.30091652058275997,0.30091652058275997,0.40258586879198077,0.2412697158637327,0.40258586879198077,0.8056266798583368,1.2941947367028732,3
8.8242,109.9343,21.3625,17.1093,10.3528,12.9679,11.602,47.0632,False,False,False,False,False,False,False,False,False,False,False,False,False,0,False,-2.6151,-1.2492,-36.7104,1.3659,-34.0953,-35.461200000000005,11.640900000000002,11.602,1.307983910451501,20.496475000000004,12.28495,17.743319369906523,36.7104,18.58285,36.7104,970.0822500599999,1880.89891899,80.26793455109691,10.464899426369058,-0.11209942636905801,0.11209942636905801,13.121780418105324,-0.1538804181053237,0.1538804181053237,11.571947203671026,0.03005279632897384,0.03005279632897384,49.98870991524344,-2.9255099152434383,2.9255099152434383,2.9255099152434383,0.8053856390116985,2.9255099152434383,0.5538982798973734,1.7910583204876345,2
29.5104,28.1679,36.3961,51.5832,16.1474,13.8079,21.6011,49.2212,False,False,False,False,False,False,False,False,False,False,False,False,False,0,False,2.339500000000001,-5.453699999999998,-33.073800000000006,-7.793199999999999,-35.41330000000001,-27.620100000000004,17.185466666666667,16.1474,3.998959660128285,25.1944,18.87425,16.3472680121175,35.41330000000001,18.615600000000004,35.41330000000001,831.24599616,1452.99041928,1047.6602630440102,16.324632970462037,-0.17723297046203612,0.17723297046203612,14.113300052473447,-0.3054000524734466,0.3054000524734466,21.69649783816689,-0.09539783816689251,0.09539783816689251,48.75097179320862,0.4702282067913828,0.4702282067913828,0.4702282067913828,0.2620647669734395,0.4702282067913828,0.7923523627064737,1.4056014806459054,3
30.191,68.5258,29.2458,38.1312,11.105,17.2072,23.2016,42.7267,False,False,False,False,False,False,False,False,False,False,False,False,False,0,False,-6.1022,-12.096599999999999,-31.6217,-5.994399999999999,-25.5195,-19.525100000000002,17.171266666666668,17.2072,6.048380055298552,23.560125,20.2044,13.698855575406046,31.6217,16.809916666666666,31.6217,2068.8624278,2612.9709849600004,440.57852070628564,18.71049366670425,-7.605493666704248,7.605493666704248,17.429275693776027,-0.2220756937760271,0.2220756937760271,23.828853388905436,-0.6272533889054372,0.6272533889054372,48.29535970241272,-5.568659702412717,5.568659702412717,7.605493666704248,3.5058706129496073,7.605493666704248,0.22193269312395672,1.3421697286539318,3
24.0983,15.5749,32.5565,32.3226,12.5641,10.8077,5.4559,72.9077,False,False,False,False,False,False,False,False,False,False,False,False,False,0,False,1.7563999999999993,7.1082,-60.34360000000001,5.351800000000001,-62.10000000000001,-67.4518,9.609233333333334,10.8077,3.7025489292288,25.43385,11.6859,31.793288856350383,67.4518,34.018633333333334,67.4518,375.32861267,503.42126274000003,1547.2513163799983,12.79435644176673,-0.23025644176673055,0.23025644176673055,10.885880032065975,-0.07818003206597446,0.07818003206597446,17.20848902935125,-11.752589029351249,11.752589029351249,49.673660173627766,23.23403982637224,23.23403982637224,23.23403982637224,8.823766332389049,23.23403982637224,0.10179395215285106,2.65204731016055,4
12.1699,57.0484,31.2917,52.7784,9.5998,10.3563,11.9747,50.9553,False,False,False,False,False,False,False,False,False,False,False,False,False,0,False,-0.7564999999999991,-2.3749000000000002,-41.3555,-1.6184000000000012,-40.599000000000004,-38.9806,10.6436,10.3563,1.2132367740882242,20.721525,11.1655,20.18017801876799,41.3555,20.947483333333334,41.3555,694.27332316,3010.9232745599998,213.32584028196402,9.589911359185084,0.009888640814915917,0.009888640814915917,10.41381719728332,-0.05751719728332105,0.05751719728332105,11.823891396925687,0.15080860307431365,0.15080860307431365,49.8193550666514,1.135944933348604,1.135944933348604,1.135944933348604,0.33853984363028866,1.135944933348604,0.7470827295569133,1.995773961726291,4
11.9594,108.4812,34.5381,58.1279,12.1882,14.8651,14.0675,69.0032,False,False,False,False,False,False,False,False,False,False,False,False,False,0,False,-2.6769,-1.8793000000000006,-56.815000000000005,0.7975999999999992,-54.13810000000001,-54.935700000000004,13.706933333333334,14.0675,1.374392463357295,27.531000000000002,14.4663,27.670897707037504,56.815000000000005,28.540433333333336,56.815000000000005,1297.37006328,6305.7843454799995,110.24397681404918,12.395776998887147,-0.20757699888714676,0.20757699888714676,14.85453126760857,0.010568732391430302,0.010568732391430302,14.348019174350124,-0.28051917435012363,0.28051917435012363,49.27513551666889,19.728064483331117,19.728064483331117,19.728064483331117,5.0566823472399545,19.728064483331117,0.16510689229982525,2.063672927364452,2
27.1695,81.7422,25.519,26.4742,17.8631,17.0967,22.0936,62.1795,False,False,False,False,False,False,False,False,False,False,False,False,False,0,False,0.7664000000000009,-4.230499999999999,-44.3164,-4.9969,-45.0828,-40.085899999999995,19.017799999999998,17.8631,2.691143153011374,29.808225,19.97835,21.692423893358868,45.0828,23.246483333333334,45.0828,2220.8947029,2164.05935124,332.3802965444658,17.844370072937444,0.018729927062555163,0.018729927062555163,17.28696789604176,-0.1902678960417603,0.1902678960417603,22.288680509032037,-0.19508050903203866,0.19508050903203866,48.55461208032929,13.624887919670705,13.624887919670705,13.624887919670705,3.507241562951765,13.624887919670705,0.2218651887264516,1.512427689864898,3
20.7203,99.2481,31.085,54.7814,16.2072,17.0458,19.816,39.6731,False,False,False,False,False,False,False,False,False,False,False,False,False,0,False,-0.8385999999999996,-3.6087999999999987,-23.465899999999998,-2.770199999999999,-22.627299999999998,-19.8571,17.689666666666668,17.0458,1.8885927494654136,23.185525,18.4309,11.099355401516192,23.465899999999998,12.194649999999998,23.465899999999998,2056.45040643,5436.94986534,208.7727413650497,16.05328953388713,0.15391046611286896,0.15391046611286896,16.961782817937568,0.08401718206243203,0.08401718206243203,19.485018609676118,0.3309813903238812,0.3309813903238812,48.525824752880915,-8.852724752880917,8.852724752880917,8.852724752880917,2.355408447845025,8.852724752880917,0.29802631052033,1.0120922376818133,2
24.5577,62.3376,30.1652,56.576,15.5392,14.881,19.6012,46.2767,False,False,False,False,False,False,False,False,False,False,False,False,False,0,False,0.658199999999999,-4.061999999999999,-30.737499999999997,-4.720199999999998,-31.395699999999998,-26.6755,16.6738,15.5392,2.5564741109582934,24.074525,17.5702,14.947908282515652,31.395699999999998,16.37485,31.395699999999998,1530.86807952,3526.8120576,393.94676825114084,15.880454709170596,-0.3412547091705971,0.3412547091705971,15.142966021341419,-0.26196602134141855,0.26196602134141855,20.17331699123417,-0.5721169912341715,0.5721169912341715,48.504009908968094,-2.2273099089680954,2.2273099089680954,2.2273099089680954,0.8506619076785706,2.2273099089680954,0.5403472108281397,1.304104108345187,4
17.8894,74.0111,26.7258,14.7152,12.9996,13.5775,15.9195,62.4277,False,False,False,False,False,False,False,False,False,False,False,False,False,0,False,-0.5779000000000014,-2.9199,-49.4281,-2.3419999999999987,-48.8502,-46.5082,14.165533333333334,13.5775,1.546218420318854,26.231075,14.7485,24.164085825369707,49.4281,25.104383333333335,49.4281,1324.01417234,1089.08813872,241.71235913094665,12.81883945808099,0.1807605419190086,0.1807605419190086,13.3599559468072,0.21754405319280146,0.21754405319280146,15.709480644287037,0.21001935571296215,0.21001935571296215,49.79033686687016,12.637363133129838,12.637363133129838,12.637363133129838,3.3114217709886526,12.637363133129838,0.23194204907739516,1.8843330346419143,4
25.7367,90.4034,33.5964,54.4149,17.8868,17.9832,22.3347,46.1552,False,False,False,False,False,False,False,False,False,False,False,False,False,0,False,-0.09639999999999915,-4.447900000000001,-28.2684,-4.3515000000000015,-28.172,-23.8205,19.401566666666668,17.9832,2.540625238663376,26.089975000000003,20.15895,13.536705970650074,28.2684,14.85945,28.2684,2326.68518478,4919.2919706600005,284.6872700930197,17.97570914676522,-0.08890914676521788,0.08890914676521788,18.023369146000853,-0.04016914600085286,0.04016914600085286,22.328773688859936,0.005926311140065366,0.005926311140065366,48.25886497188776,-2.10366497188776,2.10366497188776,2.10366497188776,0.559667393948474,2.10366497188776,0.6411623426122842,1.0834962151185599,1
15.343,109.4771,33.6951,57.5039,14.2222,16.389,16.6468,72.3277,False,False,False,False,False,False,False,False,False,False,False,False,False,0,False,-2.1667999999999985,-2.424599999999998,-58.10549999999999,-0.2577999999999996,-55.9387,-55.680899999999994,15.752666666666665,16.389,1.331676151822706,29.896424999999997,16.517899999999997,28.308405820224138,58.10549999999999,29.095716666666664,58.10549999999999,1679.7071452999999,6295.36021069,140.1480181564895,14.068788674708276,0.1534113252917244,0.1534113252917244,16.07685784060846,0.3121421593915379,0.3121421593915379,16.573511007840878,0.07328899215912088,0.07328899215912088,48.93859642332977,23.389103576670223,23.389103576670223,23.389103576670223,5.981986513378152,23.389103576670223,0.1432257134962814,1.9435594912905167,2
16.6379,22.9675,37.3504,24.5539,9.2704,8.9039,12.3042,61.3833,False,False,False,False,False,True,False,False,False,False,False,False,False,0,False,0.36650000000000027,-3.0337999999999994,-52.112899999999996,-3.4002999999999997,-52.4794,-49.0791,10.159500000000001,9.2704,1.8663826322595265,22.96545,10.7873,25.657195437082883,52.4794,26.74533333333333,52.4794,382.13096824999997,563.94169825,724.41026476096,9.530691886990596,-0.26029188699059524,0.26029188699059524,9.020235678128639,-0.11633567812863888,0.11633567812863888,12.662680884489129,-0.3584808844891292,0.3584808844891292,50.616129685831744,10.767170314168254,10.767170314168254,10.767170314168254,2.8755696909441544,10.767170314168254,0.25802658183044647,2.2851447347451344,4
31.8012,33.9683,33.232,36.4063,17.3683,15.0914,22.6319,49.1939,False,False,False,False,False,False,False,False,False,False,False,False,False,0,False,2.2769000000000013,-5.2636,-31.825599999999998,-7.5405000000000015,-34.1025,-26.561999999999998,18.363866666666667,17.3683,3.8675767352870114,26.071375,20.000100000000003,15.735146605688172,34.1025,17.928516666666667,34.1025,1080.23270196,1236.6601202900001,936.202007106035,17.562007080207273,-0.1937070802072718,0.1937070802072718,15.166846723754253,-0.07544672375425243,0.07544672375425243,23.189087913745837,-0.5571879137458353,0.5571879137458353,48.701773483701075,0.49212651629892434,0.49212651629892434,0.5571879137458353,0.32961705850157097,0.5571879137458353,0.7520962472660834,1.3080432819353478,3
23.6657,17.7618,19.2181,49.6166,12.9498,16.1247,17.0497,54.4657,False,False,False,False,False,False,False,False,False,False,False,False,False,0,False,-3.174900000000001,-4.099900000000002,-41.5159,-0.9250000000000007,-38.340999999999994,-37.416,15.374733333333333,16.1247,2.1503796184239974,25.147475,16.587200000000003,19.624185938169084,41.5159,20.912116666666666,41.5159,420.34543026000006,881.28012588,1332.392363165691,12.893369571736761,0.05643042826323885,0.05643042826323885,10.642592662828157,5.482107337171843,5.482107337171843,17.15499037070812,-0.10529037070811853,0.10529037070811853,48.839796399314146,5.625903600685852,5.625903600685852,5.625903600685852,2.8174329342072633,5.625903600685852,0.26195614100753345,1.650896700007973,4
14.1328,104.1859,27.4694,17.0621,12.7062,14.6844,14.7467,55.5636,False,False,False,False,False,False,False,False,False,False,False,False,False,0,False,-1.9781999999999993,-2.0404999999999998,-42.8574,-0.062300000000000466,-40.8792,-40.816900000000004,14.045766666666665,14.6844,1.1605168948935352,24.425224999999998,14.71555,20.78053145332188,42.8574,21.439083333333333,42.8574,1472.43848752,1777.6302443900001,135.6498205947426,12.707478338067316,-0.0012783380673155875,0.0012783380673155875,14.664922468820404,0.019477531179596497,0.019477531179596497,14.805672076669378,-0.058972076669377316,0.058972076669377316,49.78048319780185,5.783116802198151,5.783116802198151,5.783116802198151,1.4657111870286101,5.783116802198151,0.40556250272161204,1.7546361375847563,2
26.973,68.6493,28.7009,27.9014,17.2997,16.4962,21.6952,57.9395,False,False,False,False,False,False,False,False,False,False,False,False,False,0,False,0.8034999999999997,-4.395499999999998,-40.6398,-5.198999999999998,-41.4433,-36.2443,18.497033333333334,17.2997,2.7986792569591334,28.35765,19.49745,19.853180632919585,41.4433,21.454233333333335,41.4433,1851.6775688999999,1915.4115790199999,392.9099942883621,17.048455852031044,0.2512441479689578,0.2512441479689578,16.22212554028077,0.2740744597192304,0.2740744597192304,21.5758187979562,0.11938120204380098,0.11938120204380098,48.79524352990918,9.144256470090824,9.144256470090824,9.144256470090824,2.447239069955703,9.144256470090824,0.2900872204412704,1.461449922172704,3
26.5298,89.9603,18.0,53.9437,18.1662,17.589,22.426,33.5126,False,False,False,False,False,False,False,False,False,False,False,False,False,0,False,0.5772000000000013,-4.2597999999999985,-15.3464,-4.837,-15.9236,-11.0866,19.393733333333333,18.1662,2.641830958508385,22.923450000000003,20.2961,7.381628966337082,15.9236,8.671766666666668,15.9236,2386.6287669400003,4852.79143511,294.9056089290933,18.30530557844452,-0.13910557844452143,0.13910557844452143,17.756894191837546,-0.16789419183754717,0.16789419183754717,22.62994620182416,-0.2039462018241629,0.2039462018241629,47.6539483078599,-14.1413483078599,14.1413483078599,14.1413483078599,3.663073569991533,14.1413483078599,0.21445083054990613,0.694642082826938,1
21.0295,23.2536,34.0265,49.4829,5.4912,11.0359,16.266,51.2347,False,False,False,False,False,False,False,False,False,False,False,False,False,0,False,-5.5447,-10.774799999999999,-45.7435,-5.230099999999998,-40.1988,-34.9687,10.931033333333332,11.0359,5.38816541350888,21.006949999999996,13.650949999999998,20.626470154714628,45.7435,23.743433333333332,45.7435,489.01158119999997,1150.65556344,904.3542056480693,11.948189203762762,-6.456989203762762,6.456989203762762,10.669666380203028,0.3662336197969722,0.3662336197969722,15.887455762540656,0.3785442374593426,0.3785442374593426,49.544271298148885,1.6904287018511113,1.6904287018511113,6.456989203762762,2.223048940717547,6.456989203762762,0.310265223517633,2.1775402057222943,4
16.5004,76.4705,23.6697,55.7837,12.9151,13.4514,15.6811,38.7838,False,False,False,False,False,False,False,False,False,False,False,False,False,0,False,-0.5362999999999989,-2.766,-25.868699999999997,-2.229700000000001,-25.3324,-23.1027,14.015866666666668,13.4514,1.4668523999821297,20.20785,14.56625,12.441746971788167,25.868699999999997,13.305966666666665,25.868699999999997,1261.7938382,4265.80743085,215.77468229255953,12.768865265387962,0.1462347346120385,0.1462347346120385,13.341057910300536,0.11034208969946313,0.11034208969946313,15.550882928773133,0.130217071226868,0.130217071226868,48.87764158018527,-10.09384158018527,10.09384158018527,10.09384158018527,2.62015886893091,10.09384158018527,0.2762309711273295,1.2801306026466928,4
28.0007,43.5856,29.5635,31.3067,16.4039,14.665,21.3004,,True,False,False,False,False,False,False,False,False,False,False,False,False,1,True,1.738900000000001,-4.8965,,-6.635400000000001,,,17.456433333333333,16.4039,3.4406399264284158,17.456433333333333,16.4039,3.4406399264284158,6.635400000000001,4.4236,6.635400000000001,1220.42730992,1364.52130352,642.4299212515323,16.200433875917785,0.20346612408221532,0.20346612408221532,14.50760972707689,0.15739027292310936,0.15739027292310936,21.07146863830039,0.22893136169960826,0.22893136169960826,48.92892430179661,,,0.22893136169960826,0.196595919568311,0.22893136169960826,0.8357040030361831,0.38011179444151766,3
17.0624,18.7827,25.3896,23.4091,9.6033,8.647,12.7841,69.2815,False,False,False,False,False,False,False,False,False,False,False,False,False,0,False,0.9563000000000006,-3.1807999999999996,-59.67819999999999,-4.1371,-60.634499999999996,-56.49739999999999,10.344800000000001,9.6033,2.1659330068125375,25.078975,11.1937,29.521367892581917,60.634499999999996,30.84738333333333,60.634499999999996,320.47794048,439.68610256999995,908.4099152891145,9.473607524350948,0.12969247564905295,0.12969247564905295,8.419415050977165,0.22758494902283566,0.22758494902283566,12.572202908418161,0.21189709158183945,0.21189709158183945,50.228152798712415,19.05334720128758,19.05334720128758,19.05334720128758,4.905630429385327,19.05334720128758,0.16932993216510545,2.4177413878591976,4
10.4857,104.8969,33.4685,24.2937,10.7743,13.447,12.3912,44.9239,False,False,False,False,False,False,False,False,False,False,False,False,False,0,False,-2.672699999999999,-1.6168999999999993,-34.14960000000001,1.0557999999999996,-31.476900000000004,-32.532700000000006,12.204166666666666,12.3912,1.3461305372560761,20.3841,12.9191,16.396746088782372,34.14960000000001,17.250766666666667,34.14960000000001,1099.91742433,2548.3338195300003,99.9619531214027,11.087401529080058,-0.3131015290800576,0.3131015290800576,13.71771357950572,-0.2707135795057205,0.2707135795057205,12.66007071323687,-0.2688707132368702,0.2688707132368702,50.157839827295014,-5.233939827295011,5.233939827295011,5.233939827295011,1.5216564122794147,5.233939827295011,0.3965647322650371,1.675304931144897,2
31.4401,34.7442,44.4525,37.6516,17.718,15.566,23.4067,53.4032,False,False,False,False,False,False,False,False,False,False,False,False,False,0,False,2.1519999999999992,-5.688700000000001,-35.685199999999995,-7.8407,-37.837199999999996,-29.996499999999997,18.8969,17.718,4.051110715593935,27.523474999999998,20.562350000000002,17.567361316064705,37.837199999999996,19.866716666666665,37.837199999999996,1092.36112242,1308.17472072,904.9018527115741,17.461552852650172,0.256447147349828,0.256447147349828,15.477521808425559,0.08847819157444192,0.08847819157444192,23.14545300319915,0.26124699680084973,0.26124699680084973,49.09282024197567,4.310379758024325,4.310379758024325,4.310379758024325,1.2291380234373612,4.310379758024325,0.4486038950867593,1.3747241673792399,3
26.2045,71.2287,39.427,5.5082,16.4818,16.3147,20.7495,74.076,False,False,False,False,False,False,False,False,False,False,False,False,False,0,False,0.16710000000000136,-4.267700000000001,-57.594199999999994,-4.434800000000003,-57.76129999999999,-53.326499999999996,17.848666666666663,16.4818,2.5135843179279544,31.905499999999996,18.615650000000002,28.188478571808965,57.76129999999999,29.59193333333333,57.76129999999999,1866.51246915,392.34192534000005,367.89238496667986,16.57115682585074,-0.08935682585073934,0.08935682585073934,16.32732150797657,-0.012621507976572133,0.012621507976572133,20.97221790919138,-0.22271790919137757,0.22271790919137757,49.708034485139635,24.36796551486036,24.36796551486036,24.36796551486036,6.173165439469762,24.36796551486036,0.13940846735495335,1.810386356463194,3
9.1955,28.8878,39.9113,21.6789,6.0801,0.0631,7.9135,42.5394,False,False,False,False,False,False,False,False,False,False,False,False,False,0,False,6.0169999999999995,-1.8334000000000001,-36.4593,-7.8504,-42.4763,-34.6259,4.685566666666666,6.0801,4.106791625263368,14.149025,6.9968,19.221654441692404,42.4763,21.54371666666667,42.4763,265.6377649,626.25572742,318.3176571709659,6.2492478532657465,-0.16914785326574666,0.16914785326574666,7.006207743842371,-6.94310774384237,6.94310774384237,8.107948265562957,-0.1944482655629569,0.1944482655629569,51.38663558058003,-8.847235580580026,8.847235580580026,8.847235580580026,4.038484860812775,8.847235580580026,0.19847236374124713,3.002063391602325,4
12.2914,80.6737,25.0689,28.09,10.7961,12.1847,12.857,26.3365,False,False,False,False,False,False,False,False,False,False,False,False,False,0,False,-1.3886000000000003,-2.0609,-15.540400000000002,-0.6722999999999999,-14.151800000000001,-13.479500000000002,11.945933333333334,12.1847,1.0509920757709514,15.543575,12.52085,7.246274339905072,15.540400000000002,7.882250000000002,15.540400000000002,991.5927161799999,2266.124233,152.35942415441164,10.65156771073817,0.1445322892618286,0.1445322892618286,12.050484213125351,0.1342157868746483,0.1342157868746483,12.599034052887646,0.25796594711235343,0.25796594711235343,49.87736224550444,-23.540862245504442,23.540862245504442,23.540862245504442,6.019394067188318,23.540862245504442,0.1424624391262534,0.9997950923162193,4
24.9197,109.5992,39.1933,44.5793,18.6125,19.6007,22.8927,62.0009,False,False,False,False,False,False,False,False,False,False,False,False,False,0,False,-0.9881999999999991,-4.280200000000001,-43.388400000000004,-3.2920000000000016,-42.4002,-39.1082,20.368633333333335,19.6007,2.241053148261624,30.7767,21.2467,20.896402076912665,43.388400000000004,22.242866666666668,43.388400000000004,2731.17918424,4885.85561656,227.37116444543713,18.533924521608487,0.0785754783915138,0.0785754783915138,19.464703289665515,0.13599671033448502,0.13599671033448502,22.653785101403365,0.2389148985966365,0.2389148985966365,48.53830702003371,13.462592979966288,13.462592979966288,13.462592979966288,3.479020016822231,13.462592979966288,0.22326312368424703,1.4097803176492876,2
9.3389,69.1289,34.8242,7.8153,8.6751,10.3544,10.3503,43.2764,False,False,False,False,False,False,False,False,False,False,False,False,False,0,False,-1.6792999999999996,-1.6752000000000002,-34.6013,0.004099999999999326,-32.922000000000004,-32.926100000000005,9.793266666666666,10.3503,0.9683629089000327,18.16405,10.352350000000001,16.760226895938295,34.6013,17.301333333333336,34.6013,645.5878842100001,540.2630921699999,135.09398600382966,8.368401874657962,0.306698125342038,0.306698125342038,10.189010969211028,0.1653890307889725,0.1653890307889725,9.903620636946219,0.4466793630537822,0.4466793630537822,51.0629973893406,-7.786597389340599,7.786597389340599,7.786597389340599,2.176340977131348,7.786597389340599,0.3148276608839178,1.9049320471304325,4
24.5837,32.3434,44.0985,18.3583,13.6707,12.6833,18.0113,56.004,False,False,False,False,False,False,False,False,False,False,False,False,False,0,False,0.9874000000000009,-4.3405999999999985,-42.333299999999994,-5.327999999999999,-43.3207,-37.9927,14.788433333333332,13.6707,2.8344120824843606,25.092325,15.841,20.737325329362832,43.3207,22.383783333333337,43.3207,795.12044258,593.76984022,760.0837388512837,13.804042616630882,-0.1333426166308822,0.1333426166308822,12.726681242257708,-0.04338124225770912,0.04338124225770912,18.2632783980963,-0.25197839809630196,0.25197839809630196,50.15999443872367,5.844005561276326,5.844005561276326,5.844005561276326,1.5681769545653048,5.844005561276326,0.3893812683827553,1.7264515239414748,4
31.5827,42.3262,21.2104,46.5375,18.086,15.3435,23.7902,63.3815,False,False,False,False,False,False,False,False,False,False,False,False,False,0,False,2.742499999999998,-5.7042,-45.295500000000004,-8.446699999999998,-48.038000000000004,-39.591300000000004,19.07323333333333,18.086,4.30902047608657,30.1503,20.9381,22.43176457749145,48.038000000000004,24.9697,48.038000000000004,1336.7756767399999,1969.7555325,746.1735884219257,18.021621235923526,0.0643787640764728,0.0643787640764728,15.502190971989586,-0.1586909719895857,0.1586909719895857,23.47974980319938,0.3104501968006197,0.3104501968006197,47.985395218748614,15.396104781251388,15.396104781251388,15.396104781251388,3.9824061785295166,15.396104781251388,0.2007062379436787,1.5932837838151581,3
20.0134,74.4171,30.5929,34.5742,14.1476,14.6017,17.3784,29.7774,False,False,False,False,False,False,False,False,False,False,False,False,False,0,False,-0.4540999999999986,-3.2307999999999986,-15.6298,-2.7767,-15.1757,-12.399000000000001,15.3759,14.6017,1.749015834691041,18.976275,15.99005,7.340992541146372,15.6298,8.277683333333332,15.6298,1489.3391891400001,2572.91169882,268.93546390070776,14.102802642915421,0.04479735708457966,0.04479735708457966,14.422220730958568,0.17947926904143152,0.17947926904143152,17.471985010962143,-0.09358501096214411,0.09358501096214411,49.28911051906427,-19.511710519064273,19.511710519064273,19.511710519064273,4.957393039038108,19.511710519064273,0.1678586578805722,0.8236490967541855,4
24.2394,42.3827,37.0505,29.3917,14.3383,13.4411,18.6192,44.5871,False,False,False,False,False,False,False,False,False,False,False,False,False,0,False,0.8971999999999998,-4.280899999999999,-30.2488,-5.178099999999999,-31.146,-25.9679,15.4662,14.3383,2.7671824497130646,22.746425000000002,16.478749999999998,14.734706308887418,31.146,16.286483333333333,31.146,1027.3312183799999,1245.69960359,571.9171803785081,14.313578042961545,0.024721957038455145,0.024721957038455145,13.328054798969205,0.11304520103079518,0.11304520103079518,18.628413350247293,-0.009213350247293306,0.009213350247293306,49.59154072204152,-5.004440722041522,5.004440722041522,5.004440722041522,1.2878553075895165,5.004440722041522,0.4370905785355804,1.36926951410188,4
13.0001,85.6198,45.944,9.1593,11.1971,13.4391,13.1292,44.0425,False,False,False,False,False,False,False,False,False,False,False,False,False,0,False,-2.241999999999999,-1.9321000000000002,-32.8454,0.30989999999999895,-30.603399999999997,-30.913299999999996,12.588466666666667,13.1292,1.2148808185716542,20.451974999999997,13.28415,15.758267993950561,32.8454,16.474349999999998,32.8454,1113.0659619799999,784.21743414,151.83518860880443,11.070118107643541,0.12698189235645962,0.12698189235645962,13.221696245081299,0.2174037549187009,0.2174037549187009,13.24637267573451,-0.1171726757345084,0.1171726757345084,50.90902061462075,-6.866520614620754,6.866520614620754,6.866520614620754,1.8320197344076057,6.866520614620754,0.3531048840693115,1.6059761436359357,2
24.0661,67.4291,32.3245,15.834,15.4074,15.0642,30.0999,60.9044,False,False,False,False,False,False,False,False,False,False,False,False,False,0,False,0.3432000000000013,-14.6925,-45.497,-15.035700000000002,-45.8402,-30.8045,20.1905,15.4074,8.583507606450874,30.368975,22.75365,21.529587746227286,45.8402,25.36885,45.8402,1622.75546351,1067.6723694,356.9096492597929,15.445821871778161,-0.038421871778160366,0.038421871778160366,15.126269073019065,-0.06206907301906561,0.06206907301906561,19.478256194414286,10.621643805585716,10.621643805585716,49.4681162790312,11.436283720968802,11.436283720968802,11.436283720968802,5.539604617837936,11.436283720968802,0.15291444337052457,1.5094412934775399,4
20.2532,103.5468,45.9658,19.1421,15.4626,17.1631,18.7869,44.9124,False,False,False,False,False,False,False,False,False,False,False,False,False,0,False,-1.7005,-3.324299999999999,-29.449799999999996,-1.6237999999999992,-27.749299999999998,-26.1255,17.137533333333334,17.1631,1.6622974653573082,24.081249999999997,17.975,13.953600246173027,29.449799999999996,14.995533333333332,29.449799999999996,2097.15404976,1982.10320028,195.59463010014503,15.664726504915208,-0.20212650491520812,0.20212650491520812,17.336975619837354,-0.17387561983735367,0.17387561983735367,18.99876574834527,-0.2118657483452715,0.2118657483452715,49.83033384891372,-4.917933848913719,4.917933848913719,4.917933848913719,1.3764504305028882,4.917933848913719,0.42079564848671674,1.2229343481196582,2
17.4271,55.0366,20.4553,35.888,11.7702,11.6673,14.6101,43.8198,False,False,False,False,False,False,False,False,False,False,False,False,False,0,False,0.10290000000000177,-2.8398999999999983,-32.0496,-2.9428,-32.1525,-29.2097,12.682533333333334,11.7702,1.6701143803145138,20.46685,13.19015,15.628239351571246,32.1525,16.549566666666667,32.1525,959.12833186,1975.1535007999998,316.64559281540045,11.791137283191347,-0.020937283191345912,0.020937283191345912,11.570208293207903,0.09709170679209578,0.09709170679209578,14.738615311209614,-0.12851531120961468,0.12851531120961468,49.35193207499199,-5.532132074991992,5.532132074991992,5.532132074991992,1.444669094046262,5.532132074991992,0.4090533162281129,1.570954215741936,4
9.606,80.1658,36.9003,58.9581,7.4058,5.6122,11.8582,50.8925,False,False,False,False,False,False,False,False,False,False,False,False,False,0,False,1.7936000000000005,-4.4524,-43.4867,-6.246,-45.2803,-39.0343,8.292066666666667,7.4058,3.215933838457087,18.942175,9.632,21.46145499142979,45.2803,23.382216666666665,45.2803,770.0726748000001,4726.42325298,119.82664430135489,9.714454133090367,-2.308654133090367,2.308654133090367,11.720858134670381,-6.108658134670382,6.108658134670382,11.46505560538376,0.3931443946162396,0.3931443946162396,49.86327749892904,1.0292225010709615,1.0292225010709615,6.108658134670382,2.4599197908619876,6.108658134670382,0.2890240411471692,2.390447564523311,4
19.456,70.6109,26.7711,19.4439,13.949,13.9951,17.503,32.6376,False,False,False,False,False,False,False,False,False,False,False,False,False,0,False,-0.04610000000000092,-3.5540000000000003,-18.6886,-3.5078999999999994,-18.6425,-15.134599999999999,15.149033333333334,13.9951,2.0387252397842466,19.521175,15.74905,8.90131589986372,18.6886,9.928949999999999,18.6886,1373.8056704,1372.95127851,275.53815692220934,13.44029711972897,0.5087028802710307,0.5087028802710307,13.65504231635756,0.34005768364244027,0.34005768364244027,16.634949914184986,0.868050085815014,0.868050085815014,49.58113691148442,-16.943536911484422,16.943536911484422,16.943536911484422,4.665086890303227,16.943536911484422,0.17651979914229954,0.9573496690902731,4
15.3642,103.1518,32.9891,37.3924,13.7518,15.742,16.2821,60.6418,False,False,False,False,False,True,False,False,False,False,False,False,False,0,False,-1.9902000000000015,-2.5303000000000004,-46.89,-0.5400999999999989,-44.8998,-44.359700000000004,15.258633333333334,15.742,1.3326053516826857,26.604425,16.012050000000002,22.717654930086866,46.89,23.535016666666667,46.89,1584.84488556,3857.09336632,148.947459089666,13.490718122170962,0.2610818778290369,0.2610818778290369,15.353226449485204,0.3887735505147969,0.3887735505147969,15.94482462156303,0.33727537843697064,0.33727537843697064,49.42428500708634,11.217514992913664,11.217514992913664,11.217514992913664,3.051161449923617,11.217514992913664,0.24684279122444122,1.76248809643956,2
12.6677,60.0778,26.2891,30.817,10.0417,10.7811,12.4172,51.166,False,False,False,False,False,False,False,False,False,False,False,False,False,0,False,-0.7393999999999998,-2.375499999999999,-41.1243,-1.636099999999999,-40.384899999999995,-38.748799999999996,11.08,10.7811,1.2156298655429614,21.1015,11.59915,20.06756137767284,41.1243,20.834833333333332,41.1243,761.04754706,1851.4175626,210.85488968389492,9.729498400332766,0.31220159966723493,0.31220159966723493,10.495434297206632,0.2856657027933682,0.2856657027933682,11.885571294841595,0.5316287051584041,0.5316287051584041,50.049615748539686,1.1163842514603104,1.1163842514603104,1.1163842514603104,0.5614700647698294,1.1163842514603104,0.6404221397272872,1.948879487771254,4
18.6204,80.1765,35.0088,24.0491,13.5275,14.4397,16.6685,,True,False,False,False,False,False,False,False,False,False,False,False,False,1,True,-0.9122000000000003,-3.141000000000002,,-2.2288000000000014,,,14.878566666666666,14.4397,1.6158351442314085,14.878566666666666,14.4397,1.6158351442314085,3.141000000000002,2.094000000000001,3.141000000000002,1492.9185006,1928.17266615,232.2425857648331,13.632593849277463,-0.10509384927746268,0.10509384927746268,14.480632218262748,-0.040932218262748066,0.040932218262748066,16.73541443560795,-0.06691443560794852,0.06691443560794852,49.741209740826875,,,0.10509384927746268,0.07098016771605309,0.10509384927746268,0.9337241063320306,0.2111089031141645,4
15.6191,87.307,31.2849,31.8206,12.6735,13.9206,15.2714,60.0861,False,False,False,False,False,True,False,False,False,False,False,False,False,0,False,-1.2470999999999997,-2.597899999999999,-47.4126,-1.3507999999999996,-46.1655,-44.8147,13.955166666666665,13.9206,1.2992949023733342,25.4879,14.596,23.08985052745037,47.4126,23.93143333333333,47.4126,1363.6567637,2778.1611242,178.89857870519216,12.67025171031025,0.0032482896897505498,0.0032482896897505498,13.994880693604951,-0.07428069360495115,0.07428069360495115,15.219419476478627,0.05198052352137239,0.05198052352137239,49.636369065034955,10.449730934965046,10.449730934965046,10.449730934965046,2.64481011044528,10.449730934965046,0.27436271566911113,1.86019960051648,2
8.1382,65.7363,39.0356,11.4716,7.6017,9.7427,9.234,32.6448,False,False,False,False,False,False,False,False,False,False,False,False,False,0,False,-2.140999999999999,-1.6322999999999999,-25.043099999999995,0.5086999999999993,-22.902099999999997,-23.410799999999995,8.859466666666668,9.234,1.1185600848114206,14.8058,9.48835,11.927683690474021,25.043099999999995,12.60633333333333,25.043099999999995,534.9751566599999,754.10053908,123.80068184539107,7.653040665917619,-0.051340665917618544,0.051340665917618544,9.651914514665378,0.09078548533462083,0.09078548533462083,9.065220353298393,0.16877964670160672,0.16877964670160672,51.27705135243501,-18.632251352435013,18.632251352435013,18.632251352435013,4.735789287597215,18.632251352435013,0.17434392197118367,1.6914373479059908,4
28.4712,27.8256,35.3796,21.3808,15.2771,13.2259,19.943,48.6539,False,False,False,False,False,False,False,False,False,False,False,False,False,0,False,2.0512000000000015,-4.665900000000001,-33.3768,-6.717100000000002,-35.428,-28.7109,16.148666666666667,15.2771,3.4423218099610238,24.274974999999998,17.61005,16.49385546627895,35.428,18.49165,35.428,792.2282227200001,594.93358848,1023.2012883095824,15.447172966106839,-0.1700729661068383,0.1700729661068383,13.434521375574397,-0.2086213755743973,0.2086213755743973,20.509286476681634,-0.5662864766816327,0.5662864766816327,49.480374181621485,-0.8264741816214851,0.8264741816214851,0.8264741816214851,0.44286374999608835,0.8264741816214851,0.6930661332386451,1.4594447741162353,3
18.5812,92.627,32.678,29.3111,14.2849,15.4514,17.3894,51.1103,False,False,False,False,False,False,False,False,False,False,False,False,False,0,False,-1.1664999999999992,-3.104499999999998,-36.8254,-1.9379999999999988,-35.6589,-33.7209,15.708566666666664,15.4514,1.5681457468403026,24.558999999999997,16.4204,17.747114360932034,36.8254,18.7357,36.8254,1721.1208123999997,2714.9992597,200.6023944851507,14.360115480736244,-0.07521548073624373,0.07521548073624373,15.49379779659028,-0.04239779659028109,0.04239779659028109,17.380795108868462,0.008604891131536618,0.008604891131536618,49.41148179460671,1.6988182053932945,1.6988182053932945,1.6988182053932945,0.456259093462839,1.6988182053932945,0.6866909909706381,1.4994659801026184,2
15.64,43.7312,36.5787,24.7762,10.3069,10.4717,13.1759,67.9744,False,False,False,False,False,False,False,False,False,False,False,False,False,0,False,-0.1647999999999996,-2.8689999999999998,-57.667500000000004,-2.7042,-57.502700000000004,-54.798500000000004,11.318166666666668,10.4717,1.6109530140054777,25.482225,11.8238,28.358637254914655,57.667500000000004,29.284450000000003,57.667500000000004,683.9559680000001,1083.49295744,357.63931526248643,10.198743708947964,0.10815629105203683,0.10815629105203683,10.414088525282157,0.057611474717843336,0.057611474717843336,13.033471871941735,0.1424281280582651,0.1424281280582651,50.44966829785535,17.524731702144656,17.524731702144656,17.524731702144656,4.4582318989932,17.524731702144656,0.18320951152413573,2.26304717776914,4
24.5801,94.9394,27.697,34.8704,17.3518,17.6709,21.5468,56.5225,False,False,False,False,False,False,False,False,False,False,False,False,False,0,False,-0.31909999999999883,-4.195,-39.1707,-3.8759000000000015,-38.851600000000005,-34.9757,18.8565,17.6709,2.335324767564461,28.273000000000003,19.60885,18.929281995011504,39.1707,20.231333333333335,39.1707,2333.6199459400004,3310.5748537599998,258.90302035793144,17.430518505918954,-0.07871850591895324,0.07871850591895324,17.652617163703113,0.018282836296886984,0.018282836296886984,21.418993976222545,0.1278060237774561,0.1278060237774561,48.53945895336838,7.9830410466316195,7.9830410466316195,7.9830410466316195,2.051962103156229,7.9830410466316195,0.3276580659261254,1.3854449879938497,2
22.1023,75.3986,39.5437,15.7804,15.0451,15.3171,18.7467,40.8439,False,False,False,False,False,False,False,False,False,False,False,False,False,0,False,-0.27200000000000024,-3.701600000000001,-25.7988,-3.4296000000000006,-25.526799999999998,-22.097199999999997,16.369633333333336,15.3171,2.06308760195328,22.4882,17.0319,12.352529532582924,25.7988,13.470999999999998,25.7988,1666.48247678,1189.82006744,293.13935628256274,14.95108167885778,0.09401832114222053,0.09401832114222053,15.35390950556554,-0.036809505565539524,0.036809505565539524,18.681020609789382,0.06567939021061875,0.06567939021061875,49.81588187843597,-8.971981878435969,8.971981878435969,8.971981878435969,2.292122273838587,8.971981878435969,0.30375542486579893,1.1472144737175614,4
23.3843,84.4197,26.1531,13.7255,16.0969,15.9865,19.9008,42.4546,False,False,False,False,False,False,False,False,False,False,False,False,False,0,False,0.11040000000000205,-3.8038999999999987,-26.357699999999998,-3.914300000000001,-26.4681,-22.5538,17.32806666666667,16.0969,2.228736108949046,23.6097,17.99885,12.694375884619141,26.4681,13.868033333333335,26.4681,1974.0955907100001,1158.70259235,277.0004777320367,16.022463011260662,0.07443698873933968,0.07443698873933968,16.11659558685146,-0.1300955868514606,0.1300955868514606,19.767018329314364,0.13378167068563585,0.13378167068563585,49.175608373586854,-6.721008373586855,6.721008373586855,6.721008373586855,1.7648306549658228,6.721008373586855,0.36168580459129834,1.1210684078711683,4
12.5154,100.0179,26.6011,17.9126,11.5718,13.6642,13.2085,54.963,False,False,False,False,False,False,False,False,False,False,False,False,False,0,False,-2.0923999999999996,-1.6367000000000012,-43.3912,0.45569999999999844,-41.2988,-41.7545,12.814833333333333,13.2085,1.1003474557308404,23.351875,13.436350000000001,21.09322556389057,43.3912,21.77155,43.3912,1251.76402566,1791.58063554,125.1315889324222,11.708729396638276,-0.1369293966382763,0.1369293966382763,13.731413161425346,-0.06721316142534661,0.06721316142534661,13.553597857009049,-0.3450978570090477,0.3450978570090477,49.92470503421102,5.038294965788978,5.038294965788978,5.038294965788978,1.3968838452154122,5.038294965788978,0.41720836910648385,1.858145498746675,2
20.7575,53.4003,34.8645,24.8433,12.9698,12.7579,16.7595,48.1514,False,False,False,False,False,False,False,False,False,False,False,False,False,0,False,0.21189999999999998,-3.7897,-35.1816,-4.0016,-35.3935,-31.391900000000003,14.1624,12.9698,2.2516486648675897,22.65965,14.86465,17.09365315129176,35.3935,18.328366666666668,35.3935,1108.45672725,1326.63967299,388.7149718793767,13.191046980902405,-0.22124698090240535,0.22124698090240535,12.949959248048804,-0.19205924804880503,0.19205924804880503,16.813005875895584,-0.053505875895584865,0.053505875895584865,49.814165234274455,-1.6627652342744526,1.6627652342744526,1.6627652342744526,0.532394334780312,1.6627652342744526,0.652573542790709,1.5619607708147432,4
10.8932,25.4503,34.2131,51.1712,7.0372,7.1364,9.181,62.3112,False,False,False,False,False,False,False,False,False,False,False,False,False,0,False,-0.09919999999999973,-2.143799999999999,-55.274,-2.044599999999999,-55.1748,-53.1302,7.784866666666666,7.1364,1.2101038688200827,21.416449999999998,8.1587,27.28106469592661,55.274,27.977766666666668,55.274,277.23520795999997,1302.32239136,428.0183620553149,7.2168932582346965,-0.17969325823469617,0.17969325823469617,7.371053275104918,-0.23465327510491818,0.23465327510491818,9.445481270421261,-0.26448127042126224,0.26448127042126224,50.41799142752704,11.893208572472957,11.893208572472957,11.893208572472957,3.1430090940584585,11.893208572472957,0.24137045738907806,2.580912064832377,4
21.1678,103.3248,40.2966,38.4533,16.1599,17.4796,19.4539,,True,False,False,False,False,False,False,False,False,False,False,False,False,1,True,-1.319700000000001,-3.2940000000000005,,-1.9742999999999995,,,17.6978,17.4796,1.6578050036117036,17.6978,17.4796,1.6578050036117036,3.2940000000000005,2.196,3.2940000000000005,2187.1587014399997,3973.1795318399995,204.86657560754284,16.312918321193266,-0.1530183211932652,0.1530183211932652,17.617850273324606,-0.13825027332460493,0.13825027332460493,19.823840727268745,-0.3699407272687445,0.3699407272687445,49.12401877415009,,,0.3699407272687445,0.22040310726220488,0.3699407272687445,0.8194013879916721,0.18612472390651727,2
20.0467,29.4538,26.8279,33.6621,11.6891,10.7337,15.4426,54.0091,False,False,False,False,False,False,False,False,False,False,False,False,False,0,False,0.9553999999999991,-3.7535000000000007,-42.31999999999999,-4.7089,-43.2754,-38.5665,12.6218,11.6891,2.48915282174478,22.968625,13.565850000000001,20.793213752788834,43.2754,22.26328333333333,43.2754,590.45149246,991.4767609800001,680.6148338703889,11.620702164368359,0.06839783563164126,0.06839783563164126,10.490431373214115,0.2432686267858859,0.2432686267858859,15.21686909892808,0.22573090107191973,0.22573090107191973,49.663103171663664,4.345996828336332,4.345996828336332,4.345996828336332,1.2208485479564448,4.345996828336332,0.4502783410963204,1.884108480978517,4
22.4119,20.8205,26.7832,21.6598,11.8651,10.3674,15.741,52.7544,False,False,False,False,False,False,False,False,False,False,False,False,False,0,False,1.4977,-3.8758999999999997,-40.8893,-5.3736,-42.387,-37.0134,12.657833333333334,11.8651,2.7731234814435024,22.681975,13.803049999999999,20.175739734703654,42.387,21.839483333333334,42.387,466.62696394999995,450.9678659,1076.4337665119633,12.138977473209406,-0.2738774732094065,0.2738774732094065,10.471972442686893,-0.10457244268689259,0.10457244268689259,16.13356186100214,-0.3925618610021395,0.3925618610021395,49.80357400629506,2.950825993704939,2.950825993704939,2.950825993704939,0.9304594426508443,2.950825993704939,0.5180114007610709,1.8687517869357553,4
29.5699,19.6229,39.3521,44.9731,15.9528,13.5415,21.3873,41.892,False,False,False,False,False,False,False,False,False,False,False,False,False,0,False,2.4113000000000007,-5.4345,-25.939200000000003,-7.8458000000000006,-28.350500000000004,-20.504700000000003,16.960533333333334,15.9528,4.018804456966441,23.1934,18.67005,12.89037239105217,28.350500000000004,15.081000000000001,28.350500000000004,580.24719071,882.5026439900001,1506.9069776093352,15.807369875943802,0.14543012405619749,0.14543012405619749,13.44702715450016,0.0944728454998387,0.0944728454998387,21.242710367211046,0.14458963278895354,0.14458963278895354,49.08804114516983,-7.196041145169829,7.196041145169829,7.196041145169829,1.8951334368787047,7.196041145169829,0.3454072227766185,1.2223515214019847,3
21.2552,28.753,28.5431,55.9749,14.8131,15.3306,16.1621,58.7379,False,False,False,False,False,False,False,False,False,False,False,False,False,0,False,-0.5175000000000001,-1.3489999999999984,-43.924800000000005,-0.8314999999999984,-43.407300000000006,-42.5758,15.435266666666669,15.3306,0.6805634307934362,26.260925,15.74635,21.658446184398827,43.924800000000005,22.100983333333335,43.924800000000005,611.1507656,1609.4462997,739.2339097715334,12.429527744860406,2.383572255139594,2.383572255139594,11.094264294595213,4.236335705404787,4.236335705404787,16.344409427447964,-0.18230942744796508,0.18230942744796508,49.128094480024565,9.609805519975438,9.609805519975438,9.609805519975438,4.103005726991946,9.609805519975438,0.19596293900094583,1.6726289448566856,4
20.3633,63.1516,37.9498,43.269,14.0488,13.9778,17.9825,33.7963,False,False,False,False,False,False,False,False,False,False,False,False,False,0,False,0.07099999999999973,-3.9337000000000018,-19.747500000000002,-4.0047000000000015,-19.8185,-15.8138,15.336366666666668,14.0488,2.291893641365877,19.95135,16.01565,9.41775640178346,19.8185,10.564866666666667,19.8185,1285.97497628,2732.5065804,322.45100322857957,13.7622705018203,0.28652949817969997,0.28652949817969997,13.89703958859083,0.08076041140916956,0.08076041140916956,17.369652680796275,0.6128473192037269,0.6128473192037269,49.44607786910033,-15.649777869100326,15.649777869100326,15.649777869100326,4.157478774473231,15.649777869100326,0.19389318768493372,0.9933408048373644,4
18.4548,83.0207,37.7378,7.6421,13.5164,7.7951,16.5216,45.0359,False,False,False,False,False,False,False,False,False,False,False,False,False,0,False,5.721300000000001,-3.0051999999999985,-31.519499999999997,-8.7265,-37.2408,-28.5143,12.611033333333333,13.5164,4.433138522912783,20.71725,15.019,16.61158649948884,37.2408,19.121266666666667,37.2408,1532.13041436,634.45249147,222.29152219970172,13.519526283439104,-0.0031262834391032612,0.0031262834391032612,14.611964405783148,-6.816864405783148,6.816864405783148,16.537639029415132,-0.01603902941513269,0.01603902941513269,50.18313442378019,-5.147234423780191,5.147234423780191,6.816864405783148,2.9958160356043937,6.816864405783148,0.25026177158547375,1.797573617360597,4
19.9914,90.3498,42.0529,54.2919,15.1578,16.3139,18.691,51.4997,False,False,False,False,False,False,False,False,False,False,False,False,False,0,False,-1.1561000000000003,-3.533199999999999,-36.341899999999995,-2.3770999999999987,-35.1858,-32.8087,16.7209,16.3139,1.8014195263735757,25.415599999999998,17.50245,17.451493935095257,36.341899999999995,18.567133333333334,36.341899999999995,1806.2189917199998,4905.26230662,221.26665235931318,15.221093510273777,-0.06329351027377683,0.06329351027377683,16.301537844361526,0.012362155638474093,0.012362155638474093,18.694726468563683,-0.003726468563684193,0.003726468563684193,49.085185075853275,2.4145149241467223,2.4145149241467223,2.4145149241467223,0.6234742646556644,2.4145149241467223,0.6159629516591678,1.4299046924311476,2
13.0874,48.0294,42.0912,28.1127,9.6031,10.4584,12.469,52.8484,False,False,False,False,False,True,False,False,False,False,False,False,False,0,False,-0.8552999999999997,-2.8659,-43.2453,-2.0106,-42.39,-40.3794,10.843499999999999,10.4584,1.4712485208148893,21.344724999999997,11.4637,21.036776229795763,43.2453,21.95775,43.2453,628.5799695600001,1350.23611338,272.4872114814652,9.25605571686743,0.3470442831325702,0.3470442831325702,10.100926748659695,0.35747325134030383,0.35747325134030383,11.707107965858487,0.7618920341415123,0.7618920341415123,50.75660297646627,2.0917970235337293,2.0917970235337293,2.0917970235337293,0.8895516480370289,2.0917970235337293,0.5292260738354813,2.026040613762598,4
11.5123,78.7144,35.2434,11.023,9.9073,11.8385,11.9057,50.1068,False,False,False,False,False,False,False,False,False,False,False,False,False,0,False,-1.9312000000000005,-1.9984000000000002,-40.1995,-0.0671999999999997,-38.268299999999996,-38.2011,11.217166666666666,11.8385,1.1348753118000823,20.939574999999998,11.8721,19.466882728945073,40.1995,20.11095,40.1995,906.1837871199999,867.6688312,146.2540340453546,9.980919779882914,-0.07361977988291457,0.07361977988291457,11.7947310520695,0.043768947930500346,0.043768947930500346,11.843494714828836,0.06220528517116364,0.06220528517116364,50.703647741116406,-0.5968477411164059,0.5968477411164059,0.5968477411164059,0.19411043852524612,0.5968477411164059,0.837443479042879,1.91978494320685,4
12.9859,56.5878,41.075,23.6554,9.7232,10.5824,12.1611,23.4386,False,False,False,False,False,False,False,False,False,False,False,False,False,0,False,-0.8591999999999995,-2.437899999999999,-13.7154,-1.5786999999999995,-12.856200000000001,-11.277500000000002,10.822233333333331,10.5824,1.2365189538916628,13.976325,11.371749999999999,6.3884658864628845,13.7154,7.120816666666667,13.7154,734.84351202,1338.60704412,229.48228602591266,9.625525631733804,0.0976743682661958,0.0976743682661958,10.721414086557646,-0.1390140865576459,0.1390140865576459,11.979935789208813,0.18116421079118616,0.18116421079118616,50.735448482061294,-27.296848482061293,27.296848482061293,27.296848482061293,6.928675286919081,27.296848482061293,0.12612447398997712,0.9813302271303601,4
18.3775,49.9777,28.7527,20.261,11.6306,11.4468,14.7626,43.6153,False,False,False,False,False,False,False,False,False,False,False,False,False,0,False,0.18379999999999974,-3.1320000000000014,-31.984699999999997,-3.315800000000001,-32.168499999999995,-28.8527,12.613333333333332,11.6306,1.8635868676649705,20.363825,13.1966,15.575486775994086,32.168499999999995,16.60625,32.168499999999995,918.46518175,1012.5981797,367.713926868598,11.795248838395649,-0.16464883839564948,0.16464883839564948,11.601785076008499,-0.15498507600849898,0.15498507600849898,14.953725777908083,-0.19112577790808238,0.19112577790808238,49.95588571008029,-6.3405857100802905,6.3405857100802905,6.3405857100802905,1.7128363505981303,6.3405857100802905,0.36861788577092697,1.5796877159925917,4
9.376,27.3945,36.0394,38.8804,6.3963,7.0118,8.4734,42.8012,False,False,False,False,False,False,False,False,False,False,False,False,False,0,False,-0.6154999999999999,-2.0770999999999997,-36.4049,-1.4615999999999998,-35.7894,-34.3278,7.2938333333333345,7.0118,1.0668848125891253,16.170675000000003,7.7425999999999995,17.775041510570375,36.4049,18.44605,36.4049,256.85083199999997,1065.1091178000001,342.2583576052282,6.45187281481987,-0.055572814819869976,0.055572814819869976,6.964855120923149,0.04694487907685119,0.04694487907685119,8.381248772719374,0.09215122728062575,0.09215122728062575,50.871006774347684,-8.069806774347683,8.069806774347683,8.069806774347683,2.066118923881257,8.069806774347683,0.3261452098975165,2.2512899113426545,4
12.2692,79.2162,37.8168,33.9754,10.6367,12.3656,12.7798,33.0432,False,False,False,False,False,False,False,False,False,False,False,False,False,0,False,-1.7289000000000012,-2.1431000000000004,-22.4065,-0.41419999999999924,-20.677599999999998,-20.263399999999997,11.927366666666666,12.3656,1.1367742710553113,17.206325,12.572700000000001,10.598637090171861,22.4065,11.272283333333334,22.4065,971.91940104,2691.40208148,154.88244135890872,10.647797772369117,-0.011097772369117465,0.011097772369117465,12.377352166352093,-0.01175216635209253,0.01175216635209253,12.757593490857957,0.02220650914204292,0.02220650914204292,50.21293448579275,-17.169734485792752,17.169734485792752,17.169734485792752,4.303697733414001,17.169734485792752,0.18854769827847975,1.302223861153465,4
16.4933,30.86,41.2013,54.7611,10.5093,10.1223,13.7721,54.7129,False,False,False,False,False,False,False,False,False,False,False,False,False,0,False,0.38700000000000045,-3.2628000000000004,-44.203599999999994,-3.649800000000001,-44.590599999999995,-40.940799999999996,11.4679,10.5093,2.00485547608799,22.27915,12.140699999999999,21.684375401887873,44.590599999999995,22.8391,44.590599999999995,508.98323800000003,1689.927546,534.4554327752974,10.259843660914592,0.2494563390854072,0.2494563390854072,10.020993577755988,0.10130642224401143,0.10130642224401143,13.487420862871087,0.28467913712891324,0.28467913712891324,50.0124075460815,4.7004924539185,4.7004924539185,4.7004924539185,1.333983588094208,4.7004924539185,0.42845202729833265,2.001448887660037,4
20.6906,44.6437,44.5003,38.915,12.5439,12.4742,16.1979,53.5546,False,False,False,False,False,False,False,False,False,False,False,False,False,0,False,0.06970000000000098,-3.654,-41.0107,-3.723700000000001,-41.0804,-37.356700000000004,13.738666666666667,12.5439,2.1300436529173137,23.69265,14.3709,19.983789950273863,41.0804,21.1492,41.0804,923.70493922,1737.3095855000001,463.46058604896405,12.855465299326394,-0.3115652993263929,0.3115652993263929,12.612344010342758,-0.13814401034275825,0.13814401034275825,16.67691125322721,-0.4790112532272097,0.4790112532272097,49.943410802306886,3.6111891976931147,3.6111891976931147,3.6111891976931147,1.134977440147369,3.6111891976931147,0.4683890242563753,1.733887203885085,4
12.6951,77.0043,34.7021,7.1159,10.4104,11.9463,12.3935,66.5491,False,False,False,False,False,False,False,False,False,False,False,False,False,0,False,-1.5359000000000016,-1.9831000000000003,-56.1387,-0.4471999999999987,-54.602799999999995,-54.15559999999999,11.5834,11.9463,1.0401652320665218,25.324824999999997,12.1699,27.495969521534725,56.1387,28.14388333333333,56.1387,977.57728893,547.95489837,164.8622005703317,10.408114561470498,0.002285438529501249,0.002285438529501249,12.00799827145846,-0.061698271458459075,0.061698271458459075,12.457940571095872,-0.0644405710958722,0.0644405710958722,50.681105201477905,15.86799479852209,15.86799479852209,15.86799479852209,3.999104769901481,15.86799479852209,0.20003581561658437,2.2167449462158393,4
28.7954,59.5556,32.8725,33.6192,17.5358,16.2295,22.6425,49.5823,False,False,False,False,False,False,False,False,False,False,False,False,False,0,False,1.3062999999999967,-5.1067,-32.046499999999995,-6.412999999999997,-33.352799999999995,-26.939799999999998,18.802599999999998,17.5358,3.388986416319781,26.497524999999996,20.089149999999997,15.636633343183776,33.352799999999995,17.52751666666666,33.352799999999995,1714.92732424,2002.2116275199999,483.50440873664127,17.496021271214715,0.03977872878528288,0.03977872878528288,16.26309105941492,-0.03359105941491691,0.03359105941491691,22.451104820202996,0.19139517979700216,0.19139517979700216,48.74758074702218,0.8347192529778198,0.8347192529778198,0.8347192529778198,0.27487105524375544,0.8347192529778198,0.7843930536243918,1.2587133105022787,3
14.1649,48.5547,35.8988,14.1726,9.8755,10.08,12.6932,52.2889,False,False,False,False,False,False,False,False,False,False,False,False,False,0,False,-0.20449999999999946,-2.8176999999999985,-42.413399999999996,-2.613199999999999,-42.2089,-39.5957,10.8829,10.08,1.5710966329287317,21.2344,11.3866,20.742704068820597,42.413399999999996,21.642233333333333,42.413399999999996,687.7724700299999,688.14634122,291.73070954393506,9.629406439534034,0.2460935604659671,0.2460935604659671,10.200948439342831,-0.12094843934283084,0.12094843934283084,12.13599756303637,0.5572024369636299,0.5572024369636299,50.742315200941796,1.546584799058202,1.546584799058202,1.546584799058202,0.6177073089576575,1.546584799058202,0.6181587945252799,1.997390085243715,4
11.8979,97.544,25.2669,56.4937,11.918,13.5932,14.1341,49.7389,False,False,False,False,False,False,False,False,False,False,False,False,False,0,False,-1.6752000000000002,-2.216100000000001,-37.8209,-0.5409000000000006,-36.145700000000005,-35.6048,13.2151,13.5932,1.1554196250713422,22.346049999999998,13.86365,18.286251336728366,37.8209,19.000600000000002,37.8209,1160.5687576,5510.6214727999995,121.97468609297485,11.730244904192283,0.18775509580771654,0.18775509580771654,13.59461216483486,-0.0014121648348606186,0.0014121648348606186,13.632969428609382,0.5011305713906182,0.5011305713906182,49.11032778240118,0.6285722175988226,0.6285722175988226,0.6285722175988226,0.3297175124080045,0.6285722175988226,0.7520394299305615,1.6925086570070969,2
25.4865,99.3398,44.008,55.3353,18.2879,18.9374,22.9072,48.9598,False,False,False,False,False,False,False,False,False,False,False,False,False,0,False,-0.6494999999999997,-4.619299999999999,-30.6719,-3.9697999999999993,-30.0224,-26.0526,20.04416666666667,18.9374,2.5006364116627053,27.273075000000002,20.9223,14.601275666044845,30.6719,15.997583333333333,30.6719,2531.8238127,5496.997634939999,256.55877537917576,18.374079521441885,-0.08617952144188479,0.08617952144188479,19.03613437890457,-0.09873437890457026,0.09873437890457026,22.74485192231183,0.1623480776881685,0.1623480776881685,48.529759925110135,0.43004007488986673,0.43004007488986673,0.43004007488986673,0.19432551323112257,0.43004007488986673,0.8372926718232827,1.1246215820469154,1
8.8071,96.5473,34.9594,44.9813,10.2865,12.7489,11.7695,36.0828,False,False,False,False,False,False,False,False,False,False,False,False,False,0,False,-2.4624000000000006,-1.4830000000000005,-25.7963,0.9794,-23.3339,-24.313299999999998,11.601633333333334,11.7695,1.23975314209456,17.721925,12.2592,12.282366991307768,25.7963,13.061383333333334,25.7963,850.3017258300001,4342.82306549,91.22056326582273,10.066530458557903,0.21996954144209724,0.21996954144209724,12.653082174233846,0.09581782576615439,0.09581782576615439,11.507638242388149,0.26186175761185204,0.26186175761185204,49.99841216914434,-13.915612169144339,13.915612169144339,13.915612169144339,3.6233153234911106,13.915612169144339,0.21629500261835702,1.4556141865998267,2
28.2125,108.5078,19.6145,8.0209,19.8403,20.0427,24.2394,52.7439,False,False,False,False,False,False,False,False,False,False,False,False,False,0,False,-0.2024000000000008,-4.399100000000001,-32.9036,-4.1967,-32.7012,-28.504499999999997,21.374133333333333,20.0427,2.483456511262747,29.216575,22.14105,15.815412398748885,32.9036,17.151249999999997,32.9036,3061.2763075,870.33021302,260.004325955892,19.596632085150915,0.2436679148490839,0.2436679148490839,19.57217179657478,0.4705282034252214,0.4705282034252214,23.920491511280066,0.31890848871993427,0.31890848871993427,48.367710316934584,4.376189683065412,4.376189683065412,4.376189683065412,1.352323572514913,4.376189683065412,0.4251115840032506,1.1261959602739333,1
28.491,65.9864,38.1329,46.6129,18.1348,17.2158,23.268,39.7368,False,False,False,False,False,False,False,False,False,False,False,False,False,0,False,0.9189999999999969,-5.133200000000002,-21.602000000000004,-6.052199999999999,-22.521,-16.4688,19.539533333333335,18.1348,3.2614778879111435,24.58885,20.7014,10.443844465042556,22.521,12.116033333333334,22.521,1880.0185224000002,3075.81746456,431.7707236990162,17.86581854947607,0.26898145052392763,0.26898145052392763,16.982729100942663,0.23307089905733847,0.23307089905733847,22.840956898293022,0.42704310170697823,0.42704310170697823,48.60355937798724,-8.866759377987236,8.866759377987236,8.866759377987236,2.44896370731887,8.866759377987236,0.2899421637513758,0.9159025672601333,3
27.7984,49.1388,26.1832,34.6076,16.6847,14.9078,21.5841,60.4037,False,False,False,False,False,False,False,False,False,False,False,False,False,0,False,1.7768999999999995,-4.8994,-43.719,-6.6762999999999995,-45.4959,-38.8196,17.725533333333335,16.6847,3.457708192333953,28.395075,19.1344,21.525031354274493,45.4959,23.564516666666666,45.4959,1365.9800179200001,1700.57593488,565.7117052692158,16.44412625877799,0.2405737412220077,0.2405737412220077,14.828823922153505,0.07897607784649452,0.07897607784649452,21.22698673523351,0.35711326476648964,0.35711326476648964,48.69557443247744,11.708125567522558,11.708125567522558,11.708125567522558,3.0961971628393874,11.708125567522558,0.24412887374464748,1.6022455998987148,3
21.372,93.2079,34.9139,44.387,15.903,16.6672,19.6773,49.3534,False,False,False,False,False,False,False,False,False,False,False,False,False,0,False,-0.7642000000000007,-3.7742999999999984,-33.4504,-3.0100999999999978,-32.6862,-29.6761,17.415833333333335,16.6672,1.995413246255855,25.400225,18.17225,16.05168185879079,33.4504,17.226883333333333,33.4504,1992.0392387999998,4137.2190573,229.29384426707992,15.915391445489934,-0.012391445489933872,0.012391445489933872,16.708464087153608,-0.041264087153606965,0.041264087153606965,19.488869710320913,0.18843028967908637,0.18843028967908637,48.89552765133378,0.4578723486662213,0.4578723486662213,0.4578723486662213,0.17498954274721212,0.4578723486662213,0.8510714041436712,1.3169326976699234,2
21.0816,84.4086,44.5723,45.0304,15.2472,16.1899,18.847,46.072,False,False,False,False,False,False,False,False,False,False,False,False,False,0,False,-0.9427000000000021,-3.599800000000002,-30.824800000000003,-2.6571,-29.8821,-27.225,16.761366666666667,16.1899,1.8667004642773666,24.089025,17.51845,14.73435962919665,30.824800000000003,15.855250000000003,30.824800000000003,1779.4683417600004,3800.95302144,249.75651180608233,15.311056724447447,-0.06385672444744728,0.06385672444744728,16.176026336050477,0.01387366394952494,0.01387366394952494,18.990772346309917,-0.1437723463099161,0.1437723463099161,49.342694656905834,-3.2706946569058317,3.2706946569058317,3.2706946569058317,0.87304934790318,3.2706946569058317,0.5338887633256799,1.2796195447430752,4
10.7856,47.0839,39.4542,52.5867,8.5482,9.3426,10.8938,58.0583,False,False,False,False,False,False,False,False,False,False,False,False,False,0,False,-0.7943999999999996,-2.345600000000001,-49.5101,-1.5512000000000015,-48.715700000000005,-47.164500000000004,9.594866666666666,9.3426,1.1929747245157103,21.710725,10.1182,24.2512862561109,49.5101,25.013583333333333,49.5101,507.82811184,2475.98692413,229.07188464169607,8.383424101692945,0.1647758983070542,0.1647758983070542,9.34921550983299,-0.006615509832990085,0.006615509832990085,10.527217679286318,0.36658232071368246,0.36658232071368246,50.34528644376058,7.713013556239424,7.713013556239424,7.713013556239424,2.062746821273288,7.713013556239424,0.32650429772849004,2.28044329222387,4
25.6612,102.5107,36.9688,45.8239,18.5978,19.1275,22.9467,48.6426,False,False,False,False,False,False,False,False,False,False,False,False,False,0,False,-0.5297000000000018,-4.3489,-30.044800000000002,-3.8191999999999986,-29.5151,-25.6959,20.224,19.1275,2.372755147502582,27.328650000000003,21.037100000000002,14.340764199186411,30.044800000000002,15.658933333333332,30.044800000000002,2630.54757484,4697.44006573,250.3270146114489,18.510731747116445,0.08706825288355446,0.08706825288355446,19.059124090644886,0.06837590935511528,0.06837590935511528,22.77914391527799,0.16755608472200834,0.16755608472200834,48.44196266389989,0.20063733610010814,0.20063733610010814,0.20063733610010814,0.13090939576519656,0.20063733610010814,0.8842441346270533,1.0993879685282777,1
14.0843,67.8778,45.1334,50.613,11.2984,12.3105,14.1442,31.1149,False,False,False,False,False,False,False,False,False,False,False,False,False,0,False,-1.0120999999999984,-2.8457999999999988,-19.816499999999998,-1.8337000000000003,-18.8044,-16.9707,12.584366666666666,12.3105,1.442531324905401,17.217,13.22735,9.339830342142195,19.816499999999998,10.213866666666666,19.816499999999998,956.01129854,3435.4990913999995,207.49490886638802,11.101587490177463,0.1968125098225375,0.1968125098225375,12.419201999638908,-0.10870199963890848,0.10870199963890848,13.729488120286693,0.41471187971330714,0.41471187971330714,50.05989547722843,-18.94499547722843,18.94499547722843,18.94499547722843,4.916305466600797,18.94499547722843,0.16902440309163894,1.1509838235558902,4
8.1213,69.3968,29.281,41.901,8.2046,10.0533,9.4808,46.976,False,False,False,False,False,False,False,False,False,False,False,False,False,0,False,-1.848700000000001,-1.2762000000000011,-38.7714,0.5724999999999998,-36.9227,-37.4952,9.246233333333334,9.4808,0.9464085076399801,18.678675,9.767050000000001,18.880703091317862,38.7714,19.48111666666667,38.7714,563.59223184,2907.7953168000004,117.0269930274893,8.19372596049505,0.010874039504949806,0.010874039504949806,9.904240496717579,0.14905950328242135,0.14905950328242135,9.606966510591903,-0.12616651059190254,0.12616651059190254,50.22515912879749,-3.249159128797494,3.249159128797494,3.249159128797494,0.883814795544192,3.249159128797494,0.5308377460275348,2.075702866663258,4
15.9753,99.6298,30.1634,13.0101,13.3042,14.9661,15.6586,44.586,False,False,False,False,False,False,False,False,False,False,False,False,False,0,False,-1.661900000000001,-2.3544,-31.281799999999997,-0.692499999999999,-29.619899999999998,-28.9274,14.642966666666666,14.9661,1.210004629467728,22.128725,15.31235,15.00407895993064,31.281799999999997,15.756316666666669,31.281799999999997,1591.61594394,1296.19366098,160.34658703052833,13.297474586809969,0.006725413190030949,0.006725413190030949,14.967155936938392,-0.0010559369383909,0.0010559369383909,15.743863313206536,-0.08526331320653568,0.08526331320653568,49.84524954830318,-5.259249548303181,5.259249548303181,5.259249548303181,1.3380735529095347,5.259249548303181,0.4277025411606853,1.4136280270878565,2
30.0836,84.8342,42.2461,45.3787,19.8302,19.4816,24.9872,63.2539,False,False,False,False,False,False,False,False,False,False,False,False,False,0,False,0.34860000000000113,-5.157,-43.4237,-5.505600000000001,-43.7723,-38.2667,21.433000000000003,19.8302,3.0829585984894448,31.888225000000002,22.408700000000003,21.0614183207708,43.7723,22.74565,43.7723,2552.11813912,3849.66571154,354.616374691295,19.662965108855836,0.16723489114416523,0.16723489114416523,19.253778552994127,0.2278214470058728,0.2278214470058728,24.833144470819708,0.15405552918029386,0.15405552918029386,48.42430108526156,14.82959891473844,14.82959891473844,14.82959891473844,3.844677695517193,14.82959891473844,0.20641207998734476,1.372678669735092,3
8.8793,48.0957,34.4588,23.3188,7.1496,8.3093,8.9484,47.6605,False,False,False,False,False,False,False,False,False,False,False,False,False,0,False,-1.1597,-1.798799999999999,-40.5109,-0.6390999999999991,-39.3512,-38.7121,8.135766666666667,8.3093,0.9118693565052686,18.01695,8.62885,19.776386763427404,40.5109,20.361966666666664,40.5109,427.05614901,1121.53400916,184.61729746790306,7.169420098016094,-0.01982009801609319,0.01982009801609319,8.366105506241057,-0.05680550624105685,0.05680550624105685,8.811916849951345,0.13648315004865452,0.13648315004865452,50.97908232632941,-3.3185823263294125,3.3185823263294125,3.3185823263294125,0.8829227701588043,3.3185823263294125,0.53108922779433,2.2484869811555335,4
21.7807,79.7624,44.4431,34.0606,15.1516,16.0863,18.7589,49.0243,False,False,False,False,False,False,False,False,False,False,False,False,False,0,False,-0.9347000000000012,-3.6073000000000004,-33.872699999999995,-2.672599999999999,-32.937999999999995,-30.265399999999996,16.6656,16.0863,1.872123043499011,24.755275,17.422600000000003,16.25139777216614,33.872699999999995,17.38178333333333,33.872699999999995,1737.28090568,2716.75520144,273.06973297321383,15.260595671666604,-0.1089956716666034,0.1089956716666034,15.925794649556467,0.1605053504435343,0.1605053504435343,19.038173098094404,-0.2792730980944036,0.2792730980944036,49.566639974476956,-0.5423399744769597,0.5423399744769597,0.5423399744769597,0.27277852367037525,0.5423399744769597,0.7856826473754835,1.3683017585941748,4
14.1698,79.0463,27.4585,28.9708,11.6621,12.8104,14.0205,55.029,False,False,False,False,False,False,False,False,False,False,False,False,False,0,False,-1.148299999999999,-2.3583999999999996,-43.3669,-1.2101000000000006,-42.2186,-41.008500000000005,12.831000000000001,12.8104,1.1793349439408636,23.3805,13.41545,21.120961663870013,43.3669,21.885133333333332,43.3669,1120.07026174,2290.03454804,179.2594746041909,11.478473539835797,0.18362646016420392,0.18362646016420392,12.645993235991389,0.16440676400861065,0.16440676400861065,13.78039088337407,0.2401091166259306,0.2401091166259306,49.787492734247365,5.241507265752638,5.241507265752638,5.241507265752638,1.4574124016378458,5.241507265752638,0.4069321044092998,1.8548312248107504,4
25.4547,40.4219,23.6058,25.1758,14.7793,13.0121,19.0257,45.9565,False,False,False,False,False,False,False,False,False,False,False,False,False,0,False,1.767199999999999,-4.246400000000001,-31.1772,-6.0136,-32.9444,-26.930799999999998,15.605699999999999,14.7793,3.090800698848116,23.193399999999997,16.9025,15.38380526614487,32.9444,17.179933333333334,32.9444,1028.92733793,1017.6536700199999,629.7253148107053,14.721005821332852,0.05829417866714692,0.05829417866714692,13.11570770534244,-0.1036077053424389,0.1036077053424389,19.094221322104328,-0.06852132210432771,0.06852132210432771,49.12259902289927,-3.1660990228992745,3.1660990228992745,3.1660990228992745,0.849130557253297,3.1660990228992745,0.5407946973119099,1.4204207143322178,3
13.4272,55.4707,35.9373,17.5331,9.7561,10.4939,12.1206,55.9888,False,False,False,False,False,True,False,False,False,False,False,False,False,0,False,-0.7378,-2.3644999999999996,-46.232699999999994,-1.6266999999999996,-45.4949,-43.8682,10.790199999999999,10.4939,1.209776975314045,22.08985,11.30725,22.620876803887743,46.232699999999994,23.387466666666665,46.232699999999994,744.8161830399999,972.5733301700001,242.05927777019616,9.696393954739511,0.05970604526048895,0.05970604526048895,10.562558759133646,-0.06865875913364583,0.06865875913364583,12.052537258160445,0.06806274183955452,0.06806274183955452,50.66187346338258,5.326926536617421,5.326926536617421,5.326926536617421,1.3808385207127776,5.326926536617421,0.42002008590680023,2.0929376646117266,4
19.19,70.3763,45.3644,54.5215,13.7609,14.6353,17.4645,53.9176,False,False,False,False,False,False,False,False,False,False,False,False,False,0,False,-0.8744000000000014,-3.7036000000000016,-40.1567,-2.8292,-39.2823,-36.4531,15.286900000000001,14.6353,1.93587193791325,24.944575,16.0499,19.37991604030231,40.1567,20.549883333333337,40.1567,1350.521197,3837.0214404500002,272.6769846273554,13.74056086089934,0.020339139100659764,0.020339139100659764,14.437628013080305,0.1976719869196959,0.1976719869196959,17.2322070368392,0.23229296316080195,0.23229296316080195,49.487024163577146,4.430575836422854,4.430575836422854,4.430575836422854,1.2202199814010029,4.430575836422854,0.4504058194129845,1.6098363632828527,4
19.7951,57.3239,36.9512,42.1921,13.0019,13.2516,16.721,24.2143,False,False,False,False,False,False,False,False,False,False,False,False,False,0,False,-0.2497000000000007,-3.719100000000001,-11.212400000000002,-3.4694000000000003,-10.962700000000002,-7.493300000000001,14.324833333333332,13.2516,2.0788935863418634,16.7972,14.9863,5.2279620089157754,11.212400000000002,6.184433333333335,11.212400000000002,1134.7323328900002,2418.6157211900004,345.3201290700512,13.153281917754178,-0.15138191775417909,0.15138191775417909,13.16492460153839,0.08667539846160999,0.08667539846160999,16.684353955383365,0.03664604461663501,0.03664604461663501,49.55020478768532,-25.335904787685315,25.335904787685315,25.335904787685315,6.402652037129435,25.335904787685315,0.1350867222968615,0.6675156171769003,4
30.1846,57.0555,30.0486,29.5513,18.1997,16.6974,23.4507,84.119,False,False,False,False,False,False,False,False,False,False,False,False,False,0,False,1.5023000000000017,-5.251000000000001,-65.91929999999999,-6.753300000000003,-67.4216,-60.6683,19.449266666666663,18.1997,3.545818362992293,35.616699999999994,20.825200000000002,32.464218573582414,67.4216,34.58596666666666,67.4216,1722.1974453,1686.0641971500002,529.0391760585436,17.97375891271322,0.22594108728678108,0.22594108728678108,16.406284371745663,0.29111562825433523,0.29111562825433523,23.1310239131534,0.3196760868466022,0.3196760868466022,48.63814734431156,35.48085265568844,35.48085265568844,35.48085265568844,9.079396364519038,35.48085265568844,0.09921229048201215,1.8929766393358625,3
31.0442,84.7434,25.919,22.4294,19.9745,19.1135,25.0038,51.3905,False,False,False,False,False,False,False,False,False,False,False,False,False,0,False,0.8610000000000007,-5.029299999999999,-31.416000000000004,-5.8903,-32.277,-26.386700000000005,21.363933333333332,19.9745,3.1814779998191614,28.870575,22.48915,15.236356015218997,32.277,16.97671666666667,32.277,2630.79105828,1900.74361596,366.3317301014911,19.825388391828533,0.14911160817146651,0.14911160817146651,18.85985169244178,0.253648307558219,0.253648307558219,24.891744212517743,0.1120557874822552,0.1120557874822552,48.270372907861116,3.120127092138887,3.120127092138887,3.120127092138887,0.9087356988377069,3.120127092138887,0.5239070032634343,1.117989122839042,3
15.5447,29.2815,39.9119,30.1967,0.1218,9.5419,12.5008,57.9382,False,False,False,False,False,False,False,False,False,False,False,False,False,0,False,-9.4201,-12.379,-57.8164,-2.9589,-48.396300000000004,-45.437400000000004,7.388166666666667,9.5419,6.464428490078093,20.025675,11.02135,25.82025738257657,57.8164,29.401349999999997,57.8164,455.17213305,884.20467105,530.8708464829854,9.424068927299173,-9.302268927299172,9.302268927299172,9.308053326113374,0.23384667388662628,0.23384667388662628,12.385130834395653,0.1156691656043467,0.1156691656043467,50.61301922521351,7.325180774786489,7.325180774786489,9.302268927299172,4.244241385394158,9.302268927299172,0.19068534922612831,2.887112226123601,4
21.2152,65.8614,33.6448,35.9575,14.2849,14.3922,18.1252,58.3774,False,False,False,False,False,False,False,False,False,False,False,False,False,0,False,-0.1073000000000004,-3.840299999999999,-44.0925,-3.7329999999999988,-43.9852,-40.2522,15.600766666666667,14.3922,2.186881584204625,26.294925,16.2587,21.462720949183026,44.0925,22.668416666666662,44.0925,1397.26277328,2368.2112905000004,322.1188249689765,14.22885579136987,0.056044208630130044,0.056044208630130044,14.221380312810972,0.17081968718902907,0.17081968718902907,17.888314300691995,0.2368856993080044,0.2368856993080044,49.3487338608289,9.0286661391711,9.0286661391711,9.0286661391711,2.373103933574566,9.0286661391711,0.2964628483713142,1.676843848444577,4
30.9058,62.5443,43.9515,46.107,18.7959,17.6931,16.8485,56.4007,False,False,False,False,False,False,False,False,False,False,False,False,False,0,False,1.1027999999999984,1.9473999999999982,-37.6048,0.8445999999999998,-38.7076,-39.5522,17.77916666666667,17.6931,0.9765486640886524,27.43455,18.244500000000002,19.327221065550695,39.5522,19.9599,39.5522,1932.9816269399998,2883.7300400999998,494.14247275251734,18.83874875660327,-0.04284875660327003,0.04284875660327003,17.707665841536304,-0.014565841536303026,0.014565841536303026,24.299286551386565,-7.450786551386564,7.450786551386564,48.63526350088222,7.765436499117783,7.765436499117783,7.765436499117783,3.81840941216098,7.765436499117783,0.20753736647536472,1.4416925221326675,3
11.7229,106.4226,33.7749,44.7718,11.9335,,13.9352,52.3137,True,False,False,False,False,False,False,False,False,False,False,False,False,1,True,,-2.0016999999999996,-40.380199999999995,,,-38.378499999999995,12.93435,12.93435,1.4154156439011119,26.0608,13.9352,22.757696929390722,40.380199999999995,26.92013333333333,40.380199999999995,1247.5814975399999,4764.73136268,110.1542238063885,12.00925670005716,-0.07575670005715907,0.07575670005715907,14.459637208498807,,,13.870025371143392,0.06517462885660841,0.06517462885660841,49.58699827796015,2.7267017220398486,2.7267017220398486,2.7267017220398486,0.9558776836512054,2.7267017220398486,0.5112794160692165,1.5494606652671192,2
14.6259,73.7701,26.7014,45.617,11.3153,12.2835,13.6233,67.4187,False,False,False,False,False,False,False,False,False,False,False,False,False,0,False,-0.9681999999999995,-2.308,-56.1034,-1.3398000000000003,-55.1352,-53.7954,12.407366666666666,12.2835,1.1589750701949257,26.1602,12.9534,27.52193999194097,56.1034,28.274999999999995,56.1034,1078.95410559,3365.1706517,198.26322612234142,11.60250689768725,-0.28720689768725016,0.28720689768725016,12.473922179004777,-0.1904221790047771,0.1904221790047771,14.073907842437553,-0.45060784243755236,0.45060784243755236,49.40936306562573,18.009336934374268,18.009336934374268,18.009336934374268,4.734393463375962,18.009336934374268,0.17438635949673362,2.144608166371753,4
20.7467,66.0727,27.8669,12.5571,13.8576,13.7229,16.9478,56.1486,False,False,False,False,False,False,False,False,False,False,False,False,False,0,False,0.13470000000000049,-3.090200000000001,-42.291000000000004,-3.2249000000000017,-42.425700000000006,-39.2008,14.842766666666668,13.8576,1.8242560191303567,25.169225,15.4027,20.706558707870798,42.425700000000006,21.727883333333335,42.425700000000006,1370.79048509,829.6815011699999,313.99801824384076,13.730236457672572,0.1273635423274282,0.1273635423274282,13.692622175631364,0.030277824368635464,0.030277824368635464,17.151560242452064,-0.2037602424520628,0.2037602424520628,49.70266901212858,6.445930987871421,6.445930987871421,6.445930987871421,1.7018331492548868,6.445930987871421,0.3701190801792408,1.685617381696345,4
29.2852,102.7158,48.2417,54.5325,20.3658,20.6792,25.271,68.8564,False,False,False,False,False,False,False,False,False,False,False,False,False,0,False,-0.31340000000000146,-4.905200000000001,-48.49059999999999,-4.591799999999999,-48.17719999999999,-43.58539999999999,22.105333333333334,20.6792,2.746022391265835,33.793099999999995,22.9751,23.48281608467491,48.49059999999999,25.010599999999997,48.49059999999999,3008.05274616,5601.3493634999995,285.10898176239857,20.38295292755104,-0.017152927551041586,0.017152927551041586,20.764901319035936,-0.08570131903593392,0.08570131903593392,25.414283696229322,-0.14328369622932158,0.14328369622932158,48.31147185924999,20.544928140750002,20.544928140750002,20.544928140750002,5.197766520891575,20.544928140750002,0.1613484465136234,1.4349256401674777,1
25.1233,40.9434,43.4653,22.5027,22.7285,13.9656,19.5208,49.8444,False,False,False,False,False,False,False,False,False,False,False,False,False,0,False,8.7629,3.207699999999999,-27.1159,-5.555200000000001,-35.8788,-30.3236,18.7383,19.5208,4.4335464122979475,26.514825000000002,21.124650000000003,15.968769108142514,35.8788,18.474016666666667,35.8788,1028.63332122,921.33704718,613.6103465734778,14.586374960046962,8.142125039953038,8.142125039953038,13.658092105221822,0.30750789477817797,0.30750789477817797,19.096603823673437,0.42419617632656426,0.42419617632656426,49.90338678336266,-0.05898678336266272,0.05898678336266272,8.142125039953038,2.233203973605111,8.142125039953038,0.30929072466930463,1.353159467143582,3
13.5539,39.9312,20.6458,47.9961,8.8443,8.5335,10.9148,48.4001,False,False,False,False,False,False,False,False,False,False,False,False,False,0,False,0.3108000000000004,-2.070499999999999,-39.555800000000005,-2.3812999999999995,-39.866600000000005,-37.4853,9.430866666666667,8.8443,1.2944855207121215,19.173175,9.87955,19.51326254514691,39.866600000000005,20.278383333333334,39.866600000000005,541.2234916799999,1916.5418683199998,339.4312368696065,9.238941919353378,-0.39464191935337745,0.39464191935337745,9.058561135504943,-0.5250611355049433,0.5250611355049433,11.67565997370218,-0.7608599737021802,0.7608599737021802,49.61057035504074,-1.2104703550407407,1.2104703550407407,1.2104703550407407,0.7227583459003104,1.2104703550407407,0.5804644640844284,2.0792893825412944,4
18.4778,63.4249,40.0174,37.7434,12.4168,13.2615,15.4617,34.8244,False,False,False,False,False,False,False,False,False,False,False,False,False,0,False,-0.8446999999999996,-3.0449,-22.407599999999995,-2.2002000000000006,-21.5629,-19.362699999999997,13.713333333333333,13.2615,1.5719316217104782,18.9911,14.3616,10.633277793480865,22.407599999999995,11.570500000000001,22.407599999999995,1171.9526172199999,2393.87137066,291.33348395764375,12.808391165789292,-0.39159116578929165,0.39159116578929165,13.287175963044385,-0.02567596304438524,0.02567596304438524,16.0951543401916,-0.633454340191598,0.633454340191598,49.81024526846348,-14.985845268463486,14.985845268463486,14.985845268463486,4.0091416843721905,14.985845268463486,0.1996349999681298,1.1798994371577014,4
24.5424,90.2796,44.3099,53.5612,17.2203,17.7766,21.3428,43.8869,False,False,False,False,False,False,False,False,False,False,False,False,False,0,False,-0.5562999999999967,-4.122499999999999,-26.666599999999995,-3.566200000000002,-26.1103,-22.544099999999997,18.779899999999998,17.7766,2.236897344537742,25.056649999999998,19.5597,12.685667847483106,26.666599999999995,13.927666666666665,26.666599999999995,2215.67805504,4835.48371152,271.84875964794264,17.399492063127322,-0.17919206312732072,0.17919206312732072,17.935422161483807,-0.15882216148380834,0.15882216148380834,21.66031695505492,-0.31751695505491995,0.31751695505491995,48.76450550502041,-4.877605505020412,4.877605505020412,4.877605505020412,1.3832841711716153,4.877605505020412,0.41958907464585016,1.0642519793140826,2
16.9402,91.4089,28.7547,32.746,13.7494,14.6965,16.65,55.3822,False,False,False,False,False,False,False,False,False,False,False,False,False,0,False,-0.9471000000000007,-2.900599999999999,-41.632799999999996,-1.9534999999999982,-40.6857,-38.7322,15.031966666666667,14.6965,1.4791124038873218,25.119525,15.67325,20.21123074388346,41.632799999999996,21.141983333333332,41.632799999999996,1548.48504778,2993.2758394,185.32329069452857,13.539224450176551,0.21017554982344855,0.21017554982344855,14.726711898656776,-0.030211898656775205,0.030211898656775205,16.264202826683558,0.3857971733164405,0.3857971733164405,49.361529090723266,6.020670909276731,6.020670909276731,6.020670909276731,1.6617138827683489,6.020670909276731,0.3756977812205486,1.6573873680384608,2
11.0549,38.0733,34.939,28.6861,7.5375,8.2343,9.2702,52.9228,False,False,False,False,False,False,False,False,False,False,False,False,False,0,False,-0.6967999999999996,-1.7327000000000012,-45.3853,-1.0359000000000016,-44.688500000000005,-43.6526,8.347333333333333,8.2343,0.8718627892812805,19.4912,8.75225,22.299099091368394,45.3853,22.8653,45.3853,420.89652417,1092.17449113,290.35825884326835,7.726242927880549,-0.1887429278805497,0.1887429278805497,8.329290739436535,-0.09499073943653613,0.09499073943653613,9.8214443415744,-0.5512443415743995,0.5512443415743995,50.78732291653774,2.1354770834622627,2.1354770834622627,2.1354770834622627,0.742613773088437,2.1354770834622627,0.5738506233815073,2.3285008986101943,4
16.9551,49.3238,37.9182,46.079,11.5897,11.7664,14.8056,46.527,False,False,False,False,False,False,False,False,False,False,False,False,False,0,False,-0.1767000000000003,-3.2158999999999995,-34.9373,-3.0391999999999992,-34.7606,-31.721400000000003,12.720566666666668,11.7664,1.8078519638878987,21.172175000000003,13.286000000000001,16.967546065823228,34.9373,17.975183333333334,34.9373,836.28996138,2272.7913802,343.75081730304294,11.393747644859594,0.1959523551404061,0.1959523551404061,11.568120874633815,0.1982791253661862,0.1982791253661862,14.519990061658492,0.2856099383415085,0.2856099383415085,49.84552973216202,-3.3185297321620197,3.3185297321620197,3.3185297321620197,0.9995927877525301,3.3185297321620197,0.5001018237938154,1.6501508937315632,4
28.9136,58.5679,27.1528,37.1643,17.6326,16.1946,22.4584,51.0747,False,False,False,False,False,False,False,False,False,False,False,False,False,0,False,1.4379999999999988,-4.825800000000001,-33.442099999999996,-6.2638,-34.8801,-28.6163,18.761866666666666,17.6326,3.281040995375299,26.840075,20.0455,16.37701497574675,34.8801,18.24435,34.8801,1693.40883344,2176.63500597,493.67648598012113,17.53235956005837,0.10024043994162923,0.10024043994162923,16.067379379762514,0.12722062023748748,0.12722062023748748,22.468333930390457,-0.009933930390456425,0.009933930390456425,48.46851895585877,2.6061810441412305,2.6061810441412305,2.6061810441412305,0.7108940086777009,2.6061810441412305,0.5844897433318328,1.2995525163202726,3
14.8736,90.321,43.7769,6.3052,12.5782,14.5,15.1172,,True,False,False,False,False,False,False,False,False,False,False,False,False,1,True,-1.9217999999999993,-2.5389999999999997,,-0.6172000000000004,,,14.065133333333335,14.5,1.324183527058592,14.065133333333335,14.5,1.324183527058592,2.5389999999999997,1.6926666666666665,2.5389999999999997,1343.3984255999999,569.4919692,164.6748635782527,12.19348422860007,0.3847157713999305,0.3847157713999305,14.174766587166593,0.32523341283340734,0.32523341283340734,14.623033180910134,0.49416681908986604,0.49416681908986604,50.6731844153524,,,0.49416681908986604,0.40137200110773463,0.49416681908986604,0.7135863990500279,0.180517179230073,2
16.7887,100.0701,39.1768,10.3787,13.9253,15.7353,16.7186,56.4779,False,False,False,False,False,False,False,False,False,False,False,False,False,0,False,-1.8100000000000005,-2.7932999999999986,-42.5526,-0.9832999999999981,-40.742599999999996,-39.759299999999996,15.459733333333332,15.7353,1.4168923612375541,25.714275,16.22695,20.54168660267457,42.5526,21.440183333333334,42.5526,1680.0468878699999,1038.59754687,167.76937688986249,13.69415065653256,0.23114934346743965,0.23114934346743965,15.551800004180722,0.1834999958192789,0.1834999958192789,16.35788822207842,0.3607117779215798,0.3607117779215798,50.14041590342566,6.337484096574336,6.337484096574336,6.337484096574336,1.7782113034456586,6.337484096574336,0.35994382384081314,1.6548233793006493,2
20.8151,108.1273,37.7482,18.9016,16.2126,17.5534,19.6291,65.7172,False,False,False,False,False,False,False,False,False,False,False,False,False,0,False,-1.3408000000000015,-3.4165000000000028,-49.50460000000001,-2.075700000000001,-48.16380000000001,-46.088100000000004,17.798366666666666,17.5534,1.721372871673461,29.778075,18.591250000000002,24.000605479497807,49.50460000000001,25.098250000000004,49.50460000000001,2250.6805622300003,2043.77897368,192.5054826574341,16.17345884135524,0.03914115864475676,0.03914115864475676,17.65489882495003,-0.10149882495003126,0.10149882495003126,19.488492726123535,0.14060727387646565,0.14060727387646565,49.445883357563204,16.2713166424368,16.2713166424368,16.2713166424368,4.138140974977014,16.2713166424368,0.19462292001524417,1.6624507586703445,2
26.0646,105.4747,36.4848,29.7454,18.6229,19.0469,22.9939,59.9133,False,False,False,False,False,False,False,False,False,False,False,False,False,0,False,-0.4239999999999995,-4.370999999999999,-41.2904,-3.946999999999999,-40.8664,-36.919399999999996,20.221233333333334,19.0469,2.410540257563298,30.14425,21.020400000000002,19.943390934258563,41.2904,21.30303333333333,41.2904,2749.15586562,3137.38714138,247.11705772881479,18.677245137427285,-0.05434513742728342,0.05434513742728342,19.297374137605786,-0.2504741376057851,0.2504741376057851,22.923928125407784,0.06997187459221621,0.06997187459221621,48.71043888985089,11.202861110149108,11.202861110149108,11.202861110149108,2.894413064943598,11.202861110149108,0.25677810322734285,1.3697599476649949,1
12.9292,15.0079,18.0,47.765,7.7726,6.8596,10.0741,61.009,False,False,False,False,False,False,False,False,False,False,False,False,False,0,False,0.9129999999999994,-2.3015,-53.2364,-3.2144999999999992,-54.1494,-50.9349,8.235433333333333,7.7726,1.6564762549862682,21.428825,8.92335,26.421423322798113,54.1494,27.458283333333338,54.1494,194.04014067999998,716.8523435,861.4923730219598,7.556395968824081,0.21620403117591902,0.21620403117591902,6.641196182198591,0.21840381780140916,0.21840381780140916,10.005957144250754,0.06814285574924561,0.06814285574924561,49.85110531659563,11.157894683404372,11.157894683404372,11.157894683404372,2.915161347032736,11.157894683404372,0.2554173152424205,2.526940918626701,4
11.1191,95.9778,32.2408,9.3445,10.3419,12.6769,11.9418,52.1243,False,False,False,False,False,False,False,False,False,False,False,False,False,0,False,-2.334999999999999,-1.5998999999999999,-41.782399999999996,0.7350999999999992,-39.4474,-40.1825,11.653533333333334,11.9418,1.1938925845038708,21.771225,12.30935,20.258849711895458,41.782399999999996,21.013716666666667,41.782399999999996,1067.18675598,896.8645521,115.85073674842133,10.720844080957143,-0.37894408095714205,0.37894408095714205,13.01309046784681,-0.3361904678468104,0.3361904678468104,12.37736393113183,-0.43556393113182956,0.43556393113182956,50.48349469135381,1.6408053086461862,1.6408053086461862,1.6408053086461862,0.6978759471454921,1.6408053086461862,0.5889711799505865,1.919156170975142,2
15.2425,33.3987,35.7329,11.8259,9.3907,9.3412,12.0736,32.7026,False,False,False,False,False,False,False,False,False,False,False,False,False,0,False,0.0495000000000001,-2.6829,-23.311899999999994,-2.7324,-23.361399999999996,-20.628999999999998,10.268500000000001,9.3907,1.5634583684895482,15.877025,10.73215,11.289455792131875,23.361399999999996,12.127849999999997,23.361399999999996,509.07968474999996,394.96968633,456.3799020980151,9.282775769573313,0.10792423042668808,0.10792423042668808,9.262316805789395,0.07888319421060608,0.07888319421060608,12.0484163940566,0.025183605943400522,0.025183605943400522,50.85442496364181,-18.151824963641815,18.151824963641815,18.151824963641815,4.590953998555627,18.151824963641815,0.17886035196468097,1.4713956352681719,4
30.0389,73.7471,41.4148,46.8461,19.0801,18.3148,24.107,44.198,False,False,False,False,False,False,False,False,False,False,False,False,False,0,False,0.7652999999999999,-5.026899999999998,-25.1179,-5.792199999999998,-25.8832,-20.091,20.500633333333337,19.0801,3.1465586635772937,26.424975000000003,21.59355,12.124019589881621,25.8832,13.779416666666668,25.8832,2215.2817621900003,3454.7640213100003,407.32308018578624,19.04566086090775,0.03443913909225316,0.03443913909225316,18.28352881584417,0.03127118415583041,0.03127118415583041,24.27098365912743,-0.16398365912743174,0.16398365912743174,48.48744605538451,-4.289446055384509,4.289446055384509,4.289446055384509,1.1297850094400061,4.289446055384509,0.4695309599643273,0.9794972447477263,3
31.1752,99.3175,25.9078,5.095,20.6205,20.1688,25.4065,34.0022,False,False,False,False,False,False,False,False,False,False,False,False,False,0,False,0.4516999999999989,-4.786000000000001,-13.381700000000002,-5.2377,-13.833400000000001,-8.5957,22.065266666666663,20.6205,2.9023935576233173,25.0495,23.0135,6.421722504645205,13.833400000000001,7.714366666666667,13.833400000000001,3096.242926,506.02266249999997,313.8942971888844,20.487644860101497,0.13285513989850273,0.13285513989850273,19.993398229964086,0.17540177003591495,0.17540177003591495,25.417804626624985,-0.011304626624983882,0.011304626624983882,48.48180595373913,-14.479605953739132,14.479605953739132,14.479605953739132,3.6997918725746333,14.479605953739132,0.2127753796578616,0.5522423392713072,1
20.1057,35.7746,27.7187,59.2091,12.5668,11.4561,16.472,51.154,False,False,False,False,False,False,False,False,False,False,False,False,False,0,False,1.1107000000000014,-3.9052000000000007,-38.5872,-5.015900000000002,-39.697900000000004,-34.682,13.4983,12.5668,2.6344985082554144,22.912225,14.519400000000001,18.95032956307533,39.697900000000004,20.499816666666668,39.697900000000004,719.2733752199999,2118.18186886,562.0103196093542,12.301688651770732,0.26511134822926863,0.26511134822926863,11.293730488674163,0.16236951132583677,0.16236951132583677,15.986638184715051,0.4853618152849499,0.4853618152849499,49.05671221597523,2.097287784024772,2.097287784024772,2.097287784024772,0.7525326147162068,2.097287784024772,0.5706027902721418,1.7326070547024333,4
14.4873,100.0648,36.7584,54.3708,12.7881,14.6488,15.1889,44.7178,False,False,False,False,False,False,False,False,False,False,False,False,False,0,False,-1.8606999999999996,-2.4008000000000003,-31.929699999999997,-0.5401000000000007,-30.068999999999996,-29.528899999999997,14.208599999999999,14.6488,1.25948092085589,21.8359,14.918849999999999,15.289223305539972,31.929699999999997,16.054866666666666,31.929699999999997,1449.6687770400001,5440.603227840001,144.77916862081682,13.105000606022088,-0.316900606022088,0.316900606022088,15.053613353582536,-0.40481335358253645,0.40481335358253645,15.539842839911351,-0.350942839911351,0.350942839911351,49.295988512654546,-4.578188512654549,4.578188512654549,4.578188512654549,1.412711328042631,4.578188512654549,0.41447146551563363,1.462256439049254,2
22.3374,56.6306,28.9941,18.4958,13.9008,13.3433,17.7527,49.9282,False,False,False,False,False,False,False,False,False,False,False,False,False,0,False,0.557500000000001,-3.8519000000000005,-36.0274,-4.4094000000000015,-36.5849,-32.1755,14.998933333333333,13.9008,2.401067409160629,23.73125,15.82675,17.57432314305921,36.5849,18.934433333333335,36.5849,1264.98036444,1047.42825148,394.44039186581244,14.045577708221822,-0.144777708221822,0.144777708221822,13.528355316892304,-0.1850553168923046,0.1850553168923046,17.826840085685852,-0.07414008568585118,0.07414008568585118,49.568272390424994,0.3599276095750028,0.3599276095750028,0.3599276095750028,0.19097518009374514,0.3599276095750028,0.8396480604417693,1.5416332718953818,4
26.9568,40.5601,40.3636,25.9641,,14.5565,20.7849,74.7142,True,False,False,False,False,False,False,False,False,False,False,False,False,1,True,,,,-6.228400000000001,-60.157700000000006,-53.929300000000005,17.6707,17.6707,4.404143875942293,36.6852,20.7849,33.08098959206028,60.157700000000006,40.105133333333335,60.157700000000006,1093.37050368,1053.1064924099999,664.6135821623758,15.4833108688521,,,14.18992432470082,0.36657567529917934,0.36657567529917934,20.28664440098655,0.49825559901345073,0.49825559901345073,49.55440826153145,25.159791738468556,25.159791738468556,25.159791738468556,8.674874337593728,25.159791738468556,0.10336051561045013,1.6398352360528943,3
27.089,62.907,40.7783,13.492,16.8702,0.0,21.7538,66.6104,False,False,False,False,False,False,False,False,False,False,False,False,True,0,False,16.8702,-4.883599999999998,-49.7402,-21.7538,-66.6104,-44.8566,12.874666666666664,16.8702,11.414033843183281,26.3086,19.311999999999998,28.43827886728262,66.6104,34.11913333333334,66.6104,1704.0877229999999,848.741244,430.61973538402157,16.633380412646332,0.23681958735366848,0.23681958735366848,16.03852647172627,-16.03852647172627,16.03852647172627,21.2797610181891,0.47403898181089943,0.47403898181089943,49.58888294985317,17.021517050146826,17.021517050146826,17.021517050146826,8.442725522759417,17.021517050146826,0.10590162740511103,2.53188594912464,3
16.1984,104.131,47.1348,13.1686,13.8563,16.0643,16.4932,45.0811,False,False,False,False,False,False,False,False,False,False,False,False,False,0,False,-2.208,-2.6369000000000025,-31.224800000000002,-0.4289000000000023,-29.0168,-28.587899999999998,15.471266666666667,16.0643,1.414947632717669,22.873725,16.278750000000002,14.849925096640499,31.224800000000002,15.683883333333336,31.224800000000002,1686.7555903999998,1371.2594866,155.55788808732385,13.678616466797386,0.17768353320261276,0.17768353320261276,15.970712515877407,0.0935874841225921,0.0935874841225921,16.31369985195449,0.17950014804551273,0.17950014804551273,50.36812367382422,-5.287023673824223,5.287023673824223,5.287023673824223,1.434448709798735,5.287023673824223,0.4107706175837542,1.3650940696829792,2
10.4319,41.9366,32.0292,45.3324,7.5731,8.4603,9.6327,36.0315,False,False,False,False,False,False,False,False,False,False,False,False,False,0,False,-0.8872,-2.0595999999999997,-28.4584,-1.1723999999999997,-27.5712,-26.3988,8.555366666666666,8.4603,1.033085811214796,15.4244,9.0465,13.763937903085733,28.4584,14.424600000000003,28.4584,437.47841754,1901.0867258399999,248.75401230571572,7.833061597104786,-0.2599615971047857,0.2599615971047857,8.490613243257393,-0.030313243257392486,0.030313243257392486,9.83985197498501,-0.2071519749850097,0.2071519749850097,50.33303361928049,-14.301533619280491,14.301533619280491,14.301533619280491,3.6997401086569197,14.301533619280491,0.21277772321026864,1.8450235697832202,4
28.5161,46.13,36.8821,25.4588,16.5328,15.279,21.4779,48.4752,False,False,False,False,False,False,False,False,False,False,False,False,False,0,False,1.2538000000000018,-4.9451,-31.9424,-6.198900000000002,-33.196200000000005,-26.9973,17.763233333333336,16.5328,3.2775089539669207,25.441225000000003,19.00535,15.587418027450857,33.196200000000005,17.422283333333336,33.196200000000005,1315.447693,1174.414444,618.1680862414727,16.52957231710533,0.0032276828946713465,0.0032276828946713465,15.086029664696678,0.19297033530332186,0.19297033530332186,21.524295603516975,-0.046395603516973694,0.046395603516973694,49.239948433440304,-0.7647484334403032,0.7647484334403032,0.7647484334403032,0.2518355137888175,0.7647484334403032,0.798826993630649,1.3048187322667315,3
12.2969,56.5112,39.2929,28.3125,9.4048,10.5472,11.7256,,True,False,False,False,False,False,False,False,False,False,False,False,False,1,True,-1.1424000000000003,-2.3208,,-1.1784,,,10.559199999999999,10.5472,1.1604465347442767,10.559199999999999,10.5472,1.1604465347442767,2.3208,1.5472000000000001,2.3208,694.91257528,1599.97335,217.60107419395197,9.342741505547151,0.062058494452848834,0.062058494452848834,10.459364687897915,0.08783531210208473,0.08783531210208473,11.582465411667794,0.14313458833220594,0.14313458833220594,50.63409886370718,,,0.14313458833220594,0.0976761316290465,0.14313458833220594,0.9110155274269409,0.21978916983372815,4
24.2607,41.2419,35.6057,24.8717,14.0427,13.1631,18.3995,59.6223,False,False,False,False,False,False,False,False,False,False,False,False,False,0,False,0.8795999999999999,-4.3568,-45.5796,-5.2364,-46.4592,-41.22280000000001,15.201766666666666,14.0427,2.804023518684059,26.3069,16.2211,22.32795655674742,46.4592,23.955733333333338,46.4592,1000.55736333,1025.75616423,588.2535508176028,14.205324177476564,-0.1626241774765642,0.1626241774765642,13.153803841489744,0.009296158510256447,0.009296158510256447,18.49650770314186,-0.09700770314185903,0.09700770314185903,49.65098084234432,9.971319157655685,9.971319157655685,9.971319157655685,2.5600617991960912,9.971319157655685,0.28089400027432476,1.7660454990722971,4
30.7801,21.4751,27.9207,33.4875,16.1614,13.5707,21.6122,,True,False,False,False,False,False,False,False,False,False,False,False,False,1,True,2.5907,-5.450800000000001,,-8.041500000000001,,,17.114766666666668,16.1614,4.1046451202672,17.114766666666668,16.1614,4.1046451202672,8.041500000000001,5.361000000000001,8.041500000000001,661.00572551,719.14741125,1433.2918434410815,16.33955574979273,-0.17815574979272952,0.17815574979272952,13.558813746965866,0.011886253034134597,0.011886253034134597,21.80060981406973,-0.188409814069729,0.188409814069729,48.80911690428151,,,0.188409814069729,0.1261506056321977,0.188409814069729,0.8879806972519636,0.4698571390453435,3
30.2286,45.8892,26.7456,33.7286,17.466,15.4147,22.8149,43.5912,False,False,False,False,False,False,False,False,False,False,False,False,False,0,False,2.0513000000000012,-5.3489,-26.1252,-7.400200000000002,-28.1765,-20.7763,18.5652,17.466,3.820591641356088,24.8217,20.14045,12.895985783439228,28.1765,14.979733333333334,28.1765,1387.1662711200001,1547.7784711200002,658.7300151822182,17.423379177220326,0.04262082277967494,0.04262082277967494,15.404020897203933,0.010679102796066431,0.010679102796066431,22.636741422916334,0.17815857708366778,0.17815857708366778,48.54749021863192,-4.956290218631921,4.956290218631921,4.956290218631921,1.2969371803228325,4.956290218631921,0.43536236365830905,1.1351554747839694,3
20.8054,64.9584,26.8743,57.8686,14.1824,22.0046,17.7369,45.5514,False,False,False,False,False,False,False,False,False,False,False,False,False,0,False,-7.8222000000000005,-3.554499999999999,-31.369,4.267700000000001,-23.5468,-27.814500000000002,17.974633333333333,17.7369,3.916515168275662,24.868825,19.87075,14.154348294988129,31.369,16.395783333333338,31.369,1351.48549536,3759.05166624,320.2880119756625,14.232032220726968,-0.04963222072696816,0.04963222072696816,13.973412972569063,8.031187027430937,8.031187027430937,17.848755995782433,-0.11185599578243455,0.11185599578243455,48.67511039531854,-3.1237103953185397,3.1237103953185397,8.031187027430937,2.8290964098147198,8.031187027430937,0.261158219322137,1.2613779455290124,4
15.2603,79.1605,29.4847,21.3996,11.7469,12.7595,14.0645,19.9086,False,False,False,False,False,False,False,False,False,False,False,False,False,0,False,-1.012599999999999,-2.3176000000000005,-8.1617,-1.3050000000000015,-7.149100000000001,-5.844099999999999,12.856966666666667,12.7595,1.161870153387776,14.619875,13.411999999999999,3.6512113974907927,8.1617,4.29835,8.1617,1208.01297815,1694.0030358,192.77667614824614,11.922182743708543,-0.1752827437085429,0.1752827437085429,13.033017104123394,-0.27351710412339436,0.27351710412339436,14.396539928845232,-0.3320399288452318,0.3320399288452318,49.924509834582004,-30.015909834582004,30.015909834582004,30.015909834582004,7.699187402814793,30.015909834582004,0.11495326559770748,0.5582602051931325,4
25.3237,106.6343,38.858,25.9433,1.0,19.0542,22.2274,54.544,False,False,False,False,False,False,False,False,False,False,False,False,False,0,False,-18.0542,-21.2274,-53.544,-3.173199999999998,-35.489799999999995,-32.316599999999994,14.093866666666665,19.0542,11.450078941794827,24.2064,20.6408,22.281296944298372,53.544,27.300866666666664,53.544,2700.3750229099996,2766.44563519,237.48172609735082,18.343362701543498,-17.343362701543498,17.343362701543498,19.1830345518511,-0.12883455185109938,0.12883455185109938,22.46732966171002,-0.23992966171002195,0.23992966171002195,48.9328522434431,5.611147756556896,5.611147756556896,17.343362701543498,5.830818667915379,17.343362701543498,0.14639533687185094,2.21197608402072,1
12.3176,57.5176,21.598,48.011,9.8896,10.3904,12.1167,36.3548,False,False,False,False,False,False,False,False,False,False,False,False,False,0,False,-0.5007999999999999,-2.2271,-26.465199999999996,-1.7263000000000002,-25.964399999999998,-24.238099999999996,10.798900000000001,10.3904,1.1683953911240836,17.187875,11.25355,12.813512583564533,26.465199999999996,13.520316666666664,26.465199999999996,708.47878976,2761.4774936000003,214.153543584304,9.616928387424474,0.2726716125755253,0.2726716125755253,10.153782438484905,0.23661756151509472,0.23661756151509472,11.752036594368736,0.36466340563126387,0.36466340563126387,49.565593907339945,-13.210793907339948,13.210793907339948,13.210793907339948,3.521186621765458,13.210793907339948,0.22118087211571782,1.539758963944662,4
27.8415,15.6042,28.6918,50.5509,14.726,12.1316,19.753,57.192,False,False,False,False,False,False,False,False,False,False,False,False,False,0,False,2.5944000000000003,-5.026999999999999,-42.466,-7.6213999999999995,-45.0604,-37.439,15.536866666666668,14.726,3.874862972200866,25.950650000000003,17.2395,21.066495720851787,45.0604,23.368033333333333,45.0604,434.44433430000004,788.80635378,1784.2300251022,14.805890480391104,-0.07989048039110358,0.07989048039110358,12.214781357576797,-0.08318135757679634,0.08318135757679634,19.885999106987605,-0.13299910698760442,0.13299910698760442,48.79279358415732,8.399206415842677,8.399206415842677,8.399206415842677,2.1738193401995454,8.399206415842677,0.315077795176939,1.7363874367742476,3
10.8498,54.5137,33.8139,24.3945,8.3735,9.3847,10.2987,66.5264,False,False,False,False,False,False,False,False,False,False,False,False,False,0,False,-1.0112000000000005,-1.9252000000000002,-58.152899999999995,-0.9139999999999997,-57.14169999999999,-56.2277,9.352300000000001,9.3847,0.9630088680796248,23.645825,9.8417,28.597861547485792,58.152899999999995,29.22878333333333,58.152899999999995,591.46274226,1329.83445465,199.02883146276412,8.482826578289362,-0.10932657828936243,0.10932657828936243,9.580648842868369,-0.19594884286836844,0.19594884286836844,10.417142436269831,-0.11844243626983086,0.11844243626983086,50.68244177240714,15.843958227592857,15.843958227592857,15.843958227592857,4.066919021255105,15.843958227592857,0.1973585912474864,2.459329518285144,4
17.3998,27.4014,32.6194,7.1219,10.1519,9.3392,13.4439,43.0775,False,False,False,False,False,False,False,False,False,False,False,False,False,0,False,0.8126999999999995,-3.292,-32.9256,-4.104699999999999,-33.7383,-29.6336,10.978333333333333,10.1519,2.17356494343586,19.003125,11.797899999999998,16.147405825162753,33.7383,17.417816666666667,33.7383,476.77887971999996,195.15003066,634.99652025206,9.928773788608542,0.22312621139145783,0.22312621139145783,9.35971082554994,-0.020510825549939327,0.020510825549939327,13.040820207192557,0.40307979280744277,0.40307979280744277,50.7165529267818,-7.639052926781801,7.639052926781801,7.639052926781801,2.0714424391326602,7.639052926781801,0.32557992533384034,1.7754070578354573,4
18.4973,100.7009,36.7309,6.1492,14.4387,16.0742,17.2039,51.6816,False,False,False,False,False,False,False,False,False,False,False,False,False,0,False,-1.6355000000000004,-2.7652,-37.242900000000006,-1.1296999999999997,-35.6074,-34.4777,15.905600000000002,16.0742,1.3902885419940711,24.849600000000002,16.63905,17.923982411469463,37.242900000000006,18.809733333333334,37.242900000000006,1862.69475757,619.2299742800001,183.68552975340538,14.496877537923384,-0.05817753792338287,0.05817753792338287,16.081816645472536,-0.0076166454725346,0.0076166454725346,17.40142949233651,-0.19752949233651051,0.19752949233651051,49.984508471416824,1.6970915285831794,1.6970915285831794,1.6970915285831794,0.49010380107890184,1.6970915285831794,0.671094187717631,1.4987317708406693,2
20.7384,99.3801,27.8355,9.009,15.4736,16.4851,18.3568,61.3818,False,False,False,False,False,False,False,False,False,False,False,False,False,0,False,-1.0114999999999998,-2.8832000000000004,-45.9082,-1.8717000000000006,-44.896699999999996,-43.025,16.771833333333333,16.4851,1.4628303262283477,27.924325,17.420949999999998,22.33693943245508,45.9082,23.266049999999996,45.9082,2060.98426584,895.3153209000001,208.6775713973349,15.522848177222816,-0.04924817722281638,0.04924817722281638,16.484511556957067,0.000588443042932596,0.000588443042932596,18.731733396941017,-0.37493339694101735,0.37493339694101735,49.41828645619362,11.963513543806378,11.963513543806378,11.963513543806378,3.097070890253286,11.963513543806378,0.2440768116507202,1.6440212452686878,2
12.3628,100.7801,22.3968,23.5885,11.9041,13.7706,13.9312,40.4923,False,False,False,False,False,True,False,False,False,False,False,False,False,0,False,-1.8665000000000003,-2.027100000000001,-28.5882,-0.16060000000000052,-26.7217,-26.5611,13.201966666666669,13.7706,1.1268502577243056,20.02455,13.8509,13.676150811906105,28.5882,14.320866666666667,28.5882,1245.92422028,2377.2513888500002,122.67103101991056,11.73881465776241,0.16528534223759017,0.16528534223759017,13.657213823475097,0.11338617652490335,0.11338617652490335,13.533386427992063,0.3978135720079372,0.3978135720079372,49.65760552848565,-9.165305528485646,9.165305528485646,9.165305528485646,2.4604476548140193,9.165305528485646,0.2889799528129966,1.4276568374036682,2
9.7342,73.9139,18.0,45.948,9.1737,10.3878,10.8464,53.3581,False,False,False,False,False,False,False,False,False,False,False,False,False,0,False,-1.2141000000000002,-1.672699999999999,-44.1844,-0.4585999999999988,-42.9703,-42.511700000000005,10.135966666666667,10.3878,0.8643184270471923,20.9415,10.6171,21.622586185899845,44.1844,22.168633333333332,44.1844,719.4926853799999,3396.1958772,131.69645605272402,9.250717296425842,-0.07701729642584176,0.07701729642584176,10.518808660847425,-0.13100866084742435,0.13100866084742435,10.808268508097399,0.038131491902600345,0.038131491902600345,49.54303618641956,3.815063813580437,3.815063813580437,3.815063813580437,1.015305315689076,3.815063813580437,0.49620273028361395,2.1098956092468972,4
13.9074,63.999,35.716,17.3181,10.4776,11.3127,12.9265,53.7765,False,False,False,False,False,False,False,False,False,False,False,False,False,0,False,-0.8350999999999988,-2.4489,-43.298899999999996,-1.6138000000000012,-42.4638,-40.849999999999994,11.57226666666667,11.3127,1.24491322723045,22.123325,12.1196,21.126583580310218,43.298899999999996,21.918416666666662,43.298899999999996,890.0596926000001,1108.3410819,217.30648645971243,10.395171118895528,0.0824288811044731,0.0824288811044731,11.443311945526107,-0.13061194552610722,0.13061194552610722,12.77880819196606,0.14769180803394022,0.14769180803394022,50.522102605748245,3.254397394251754,3.254397394251754,3.254397394251754,0.9037825072290686,3.254397394251754,0.5252700853184576,1.9571597139400545,4
18.163,28.358,31.2924,32.175,10.7058,9.9377,14.0611,50.49,False,False,False,False,False,False,False,False,False,False,False,False,False,0,False,0.7681000000000004,-3.3552999999999997,-39.7842,-4.1234,-40.5523,-36.4289,11.5682,10.7058,2.1928080650161794,21.298650000000002,12.38345,19.543086593899815,40.5523,20.83536666666667,40.5523,515.066354,912.41865,640.4892303797058,10.643248382625671,0.06255161737432857,0.06255161737432857,9.876207881084037,0.061492118915962735,0.061492118915962735,13.969013727573783,0.09208627242621681,0.09208627242621681,50.03705967653338,0.4529403234666205,0.4529403234666205,0.4529403234666205,0.16726758304578215,0.4529403234666205,0.856701594839697,1.903983630895089,4
31.3848,62.2443,36.8918,34.7087,18.6216,17.3424,23.8142,52.9131,False,False,False,False,False,False,False,False,False,False,False,False,False,0,False,1.2791999999999994,-5.192599999999999,-34.2915,-6.471799999999998,-35.5707,-29.0989,19.926066666666667,18.6216,3.4274296161020326,28.172825,21.2179,16.729244091784302,35.5707,18.650783333333333,35.5707,1953.52490664,2160.41873541,504.21958248071184,18.907715729151587,-0.2861157291515859,0.2861157291515859,17.524628805956645,-0.18222880595664392,0.18222880595664392,24.329447674423253,-0.5152476744232537,0.5152476744232537,48.5982533631128,4.3148466368871965,4.3148466368871965,4.3148466368871965,1.32460971160467,4.3148466368871965,0.4301797394237433,1.2625885893272724,3
16.5478,64.1575,36.9451,5.6956,11.3731,6.9911,14.1633,58.3087,False,False,False,False,False,False,False,False,False,False,False,False,False,0,False,4.382000000000001,-2.7901999999999987,-46.9356,-7.172199999999999,-51.3176,-44.1454,10.842500000000001,11.3731,3.6154205121949503,22.70905,12.7682,23.91598236737656,51.3176,26.123833333333334,51.3176,1061.6654784999998,365.415457,257.92459838294843,11.537335799152906,-0.16423579915290532,0.16423579915290532,12.309994565848122,-5.3188945658481215,5.3188945658481215,14.328888915052943,-0.16558891505294326,0.16558891505294326,50.578074884685236,7.730625115314766,7.730625115314766,7.730625115314766,3.344836098842184,7.730625115314766,0.23015827921943496,2.2597853015492495,4
11.8296,21.4584,32.3691,57.9892,25.0,7.3582,9.8972,38.2451,False,False,False,False,False,False,False,False,False,False,False,False,False,0,False,17.6418,15.1028,-13.2451,-2.5389999999999997,-30.8869,-28.347900000000003,14.085133333333332,9.8972,9.537419253306071,20.125124999999997,17.4486,14.372458894560573,30.8869,17.960583333333332,30.8869,253.84428864,1244.35544928,551.2803604740518,7.524848634753301,17.4751513652467,17.4751513652467,7.355368936975189,0.0028310630248107316,0.0028310630248107316,9.94384634511948,-0.046646345119480515,0.046646345119480515,50.16053599806186,-11.91543599806186,11.91543599806186,17.4751513652467,7.360016192863212,17.4751513652467,0.11961699318880278,1.5347424998639763,4
28.6209,35.1609,28.1335,24.3318,15.7314,13.8399,20.6323,43.6457,False,False,False,False,False,False,False,False,False,False,False,False,False,0,False,1.8915000000000006,-4.9009,-27.914299999999997,-6.792400000000001,-29.805799999999998,-23.013399999999997,16.734533333333335,15.7314,3.5055501427498275,23.462325,18.18185,13.756646055967515,29.805799999999998,15.719716666666665,29.805799999999998,1006.3366028099999,855.52798662,813.9977036999326,15.948954163185626,-0.21755416318562482,0.21755416318562482,13.901968993406099,-0.06206899340609873,0.06206899340609873,20.929916709389833,-0.29761670938983187,0.29761670938983187,49.06741536341057,-5.42171536341057,5.42171536341057,5.42171536341057,1.4997388073480313,5.42171536341057,0.4000417951909537,1.2703680175055039,3
12.3018,61.145,38.4586,12.285,9.4748,10.5765,11.5015,53.5863,False,False,False,False,False,False,False,False,False,False,False,False,False,0,False,-1.1016999999999992,-2.0267,-44.1115,-0.9250000000000007,-43.0098,-42.0848,10.5176,10.5765,1.0146330026172024,21.284775,11.039,21.55027958076569,44.1115,22.20991666666667,44.1115,752.193561,751.166325,201.19057957468644,9.409979841922473,0.06482015807752717,0.06482015807752717,10.690706909706387,-0.1142069097063878,0.1142069097063878,11.547615219569419,-0.046115219569419,0.046115219569419,50.907485384054645,2.678814615945356,2.678814615945356,2.678814615945356,0.7259892258246725,2.678814615945356,0.5793778924212015,2.0724428271180564,4
15.098,38.9042,25.1113,36.8095,9.7416,9.5803,12.384,42.8213,False,False,False,False,False,False,False,False,False,False,False,False,False,0,False,0.16130000000000067,-2.6424000000000003,-33.0797,-2.803700000000001,-33.241,-30.4373,10.568633333333333,9.7416,1.574220925833898,18.6318,11.0628,16.177476352220907,33.241,17.0609,33.241,587.3756116000001,1432.0441499,388.0813927335884,9.79829080878656,-0.05669080878655919,0.05669080878655919,9.552824685728307,0.02747531427169214,0.02747531427169214,12.500864335294583,-0.11686433529458284,0.11686433529458284,49.88383522173833,-7.0625352217383295,7.0625352217383295,7.0625352217383295,1.815891420022791,7.0625352217383295,0.35512732944507724,1.7840993440787558,4
13.9218,61.6483,44.9454,43.3601,10.3708,11.515,12.7252,52.0169,False,False,False,False,False,False,False,False,False,False,False,False,False,0,False,-1.1442000000000014,-2.3544,-41.646100000000004,-1.2101999999999986,-40.5019,-39.2917,11.536999999999999,11.515,1.1773541693135503,21.656975,12.1201,20.262765965250153,41.646100000000004,21.02475,41.646100000000004,858.25530294,2673.07645283,225.82614186828476,10.593453422853452,-0.2226534228534529,0.2226534228534529,11.766516268218297,-0.2515162682182961,0.2515162682182961,13.19836691726108,-0.4731669172610804,0.4731669172610804,50.295920675003586,1.7209793249964136,1.7209793249964136,1.7209793249964136,0.6670789833323107,1.7209793249964136,0.599851602712373,1.9229869716398662,4
10.1665,93.6094,41.4084,43.4711,10.5852,13.1681,12.3919,36.9169,False,False,False,False,False,False,False,False,False,False,False,False,False,0,False,-2.5829000000000004,-1.8066999999999993,-26.331699999999998,0.7762000000000011,-23.748799999999996,-24.525,12.0484,12.3919,1.325268761421622,18.265525,12.780000000000001,12.481244512834714,26.331699999999998,13.295216666666667,26.331699999999998,951.6799650999999,4069.30358834,108.60553442223383,10.548916950773394,0.03628304922660597,0.03628304922660597,13.0674172035773,0.10068279642270106,0.10068279642270106,12.297126177769353,0.09477382223064623,0.09477382223064623,50.16556957101459,-13.248669571014595,13.248669571014595,13.248669571014595,3.370102309723637,13.248669571014595,0.22882759467094477,1.4416057345158517,2
12.9588,91.6201,24.6224,7.4809,11.674,13.1147,13.7081,50.501,False,False,False,False,False,False,False,False,False,False,False,False,False,0,False,-1.4406999999999996,-2.0341000000000005,-38.827,-0.5934000000000008,-37.3863,-36.792899999999996,12.832266666666667,13.1147,1.0460483465563786,22.24945,13.4114,18.85372233353403,38.827,19.5124,38.827,1187.28655188,685.40080609,141.44056364918137,11.332054076461155,0.34194592353884445,0.34194592353884445,13.019843996370435,0.09485600362956426,0.09485600362956426,13.236759297431682,0.47134070256831784,0.47134070256831784,50.136082080288894,0.3649179197111039,0.3649179197111039,0.47134070256831784,0.3182651373619576,0.47134070256831784,0.7585727420518357,1.7450760602729234,2
31.6361,32.2472,36.1817,55.1522,17.5824,15.0875,23.2255,71.4929,False,False,False,False,False,False,False,False,False,False,False,False,False,0,False,2.4948999999999995,-5.6431000000000004,-53.910500000000006,-8.138,-56.40540000000001,-48.26740000000001,18.6318,17.5824,4.169255481497866,31.847075,20.403950000000002,26.648873037131732,56.40540000000001,29.14321666666667,56.40540000000001,1020.17564392,1778.50402384,981.0492132497662,17.613662801899956,-0.031262801899956116,0.031262801899956116,15.21814363786112,-0.13064363786111954,0.13064363786111954,23.332139266549643,-0.10663926654964229,0.10663926654964229,48.42567326264933,23.067226737350673,23.067226737350673,23.067226737350673,5.833943110915348,23.067226737350673,0.14632840569052655,1.771132271603508,3
12.9328,79.8868,40.2712,33.5667,11.013,12.7045,13.3102,37.6164,False,False,False,False,False,False,False,False,False,False,False,False,False,0,False,-1.6914999999999996,-2.2972,-26.6034,-0.6057000000000006,-24.9119,-24.306199999999997,12.342566666666668,12.7045,1.1906001693823722,18.661025000000002,13.007349999999999,12.674252720213264,26.6034,13.40265,26.6034,1033.16000704,2681.5362495599998,161.889052773543,11.002393060876798,0.010606939123201542,0.010606939123201542,12.73879921126578,-0.03429921126578073,0.03429921126578073,13.243863698577183,0.0663363014228171,0.0663363014228171,50.24004028546852,-12.623640285468518,12.623640285468518,12.623640285468518,3.1837206843200794,12.623640285468518,0.23902169275971058,1.4256122449799808,4
8.1947,107.2433,21.406,55.8882,10.373,13.0691,11.2021,49.4159,False,False,False,False,False,False,False,False,False,False,False,False,False,0,False,-2.6961000000000013,-0.8291000000000004,-39.0429,1.8670000000000009,-36.3468,-38.2138,11.548066666666665,11.2021,1.3809447864897912,21.015025,12.1356,18.967460012940585,39.0429,19.832616666666667,39.0429,878.82667051,5993.63499906,76.41222562041398,10.47291426971369,-0.09991426971369144,0.09991426971369144,13.008188033512045,0.06091196648795538,0.06091196648795538,11.652264316975302,-0.450164316975302,0.450164316975302,49.22179298311902,0.1941070168809773,0.1941070168809773,0.450164316975302,0.20127439251448154,0.450164316975302,0.8324492773935035,1.8578555781610642,2
12.9139,39.8236,23.2491,24.6533,8.46,8.7627,10.6013,67.1814,False,False,False,False,False,False,False,False,False,False,False,False,False,0,False,-0.30269999999999975,-2.1412999999999993,-58.721399999999996,-1.8385999999999996,-58.418699999999994,-56.580099999999995,9.274666666666668,8.7627,1.158824328072781,23.751350000000002,9.682,28.968822733242025,58.721399999999996,29.66713333333333,58.721399999999996,514.27798804,981.7831578800001,324.2774826290233,8.652579186829128,-0.19257918682912667,0.19257918682912667,8.712150602762883,0.05054939723711804,0.05054939723711804,10.911781631024288,-0.31048163102428816,0.31048163102428816,50.27662392188235,16.90477607811765,16.90477607811765,16.90477607811765,4.3645965733020455,16.90477607811765,0.18640730693090582,2.472338426094337,4
19.98,51.4139,37.8555,12.2375,12.5667,12.777,25.0,21.6472,False,False,False,False,False,False,False,False,False,False,False,False,False,0,False,-0.21029999999999838,-12.4333,-9.0805,-12.223,-8.870200000000002,3.3527999999999984,16.781233333333333,12.777,7.11843737510792,17.997725,17.2121,6.300860391711066,12.4333,7.6950166666666675,12.4333,1027.249722,629.1776012500001,388.61078645837284,12.56252804207068,0.004171957929321124,0.004171957929321124,12.500650329019885,0.27634967098011387,0.27634967098011387,16.043769862586725,8.956230137413275,8.956230137413275,50.29002630162888,-28.642826301628876,28.642826301628876,28.642826301628876,9.469894516987896,28.642826301628876,0.09551194602557389,0.690825817804296,4
31.8555,89.9514,38.7023,18.529,20.0978,19.7211,25.2735,50.7539,False,False,False,False,False,False,False,False,False,False,False,False,False,0,False,0.3766999999999996,-5.175699999999999,-30.656100000000002,-5.552399999999999,-31.0328,-25.480400000000003,21.697466666666667,20.0978,3.102657977175913,28.961575,22.68565,14.747431545724611,31.0328,16.37901666666667,31.0328,2865.4468227,1666.7094906000002,354.1411968973026,20.474448112954782,-0.37664811295478273,0.37664811295478273,19.95811233602801,-0.23701233602800897,0.23701233602800897,25.76376119202368,-0.4902611920236808,0.4902611920236808,48.674200325532716,2.0796996744672853,2.0796996744672853,2.0796996744672853,0.7959053288684395,2.0796996744672853,0.5568222243819935,1.0715159408575188,1
16.7604,61.6364,46.4971,55.1082,12.021,12.683,14.9245,41.1933,False,False,False,False,False,False,False,False,False,False,False,False,False,0,False,-0.661999999999999,-2.9034999999999993,-29.1723,-2.2415000000000003,-28.5103,-26.2688,13.2095,12.683,1.5216700529352607,20.20545,13.80375,14.046954074697712,29.1723,14.959733333333332,29.1723,1033.0507185600002,3396.67105848,271.9236892609417,12.098635729502947,-0.07763572950294595,0.07763572950294595,12.897111088917885,-0.21411108891788544,0.21411108891788544,15.2468460592873,-0.3223460592873,0.3223460592873,49.83142196591108,-8.638121965911083,8.638121965911083,8.638121965911083,2.3130537109048035,8.638121965911083,0.3018363380915118,1.4437830170656842,4
19.7739,19.7536,27.0141,42.8943,11.0173,9.5235,14.5968,39.2832,False,False,False,False,False,False,False,False,False,False,False,False,False,0,False,1.4938000000000002,-3.5794999999999995,-28.265900000000002,-5.0733,-29.759700000000002,-24.6864,11.712533333333333,11.0173,2.607125862579966,18.6052,12.80705,13.94872103886231,29.759700000000002,15.476433333333333,29.759700000000002,390.60571104,847.31684448,1001.0271540239988,11.063646724807246,-0.04634672480724511,0.04634672480724511,9.657821533213733,-0.13432153321373264,0.13432153321373264,14.711442179985513,-0.11464217998551263,0.11464217998551263,49.59649805888178,-10.313298058881777,10.313298058881777,10.313298058881777,2.652152124222067,10.313298058881777,0.27381115736327843,1.5995358289425383,4
26.7385,70.3804,36.3881,33.2994,17.2828,16.7397,21.7568,56.2922,False,False,False,False,False,True,False,False,False,False,False,False,False,0,False,0.5431000000000026,-4.473999999999997,-39.0094,-5.017099999999999,-39.5525,-34.5354,18.5931,17.2828,2.753268543023,28.017875,19.5198,18.983129184862193,39.5525,20.52191666666667,39.5525,1881.8663253999998,2343.6250917599996,379.91395617047414,17.105856985809762,0.17694301419023972,0.17694301419023972,16.58000221505688,0.1596977849431198,0.1596977849431198,21.6862511480924,0.07054885190759919,0.07054885190759919,48.94867448783046,7.343525512169542,7.343525512169542,7.343525512169542,1.9376787908026252,7.343525512169542,0.34040481319156835,1.4116875702787703,3
15.2056,97.2858,31.008,34.6975,12.7327,14.3418,14.9446,45.1902,False,False,False,False,False,False,False,False,False,False,False,False,False,0,False,-1.6090999999999998,-2.2119,-32.457499999999996,-0.6028000000000002,-30.848399999999998,-30.245599999999996,14.006366666666667,14.3418,1.1434649287727776,21.802325,14.6432,15.619844430589996,32.457499999999996,16.329216666666664,32.457499999999996,1479.28896048,3375.5740454999996,156.29823095475075,13.056002690668386,-0.32330269066838646,0.32330269066838646,14.714256606311466,-0.3724566063114665,0.3724566063114665,15.485989792608219,-0.5413897926082196,0.5413897926082196,49.49251586469232,-4.302315864692325,4.302315864692325,4.302315864692325,1.3848662385700994,4.302315864692325,0.41931072855455936,1.4887166902077231,2
11.0967,57.7506,32.1577,49.6601,9.3504,10.2755,11.4103,47.7629,False,False,False,False,False,False,False,False,False,False,False,False,False,0,False,-0.9250999999999987,-2.059899999999999,-38.4125,-1.1348000000000003,-37.4874,-36.3526,10.3454,10.2755,1.0317274397824259,19.699775000000002,10.8429,18.727705881104782,38.4125,19.39538333333333,38.4125,640.84108302,2867.90057106,192.1486197288652,9.077038812239383,0.27336118776061724,0.27336118776061724,10.103353307920186,0.1721466920798136,0.1721466920798136,11.122183205681573,0.28811679431842663,0.28811679431842663,50.009184858071805,-2.246284858071803,2.246284858071803,2.246284858071803,0.7449773830576651,2.246284858071803,0.5730733301813538,1.9498943770198507,4
25.7619,69.1276,32.6964,18.6309,16.2873,15.9744,20.6953,56.4635,False,False,False,False,False,False,False,False,False,False,False,False,False,0,False,0.31289999999999907,-4.408000000000001,-40.17620000000001,-4.7209,-40.48910000000001,-35.76820000000001,17.65233333333333,16.2873,2.6399263632407126,27.355125,18.4913,19.52492779267485,40.48910000000001,20.97921666666667,40.48910000000001,1780.8583184400002,1287.90940284,372.67164306707554,16.388432218201977,-0.10113221820197893,0.10113221820197893,15.8926097458565,0.08179025414349894,0.08179025414349894,20.711980135138983,-0.016680135138983587,0.016680135138983587,49.24569826481884,7.217801735181162,7.217801735181162,7.217801735181162,1.8543510856664058,7.217801735181162,0.3503423264999406,1.4801279540386112,3
22.9325,95.339,21.9622,58.4625,17.1118,17.1518,21.0356,37.9274,False,False,False,False,False,False,False,False,False,False,False,False,False,0,False,-0.0400000000000027,-3.9238,-20.8156,-3.8837999999999973,-20.775599999999997,-16.8918,18.433066666666665,17.1518,2.2539487157726836,23.306649999999998,19.0937,9.919380755369762,20.8156,11.055100000000001,20.8156,2186.3616175,5573.756287499999,240.5363764528287,16.931894802912737,0.17990519708726183,0.17990519708726183,17.134605934288153,0.01719406571184834,0.01719406571184834,20.67937399302737,0.35622600697262996,0.35622600697262996,47.96430531506016,-10.03690531506016,10.03690531506016,10.03690531506016,2.647557646207975,10.03690531506016,0.2741560509782776,0.8931181044388171,2
12.8318,53.2613,36.8491,11.4673,9.0028,9.979,10.9948,42.5072,False,False,False,False,False,False,False,False,False,False,False,False,False,0,False,-0.9761999999999986,-1.991999999999999,-33.5044,-1.0158000000000005,-32.5282,-31.5124,9.992199999999999,9.979,0.9960656002493005,18.12095,10.486899999999999,16.277829627133954,33.5044,16.921499999999998,33.5044,683.43834934,610.76330549,240.92159956260932,9.217652272893947,-0.21485227289394615,0.21485227289394615,10.14659190930697,-0.16759190930697088,0.16759190930697088,11.470699039117802,-0.4758990391178024,0.4758990391178024,50.90623866748853,-8.399038667488533,8.399038667488533,8.399038667488533,2.314345472201813,8.399038667488533,0.30171869782049965,1.8489307409761953,4
18.9372,42.7286,30.7494,59.6139,12.0414,11.6014,15.4897,71.2505,False,False,False,False,False,False,False,False,False,False,False,False,False,0,False,0.4399999999999995,-3.4482999999999997,-59.20910000000001,-3.888299999999999,-59.649100000000004,-55.7608,13.044166666666667,12.0414,2.1292897790891057,27.595750000000002,13.76555,29.155049191120682,59.649100000000004,30.399266666666666,59.649100000000004,809.16004392,2547.21848754,443.1971927006284,12.132831856595228,-0.09143185659522857,0.09143185659522857,11.580111465428152,0.021288534571848317,0.021288534571848317,15.613418644770347,-0.12371864477034755,0.12371864477034755,49.18554435870644,22.064955641293565,22.064955641293565,22.064955641293565,5.575348669307747,22.064955641293565,0.15208318984934985,2.1615313366981015,4
10.1391,102.3696,30.4046,37.2094,10.9162,13.2917,12.6988,45.9982,False,False,False,False,False,False,False,False,False,False,False,False,False,0,False,-2.3755000000000006,-1.7826000000000004,-35.081999999999994,0.5929000000000002,-32.7065,-33.2994,12.302233333333334,12.6988,1.2364056386693383,20.726225,12.99525,16.878201177924737,35.081999999999994,17.639816666666665,35.081999999999994,1037.93561136,3809.11139424,99.0440424653371,10.929933984869491,-0.013733984869491067,0.013733984869491067,13.395616908435068,-0.10391690843506751,0.10391690843506751,12.481124381044154,0.21767561895584642,0.21767561895584642,49.82462951583928,-3.82642951583928,3.82642951583928,3.82642951583928,1.0404390070249212,3.82642951583928,0.49009061116610303,1.6926373748054095,2
13.1679,23.7918,20.5211,29.8586,8.0068,7.4467,10.4513,19.7703,False,False,False,False,False,False,False,False,False,False,False,False,False,0,False,0.5601000000000003,-2.4444999999999997,-11.763499999999999,-3.0046,-12.323599999999999,-9.318999999999999,8.634933333333334,8.0068,1.5977543313455087,11.418775,9.22905,5.71847680498633,12.323599999999999,6.569216666666667,12.323599999999999,313.28804321999996,710.38983948,553.4635658237015,7.947532912999607,0.05926708700039285,0.05926708700039285,7.396861493393289,0.04983850660671063,0.04983850660671063,10.337097652211018,0.1142023477889822,0.1142023477889822,50.2171689109303,-30.4468689109303,30.4468689109303,30.4468689109303,7.667544213081596,30.4468689109303,0.11537293325723541,1.0792391659883254,4
21.2551,92.5878,23.7463,51.8686,15.8742,16.2173,19.1395,77.3263,False,False,False,False,False,False,False,False,False,False,False,False,False,0,False,-0.3431000000000015,-3.2653000000000016,-61.4521,-2.9222,-61.109,-58.186800000000005,17.077,16.2173,1.794396581026614,32.139325,17.678400000000003,30.160257133339677,61.4521,31.213083333333334,61.4521,1967.96294778,4802.39956308,229.56693759146046,15.898053632921439,-0.023853632921438717,0.023853632921438717,16.321894440441177,-0.1045944404411756,0.1045944404411756,19.37032270600732,-0.23082270600732002,0.23082270600732002,48.355925663407156,28.970374336592847,28.970374336592847,28.970374336592847,7.332411278990696,28.970374336592847,0.12001327905181487,1.9120526295892555,2
11.3676,24.7966,47.8326,39.7456,7.1229,7.6559,9.5351,59.5152,False,False,False,False,False,False,False,False,False,False,False,False,False,0,False,-0.5330000000000004,-2.4122000000000003,-52.3923,-1.8792,-51.8593,-49.9801,8.104633333333334,7.6559,1.2671615577081454,20.957275,8.5955,25.726096805691945,52.3923,26.509349999999998,52.3923,281.87783016000003,985.5557449600001,458.433632661884,7.292479917681296,-0.16957991768129688,0.16957991768129688,7.817976203815968,-0.16207620381596843,0.16207620381596843,9.699049688932373,-0.16394968893237305,0.16394968893237305,51.11177500050592,8.403424999494078,8.403424999494078,8.403424999494078,2.224757702480929,8.403424999494078,0.31010081756860736,2.4999564590546917,4
13.7125,49.7963,29.9628,30.9329,9.5133,9.9252,12.031,61.3026,False,False,False,False,False,False,False,False,False,False,False,False,False,0,False,-0.41190000000000104,-2.5177000000000014,-51.7893,-2.1058000000000003,-51.377399999999994,-49.2716,10.489833333333332,9.9252,1.3504856250006272,23.193025,10.978100000000001,25.430300595205317,51.7893,26.245616666666667,51.7893,682.83176375,1540.34396827,275.3718096782673,9.670665620704295,-0.1573656207042955,0.1573656207042955,10.102949640215337,-0.17774964021533712,0.17774964021533712,12.101916298822456,-0.0709162988224552,0.0709162988224552,50.19217332932708,11.110426670672915,11.110426670672915,11.110426670672915,2.8791145576037507,11.110426670672915,0.2577907883745849,2.2329677853717724,4
14.7955,47.2573,38.2309,35.7656,9.9198,10.4887,12.5743,44.566,False,False,False,False,False,False,False,False,False,False,False,False,False,0,False,-0.5688999999999993,-2.6544999999999987,-34.6462,-2.0855999999999995,-34.0773,-31.9917,10.994266666666666,10.4887,1.3976018042823684,19.3872,11.5315,16.82461035566649,34.6462,17.6707,34.6462,699.19538215,1690.18568888,313.0838382464004,10.119818754489595,-0.20001875448959439,0.20001875448959439,10.56790725118726,-0.07920725118725969,0.07920725118725969,12.854750445675307,-0.2804504456753083,0.2804504456753083,50.304254043964825,-5.738254043964822,5.738254043964822,5.738254043964822,1.5744826238292462,5.738254043964822,0.3884275585098396,1.7870647710526684,4
25.7638,21.9445,30.2554,47.5049,13.902,20.392,18.6341,52.7792,False,False,False,False,False,False,False,False,False,False,False,False,False,0,False,-6.49,-4.732100000000001,-38.8772,1.7578999999999994,-32.38720000000001,-34.1451,17.6427,18.6341,3.3566621024464176,26.426825,19.51305,17.780744126980927,38.8772,19.731583333333337,38.8772,565.3737091,1042.4712780500001,1174.0430750105606,14.123187220190376,-0.22118722019037662,0.22118722019037662,12.058258353360424,8.333741646639576,8.333741646639576,18.819737585197615,-0.18563758519761464,0.18563758519761464,49.03618276249042,3.7430172375095836,3.7430172375095836,8.333741646639576,3.1208959223842876,8.333741646639576,0.242665677278599,1.471125846133296,3
27.5704,85.3055,24.6014,31.3391,18.2797,17.8617,22.6378,50.0485,False,False,False,False,False,False,False,False,False,False,False,False,False,0,False,0.41799999999999926,-4.3581,-31.7688,-4.7761,-32.1868,-27.4107,19.593066666666665,18.2797,2.6450863508273854,27.206925,20.45875,15.380106504263875,32.1868,16.81975,32.1868,2351.9067572,2673.39759505,323.19600457227205,18.290122701214578,-0.010422701214579888,0.010422701214579888,17.74010990575472,0.12159009424527767,0.12159009424527767,22.79173914058218,-0.15393914058218172,0.15393914058218172,48.33961777061275,1.7088822293872497,1.7088822293872497,1.7088822293872497,0.49870854135732223,1.7088822293872497,0.667241142893827,1.1830366044539746,1
17.1843,57.8166,30.8448,31.3097,11.8278,12.0699,14.9209,40.3349,False,False,False,False,False,False,False,False,False,False,False,False,False,0,False,-0.24210000000000065,-3.0930999999999997,-28.507099999999998,-2.850999999999999,-28.264999999999997,-25.413999999999998,12.939533333333335,12.0699,1.7201783347471076,19.788375000000002,13.4954,13.76950269142523,28.507099999999998,14.728716666666665,28.507099999999998,993.53779938,1810.22040102,297.22081595582995,11.788083587800639,0.03971641219936117,0.03971641219936117,12.015529802098136,0.05437019790186426,0.05437019790186426,14.767518982638407,0.1533810173615926,0.1533810173615926,49.80962772311314,-9.47472772311314,9.47472772311314,9.47472772311314,2.4305488376439897,9.47472772311314,0.2914985465377527,1.4405976030888825,4
13.7129,81.1031,27.6251,31.0034,11.2408,12.5312,13.2541,54.4976,False,False,False,False,False,False,False,False,False,False,False,False,False,0,False,-1.2904,-2.013299999999999,-43.2568,-0.7228999999999992,-41.9664,-41.2435,12.342033333333333,12.5312,1.0198932509499867,22.880924999999998,12.89265,21.094226818630574,43.2568,21.74888333333333,43.2568,1112.1586999899998,2514.4718505399997,169.0798293678257,11.396665373317225,-0.1558653733172246,0.1558653733172246,12.685183550782076,-0.15398355078207615,0.15398355078207615,13.619782057025265,-0.3656820570252659,0.3656820570252659,49.76797789707457,4.7296221029254255,4.7296221029254255,4.7296221029254255,1.351288271012498,4.7296221029254255,0.4252987659268958,1.8905171488839947,4
26.6475,106.3383,29.4929,14.2771,19.0362,19.4561,23.466,35.5775,False,False,False,False,False,False,False,False,False,False,False,False,False,0,False,-0.4198999999999984,-4.4298,-16.5413,-4.009900000000002,-16.1214,-12.1115,20.65276666666667,19.4561,2.4453609842584254,24.38395,21.46105,7.72485877950745,16.5413,8.938966666666667,16.5413,2833.64984925,1518.2025429300002,250.59171995492497,18.81230069844562,0.22389930155438265,0.22389930155438265,19.21642309627955,0.2396769037204507,0.2396769037204507,23.014531593845604,0.45146840615439743,0.45146840615439743,48.74341041787821,-13.165910417878209,13.165910417878209,13.165910417878209,3.52023875732686,13.165910417878209,0.221227252294826,0.6783680747507789,1
10.5103,65.8953,33.8904,15.1601,8.8842,10.4931,10.7892,42.4119,False,False,False,False,False,False,False,False,False,False,False,False,False,0,False,-1.6089000000000002,-1.9049999999999994,-33.5277,-0.29609999999999914,-31.918800000000005,-31.622700000000002,10.0555,10.4931,1.025122709727962,18.1446,10.64115,16.199837641779006,33.5277,16.8132,33.5277,692.5793715900002,998.9793375300001,159.49997048348357,8.838687882235899,0.045512117764101134,0.045512117764101134,10.352561428281009,0.14053857171899153,0.14053857171899153,10.611116544221172,0.17808345577882712,0.17808345577882712,50.79610348264114,-8.38420348264114,8.38420348264114,8.38420348264114,2.187084406975765,8.38420348264114,0.3137663997261068,1.8478049404203234,4
28.7185,102.2871,26.2899,33.8702,19.6977,19.5107,24.4223,43.589,False,False,False,False,False,False,False,False,False,False,False,False,False,0,False,0.18700000000000117,-4.724599999999999,-23.891299999999998,-4.9116,-24.0783,-19.1667,21.21023333333333,19.6977,2.783302256912341,26.804924999999997,22.060000000000002,11.417828763933183,24.0783,12.826583333333332,24.0783,2937.5320813499998,3464.4845344199994,280.76362701028506,19.81178307592465,-0.1140830759246505,0.1140830759246505,19.65364286524793,-0.14294286524793165,0.14294286524793165,24.43502298131873,-0.012722981318731286,0.012722981318731286,48.053197536193984,-4.464197536193986,4.464197536193986,4.464197536193986,1.1834866146713248,4.464197536193986,0.4579831143826488,0.8982786192169465,1
25.9956,109.9526,44.171,32.6094,19.0835,20.0698,23.5018,26.7068,False,False,False,False,False,False,False,False,False,False,False,False,False,0,False,-0.9863,-4.418299999999999,-7.6233,-3.4319999999999986,-6.6370000000000005,-3.205000000000002,20.885033333333336,20.0698,2.3192235259528844,22.340475,21.785800000000002,3.47262248968029,7.6233,4.38365,7.6233,2858.28380856,3585.48831444,236.42549276456464,18.935834452305862,0.14766554769413887,0.14766554769413887,19.923880626044323,0.1459193739556781,0.1459193739556781,23.236663555978076,0.26513644402192327,0.26513644402192327,48.874693217627275,-22.167893217627274,22.167893217627274,22.167893217627274,5.6816536458247535,22.167893217627274,0.1496635493258293,0.341232520242958,1
13.5483,30.7805,39.3529,46.8138,8.7059,8.8392,11.4471,42.6593,False,False,False,False,False,False,False,False,False,False,False,False,False,0,False,-0.1333000000000002,-2.741200000000001,-33.9534,-2.6079000000000008,-33.820100000000004,-31.212200000000003,9.664066666666665,8.8392,1.5455898949376368,17.912875,10.14315,16.54581279647009,33.9534,17.41135,33.9534,417.02344815,1440.9521709,440.1583989349104,8.743054457739557,-0.0371544577395575,0.0371544577395575,8.868798305176545,-0.02959830517654538,0.02959830517654538,11.422743053135923,0.024356946864077855,0.024356946864077855,50.3933932183454,-7.7340932183454,7.7340932183454,7.7340932183454,1.9563007320313952,7.7340932183454,0.3382605799082081,1.8954735655367632,4
17.304,91.7646,36.5064,53.8731,13.7505,15.1453,16.6453,74.8414,False,False,False,False,False,False,False,False,False,False,False,False,False,0,False,-1.3948,-2.8947999999999983,-61.09089999999999,-1.4999999999999982,-59.696099999999994,-58.196099999999994,15.180366666666666,15.1453,1.447718554600075,30.095625,15.895299999999999,29.8539274458571,61.09089999999999,30.79545,61.09089999999999,1587.8946383999998,4943.64347226,188.56942780010723,13.994634021865057,-0.24413402186505628,0.24413402186505628,15.311132041777137,-0.1658320417771364,0.1658320417771364,16.947863473813698,-0.30256347381369864,0.30256347381369864,49.13044668272496,25.710953317275035,25.710953317275035,25.710953317275035,6.605870713682732,25.710953317275035,0.13147738604089473,2.0298923747580004,2
18.7967,65.4734,40.9096,30.0071,13.0694,13.9466,16.4915,57.237,False,False,False,False,False,False,False,False,False,False,False,False,False,0,False,-0.8772000000000002,-3.4220999999999986,-44.1676,-2.5448999999999984,-43.290400000000005,-40.74550000000001,14.502499999999998,13.9466,1.7774871898272564,25.186124999999997,15.21905,21.41648149679354,44.1676,22.507950000000005,44.1676,1230.6838577800002,1964.66686114,287.0890640948746,12.984421230713465,0.08497876928653447,0.08497876928653447,13.533781626098703,0.41281837390129716,0.41281837390129716,16.289812907645043,0.2016870923549554,0.2016870923549554,49.96072046887141,7.276279531128594,7.276279531128594,7.276279531128594,1.9939409416678453,7.276279531128594,0.33400792449931443,1.7536473936949837,4
11.6104,102.0657,46.6395,55.7037,11.7779,14.4485,13.6518,49.1068,False,False,False,False,False,False,False,False,False,False,False,False,False,0,False,-2.6705999999999985,-1.873899999999999,-37.3289,0.7966999999999995,-34.6583,-35.455,13.292733333333333,13.6518,1.3710298112489498,22.24625,14.050149999999999,17.941989613659537,37.3289,18.79723333333333,37.3289,1185.02360328,5685.43713309,113.7541687604975,11.861932666708661,-0.08403266670866039,0.08403266670866039,14.556084362489768,-0.10758436248976899,0.10758436248976899,13.90917899840382,-0.25737899840382106,0.25737899840382106,49.85516209735369,-0.7483620973536915,0.7483620973536915,0.7483620973536915,0.2993395312389855,0.7483620973536915,0.7696217778015649,1.6779854231677593,2
13.4092,41.696,35.3431,54.3964,9.4945,9.707,12.2115,45.3013,False,False,False,False,False,False,False,False,False,False,False,False,False,0,False,-0.21250000000000036,-2.7169999999999987,-35.806799999999996,-2.5044999999999984,-35.5943,-33.0898,10.471000000000002,9.707,1.511057328495513,19.178575000000002,10.95925,17.458798517915447,35.806799999999996,18.320816666666662,35.806799999999996,559.1100031999999,2268.1122944,321.5943204157904,9.362961630503465,0.13153836949653552,0.13153836949653552,9.68325191969556,0.023748080304439867,0.023748080304439867,11.944906398866983,0.26659360113301567,0.26659360113301567,49.97938504097298,-4.678085040972981,4.678085040972981,4.678085040972981,1.274991272976743,4.678085040972981,0.43956212574456893,1.867019907881629,4
30.3803,53.4373,35.2678,10.1371,17.5759,16.0709,22.6921,36.9262,False,False,False,False,False,False,False,False,False,False,False,False,False,0,False,1.504999999999999,-5.116199999999999,-19.3503,-6.621199999999998,-20.8553,-14.234100000000002,18.779633333333333,17.5759,3.4708504452559357,23.316274999999997,20.134,9.505560074109258,20.8553,11.280349999999999,20.8553,1623.44120519,541.69925383,568.522255330592,17.64548743174761,-0.0695874317476104,0.0695874317476104,16.16826642736639,-0.09736642736638856,0.09736642736638856,22.83028579589256,-0.13818579589256075,0.13818579589256075,49.27102582349987,-12.344825823499868,12.344825823499868,12.344825823499868,3.162491369626607,12.344825823499868,0.2402407383464928,0.8944520964639093,3
15.663,92.9721,42.0626,10.8552,12.5411,14.5453,14.8675,57.4867,False,False,False,False,False,False,False,False,False,False,False,False,False,0,False,-2.004199999999999,-2.3263999999999996,-44.9456,-0.3222000000000005,-42.9414,-42.6192,13.984633333333333,14.5453,1.2604739478994924,24.860149999999997,14.706399999999999,21.77536790619162,44.9456,22.5265,44.9456,1456.2220023,1009.23073992,168.46987768697517,12.770810883788712,-0.2297108837887123,0.2297108837887123,14.65667860372843,-0.111378603728431,0.111378603728431,15.318824832992437,-0.4513248329924373,0.4513248329924373,50.411511483840016,7.075188516159983,7.075188516159983,7.075188516159983,1.966900709167391,7.075188516159983,0.33705206140202537,1.8079368757079601,2
11.876,58.3091,18.0,17.1002,8.8853,9.7133,10.5956,51.7181,False,False,False,False,False,False,False,False,False,False,False,False,False,0,False,-0.8279999999999994,-1.7102999999999984,-42.8328,-0.882299999999999,-42.0048,-41.1225,9.7314,9.7133,0.8552936513268403,20.228075,10.15445,21.004962010022776,42.8328,21.56345,42.8328,692.4788715999999,997.0972718200001,203.6731481581523,9.077372970098931,-0.19207297009893054,0.19207297009893054,9.689205985496162,0.02409401450383797,0.02409401450383797,10.966812262074464,-0.3712122620744651,0.3712122620744651,50.152938386135524,1.5651616138644755,1.5651616138644755,1.5651616138644755,0.5381352151354273,1.5651616138644755,0.6501379008554548,2.117491596461059,4
15.8294,42.461,36.6762,38.4979,10.6434,10.7181,13.7955,58.1528,False,False,False,False,False,False,False,False,False,False,False,False,False,0,False,-0.07469999999999999,-3.152100000000001,-47.5094,-3.077400000000001,-47.4347,-44.357299999999995,11.719,10.7181,1.7986895813341448,23.32745,12.2568,23.263303758279907,47.5094,24.267599999999998,47.5094,672.1321534,1634.6593319,372.7984802999269,10.382268771953866,0.26113122804613376,0.26113122804613376,10.492070166440245,0.22602983355975503,0.22602983355975503,13.314704321254355,0.4807956787456451,0.4807956787456451,50.14689525439066,8.005904745609342,8.005904745609342,8.005904745609342,2.243465371490219,8.005904745609342,0.30831221717053425,2.0366297916704177,4
9.247,29.5362,30.9868,39.7963,6.3095,6.6922,8.0435,23.9261,False,False,False,False,False,False,False,False,False,False,False,False,False,0,False,-0.3826999999999998,-1.734,-17.616600000000002,-1.3513000000000002,-17.233900000000002,-15.882600000000002,7.015066666666667,6.6922,0.9109726468634134,11.242825,7.36785,8.488168797950475,17.616600000000002,9.033516666666667,17.616600000000002,273.12124140000003,1175.43147606,313.0733428561078,6.511922633407547,-0.20242263340754718,0.20242263340754718,6.948082601263393,-0.25588260126339346,0.25588260126339346,8.358131076296273,-0.31463107629627274,0.31463107629627274,50.66195542353474,-26.73585542353474,26.73585542353474,26.73585542353474,6.877197933625489,26.73585542353474,0.12694869526272637,1.5669179526338333,4
27.3635,80.9819,24.8846,40.687,17.9053,17.2384,22.3222,41.2935,False,False,False,False,False,False,False,False,False,False,False,False,False,0,False,0.6669000000000018,-4.416899999999998,-23.3882,-5.0838,-24.055100000000003,-18.971300000000003,19.155299999999997,17.9053,2.7628120837291843,24.68985,20.11375,11.296624652966036,24.055100000000003,12.763700000000002,24.055100000000003,2215.9482206499997,3294.9105652999997,337.8964511950879,18.063053591736246,-0.15775359173624537,0.15775359173624537,17.390573485858482,-0.15217348585848356,0.15217348585848356,22.597268319419626,-0.2750683194196277,0.2750683194196277,48.209346224798765,-6.915846224798763,6.915846224798763,6.915846224798763,1.8752104054532799,6.915846224798763,0.34780063333916217,0.9742906602143554,3
27.6676,107.92,25.534,37.3577,19.7172,19.6141,,66.4597,True,False,False,False,False,False,False,False,False,False,False,False,False,1,True,0.10309999999999775,,-46.7425,,-46.8456,,19.66565,19.66565,0.07290270914033146,35.263666666666666,19.7172,27.016606544925907,46.8456,31.2304,46.8456,2985.887392,4031.642984,256.37136245632297,19.65777797938506,0.05942202061493873,0.05942202061493873,19.77373399753148,-0.1596339975314791,0.1596339975314791,24.07762784608531,,,47.98470837250995,18.47499162749005,18.47499162749005,18.47499162749005,6.2313492152121555,18.47499162749005,0.13828678027280994,1.3284377701965846,1
13.8465,88.0545,18.0,14.4881,11.694,12.8662,13.6891,56.6009,False,False,False,False,False,False,False,False,False,False,False,False,False,0,False,-1.1721999999999984,-1.995099999999999,-44.9069,-0.8229000000000006,-43.734700000000004,-42.9118,12.749766666666668,12.8662,1.0026333045203177,23.71255,13.27765,21.940844469087025,44.9069,22.5906,44.9069,1219.2466342500002,1275.74240145,157.24918576004794,11.635743832523508,0.058256167476493204,0.058256167476493204,12.872180979282861,-0.005980979282862009,0.005980979282862009,13.67112353075586,0.017976469244139537,0.017976469244139537,49.70653531282152,6.894364687178481,6.894364687178481,6.894364687178481,1.7441445757954939,6.894364687178481,0.3644122867360632,1.8938022718761702,2
10.4524,20.9992,31.1693,8.7182,6.133,6.6738,8.1383,61.5106,False,False,False,False,False,False,False,False,False,False,False,False,False,0,False,-0.5408,-2.005299999999999,-55.377599999999994,-1.4644999999999992,-54.8368,-53.372299999999996,6.981699999999999,6.6738,1.0375012433727484,20.613925,7.40605,27.277606927462802,55.377599999999994,27.932883333333333,55.377599999999994,219.49203808,183.07522543999997,497.7520582917168,6.2524322397724,-0.11943223977239992,0.11943223977239992,6.381137191445371,0.29266280855462856,0.29266280855462856,8.223873884526807,-0.08557388452680748,0.08557388452680748,51.336336211965616,10.17426378803438,10.17426378803438,10.17426378803438,2.667983180222054,10.17426378803438,0.27262938537778725,2.68641576681017,4
20.7832,99.3301,37.9236,7.0177,15.7143,16.9205,18.9945,72.4032,False,False,False,False,False,False,False,False,False,False,False,False,False,0,False,-1.2062000000000008,-3.280199999999999,-56.6889,-2.073999999999998,-55.482699999999994,-53.408699999999996,17.209766666666667,16.9205,1.6591215788281857,31.008125,17.9575,27.629945597530586,56.6889,28.690116666666665,56.6889,2064.39733432,697.06884277,209.23363519883347,15.532039569593978,0.18226043040602136,0.18226043040602136,16.801611811454144,0.11888818854585637,0.11888818854585637,18.845618608391845,0.14888139160815328,0.14888139160815328,49.8127833728545,22.5904166271455,22.5904166271455,22.5904166271455,5.760111659426383,22.5904166271455,0.14792655068139113,1.8281944399429375,2
15.7997,94.2261,39.2941,32.7851,13.1259,14.9899,15.8749,46.3433,False,False,False,False,False,False,False,False,False,False,False,False,False,0,False,-1.8640000000000008,-2.7490000000000006,-33.2174,-0.8849999999999998,-31.3534,-30.4684,14.663566666666668,14.9899,1.4032534814969584,22.5835,15.432400000000001,15.881250671992639,33.2174,16.7562,33.2174,1488.74411217,3089.21211111,167.67857656439386,13.161550077969252,-0.03565007796925279,0.03565007796925279,14.90895678008946,0.08094321991054088,0.08094321991054088,15.787965876838435,0.08693412316156568,0.08693412316156568,49.80444708426158,-3.461147084261583,3.461147084261583,3.461147084261583,0.9161686263257356,3.461147084261583,0.5218747380899904,1.470869674377455,2
30.1751,79.3309,21.9507,18.1772,18.7655,17.5128,23.4268,32.0832,False,False,False,False,False,False,False,False,False,False,False,False,False,0,False,1.2527000000000008,-4.661300000000001,-13.317699999999999,-5.9140000000000015,-14.5704,-8.656399999999998,19.9017,18.7655,3.1164181089834533,22.947074999999998,21.09615,6.6009047447426985,14.5704,8.062083333333332,14.5704,2393.81784059,1442.01363548,380.37002222714955,19.052956163075155,-0.28745616307515576,0.28745616307515576,17.936761773246126,-0.42396177324612694,0.42396177324612694,23.94566644824603,-0.5188664482460297,0.5188664482460297,48.363331401212115,-16.280131401212117,16.280131401212117,16.280131401212117,4.377603946444857,16.280131401212117,0.185956424080115,0.6349564661480969,3
19.8281,70.9773,33.1628,38.3599,14.1726,14.261,17.9427,42.5564,False,False,False,False,False,False,False,False,False,False,False,False,False,0,False,-0.08840000000000003,-3.7700999999999993,-28.383799999999997,-3.6816999999999993,-28.295399999999997,-24.613699999999998,15.458766666666667,14.261,2.1516034121866725,22.233175,16.10185,13.662236196751735,28.383799999999997,14.805516666666664,28.383799999999997,1407.34500213,2722.68213027,279.35829069881623,13.872222925368167,0.3003770746318324,0.3003770746318324,14.180841621022068,0.08015837897793077,0.08015837897793077,17.273044455964882,0.6696555440351162,0.6696555440351162,49.350207910318474,-6.793807910318478,6.793807910318478,6.793807910318478,1.9609997269908392,6.793807910318478,0.3377237731177588,1.2766412009795267,4
26.2089,54.974,41.1151,26.273,16.2704,15.1831,20.948,45.5269,False,False,False,False,False,False,False,False,False,False,False,False,False,0,False,1.087299999999999,-4.677600000000002,-29.2565,-5.764900000000001,-30.343799999999998,-24.578899999999997,17.467166666666667,16.2704,3.063120278953038,24.4821,18.6092,14.251045432294898,30.343799999999998,15.951500000000001,30.343799999999998,1440.8080685999998,1444.331902,476.75074094103746,15.924157477076662,0.3462425229233368,0.3462425229233368,15.180954092003796,0.002145907996203178,0.002145907996203178,20.525912546919837,0.42208745308016304,0.42208745308016304,49.485681814723904,-3.9587818147239062,3.9587818147239062,3.9587818147239062,1.1823144246809023,3.9587818147239062,0.45822911157553287,1.239427483987287,3
19.4301,32.991,28.6255,59.8097,12.1253,11.1045,15.7981,39.8642,False,False,False,False,False,False,False,False,False,False,False,False,False,0,False,1.0207999999999995,-3.6728000000000005,-27.738899999999997,-4.6936,-28.759699999999995,-24.0661,13.009299999999998,12.1253,2.4685141765847733,19.723025,13.9617,13.577878638769999,28.759699999999995,14.991983333333332,28.759699999999995,641.0184290999999,1973.1818127,588.9513537172702,11.831615210915583,0.2936847890844163,0.2936847890844163,10.858056874890119,0.24644312510988087,0.24644312510988087,15.431141134091227,0.3669588659087726,0.3669588659087726,49.16744841801181,-9.303248418011812,9.303248418011812,9.303248418011812,2.5525837995287204,9.303248418011812,0.2814852671829045,1.4581782164864583,4
15.8702,15.6296,39.2104,56.6342,9.2844,8.3762,12.6375,53.5794,False,False,False,False,False,False,False,False,False,False,False,False,False,0,False,0.908199999999999,-3.3530999999999995,-44.295,-4.2612999999999985,-45.203199999999995,-40.941900000000004,10.099366666666667,9.2844,2.2445038256446193,20.969375,10.96095,21.81712300654007,45.203199999999995,23.160449999999997,45.203199999999995,248.04487792,885.16989232,1015.3932183848478,9.138960523652585,0.1454394763474145,0.1454394763474145,8.465522527009705,-0.08932252700970444,0.08932252700970444,12.338262878904636,0.2992371210953628,0.2992371210953628,50.12393721141062,3.4554627885893794,3.4554627885893794,3.4554627885893794,0.9973654782604653,3.4554627885893794,0.5006594991673304,2.155676000989061,4
10.8657,63.1203,31.5599,52.7209,17.2812,10.3317,11.1108,76.6147,False,False,False,False,False,False,False,False,False,False,False,False,False,0,False,6.949499999999999,6.170399999999999,-59.3335,-0.7790999999999997,-66.283,-65.5039,12.907899999999998,11.1108,3.8073696786626847,28.8346,14.195999999999998,32.004736120455675,66.283,34.169900000000005,66.283,685.8462437100001,3327.75902427,172.14269068070166,9.297820929912676,7.983379070087322,7.983379070087322,10.486071256522203,-0.15437125652220374,0.15437125652220374,11.27904421336914,-0.16824421336914064,0.16824421336914064,49.8834323485615,26.7312676514385,26.7312676514385,26.7312676514385,8.759315547854293,26.7312676514385,0.10246620217335452,2.2987305879982425,4
15.1471,61.1764,30.4936,18.3832,11.3087,11.8006,14.0115,64.296,False,False,False,False,False,False,False,False,False,False,False,False,False,0,False,-0.49189999999999934,-2.7028,-52.987300000000005,-2.2109000000000005,-52.495400000000004,-50.28450000000001,12.373599999999998,11.8006,1.43962797624942,25.3542,12.90605,25.987796967936063,52.987300000000005,26.862133333333336,52.987300000000005,926.64504844,1124.6179964799999,247.59707213940797,10.840682829200661,0.4680171707993388,0.4680171707993388,11.47450014244626,0.32609985755373927,0.32609985755373927,13.39966462739635,0.6118353726036503,0.6118353726036503,50.23245051671413,14.063549483285875,14.063549483285875,14.063549483285875,3.867375471060651,14.063549483285875,0.20544952941181047,2.0898817198406108,4
26.4526,41.6867,25.0217,25.7021,15.4035,13.8786,20.0559,44.0599,False,False,False,False,False,False,False,False,False,False,False,False,False,0,False,1.5248999999999988,-4.652400000000002,-28.656399999999998,-6.177300000000001,-30.1813,-24.003999999999998,16.446,15.4035,3.2178973740627597,23.349474999999998,17.7297,14.054718447642413,30.1813,15.866050000000001,30.1813,1102.72160042,1071.43573207,634.5571526273001,15.27873961954964,0.12476038045035942,0.12476038045035942,13.617926991951736,0.2606730080482649,0.2606730080482649,19.82950438273891,0.22639561726109036,0.22639561726109036,49.05554617572758,-4.995646175727579,4.995646175727579,4.995646175727579,1.4018687953718234,4.995646175727579,0.41634247546198466,1.2925895367713678,3
9.8697,106.5144,35.524,34.3863,10.9308,13.743,12.4704,36.746,False,False,False,False,False,False,False,False,False,False,False,False,False,0,False,-2.8122000000000007,-1.5396,-25.815200000000004,1.2726000000000006,-23.003,-24.275600000000004,12.3814,12.4704,1.4082109074992997,18.47255,13.1067,12.236440329197052,25.815200000000004,13.119700000000002,25.815200000000004,1051.2651736799999,3662.63611272,92.6607019651144,11.00290509171718,-0.07210509171718016,0.07210509171718016,13.793864305430402,-0.05086430543040166,0.05086430543040166,12.525935680375827,-0.05553568037582757,0.05553568037582757,50.04619856545039,-13.300198565450387,13.300198565450387,13.300198565450387,3.369675910743449,13.300198565450387,0.2288499239820881,1.3974890323810023,2
28.6801,34.5847,34.5762,26.7751,15.7586,14.168,20.6559,41.1764,False,False,False,False,False,False,False,False,False,False,False,False,False,0,False,1.5906000000000002,-4.8972999999999995,-25.4178,-6.4879,-27.0084,-20.520500000000002,16.860833333333332,15.7586,3.381479017136338,22.939725,18.20725,12.467342505221392,27.0084,14.320416666666667,27.0084,991.8926544699999,926.0088009699999,829.2710854016124,15.9834682423302,-0.22486824233020108,0.22486824233020108,14.100595000455128,0.06740499954487156,0.06740499954487156,21.055165739877864,-0.3992657398778654,0.3992657398778654,49.24053281579396,-8.064132815793961,8.064132815793961,8.064132815793961,2.188917949386725,8.064132815793961,0.31358599244998275,1.1773632084241603,3
16.7485,20.8459,32.3547,55.9328,10.1249,9.1295,13.6252,42.7239,False,False,False,False,False,False,False,False,False,False,False,False,False,0,False,0.9954000000000001,-3.5002999999999993,-32.599000000000004,-4.495699999999999,-33.5944,-29.0987,10.959866666666665,10.1249,2.361293421693571,18.900875,11.87505,15.998612163221118,33.5944,17.380583333333334,33.5944,349.13755615,1165.96955552,803.4429775433166,9.831325037022642,0.29357496297735786,0.29357496297735786,8.98646100649903,0.14303899350097105,0.14303899350097105,13.073431591661404,0.5517684083385959,0.5517684083385959,49.761568650291935,-7.037668650291934,7.037668650291934,7.037668650291934,2.0065127537772147,7.037668650291934,0.3326112615832598,1.7773982541029165,4
31.6478,62.8966,31.4592,47.6283,19.2432,17.5298,24.8905,52.5683,False,False,False,False,False,False,False,False,False,False,False,False,False,0,False,1.7134,-5.647299999999998,-33.3251,-7.360699999999998,-35.0385,-27.6778,20.5545,19.2432,3.8515720024426376,28.557949999999998,22.066850000000002,16.312896295160666,35.0385,18.460466666666665,35.0385,1990.53901748,2995.6581337800003,503.1717925656088,19.215583274516263,0.027616725483738946,0.027616725483738946,17.60735626288372,-0.07755626288371786,0.07755626288371786,24.675102130889886,0.21539786911011305,0.21539786911011305,48.091391438257,4.476908561743002,4.476908561743002,4.476908561743002,1.199369854805143,4.476908561743002,0.45467568713612144,1.2269258728564647,3
10.732,30.3546,18.0,26.322,6.7881,6.7639,8.8119,71.1859,False,False,False,False,False,False,False,False,False,False,False,False,False,0,False,0.024200000000000443,-2.0237999999999996,-64.3978,-2.048,-64.422,-62.374,7.454633333333334,6.7881,1.1754896908664632,23.38745,7.8,31.880084249313608,64.422,32.5483,64.422,325.7655672,798.9937812000001,353.5542047814154,7.0934419060050615,-0.3053419060050615,0.3053419060050615,7.000432442764543,-0.23653244276454366,0.23653244276454366,8.99319004470529,-0.18129004470529075,0.18129004470529075,50.3583746251552,20.827525374844804,20.827525374844804,20.827525374844804,5.387672442079925,20.827525374844804,0.15655154660284748,2.7545530810100796,4
12.8841,56.0493,29.0429,48.7273,13.667,16.5939,12.7182,55.1213,False,False,False,False,False,False,False,False,False,False,False,False,False,0,False,-2.9269000000000016,0.9488000000000003,-41.454299999999996,3.875700000000002,-38.5274,-42.403099999999995,14.326366666666667,13.667,2.0202316509087117,24.525100000000002,15.13045,20.464054755432347,42.403099999999995,21.68936666666667,42.403099999999995,722.14478613,2731.13105589,229.87080483238776,9.827012868564406,3.839987131435594,3.839987131435594,10.469483446047624,6.124416553952377,6.124416553952377,12.146755570466624,0.5714444295333756,0.5714444295333756,49.77523017137456,5.3460698286254384,5.3460698286254384,6.124416553952377,3.9704794858866963,6.124416553952377,0.2011878336565768,1.728966761005353,4
22.6952,45.442,31.1286,36.3539,13.5856,12.7301,17.5582,51.0872,False,False,False,False,False,False,False,False,False,False,False,False,False,0,False,0.8554999999999993,-3.9726,-37.5016,-4.828099999999999,-38.3571,-33.529,14.624633333333334,13.5856,2.5763016328320973,23.740275,15.5719,18.352236340997614,38.3571,19.84065,38.3571,1031.3152784,1651.9939238000002,499.4321333937473,13.814334550074538,-0.22873455007453813,0.22873455007453813,12.923521736763883,-0.19342173676388263,0.19342173676388263,17.81851148355833,-0.2603114835583291,0.2603114835583291,49.33823288890817,1.7489671110918295,1.7489671110918295,1.7489671110918295,0.6078587203721448,1.7489671110918295,0.6219451916574774,1.615696694458386,4
30.921,107.667,40.2538,39.6437,21.2226,21.4006,26.4027,52.0188,False,False,False,False,False,False,False,False,False,False,False,False,False,0,False,-0.17800000000000082,-5.1800999999999995,-30.7962,-5.002099999999999,-30.618199999999998,-25.6161,23.008633333333332,21.4006,2.940695054461331,30.261174999999998,23.90165,14.702468073167172,30.7962,16.231783333333333,30.7962,3329.171307,4268.318247900001,287.19103465397615,21.255292941098674,-0.0326929410986736,0.0326929410986736,21.367964075382822,0.03263592461717835,0.03263592461717835,26.38745660512344,0.01524339487655979,0.01524339487655979,48.155807565038934,3.8629924349610647,3.8629924349610647,3.8629924349610647,0.9858911738883691,3.8629924349610647,0.5035522656772793,1.017679909098074,1
28.8309,92.0524,22.5305,20.2385,19.4131,18.7107,24.0829,24.1901,False,False,False,False,False,False,False,False,False,False,False,False,False,0,False,0.7024000000000008,-4.669799999999999,-4.777000000000001,-5.372199999999999,-5.479400000000002,-0.1072000000000024,20.735566666666667,19.4131,2.9200722205680685,21.5992,21.747999999999998,2.944146393552241,5.479400000000002,3.5180000000000007,5.479400000000002,2653.95353916,1863.0024974,313.2009254293288,19.13422910276639,0.2788708972336096,0.2788708972336096,18.587444758922537,0.12325524107746233,0.12325524107746233,23.74044032442279,0.34245967557721,0.34245967557721,48.32294358716576,-24.13284358716576,24.13284358716576,24.13284358716576,6.21935735026351,24.13284358716576,0.1385164844296701,0.25368520422737695,1
15.926,15.8727,28.8574,49.7271,9.1475,8.3813,12.2518,39.5061,False,False,False,False,False,False,False,False,False,False,False,False,False,0,False,0.7662000000000013,-3.1042999999999985,-30.358600000000003,-3.8705,-31.124800000000004,-27.254300000000004,9.926866666666667,9.1475,2.0495735808536693,17.321675,10.69965,14.883993496006598,31.124800000000004,16.079783333333335,31.124800000000004,252.7886202,789.30334017,1003.3573346958397,9.083069965281755,0.06443003471824582,0.06443003471824582,8.115157334325717,0.26614266567428224,0.26614266567428224,12.153542704577578,0.09825729542242101,0.09825729542242101,49.90510426656634,-10.399004266566337,10.399004266566337,10.399004266566337,2.7069585655953214,10.399004266566337,0.269762928909189,1.7968690690311022,4
31.766,63.1176,34.6055,14.9161,18.9696,17.6123,24.3552,47.8771,False,False,False,False,False,False,False,False,False,False,False,False,False,0,False,1.3572999999999986,-5.3856,-28.9075,-6.742899999999999,-30.264799999999997,-23.5219,20.312366666666666,18.9696,3.566362550741768,27.20355,21.662399999999998,14.086622217432632,30.264799999999997,16.029999999999998,30.264799999999997,2004.9936816,941.4684333600001,503.2826813309312,18.901672330198274,0.06792766980172615,0.06792766980172615,17.488426334170327,0.12387366582967374,0.12387366582967374,24.275925205607365,0.07927479439263507,0.07927479439263507,48.910160271868904,-1.033060271868905,1.033060271868905,1.033060271868905,0.326034100473235,1.033060271868905,0.7541284192036389,1.1125308599315678,3
22.1138,69.3864,45.2051,24.9273,14.8369,14.9851,18.8101,50.5464,False,False,False,False,False,False,False,False,False,False,False,False,False,0,False,-0.14819999999999922,-3.9731999999999985,-35.7095,-3.8249999999999993,-35.5613,-31.7363,16.2107,14.9851,2.2523656630307602,24.794624999999996,16.897599999999997,17.26607003178488,35.7095,18.492250000000002,35.7095,1534.39697232,1729.6156087199997,318.70506054427665,14.740867764838038,0.09603223516196202,0.09603223516196202,15.107029677547212,-0.12192967754721273,0.12192967754721273,18.60534240988969,0.20475759011030803,0.20475759011030803,49.87720656871465,0.6691934312853505,0.6691934312853505,0.6691934312853505,0.2729782335262083,0.6691934312853505,0.7855593863769014,1.440210755270243,4
17.4295,76.4987,41.6689,49.1177,12.8582,14.1314,15.8929,,True,False,False,False,False,False,False,False,False,False,False,False,False,1,True,-1.2731999999999992,-3.034699999999999,,-1.7614999999999998,,,14.294166666666667,14.1314,1.5238834480803747,14.294166666666667,14.1314,1.5238834480803747,3.034699999999999,2.0231333333333326,3.034699999999999,1333.3340916500001,3757.44019699,227.8404433225083,13.163107115532652,-0.30490711553265193,0.30490711553265193,14.183878402753711,-0.05247840275371196,0.05247840275371196,16.261206053297727,-0.3683060532977276,0.3683060532977276,49.57112541651108,,,0.3683060532977276,0.2418971905280305,0.3683060532977276,0.8052196330155312,0.21230323863820527,4
8.4072,51.5741,32.3668,9.8077,7.052,8.3476,8.6095,67.879,False,False,False,False,False,False,False,False,False,False,False,False,False,0,False,-1.2956000000000003,-1.557500000000001,-60.827000000000005,-0.2619000000000007,-59.531400000000005,-59.26950000000001,8.003033333333333,8.3476,0.8339641499089359,22.972025000000002,8.47855,29.945726075727404,60.827000000000005,30.457150000000002,60.827000000000005,433.59377352,505.82330057,163.01202289288167,6.971618662599015,0.08038133740098452,0.08038133740098452,8.315687735216422,0.03191226478357834,0.03191226478357834,8.435905504594375,0.17359449540562544,0.17359449540562544,51.20906558558219,16.669934414417817,16.669934414417817,16.669934414417817,4.238955628002001,16.669934414417817,0.1908777380466903,2.647871640453273,4
23.5579,70.8232,32.6027,43.3158,15.7487,24.8572,19.3857,22.1708,False,False,False,False,False,False,False,False,False,False,False,False,False,0,False,-9.1085,-3.6370000000000005,-6.4221,5.471499999999999,2.686399999999999,-2.7851,19.9972,19.3857,4.584936449941264,20.540599999999998,20.77825,3.8981485870431705,9.1085,5.018433333333333,9.1085,1668.44586328,3067.76356656,332.6296562948785,15.714635445457494,0.03406455454250512,0.03406455454250512,15.482004488465718,9.375195511534281,9.375195511534281,19.75925624997477,-0.37355624997476866,0.37355624997476866,48.8813244177486,-26.7105244177486,26.7105244177486,26.7105244177486,9.123335183450038,26.7105244177486,0.09878167440655654,0.44343863205620476,4
24.9567,103.8645,43.7261,16.1546,17.6763,,21.7368,53.8115,True,False,False,False,False,False,False,False,False,False,False,False,False,1,True,,-4.0604999999999976,-36.1352,,,-32.07470000000001,19.70655,19.70655,2.8712070850079745,31.07486666666667,21.7368,19.794892941446623,36.1352,24.09013333333333,36.1352,2592.11516715,1677.8894516999999,240.28130494237155,17.904893452553303,-0.22859345255330155,0.22859345255330155,18.893337899813254,,,21.993211027166936,-0.2564110271669371,0.2564110271669371,49.38339580518075,4.428104194819255,4.428104194819255,4.428104194819255,1.6377028915131646,4.428104194819255,0.3791177555355116,1.1628429096473751,2
22.871,98.2611,23.1992,7.9469,16.5071,16.9606,20.0505,53.2645,False,False,False,False,False,False,False,False,False,False,False,False,False,0,False,-0.45349999999999824,-3.5433999999999983,-36.7574,-3.0899,-36.3039,-33.214,17.8394,16.9606,1.9282473829879812,26.695675,18.50555,17.78238415255858,36.7574,18.893683333333332,36.7574,2247.3296181,780.87113559,232.75739506708197,16.46727312614591,0.03982687385409278,0.03982687385409278,16.96963091555436,-0.009030915554362196,0.009030915554362196,19.989054063636964,0.06144593636303597,0.06144593636303597,49.09582490173776,4.168675098262241,4.168675098262241,4.168675098262241,1.069744706008433,4.168675098262241,0.48315137470675357,1.3769041700934064,2
26.6998,56.1904,35.416,31.4179,16.3946,15.2187,21.3825,41.5613,False,False,False,False,False,False,False,False,False,False,False,False,False,0,False,1.1759000000000004,-4.9879,-25.166700000000002,-6.1638,-26.342600000000004,-20.178800000000003,17.665266666666668,16.3946,3.272468936954686,23.639275,18.888550000000002,12.24313974827672,26.342600000000004,14.002616666666668,26.342600000000004,1500.27244192,1765.38436816,475.16649193341,16.280304552491614,0.11429544750838616,0.11429544750838616,15.31545982787703,-0.09675982787702964,0.09675982787702964,20.91964179232593,0.4628582076740706,0.4628582076740706,49.11394768285187,-7.55264768285187,7.55264768285187,7.55264768285187,2.056640291477839,7.55264768285187,0.32715658521811714,1.1143568851595977,3
23.5742,80.0256,28.2073,5.4162,15.6847,15.9431,19.5115,52.9688,False,False,False,False,False,True,False,False,False,False,False,False,False,0,False,-0.25839999999999996,-3.826800000000002,-37.2841,-3.5684000000000022,-37.0257,-33.457300000000004,17.046433333333336,15.9431,2.138716412555283,26.027025000000002,17.7273,18.045872436538872,37.2841,19.236783333333335,37.2841,1886.53949952,433.43465471999997,294.5831965542031,15.775658744788021,-0.09095874478802202,0.09095874478802202,15.804246654480218,0.1388533455197809,0.1388533455197809,19.5647328129265,-0.05323281292649895,0.05323281292649895,49.46140715732234,3.5073928426776604,3.5073928426776604,3.5073928426776604,0.9476094364779906,3.5073928426776604,0.5134499665437932,1.432514306758338,4
12.9827,26.2827,18.5198,33.0949,8.5219,-0.2015,11.2283,67.3265,False,False,False,False,False,False,False,False,False,False,False,True,False,0,False,8.7234,-2.7064000000000004,-58.80459999999999,-11.4298,-67.52799999999999,-56.09819999999999,6.516233333333335,8.5219,5.9730315664102545,21.7188,9.8751,30.793779735741,67.52799999999999,34.215066666666665,67.52799999999999,341.22040928999996,869.82332823,493.96352202645767,8.031546677497696,0.4903533225023047,0.4903533225023047,7.507741016020615,-7.7092410160206155,7.7092410160206155,10.36793384579619,0.8603661542038115,0.8603661542038115,50.065396637785405,17.26110336221459,17.26110336221459,17.26110336221459,6.5802659637353305,17.26110336221459,0.13192149256821453,3.1091942882690162,4
22.0301,29.581,24.2657,46.4353,12.6477,11.2868,16.7821,72.0159,False,False,False,False,False,False,False,False,False,False,False,False,False,0,False,1.3609000000000009,-4.134399999999999,-59.3682,-5.4953,-60.7291,-55.2338,13.5722,12.6477,2.8619234283956656,28.183125,14.7149,29.31513126747289,60.7291,31.053616666666667,60.7291,651.6723881,1373.6026092999998,744.7379247699793,12.728875485159254,-0.08117548515925321,0.08117548515925321,11.214173359411673,0.07262664058832691,0.07262664058832691,16.684914307939962,0.09718569206003735,0.09718569206003735,49.10838689225845,22.90751310774155,22.90751310774155,22.90751310774155,5.7896252313872925,22.90751310774155,0.14728353420409254,2.154802863485556,4
21.45,50.8455,34.0144,31.5401,13.5733,13.0423,17.1751,47.7971,False,False,False,False,False,False,False,False,False,False,False,False,False,0,False,0.5310000000000006,-3.601800000000001,-34.2238,-4.132800000000001,-34.7548,-30.622,14.5969,13.5733,2.2485165509731084,22.89695,15.3742,16.70131345523459,34.7548,17.977700000000002,34.7548,1090.635975,1603.67215455,421.8661588801056,13.461027745417034,0.1122722545829653,0.1122722545829653,13.002635840109633,0.03966415989036598,0.03966415989036598,17.233732065668875,-0.058632065668874134,0.058632065668874134,49.60097782088209,-1.803877820882093,1.803877820882093,1.803877820882093,0.5036115752560746,1.803877820882093,0.665065377559157,1.5178783559040154,4
9.4254,88.5794,30.4932,48.8792,9.996,12.1686,18.5332,39.0483,False,False,False,False,False,False,False,False,False,False,False,False,False,0,False,-2.172599999999999,-8.5372,-29.052299999999995,-6.364600000000001,-26.8797,-20.515099999999997,13.565933333333334,12.1686,4.4368176989068795,19.936525,15.3509,13.246181346429617,29.052299999999995,15.586916666666667,29.052299999999995,834.8962767600001,4329.69020848,106.40621787839859,9.963871650966226,0.032128349033774484,0.032128349033774484,12.081191455489146,0.08740854451085411,0.08740854451085411,11.525672576243574,7.007527423756427,7.007527423756427,49.78569856360508,-10.737398563605083,10.737398563605083,10.737398563605083,4.466115720226535,10.737398563605083,0.18294526702017141,1.4572391842413939,2
19.177,89.8922,38.4577,56.7523,15.2102,15.9875,18.729,36.1364,False,False,False,False,False,False,False,False,False,False,False,False,False,0,False,-0.7773000000000003,-3.518799999999999,-20.9262,-2.7414999999999985,-20.1489,-17.407400000000003,16.642233333333333,15.9875,1.8485116075733283,21.515774999999998,17.358249999999998,9.863246437279159,20.9262,10.920016666666669,20.9262,1723.8627194,5101.58910206,213.33327993604783,14.828471500036759,0.3817284999632413,0.3817284999632413,15.887018464742605,0.100481535257396,0.100481535257396,18.140463305790874,0.5885366942091252,0.5885366942091252,48.98427087570251,-12.847870875702505,12.847870875702505,12.847870875702505,3.479654401283067,12.847870875702505,0.22323150636655786,0.9725975603492972,2
29.9956,79.3101,32.0155,17.061,18.8294,18.2246,23.9815,35.0363,False,False,False,False,False,True,False,False,False,False,False,False,False,0,False,0.6048000000000009,-5.152100000000001,-16.206899999999997,-5.756900000000002,-16.8117,-11.054799999999997,20.345166666666668,18.8294,3.1636428122234874,24.01795,21.405450000000002,7.7865122840717325,16.8117,9.264533333333333,16.8117,2378.95403556,1353.1096161,378.20651112449593,18.966260538462386,-0.13686053846238622,0.13686053846238622,18.185495765889883,0.03910423411011621,0.03910423411011621,23.92913833791915,0.0523616620808518,0.0523616620808518,48.75793210969273,-13.721632109692735,13.721632109692735,13.721632109692735,3.487489636086522,13.721632109692735,0.22284174028134052,0.6999636938357795,3
27.3237,36.5954,27.8369,36.5974,15.3085,13.4413,19.8104,29.1183,False,False,False,False,False,False,False,False,False,False,False,False,False,0,False,1.8672000000000004,-4.501900000000001,-13.809800000000001,-6.369100000000001,-15.677000000000001,-9.3079,16.186733333333333,15.3085,3.2741150015436746,19.419625,17.559450000000002,6.9966353920414255,15.677000000000001,8.588816666666666,15.677000000000001,999.9217309799999,1339.29649196,746.6428166811082,15.549348695223761,-0.24084869522376096,0.24084869522376096,13.670292737073359,-0.22899273707335865,0.22899273707335865,20.35160430569755,-0.5412043056975477,0.5412043056975477,48.889651313793266,-19.771351313793264,19.771351313793264,19.771351313793264,5.195599262946983,19.771351313793264,0.1614048871721801,0.8072757289207548,3
20.1785,19.6058,37.9269,15.0994,11.127,10.1191,14.7335,33.4432,False,False,False,False,False,False,False,False,False,False,False,False,False,0,False,1.0079000000000011,-3.6064999999999987,-22.316199999999995,-4.6144,-23.324099999999998,-18.709699999999998,11.9932,11.127,2.4260871109669577,17.3557,12.930250000000001,10.90639983893249,23.324099999999998,12.26313333333333,23.324099999999998,395.61563529999995,296.03581651999997,1029.2102188075883,10.93604722799797,0.19095277200203142,0.19095277200203142,9.897171149919059,0.22192885008094088,0.22192885008094088,14.650485949853485,0.08301405014651486,0.08301405014651486,50.55722126224546,-17.114021262245465,17.114021262245465,17.114021262245465,4.402479233618738,17.114021262245465,0.18510020247318393,1.3438862483874183,4
31.4644,29.237,41.6587,52.351,17.3032,15.1398,22.8723,49.0786,False,False,False,False,False,False,False,False,False,False,False,False,False,0,False,2.163400000000001,-5.569099999999999,-31.7754,-7.7325,-33.9388,-26.206300000000002,18.438433333333332,17.3032,3.989292556749045,26.098475,20.08775,15.662521830019372,33.9388,17.897583333333333,33.9388,919.9246628,1530.5861869999999,1076.183918943832,17.339382128601482,-0.03618212860148162,0.03618212860148162,15.054724684964969,0.08507531503503074,0.08507531503503074,23.092049796071077,-0.2197497960710777,0.2197497960710777,48.728193698910594,0.3504063010894072,0.3504063010894072,0.3504063010894072,0.1728533851992493,0.3504063010894072,0.8526214892836889,1.3004126484736567,3
9.6406,56.2683,24.8761,48.8917,8.3068,9.0676,10.0189,32.4217,False,False,False,False,False,False,False,False,False,False,False,False,False,0,False,-0.7607999999999997,-1.7120999999999995,-24.1149,-0.9512999999999998,-23.354100000000003,-22.4028,9.131100000000002,9.0676,0.8578145428937419,14.953750000000001,9.54325,11.666343726720896,24.1149,12.216,24.1149,542.46017298,2751.05284311,171.33267375544062,8.276027413815058,0.03077258618494305,0.03077258618494305,9.234436728886486,-0.16683672888648537,0.16683672888648537,10.00558386686296,0.013316133137040609,0.013316133137040609,49.919997036961966,-17.498297036961965,17.498297036961965,17.498297036961965,4.427305621292609,17.498297036961965,0.1842534896278482,1.612631204459614,4
31.932,79.8589,32.6147,44.5479,20.6119,19.6283,25.9704,14.6559,False,False,False,False,False,False,False,False,False,False,False,False,False,0,False,0.9835999999999991,-5.358500000000003,5.955999999999998,-6.342100000000002,4.972399999999999,11.3145,22.0702,20.6119,3.4132883367802385,20.216625,20.1201,4.63788593748991,11.3145,5.821183333333334,11.3145,2550.0543948,3557.54629131,399.8551946176074,20.253700422670168,0.358199577329831,0.358199577329831,19.155533555854,0.472766444146,0.472766444146,25.660490350145356,0.30990964985464586,0.30990964985464586,47.98936429810561,-33.33346429810561,33.33346429810561,33.33346429810561,8.618584992359022,33.33346429810561,0.10396539624013275,0.5596628716895765,3
17.9052,36.8289,26.0267,32.4417,10.976,10.3199,14.1071,40.9626,False,False,False,False,False,False,False,False,False,False,False,False,False,0,False,0.6561000000000003,-3.1311,-29.986600000000003,-3.7872000000000003,-30.6427,-26.8555,11.801000000000002,10.976,2.023904570378752,19.0914,12.54155,14.674144669451778,30.6427,15.843200000000001,30.6427,659.42882028,1194.7921251299997,486.172411836245,10.98278655283432,-0.0067865528343187265,0.0067865528343187265,10.339548874443711,-0.01964887444371044,0.01964887444371044,14.161539144194489,-0.05443914419448781,0.05443914419448781,49.777797032196446,-8.815197032196444,8.815197032196444,8.815197032196444,2.2240179009172403,8.815197032196444,0.3101719750735558,1.6050516960245473,4
10.6255,33.6857,32.3691,40.2823,7.5093,7.9531,9.6454,54.134,False,False,False,False,False,False,False,False,False,False,False,False,False,0,False,-0.4438000000000004,-2.1361000000000008,-46.624700000000004,-1.6923000000000004,-46.1809,-44.4886,8.369266666666666,7.9531,1.127220840533626,19.81045,8.79925,22.900868734977426,46.624700000000004,23.594400000000004,46.624700000000004,357.92740535,1356.93747311,315.4304896646085,7.411340677245775,0.09795932275422459,0.09795932275422459,7.82526328780199,0.12783671219801018,0.12783671219801018,9.48169974777528,0.16370025222471973,0.16370025222471973,50.528377382502,3.6056226174979997,3.6056226174979997,3.6056226174979997,0.9987797261687386,3.6056226174979997,0.5003052547049796,2.353539493782578,4
16.4319,106.2896,25.8871,25.654,14.4604,15.843,1.0,69.2522,False,False,False,False,False,False,False,False,False,False,False,False,False,0,False,-1.3826,13.4604,-54.7918,14.843,-53.4092,-68.2522,10.434466666666667,14.4604,8.199680887286611,25.1389,15.1517,30.161309924913187,68.2522,34.35653333333334,68.2522,1746.5400782399997,2726.7533983999997,154.59554325206386,14.028379885121074,0.43202011487892555,0.43202011487892555,15.661208445364293,0.18179155463570673,0.18179155463570673,16.520725750163216,-15.520725750163216,15.520725750163216,49.30198250049817,19.950217499501832,19.950217499501832,19.950217499501832,9.02118872979492,19.950217499501832,0.09978856071503851,2.7150023608819955,2
12.4308,52.8897,31.9177,46.884,9.4185,10.1833,11.7055,,True,False,False,False,False,False,False,False,False,False,False,False,False,1,True,-0.7647999999999993,-2.287000000000001,,-1.5222000000000016,,,10.435766666666666,10.1833,1.1642151061265846,10.435766666666666,10.1833,1.1642151061265846,2.287000000000001,1.5246666666666673,2.287000000000001,657.4612827599999,2479.6806948,235.03248552506716,9.416843978271979,0.0016560217280208178,0.0016560217280208178,10.12090324170711,0.06239675829288949,0.06239675829288949,11.701112742839186,0.004387257160814784,0.004387257160814784,49.99268868789849,,,0.06239675829288949,0.022813345727241696,0.06239675829288949,0.9776954946642576,0.21914995625625064,4
16.6191,71.8971,38.4489,6.7605,12.0738,13.1961,14.7668,,True,False,False,False,False,False,False,False,False,False,False,False,False,1,True,-1.1222999999999992,-2.6929999999999996,,-1.5707000000000004,,,13.345566666666665,13.1961,1.3527074566710027,13.345566666666665,13.1961,1.3527074566710027,2.6929999999999996,1.795333333333333,2.6929999999999996,1194.86509461,486.06034454999997,231.15115475434268,12.013550773970413,0.06024922602958682,0.06024922602958682,13.048554874155853,0.1475451258441467,0.1475451258441467,14.79171816661484,-0.024918166614840587,0.024918166614840587,50.5166575961824,,,0.1475451258441467,0.07757083949619137,0.1475451258441467,0.9280132343480463,0.2017897066019128,4
26.6142,90.5936,48.4553,12.0777,17.7157,18.4443,22.0111,,True,False,False,False,False,False,False,False,False,False,False,False,False,1,True,-0.7286000000000001,-4.295400000000001,,-3.5668000000000006,,,19.390366666666665,18.4443,2.2986728547867212,19.390366666666665,18.4443,2.2986728547867212,4.295400000000001,2.8636000000000004,4.295400000000001,2411.07618912,1094.16232272,293.7756868282432,17.927403621642107,-0.21170362164210843,0.21170362164210843,18.457083673698378,-0.012783673698379516,0.012783673698379516,22.40513423708414,-0.3940342370841421,0.3940342370841421,49.63189339071476,,,0.3940342370841421,0.20617384414154336,0.3940342370841421,0.8290678867371054,0.22152225683083693,1
11.9381,73.8834,36.8656,56.3173,10.3871,11.833,12.4416,62.0085,False,False,False,False,False,False,False,False,False,False,False,False,False,0,False,-1.4459,-2.054499999999999,-51.621399999999994,-0.6085999999999991,-50.1755,-49.5669,11.5539,11.833,1.0553033544910198,24.16755,12.1373,25.242010790281082,51.621399999999994,25.91213333333333,51.621399999999994,882.02741754,4160.91360282,161.58025191311555,10.457442394330322,-0.07034239433032141,0.07034239433032141,11.970655328413342,-0.1376553284133415,0.1376553284133415,12.626278185448612,-0.1846781854486128,0.1846781854486128,49.77506724422707,12.233432755772931,12.233432755772931,12.233432755772931,3.1565271659913017,12.233432755772931,0.2405854599440606,2.1359789734669117,4
26.2178,25.4714,35.5228,48.3043,14.3505,12.58,19.1492,42.953,False,False,False,False,False,False,False,False,False,False,False,False,False,0,False,1.7705000000000002,-4.7987,-28.602500000000003,-6.5692,-30.373000000000005,-23.803800000000003,15.359900000000001,14.3505,3.3989356319295014,22.258175,16.749850000000002,14.072904255666868,30.373000000000005,15.986283333333333,30.373000000000005,667.80407092,1230.37814702,1029.3030499685726,14.55290143758872,-0.2024014375887191,0.2024014375887191,12.689907908224825,-0.10990790822482488,0.10990790822482488,19.36341049133242,-0.21421049133241965,0.21421049133241965,49.12351454508271,-6.17051454508271,6.17051454508271,6.17051454508271,1.6742585955571685,6.17051454508271,0.37393541584248136,1.3645766714581626,3
21.3253,74.4008,46.0511,24.5985,14.5831,15.3581,18.2474,47.2732,False,False,False,False,False,False,False,False,False,False,False,False,False,0,False,-0.7750000000000004,-3.664299999999999,-32.6901,-2.8892999999999986,-31.915100000000002,-29.025800000000004,16.062866666666668,15.3581,1.9311384371228622,23.865450000000003,16.80275,15.684623801779033,32.6901,16.826600000000003,32.6901,1586.61938024,1830.1480788000001,286.62725580541394,14.63590153727542,-0.052801537275419363,0.052801537275419363,15.284074455288076,0.07402554471192424,0.07402554471192424,18.345563351284536,-0.09816335128453701,0.09816335128453701,49.931825242606855,-2.6586252426068526,2.6586252426068526,2.6586252426068526,0.7209039189696833,2.6586252426068526,0.5810899661375091,1.3697661809158508,4
8.076,29.8006,45.4033,12.3513,5.9675,7.1174,7.6489,60.1719,False,False,False,False,False,False,False,False,False,False,False,False,False,0,False,-1.1498999999999997,-1.6814,-54.2044,-0.5315000000000003,-53.054500000000004,-52.523,6.911266666666667,7.1174,0.8594444154995325,20.226425,7.3831500000000005,26.63956072402784,54.2044,27.190783333333332,54.2044,240.6696456,368.07615078,271.0011640701315,5.658643857351798,0.30885614264820216,0.30885614264820216,6.792640672054739,0.3247593279452605,0.3247593279452605,7.341761072069796,0.3071389279302039,0.3071389279302039,51.877767735458455,8.294132264541545,8.294132264541545,8.294132264541545,2.3087216657663028,8.294132264541545,0.3022315265579763,2.679879079036914,4
25.8413,81.9552,43.1604,47.0577,17.4843,17.531,22.1277,41.4904,False,False,False,False,False,False,False,False,False,False,False,False,False,0,False,-0.04669999999999774,-4.6434,-24.0061,-4.596700000000002,-23.959400000000002,-19.3627,19.047666666666668,17.531,2.667489310818946,24.65835,19.829349999999998,11.430780201572711,24.0061,12.769166666666669,24.0061,2117.82890976,3856.62321504,315.3100333706667,17.4857896584836,-0.0014896584835994986,0.0014896584835994986,17.58600372215352,-0.055003722153522006,0.055003722153522006,21.97512641985694,0.15257358014305922,0.15257358014305922,48.83919750459232,-7.348797504592319,7.348797504592319,7.348797504592319,1.889466116343125,7.348797504592319,0.346084695142779,0.9735481191774311,3
9.8798,101.6812,38.8328,20.6455,10.6819,13.5792,12.2654,34.8847,False,False,False,False,False,False,False,False,False,False,False,False,False,0,False,-2.8972999999999995,-1.583499999999999,-24.202800000000003,1.3138000000000005,-21.305500000000002,-22.619300000000003,12.1755,12.2654,1.450740614307051,17.852800000000002,12.9223,11.416218290076038,24.202800000000003,12.320366666666667,24.202800000000003,1004.5899197599999,2099.2592145999997,97.16446135918326,10.582860120908512,0.09903987909148881,0.09903987909148881,13.375864245466987,0.203335754533013,0.203335754533013,12.113104422852938,0.15229557714706132,0.15229557714706132,50.5170870657885,-15.6323870657885,15.6323870657885,15.6323870657885,4.021764569140016,15.6323870657885,0.19913319038197191,1.3556857435888245,2
9.9425,82.4452,35.8081,40.7018,9.6835,11.9735,,50.8812,True,False,False,False,False,False,False,False,False,False,False,False,False,1,True,-2.289999999999999,,-41.1977,,-38.9077,,10.8285,10.8285,1.6192745289171933,24.1794,11.9735,23.15276694976218,41.1977,27.46513333333333,41.1977,819.711401,3355.6680413599997,120.59524137302822,9.784387565129455,-0.10088756512945452,0.10088756512945452,11.839830843239241,0.1336691567607584,0.1336691567607584,11.490581726756993,,,50.172013946110056,0.7091860538899439,0.7091860538899439,0.7091860538899439,0.31458092526005227,0.7091860538899439,0.7606986993228877,1.7038339645177445,4
31.3419,73.0867,33.8379,8.3587,19.2448,18.2686,24.291,54.3545,False,False,False,False,False,False,False,False,False,False,False,False,False,0,False,0.9762000000000022,-5.046199999999999,-35.109700000000004,-6.022400000000001,-36.0859,-30.0635,20.601466666666667,19.2448,3.232295434104583,29.039725,21.7679,17.08162669798069,36.0859,18.883983333333337,36.0859,2290.6760427299996,610.90979929,428.8317260415744,19.169414129569535,0.07538587043046618,0.07538587043046618,18.10707354263333,0.16152645736666926,0.16152645736666926,24.378226200451817,-0.08722620045181628,0.08722620045181628,48.95825508376809,5.396244916231915,5.396244916231915,5.396244916231915,1.4300958611202166,5.396244916231915,0.4115064002203698,1.242638749974819,3
24.9096,36.4844,36.5374,37.3227,14.063,13.0071,18.5927,61.9299,False,False,False,False,False,False,False,False,False,False,False,False,False,0,False,1.0559000000000012,-4.5297,-47.8669,-5.585600000000001,-48.9228,-43.3372,15.220933333333335,14.063,2.9673791539561196,26.898175000000002,16.32785,23.479823632127935,48.9228,25.216350000000002,48.9228,908.8118102400001,1361.69631588,682.7464114124361,14.403348569058172,-0.3403485690581718,0.3403485690581718,13.110652296313917,-0.10355229631391794,0.10355229631391794,18.893508378887365,-0.3008083788873641,0.3008083788873641,49.40137131894646,12.528528681053544,12.528528681053544,12.528528681053544,3.3183094813282494,12.528528681053544,0.2315721011483444,1.8188141690601056,4
16.5307,105.1387,45.288,58.565,14.3957,16.4442,17.1558,35.4316,False,False,False,False,False,True,False,False,False,False,False,False,False,0,False,-2.048499999999999,-2.7600999999999996,-21.035900000000005,-0.7116000000000007,-18.987400000000004,-18.275800000000004,15.998566666666667,16.4442,1.4329967911106194,20.856825,16.799999999999997,9.78670949140551,21.035900000000005,10.636550000000002,21.035900000000005,1738.01630809,6157.4479655,157.22753303707074,14.42889980433728,-0.03319980433728098,0.03319980433728098,16.499555406475956,-0.05535540647595738,0.05535540647595738,17.284421161660703,-0.12862116166070336,0.12862116166070336,49.26056750246716,-13.828967502467158,13.828967502467158,13.828967502467158,3.511535968735275,13.828967502467158,0.22165400141547165,1.0085854349425503,2
17.355,73.8506,31.1921,18.0737,12.7189,13.471,15.6576,56.9299,False,False,False,False,False,False,False,False,False,False,False,False,False,0,False,-0.7521000000000004,-2.9387000000000008,-44.211000000000006,-2.1866000000000003,-43.4589,-41.2723,13.949166666666668,13.471,1.5265883345988644,24.69435,14.5643,21.526483861281204,44.211000000000006,22.469933333333334,44.211000000000006,1281.677163,1334.7535892199999,235.00144413160567,12.59903538681952,0.11986461318048036,0.11986461318048036,13.333133717188327,0.13786628281167346,0.13786628281167346,15.461234099804143,0.19636590019585753,0.19636590019585753,49.92372907631833,7.0061709236816725,7.0061709236816725,7.0061709236816725,1.865066929967421,7.0061709236816725,0.3490319857942624,1.7903278319421927,4
19.2254,85.8028,25.5407,7.2014,14.0182,14.7872,17.1449,74.0543,False,False,False,False,False,False,False,False,False,False,False,False,False,0,False,-0.7690000000000001,-3.1266999999999996,-60.0361,-2.3576999999999995,-59.2671,-56.9094,15.316766666666666,14.7872,1.6292310650528772,30.00115,15.96605,29.398878404286105,60.0361,30.410999999999998,60.0361,1649.5931511200001,617.90028392,224.0649228154649,14.021421055210137,-0.003221055210136825,0.003221055210136825,14.720406714851675,0.06679328514832505,0.06679328514832505,17.023920708896657,0.12097929110334249,0.12097929110334249,49.6638524149999,24.390447585000096,24.390447585000096,24.390447585000096,6.145360304115475,24.390447585000096,0.13995095522671339,2.001125956463017,2
23.5675,93.8871,42.115,39.0131,16.7881,17.4537,20.697,64.5418,False,False,False,False,False,False,False,False,False,False,False,False,False,0,False,-0.6656000000000013,-3.908899999999999,-47.753699999999995,-3.243299999999998,-47.0881,-43.84479999999999,18.312933333333334,17.4537,2.091312086545987,29.87015,19.07535,23.1774190211795,47.753699999999995,24.417399999999997,47.753699999999995,2212.68422925,3662.8268210100005,251.01954890293246,16.954686782704332,-0.16658678270433214,0.16658678270433214,17.709932139528526,-0.2562321395285245,0.2562321395285245,20.946475238470324,-0.2494752384703247,0.2494752384703247,49.0583934239149,15.483406576085095,15.483406576085095,15.483406576085095,4.038925184197069,15.483406576085095,0.1984550203555653,1.5987092134759238,2
30.7343,45.0422,45.8651,6.7379,17.3434,15.8132,22.8473,36.1972,False,False,False,False,False,False,False,False,False,False,False,False,False,0,False,1.530199999999999,-5.503900000000002,-18.853800000000003,-7.0341000000000005,-20.384,-13.349900000000002,18.66796666666667,17.3434,3.6993916180006323,23.050275,20.09535,9.270500033754024,20.384,11.109316666666667,20.384,1384.34048746,303.48983938,682.3444053921864,17.326686671129675,0.016713328870324062,0.016713328870324062,15.888511219722913,-0.07531121972291288,0.07531121972291288,22.716748547612138,0.1305514523878628,0.1305514523878628,49.776909478819576,-13.579709478819574,13.579709478819574,13.579709478819574,3.4505713699501683,13.579709478819574,0.22469025140275342,0.8843274605932205,3
14.6172,18.3131,44.6837,8.8063,8.0847,8.1434,10.6928,87.7375,False,False,False,False,False,False,False,False,False,False,False,False,False,0,False,-0.058699999999999974,-2.6081000000000003,-79.6528,-2.5494000000000003,-79.5941,-77.04469999999999,8.973633333333332,8.1434,1.4891312713570062,28.6646,9.418099999999999,39.400698145675875,79.6528,40.25129999999999,79.6528,267.68624532,161.27065252999998,798.1822858050873,8.12607593569503,-0.0413759356950294,0.0413759356950294,8.026770376100364,0.1166296238996356,0.1166296238996356,10.955853348847429,-0.2630533488474285,0.2630533488474285,51.456599435901985,36.28090056409801,36.28090056409801,36.28090056409801,9.175489868135026,36.28090056409801,0.0982753668824871,2.778785408208938,4
20.8602,47.6941,30.521,34.8513,12.9399,12.4513,,17.2785,True,False,False,False,False,False,False,False,False,False,False,False,False,1,True,0.4885999999999999,,-4.338600000000001,,-4.827200000000001,,12.695599999999999,12.695599999999999,0.34549237328774707,14.223233333333333,12.9399,2.6571927467410674,4.827200000000001,3.218133333333334,4.827200000000001,994.90846482,1662.20138733,437.374761789244,13.037886957754298,-0.09798695775429778,0.09798695775429778,12.447746959319375,0.00355304068062523,0.00355304068062523,16.707227386525396,,,49.493603248065085,-32.215103248065084,32.215103248065084,32.215103248065084,10.772214415500002,32.215103248065084,0.08494578544911144,0.33938813299263915,4
15.4736,30.7634,31.3967,13.3708,9.1938,9.1559,11.9994,33.9757,False,False,False,False,False,False,False,False,False,False,False,False,False,0,False,0.03789999999999871,-2.8056,-24.781900000000004,-2.843499999999999,-24.8198,-21.976300000000002,10.116366666666666,9.1938,1.63086480228538,16.081200000000003,10.596599999999999,12.003753306639833,24.8198,12.877500000000003,24.8198,476.02054624,411.33126871999997,502.98715259459203,9.260673940666951,-0.06687394066695163,0.06687394066695163,8.993055072711508,0.16284492728849287,0.16284492728849287,12.041972746856176,-0.042572746856176735,0.042572746856176735,50.67563124238187,-16.699931242381865,16.699931242381865,16.699931242381865,4.243055714298372,16.699931242381865,0.19072847104654894,1.543403761284132,4
9.7518,38.6358,39.6464,44.0459,7.2393,8.3028,9.3167,22.5854,False,False,False,False,False,False,False,False,False,False,False,False,False,0,False,-1.0634999999999994,-2.077400000000001,-15.3461,-1.0139000000000014,-14.2826,-13.268699999999999,8.286266666666668,8.3028,1.038798682774162,11.86105,8.809750000000001,7.199701752387618,15.3461,7.842033333333333,15.3461,376.76859444,1701.7485832200002,252.40314620037725,7.319238254958993,-0.07993825495899287,0.07993825495899287,8.208143236693717,0.0946567633062827,0.0946567633062827,9.304965712636042,0.011734287363958984,0.011734287363958984,50.72699451309435,-28.141594513094347,28.141594513094347,28.141594513094347,7.081980954680896,28.141594513094347,0.12373204114281205,1.2938219686941976,4
30.5467,109.1931,43.2382,33.7685,20.9985,21.4309,25.9315,77.0158,False,False,False,False,False,False,False,False,False,False,False,False,False,0,False,-0.43240000000000123,-4.933,-56.0173,-4.500599999999999,-55.5849,-51.0843,22.786966666666668,21.4309,2.731814388521543,36.344175,23.6812,27.20600664821098,56.0173,28.758750000000003,56.0173,3335.48886777,3687.2871973500005,279.74933583263635,21.094180424352256,-0.09568042435225621,0.09568042435225621,21.41336353848432,0.017536461515682333,0.017536461515682333,26.160911794537697,-0.22941179453769678,0.22941179453769678,48.40784330106556,28.607956698934437,28.607956698934437,28.607956698934437,7.237646344835018,28.607956698934437,0.12139389798240093,1.5413002107489822,1
15.0667,104.1581,36.4027,33.943,13.3738,15.3232,15.8001,51.3264,False,False,False,False,False,False,False,False,False,False,False,False,False,0,False,-1.9494000000000007,-2.4263000000000012,-37.952600000000004,-0.47690000000000055,-36.0032,-35.5263,14.832366666666667,15.3232,1.2854652633709458,23.955875,15.56165,18.27717787832228,37.952600000000004,19.055783333333334,37.952600000000004,1569.31884527,3535.4383883,144.6522023105066,13.367146783379669,0.006653216620330582,0.006653216620330582,15.41552499961996,-0.09232499961995977,0.09232499961995977,15.786419421200804,0.013680578799196041,0.013680578799196041,49.63650088947577,1.6898991105242303,1.6898991105242303,1.6898991105242303,0.45063947639092916,1.6898991105242303,0.6893511560073611,1.584270420399831,2
25.5006,45.3,39.6521,11.5301,14.4892,13.563,18.6989,53.7007,False,False,False,False,False,False,False,False,False,False,False,False,False,0,False,0.9261999999999997,-4.209699999999998,-39.2115,-5.135899999999998,-40.137699999999995,-35.0018,15.583699999999999,14.4892,2.737300657582209,25.112949999999998,16.59405,19.189101911675454,40.137699999999995,20.770466666666668,40.137699999999995,1155.17718,522.3135299999999,562.9270280514287,14.873050561419921,-0.383850561419921,0.383850561419921,13.942517474862052,-0.3795174748620518,0.3795174748620518,19.3355882868972,-0.6366882868972006,0.6366882868972006,49.9296134652989,3.771086534701098,3.771086534701098,3.771086534701098,1.2927857144700678,3.771086534701098,0.43615065886396204,1.5982863031677668,3
8.197,36.7874,36.1863,47.6958,6.2612,7.4791,8.1375,47.2552,False,False,False,False,False,False,False,False,False,False,False,False,False,0,False,-1.2179000000000002,-1.8762999999999996,-40.994,-0.6583999999999994,-39.7761,-39.1177,7.2926,7.4791,0.9519517372220083,17.283250000000002,7.808299999999999,19.996411955565097,40.994,20.606733333333334,40.994,301.54631779999994,1754.6044729199998,222.82079657143572,6.5081797404853745,-0.24697974048537485,0.24697974048537485,7.43404707061145,0.04505292938855021,0.04505292938855021,8.222154806419068,-0.08465480641906886,0.08465480641906886,50.68752135519819,-3.432321355198191,3.432321355198191,3.432321355198191,0.9522522078727962,3.432321355198191,0.5122288995076181,2.3718904882527947,4
11.3687,28.3467,45.6981,56.6098,7.6108,8.0341,9.851,62.3478,False,False,False,False,False,False,False,False,False,False,False,False,False,0,False,-0.42330000000000023,-2.2402000000000006,-54.737,-1.8169000000000004,-54.3137,-52.4968,8.498633333333332,8.0341,1.1901543695392351,21.960925,8.94255,26.942113860815873,54.737,27.671316666666666,54.737,322.26512829,1604.70101766,401.0588883154342,7.685686785964672,-0.07488678596467135,0.07488678596467135,8.195225522656438,-0.16112552265643743,0.16112552265643743,10.119767455171424,-0.26876745517142275,0.26876745517142275,50.626145937404004,11.721654062595995,11.721654062595995,11.721654062595995,3.0566084565971314,11.721654062595995,0.2465113433300994,2.4924712904983326,4
14.2378,29.0391,42.7409,35.8399,8.9455,8.8975,11.729,39.6624,False,False,False,False,False,False,False,False,False,False,False,False,False,0,False,0.047999999999998266,-2.7835,-30.7169,-2.8314999999999984,-30.764899999999997,-27.9334,9.857333333333333,8.9455,1.6210885488872384,17.3086,10.33725,14.961198207585737,30.764899999999997,15.846366666666668,30.764899999999997,413.45289798000005,1040.75844009,490.29739547802944,8.85316011233741,0.0923398876625896,0.0923398876625896,8.97423762550668,-0.07673762550667895,0.07673762550667895,11.648662445364996,0.08033755463500292,0.08033755463500292,50.710178899739205,-11.047778899739207,11.047778899739207,11.047778899739207,2.8242984918858696,11.047778899739207,0.26148586521730205,1.7774333120914967,4
31.7669,86.9219,26.3532,49.2088,20.5981,19.391,25.9812,57.9927,False,False,False,False,False,False,False,False,False,False,False,False,False,0,False,1.2071000000000005,-5.383100000000002,-37.3946,-6.590200000000003,-38.6017,-32.0115,21.990099999999998,20.5981,3.5086937754668774,30.99075,23.28965,18.227838316615237,38.6017,20.198033333333335,38.6017,2761.23930511,4277.32239272,365.4648177887486,20.610726569253348,-0.012626569253349373,0.012626569253349373,19.53711824794729,-0.14611824794729245,0.14611824794729245,25.90236986146644,0.07883013853356147,0.07883013853356147,47.60504475063019,10.387655249369807,10.387655249369807,10.387655249369807,2.6563075512760026,10.387655249369807,0.27349996847256824,1.2455873944362772,1
26.606,74.4996,26.1555,14.439,17.1607,16.5283,21.4351,37.1672,False,False,False,False,False,False,False,False,False,False,False,False,False,0,False,0.632399999999997,-4.2744,-20.006500000000003,-4.906799999999997,-20.6389,-15.732100000000003,18.3747,17.1607,2.669179379509739,23.072825,19.2979,9.645682614646825,20.6389,11.03185,20.6389,1982.1363576,1075.6997244,357.12938631490823,17.032061646412256,0.12863835358774267,0.12863835358774267,16.395209576376608,0.1330904236233934,0.1330904236233934,21.380438164992466,0.054661835007532744,0.054661835007532744,48.972810698484764,-11.805610698484763,11.805610698484763,11.805610698484763,3.030500327675858,11.805610698484763,0.2481081549934121,0.8945107959208306,3
8.4367,41.2956,39.4313,21.0233,6.7362,7.9235,8.6162,54.0452,False,False,False,False,False,False,False,False,False,False,False,False,False,0,False,-1.1872999999999996,-1.879999999999999,-47.309,-0.6926999999999994,-46.121700000000004,-45.429,7.758633333333333,7.9235,0.9507816591275478,19.330275,8.26985,23.15629980421095,47.309,23.769949999999998,47.309,348.39858852000003,868.16978748,204.30016653101868,6.5609855713207565,0.17521442867924364,0.17521442867924364,7.7756101970641325,0.1478898029358673,0.1478898029358673,8.211201603201738,0.4049983967982609,0.4049983967982609,51.31877270887368,2.7264272911263205,2.7264272911263205,2.7264272911263205,0.8636324798849231,2.7264272911263205,0.5365864840806749,2.447403129338238,4
21.9567,31.7733,22.7884,5.9133,12.9157,11.382,16.8997,47.4598,False,False,False,False,False,False,False,False,False,False,False,False,False,0,False,1.5336999999999996,-3.984,-34.5441,-5.5177,-36.0778,-30.560100000000002,13.732466666666667,12.9157,2.8480842970904727,22.1643,14.907699999999998,17.02324811015806,36.0778,18.7029,36.0778,697.63681611,187.88505489,691.0422615711111,12.332801236235543,0.5828987637644563,0.5828987637644563,10.98160636701084,0.4003936329891591,0.4003936329891591,16.07888482194274,0.8208151780572592,0.8208151780572592,49.93321788058347,-2.473417880583469,2.473417880583469,2.473417880583469,1.0693813638485858,2.473417880583469,0.48323620646714627,1.6277429795919658,4
16.9431,86.3196,27.0104,38.5934,13.4948,14.3679,16.283,65.9021,False,False,False,False,False,False,False,False,False,False,False,False,False,0,False,-0.8731000000000009,-2.7882000000000016,-52.407300000000006,-1.9151000000000007,-51.534200000000006,-49.6191,14.715233333333336,14.3679,1.426182016200364,27.511950000000002,15.32545,25.619910744380046,52.407300000000006,26.522833333333338,52.407300000000006,1462.52161476,3331.36685064,196.28332426432422,13.326487489159973,0.16831251084002652,0.16831251084002652,14.289993686695366,0.07790631330463427,0.07790631330463427,16.08813047410292,0.19486952589708295,0.19486952589708295,49.22641151350637,16.675688486493634,16.675688486493634,16.675688486493634,4.279194209133845,16.675688486493634,0.1894228475758367,1.9048915453497317,2
25.9459,17.3392,44.559,44.8019,13.7463,11.9815,29.9373,48.0835,False,False,False,False,False,False,False,False,False,False,False,False,False,0,False,1.7647999999999993,-16.191000000000003,-34.3372,-17.9558,-36.102000000000004,-18.1462,18.555033333333334,13.7463,9.896748234310769,25.937150000000003,21.8418,16.830914106587713,36.102000000000004,20.7495,36.102000000000004,449.8811492800001,776.8291044800002,1496.3715186562708,13.944338666893657,-0.19803866689365712,0.19803866689365712,12.165166826009203,-0.18366682600920292,0.18366682600920292,18.836468708778796,11.100831291221205,11.100831291221205,49.63133522469468,-1.5478352246946798,1.5478352246946798,11.100831291221205,3.257593002204686,11.100831291221205,0.23487449351832723,1.3919025830121725,3
15.4946,24.9221,38.7031,11.3605,9.2215,9.0022,12.0966,51.5528,False,False,False,False,False,False,False,False,False,False,False,False,False,0,False,0.2193000000000005,-2.8750999999999998,-42.3313,-3.0944000000000003,-42.550599999999996,-39.456199999999995,10.106766666666667,9.2215,1.726731201818434,20.468275,10.65905,20.77092086377411,42.550599999999996,21.75448333333333,42.550599999999996,386.15797066,283.12751705,621.7210340536977,8.934646719668066,0.28685328033193436,0.28685328033193436,8.721362113328693,0.28083788667130705,0.28083788667130705,11.82161139112433,0.27498860887567034,0.27498860887567034,51.03807319912984,0.5147268008701573,0.5147268008701573,0.5147268008701573,0.33935164418726727,0.5147268008701573,0.7466299118233514,2.078855165442537,4
22.2192,100.676,37.4391,56.4213,17.3095,10.6228,21.2274,45.9637,False,False,False,False,False,False,False,False,False,False,False,False,False,0,False,6.6867,-3.9178999999999995,-28.654200000000003,-10.6046,-35.340900000000005,-24.736300000000004,16.386566666666667,17.3095,5.362204746494983,23.78085,19.26845,15.423051920745129,35.340900000000005,18.323433333333334,35.340900000000005,2236.9401792000003,5680.2707988,220.70004562159346,16.880904894340787,0.42859510565921255,0.42859510565921255,17.818641868329507,-7.195841868329508,7.195841868329508,20.629719794485048,0.5976802055149513,0.5976802055149513,48.55990249642006,-2.596202496420055,2.596202496420055,7.195841868329508,2.7045799189809316,7.195841868329508,0.26993613901440233,1.4861068943679918,2
19.7376,68.2093,24.9525,24.924,13.4189,13.5545,16.9523,56.4578,False,False,False,False,False,False,False,False,False,False,False,False,False,0,False,-0.13560000000000016,-3.5334000000000003,-43.0389,-3.3978,-42.9033,-39.5055,14.641900000000001,13.5545,2.002013476478118,25.095875,15.253400000000001,20.971752712696667,43.0389,22.08575,43.0389,1346.28787968,1700.0485932,289.3681229145992,13.505455320619605,-0.08655532061960436,0.08655532061960436,13.53723703976142,0.01726296023858076,0.01726296023858076,16.765584163123886,0.1867158368761146,0.1867158368761146,49.396753313548295,7.061046686451704,7.061046686451704,7.061046686451704,1.8378952010465008,7.061046686451704,0.3523738296013329,1.7149783719522145,4
29.9433,90.2695,38.0274,29.5678,,19.314,24.3668,51.4928,True,False,False,False,False,False,False,False,False,False,False,False,False,1,True,,,,-5.052800000000001,-32.1788,-27.126,21.840400000000002,21.840400000000002,3.5728691439793883,31.724533333333337,24.3668,17.305229620358507,32.1788,21.452533333333335,32.1788,2702.96671935,2669.0705221,331.71000928220394,19.70251723307932,,,19.396450789091055,-0.0824507890910553,0.0824507890910553,24.707065409223862,-0.3402654092238606,0.3402654092238606,48.57868330643054,2.9141166935694613,2.9141166935694613,2.9141166935694613,1.1122776306281257,2.9141166935694613,0.47342261523767176,1.0143187771654816,1
28.3887,54.9243,24.6385,26.9051,16.6301,15.3415,21.3679,23.2394,False,False,False,False,False,False,False,False,False,False,False,False,False,0,False,1.2885999999999989,-4.7378,-6.609300000000001,-6.026399999999999,-7.8979,-1.871500000000001,17.779833333333332,16.6301,3.1734506918074734,19.144725,18.999,3.763718450659312,7.8979,4.738583333333334,7.8979,1559.22947541,1477.74378393,516.8694882102296,16.953938396822373,-0.32383839682237436,0.32383839682237436,15.40866253507992,-0.06716253507991965,0.06716253507991965,21.753882356200435,-0.3859823562004365,0.3859823562004365,48.694254345667595,-25.454854345667595,25.454854345667595,25.454854345667595,6.557959408442581,25.454854345667595,0.13231084555481404,0.4125363970825399,3
24.6363,36.24,34.7335,15.5026,13.896,12.6338,18.1854,56.9828,False,False,False,False,False,False,False,False,False,False,False,False,False,0,False,1.2622,-4.2894000000000005,-43.0868,-5.5516000000000005,-44.349,-38.797399999999996,14.905066666666668,13.896,2.910107780363699,25.424500000000002,16.0407,21.1726174294378,44.349,22.889399999999995,44.349,892.819512,561.814224,679.8094150636271,13.9976330123237,-0.10163301232369903,0.10163301232369903,12.75140386422005,-0.1176038642200492,0.1176038642200492,18.333240506637207,-0.1478405066372055,0.1478405066372055,49.8470323734646,7.135767626535397,7.135767626535397,7.135767626535397,1.8757112524290878,7.135767626535397,0.3477400587959966,1.744340402233907,4
10.3861,18.7855,32.6305,50.6218,6.3956,6.3908,8.4581,20.3764,False,False,False,False,False,False,False,False,False,False,False,False,False,0,False,0.0048000000000003595,-2.0625,-13.9808,-2.0673000000000004,-13.985600000000002,-11.9183,7.081500000000001,6.3956,1.1921729866089066,10.405225000000002,7.42685,6.718341247845335,13.985600000000002,7.33655,13.985600000000002,195.10808155,950.9558238999999,552.8782556342628,6.596502537395626,-0.2009025373956259,0.2009025373956259,6.574855563303979,-0.18405556330397932,0.18405556330397932,8.760106941167365,-0.30200694116736493,0.30200694116736493,50.49349218404532,-30.117092184045323,30.117092184045323,30.117092184045323,7.701014306478073,30.117092184045323,0.11492912949878507,1.3440926610499426,4
10.1905,67.5579,25.3445,35.5989,9.0985,10.207,10.7316,48.0055,False,False,False,False,False,False,False,False,False,False,False,False,False,0,False,-1.1085000000000012,-1.6331000000000007,-38.907,-0.5245999999999995,-37.7985,-37.2739,10.012366666666667,10.207,0.8337658564209343,19.51065,10.4693,19.00876084309548,38.907,19.54093333333333,38.907,688.44877995,2404.98692631,150.84096000009473,9.006863941332279,0.09163605866772073,0.09163605866772073,10.284017037379174,-0.0770170373791732,0.0770170373791732,10.711962041054566,0.01963795894543452,0.01963795894543452,50.056481822390815,-2.050981822390817,2.050981822390817,2.050981822390817,0.5598182193457863,2.050981822390817,0.6411003459232683,1.9941406390147745,4
29.8423,23.2777,32.2842,35.1458,16.0758,13.5681,21.498,52.7638,False,False,False,False,False,False,False,False,False,False,False,False,False,0,False,2.5077000000000016,-5.4222,-36.688,-7.929900000000002,-39.1957,-31.265800000000002,17.047300000000003,16.0758,4.053231758732778,25.976425000000003,18.786900000000003,18.16231129351383,39.1957,20.50155,39.1957,694.66010671,818.11338866,1282.0118473853315,16.013921867120214,0.06187813287978727,0.06187813287978727,13.541246512896086,0.026853487103913665,0.026853487103913665,21.358887938247623,0.13911206175237822,0.13911206175237822,48.991993150123015,3.771806849876988,3.771806849876988,3.771806849876988,0.9999126329032668,3.771806849876988,0.5000218427283512,1.508894503807008,3
10.2641,67.6886,36.7714,5.0434,8.766,10.3713,10.3567,76.1003,False,False,False,False,False,False,False,False,False,False,False,False,False,0,False,-1.6052999999999997,-1.5907,-67.3343,0.014599999999999724,-65.729,-65.7436,9.831333333333333,10.3567,0.9226346098718242,26.398575,10.364,33.14304585956406,67.3343,33.66958333333333,67.3343,694.7625592599999,341.38068524,151.63703317293707,8.703546115803556,0.06245388419644371,0.06245388419644371,10.42541553891747,-0.05411553891747012,0.05411553891747012,10.411741610705459,-0.055041610705458766,0.055041610705458766,51.1234282849923,24.976871715007704,24.976871715007704,24.976871715007704,6.2871206872067695,24.976871715007704,0.13722841200580013,2.5506783791631253,4
15.6191,87.307,31.2849,31.8206,12.6735,13.9206,15.2714,60.0861,False,False,False,False,False,True,False,False,False,False,False,False,False,0,False,-1.2470999999999997,-2.597899999999999,-47.4126,-1.3507999999999996,-46.1655,-44.8147,13.955166666666665,13.9206,1.2992949023733342,25.4879,14.596,23.08985052745037,47.4126,23.93143333333333,47.4126,1363.6567637,2778.1611242,178.89857870519216,12.67025171031025,0.0032482896897505498,0.0032482896897505498,13.994880693604951,-0.07428069360495115,0.07428069360495115,15.219419476478627,0.05198052352137239,0.05198052352137239,49.636369065034955,10.449730934965046,10.449730934965046,10.449730934965046,2.64481011044528,10.449730934965046,0.27436271566911113,1.86019960051648,2
18.5832,83.5181,42.8469,19.2857,13.6044,14.8572,16.5177,38.1275,False,False,False,False,False,False,False,False,False,False,False,False,False,0,False,-1.2528000000000006,-2.9133000000000013,-24.5231,-1.6605000000000008,-23.2703,-21.609799999999996,14.9931,14.8572,1.4613968762796785,20.776699999999998,15.687450000000002,11.628581300399459,24.5231,12.5383,24.5231,1552.0335559200003,1610.70502117,222.50503513549336,13.753649692508361,-0.14924969250836106,0.14924969250836106,14.961473363247721,-0.10427336324772085,0.10427336324772085,16.892370233035713,-0.3746702330357117,0.3746702330357117,50.0884857424956,-11.960985742495602,11.960985742495602,11.960985742495602,3.147294757821849,11.960985742495602,0.24112103392554576,1.1803168066551442,4
8.7305,38.7524,42.7652,39.973,6.9272,7.8504,8.7984,39.3478,False,False,False,False,False,False,False,False,False,False,False,False,False,0,False,-0.9231999999999996,-1.8712000000000009,-32.4206,-0.9480000000000013,-31.4974,-30.5494,7.858666666666667,7.8504,0.9356273902218416,15.73095,8.3244,15.76308911973369,32.4206,16.3683,32.4206,338.3278282,1549.0496852,225.28921427080274,6.790811253444259,0.13638874655574096,0.13638874655574096,7.9298880590312635,-0.07948805903126388,0.07948805903126388,8.619384900759771,0.17901509924022996,0.17901509924022996,51.01857950725244,-11.67077950725244,11.67077950725244,11.67077950725244,3.016417853019919,11.67077950725244,0.2489780786249883,2.0609422438300014,4
13.7541,79.6813,23.9523,25.6729,11.413,12.2854,13.6117,77.2696,False,False,False,False,False,False,False,False,False,False,False,False,False,0,False,-0.872399999999999,-2.1987000000000005,-65.8566,-1.3263000000000016,-64.9842,-63.6579,12.4367,12.2854,1.107131062702154,28.644925,12.948550000000001,32.42905163680399,65.8566,33.14935,65.8566,1095.9445683299998,2045.6500467699998,172.6138789635863,11.26978021843962,0.14321978156038107,0.14321978156038107,12.415751009719605,-0.13035100971960567,0.13035100971960567,13.447633716570706,0.1640662834292943,0.1640662834292943,49.76831800535713,27.501281994642866,27.501281994642866,27.501281994642866,6.984729767338036,27.501281994642866,0.1252390536860187,2.2990661350776325,4
14.8001,41.6142,34.1941,23.5459,9.4725,9.6892,11.9039,71.7649,False,False,False,False,False,False,False,False,False,False,False,False,False,0,False,-0.21669999999999945,-2.4314,-62.2924,-2.2147000000000006,-62.0757,-59.861,10.3552,9.6892,1.345582955450908,25.707625,10.79655,30.724499602909184,62.2924,31.515316666666667,62.2924,615.89432142,979.84379178,355.6501493119778,9.66024291094038,-0.1877429109403792,0.1877429109403792,9.857191473668175,-0.16799147366817557,0.16799147366817557,12.335997269579817,-0.43209726957981687,0.43209726957981687,50.49304424719799,21.271855752802004,21.271855752802004,21.271855752802004,5.514921851747594,21.271855752802004,0.15349378285048118,2.423108932424161,4
22.8787,26.2566,33.3296,26.8598,12.6389,11.2659,16.9462,36.961,False,False,False,False,False,False,False,False,False,False,False,False,False,0,False,1.3729999999999993,-4.3073000000000015,-24.3221,-5.680300000000001,-25.695099999999996,-20.014799999999997,13.616999999999999,12.6389,2.963774912168602,19.453,14.79255,11.920216377510378,25.695099999999996,13.565433333333333,25.695099999999996,600.71687442,705.24702468,871.3501095533658,12.734112443894109,-0.0952124438941091,0.0952124438941091,11.348537129800157,-0.08263712980015647,0.08263712980015647,16.8653024816342,0.08089751836580206,0.08089751836580206,49.81679783531874,-12.85579783531874,12.85579783531874,12.85579783531874,3.2786362318447018,12.85579783531874,0.23371933153776372,1.320880419019987,4
12.6004,70.012,26.6228,27.805,10.1212,11.1769,11.9567,43.7905,False,False,False,False,False,False,False,False,False,False,False,False,False,0,False,-1.0556999999999999,-1.8354999999999997,-33.6693,-0.7797999999999998,-32.613600000000005,-31.833800000000004,11.084933333333332,11.1769,0.921199469894188,19.261325,11.5668,16.370072135531352,33.6693,16.964616666666668,33.6693,882.1792048000001,1946.68366,179.97483574603842,10.210340655687517,-0.08914065568751717,0.08914065568751717,11.300020721685119,-0.1231207216851189,0.1231207216851189,12.287550798806878,-0.3308507988068783,0.3308507988068783,50.02587098999236,-6.2353709899923615,6.2353709899923615,6.2353709899923615,1.694620791542969,6.2353709899923615,0.3711097320775103,1.7480252537012622,4
13.7835,22.704,46.1581,56.4581,8.6208,8.5332,11.4585,31.2953,False,False,False,False,False,False,False,False,False,False,False,False,False,0,False,0.08759999999999835,-2.8377000000000017,-22.674500000000002,-2.9253,-22.7621,-19.8368,9.5375,8.6208,1.6642112816586725,14.97695,10.03965,10.963433069527083,22.7621,11.854,22.7621,312.940584,1281.8247024,607.0953985661564,8.533900147921885,0.08689985207811368,0.08689985207811368,8.564979516186106,-0.03177951618610564,0.03177951618610564,11.411935039439822,0.046564960560179,0.046564960560179,50.48586605374132,-19.190566053741318,19.190566053741318,19.190566053741318,4.8389525956414285,19.190566053741318,0.17126359284822154,1.5198077580496976,4
30.7001,21.7619,23.3392,38.6122,16.4355,8.515,22.2017,59.9267,False,False,False,False,False,False,False,False,False,False,False,False,False,0,False,7.9205000000000005,-5.766199999999998,-43.49119999999999,-13.686699999999998,-51.411699999999996,-37.724999999999994,15.7174,16.4355,6.871549310744993,26.769725,19.3186,22.805577057140354,51.411699999999996,26.66688333333333,51.411699999999996,668.09250619,840.2748351800001,1410.726356280308,16.371249537922438,0.06425046207756324,0.06425046207756324,13.452607897847749,-4.937607897847748,4.937607897847748,21.790791812495023,0.41090818750497604,0.41090818750497604,48.5394565912788,11.387243408721197,11.387243408721197,11.387243408721197,4.200002489037871,11.387243408721197,0.19230760025751925,1.9205158362606127,3
29.1572,28.9227,36.6761,40.8287,16.2795,7.4881,21.7575,56.1516,False,False,False,False,False,False,False,False,False,False,False,False,False,0,False,8.7914,-5.4780000000000015,-39.8721,-14.269400000000001,-48.6635,-34.3941,15.175033333333332,16.2795,7.19852964523543,25.419175,19.0185,21.314681324910772,48.6635,25.24475,48.6635,843.30494844,1180.87624149,1008.1074698740194,16.069566942775804,0.20993305722419464,0.20993305722419464,13.972352555031387,-6.484252555031387,6.484252555031387,21.33550751261361,0.4219924873863903,0.4219924873863903,49.0221549677102,7.1294450322898015,7.1294450322898015,7.1294450322898015,3.561405782982943,7.1294450322898015,0.21923065992739796,1.914439821733073,3
19.269,79.1736,31.6065,46.7932,14.3271,14.7891,17.4732,,True,False,False,False,False,False,False,False,False,False,False,False,False,1,True,-0.46199999999999974,-3.146099999999999,,-2.684099999999999,,,15.5298,14.7891,1.6988124293164322,15.5298,14.7891,1.6988124293164322,3.146099999999999,2.097399999999999,3.146099999999999,1525.5960983999998,3704.7860995199994,243.37654933253646,14.153592002420208,0.17350799757979196,0.17350799757979196,14.705112444700873,0.08398755529912627,0.08398755529912627,17.431075887578096,0.04212411242190228,0.04212411242190228,49.07160581263108,,,0.17350799757979196,0.09987322176694018,0.17350799757979196,0.9091956965671967,0.20258457766064097,4
16.4187,61.9808,30.0559,32.3224,12.0878,12.3883,,29.1391,True,False,False,False,False,False,False,False,False,False,False,False,False,1,True,-0.30049999999999955,,-17.051299999999998,,-16.750799999999998,,12.23805,12.23805,0.2124855877465572,17.871733333333335,12.3883,9.758982465571568,17.051299999999998,11.367533333333332,17.051299999999998,1017.6441609600001,2003.3682099200003,264.8997326753232,11.660808142289449,0.4269918577105507,0.4269918577105507,12.087486732577158,0.300813267422841,0.300813267422841,14.482846610517123,,,49.784415541263556,-20.645315541263557,20.645315541263557,20.645315541263557,7.12437355546565,20.645315541263557,0.1230864131459407,0.9540927083591731,4
14.7864,22.9753,32.572,55.831,8.9076,8.5735,11.5828,,True,False,False,False,False,False,False,False,False,False,False,False,False,1,True,0.3341000000000012,-2.6752000000000002,,-3.0093000000000014,,,9.687966666666666,8.9076,1.649454674531354,9.687966666666666,8.9076,1.649454674531354,3.0093000000000014,2.006200000000001,3.0093000000000014,339.72197592000003,1282.7339743,643.5778233242554,9.004732330877559,-0.09713233087755846,0.09713233087755846,8.494678277594586,0.0788217224054133,0.0788217224054133,11.905775540108678,-0.32297554010867735,0.32297554010867735,49.927972899291284,,,0.32297554010867735,0.16630986446388304,0.32297554010867735,0.8574050777317822,0.3106221354097675,4
9.0295,82.9809,39.0311,45.0216,9.3595,11.461,11.1991,41.8283,False,False,False,False,False,False,False,False,False,False,False,False,False,0,False,-2.1014999999999997,-1.839599999999999,-32.4688,0.2619000000000007,-30.3673,-30.629199999999997,10.673200000000001,11.1991,1.1452090071249,18.461975000000002,11.33005,15.605588735529974,32.4688,16.27805,32.4688,749.2760365500001,3735.9328874400003,108.81418388880044,9.430668768262219,-0.07116876826221841,0.07116876826221841,11.709567277202863,-0.24856727720286287,0.24856727720286287,11.03163092648317,0.1674690735168305,0.1674690735168305,50.267657498685,-8.439357498684998,8.439357498684998,8.439357498684998,2.2316406544167275,8.439357498684998,0.30944034530364206,1.7586841284943087,4
10.6599,55.4415,45.4533,57.3204,8.7772,10.33,10.7495,50.0292,False,False,False,False,False,True,False,False,False,False,False,False,False,0,False,-1.5527999999999995,-1.9722999999999988,-41.252,-0.4194999999999993,-39.699200000000005,-39.279700000000005,9.952233333333332,10.33,1.0390007523256817,19.971474999999998,10.53975,20.05643278375212,41.252,20.69591666666667,41.252,591.00084585,3177.9289565999998,192.27290165798152,8.848721946438799,-0.07152194643879817,0.07152194643879817,10.24726563122729,0.08273436877271045,0.08273436877271045,11.004519221708978,-0.25501922170897906,0.25501922170897906,50.37206694732911,-0.3428669473291066,0.3428669473291066,0.3428669473291066,0.18803562106239857,0.3428669473291066,0.8417256034004703,2.06554495071348,4
14.6346,44.3665,26.2526,39.6835,10.1485,10.0617,12.6422,48.8083,False,False,False,False,False,False,False,False,False,False,False,False,False,0,False,0.08680000000000021,-2.4937000000000005,-38.659800000000004,-2.5805000000000007,-38.7466,-36.1661,10.950800000000001,10.1485,1.4654381699682866,20.415175,11.39535,18.966529710233413,38.7466,19.78891666666667,38.7466,649.2859809,1760.6180027500002,329.85691234221486,9.912663701095292,0.23583629890470803,0.23583629890470803,9.917091511346184,0.14460848865381593,0.14460848865381593,12.528990773849486,0.11320922615051465,0.11320922615051465,49.84352887433234,-1.03522887433234,1.03522887433234,1.03522887433234,0.3822207220103446,1.03522887433234,0.7234734540410949,1.897930388580853,4
19.0061,71.4244,23.5275,37.0969,13.4861,13.6011,16.8051,48.3686,False,False,False,False,False,False,False,False,False,False,False,False,False,0,False,-0.11500000000000021,-3.318999999999999,-34.8825,-3.203999999999999,-34.7675,-31.5635,14.630766666666668,13.6011,1.8839056062694146,23.065225,15.2031,16.93890245546722,34.8825,17.97525,34.8825,1357.4992888400002,2649.62382436,266.10090303861097,13.473429055165274,0.012670944834725972,0.012670944834725972,13.615369985967137,-0.014269985967136023,0.014269985967136023,16.627480090159892,0.17761990984010723,0.17761990984010723,49.11024605300351,-0.7416460530035067,0.7416460530035067,0.7416460530035067,0.23655172341136899,0.7416460530035067,0.8087005024272047,1.512340975498407,4
11.0406,64.0415,40.4972,35.006,9.1935,10.7225,11.2221,46.527,False,False,False,False,False,False,False,False,False,False,False,False,False,0,False,-1.529,-2.028599999999999,-37.3335,-0.49959999999999916,-35.804500000000004,-35.3049,10.379366666666668,10.7225,1.0569341764430424,19.416275,10.9723,18.0944076665278,37.3335,18.750016666666667,37.3335,707.0565849,2241.836749,172.3975590207039,9.235412108145432,-0.041912108145432114,0.041912108145432114,10.759513471529862,-0.03701347152986223,0.03701347152986223,11.25983263013959,-0.037732630139590384,0.037732630139590384,50.561876093233714,-4.034876093233713,4.034876093233713,4.034876093233713,1.0378835757621494,4.034876093233713,0.4907051668179863,1.922793160483584,4
18.6335,82.6128,23.4196,29.3012,13.8318,14.213,16.8344,51.8193,False,False,False,False,False,False,False,False,False,False,False,False,False,0,False,-0.38119999999999976,-3.0025999999999993,-37.9875,-2.6213999999999995,-37.6063,-34.984899999999996,14.959733333333332,14.213,1.6346588920424139,24.174625,15.523699999999998,18.478049685392484,37.9875,19.430649999999996,37.9875,1539.3656088,2420.65417536,225.55218736658395,13.81949087917922,0.012309120820779285,0.012309120820779285,14.365823381016346,-0.15282338101634707,0.15282338101634707,16.81130594608854,0.023094053911457024,0.023094053911457024,49.190833339084584,2.6284666609154144,2.6284666609154144,2.6284666609154144,0.7041733041659994,2.6284666609154144,0.5867947805281384,1.5713784303258354,4
18.6216,39.1216,29.5936,25.5068,10.9669,10.4217,13.9351,53.0223,False,False,False,False,False,False,False,False,False,False,False,False,False,0,False,0.5452000000000012,-2.9681999999999995,-42.0554,-3.5134000000000007,-42.6006,-39.0872,11.774566666666667,10.9669,1.8908302338743512,22.0865,12.451,20.681570755949206,42.6006,21.795,42.6006,728.50678656,997.86682688,475.9926802603472,11.376584243795605,-0.40968424379560453,0.40968424379560453,10.836778926758406,-0.4150789267584063,0.4150789267584063,14.670694478233383,-0.7355944782333825,0.7355944782333825,49.96542783475772,3.0568721652422823,3.0568721652422823,3.0568721652422823,1.154307453507419,3.0568721652422823,0.4641862972585014,1.928806316615889,4
15.3273,38.6999,49.7777,59.2633,10.4496,10.8623,13.4307,39.9543,False,False,False,False,False,False,False,False,False,False,False,False,False,0,False,-0.4126999999999992,-2.9810999999999996,-29.504700000000003,-2.5684000000000005,-29.092000000000006,-26.523600000000002,11.580866666666667,10.8623,1.6152377049008402,18.674225,12.1465,14.247886100839665,29.504700000000003,15.180416666666666,29.504700000000003,593.16497727,2293.48378367,396.0551846244603,10.19729498466478,0.2523050153352209,0.2523050153352209,10.595861647582131,0.2664383524178682,0.2664383524178682,13.290657129171514,0.140042870828486,0.140042870828486,50.235672148488575,-10.281372148488572,10.281372148488572,10.281372148488572,2.7350395967675367,10.281372148488572,0.26773477873312046,1.5799683360523205,4
25.6003,45.6984,36.3889,34.2858,15.3215,14.1184,19.8526,55.4214,False,False,False,False,False,False,False,False,False,False,False,False,False,0,False,1.203100000000001,-4.531099999999999,-40.0999,-5.7341999999999995,-41.303,-35.568799999999996,16.430833333333336,15.3215,3.0237770657463043,26.178475,17.587049999999998,19.650993802074403,41.303,21.40668333333333,41.303,1169.89274952,1566.80620272,560.2011098416772,15.207862492996645,0.11363750700335551,0.11363750700335551,14.100622157467955,0.01777784253204473,0.01777784253204473,19.745896562031938,0.10670343796806137,0.10670343796806137,49.29966337680689,6.121736623193108,6.121736623193108,6.121736623193108,1.5899638526741424,6.121736623193108,0.38610577478426894,1.5777460001982544,3
31.0474,62.9038,35.1896,55.5623,19.3378,17.6333,25.0756,55.3385,False,False,False,False,False,False,False,False,False,False,False,False,False,0,False,1.704500000000003,-5.7378,-36.0007,-7.442300000000003,-37.705200000000005,-30.262900000000002,20.682233333333333,19.3378,3.8990489947336315,29.3463,22.2067,17.61815144086727,37.705200000000005,19.808900000000005,37.705200000000005,1952.99944012,3495.0798067399996,493.569467413818,19.026459661996633,0.3113403380033688,0.3113403380033688,17.58744647868891,0.045853521311087775,0.045853521311087775,24.456880727286435,0.618719272713566,0.618719272713566,48.10224667723502,7.236253322764981,7.236253322764981,7.236253322764981,2.053041613698251,7.236253322764981,0.3275422108605545,1.284836151461632,3
14.4618,61.9058,19.4627,33.2112,11.0829,11.4122,13.8348,34.7131,False,False,False,False,False,False,False,False,False,False,False,False,False,0,False,-0.3292999999999999,-2.751899999999999,-23.630199999999995,-2.422599999999999,-23.3009,-20.878299999999996,12.109966666666667,11.4122,1.5027964410835328,17.76075,12.6235,11.36798166855782,23.630199999999995,12.218866666666665,23.630199999999995,895.2692984400001,2055.96590496,233.60973711514316,10.711762185823899,0.3711378141761017,0.3711378141761017,11.072953147816067,0.33924685218393336,0.33924685218393336,13.09800878292662,0.7367912170733799,0.7367912170733799,49.572979924556144,-14.859879924556147,14.859879924556147,14.859879924556147,4.076763951997391,14.859879924556147,0.19697587074273212,1.3304723446519178,4
9.8739,48.5443,43.9823,34.3589,7.7772,9.2292,9.8748,83.8846,False,False,False,False,False,False,False,False,False,False,False,False,False,0,False,-1.4520000000000008,-2.097600000000001,-76.10740000000001,-0.6456,-74.6554,-74.00980000000001,8.9604,9.2292,1.0743237500865375,27.691450000000003,9.552,37.47236827436985,76.10740000000001,38.161300000000004,76.10740000000001,479.32156377,1667.92874927,203.39973933093293,7.816233585057701,-0.039033585057701714,0.039033585057701714,9.147148977220057,0.08205102277994314,0.08205102277994314,9.76897856666815,0.10582143333185101,0.10582143333185101,50.97391087422103,32.91068912577897,32.91068912577897,32.91068912577897,8.284398791737118,32.91068912577897,0.1077075664705371,2.7484069095670653,4
26.2007,23.6865,40.4527,22.249,14.2341,12.3775,18.9363,43.5085,False,False,False,False,False,False,False,False,False,False,False,False,False,0,False,1.8566000000000003,-4.7021999999999995,-29.2744,-6.5588,-31.131,-24.5722,15.182633333333333,14.2341,3.3807175234457745,22.2641,16.5852,14.429420683219867,31.131,16.3492,31.131,620.60288055,527.0009385,1106.144383448638,14.144505209309939,0.08959479069006093,0.08959479069006093,12.467899260135127,-0.09039926013512734,0.09039926013512734,18.905171428937706,0.031128571062293275,0.031128571062293275,49.892270514320906,-6.383770514320908,6.383770514320908,6.383770514320908,1.6487232840520973,6.383770514320908,0.37754038182130134,1.3982593510362642,3
15.6353,93.2888,38.4491,16.0241,12.4655,14.2449,15.0064,52.6342,False,False,False,False,False,False,False,False,False,False,False,False,False,0,False,-1.779399999999999,-2.540899999999999,-40.1687,-0.7614999999999998,-38.3893,-37.6278,13.9056,14.2449,1.3039887154419698,23.58775,14.62565,19.39354803888826,40.1687,20.211266666666663,40.1687,1458.59837464,1494.86906008,167.60102310234208,12.831163118509947,-0.36566311850994637,0.36566311850994637,14.602452446988254,-0.3575524469882545,0.3575524469882545,15.356572530142829,-0.3501725301428298,0.3501725301428298,50.16974192663597,2.4644580733640282,2.4644580733640282,2.4644580733640282,0.8844615422512647,2.4644580733640282,0.5306555626523181,1.7029467825685864,2
22.4352,87.399,34.984,8.6671,21.8695,16.3441,19.4985,66.3187,False,False,False,False,False,False,False,False,False,False,False,False,False,0,False,5.525399999999998,2.3709999999999987,-44.449200000000005,-3.154399999999999,-49.97460000000001,-46.82020000000001,19.237366666666667,19.4985,2.7719405212474038,31.0077,20.683999999999997,23.649216124007157,49.97460000000001,25.38246666666667,49.97460000000001,1960.8140448,757.4958729,256.698559857829,15.683027021889952,6.1864729781100465,6.1864729781100465,16.28059320838149,0.06350679161851147,0.06350679161851147,19.321184793447404,0.17731520655259558,0.17731520655259558,49.651697302148776,16.66700269785123,16.66700269785123,16.66700269785123,5.773574418533096,16.66700269785123,0.14763254054815017,1.611683029801298,2
13.1669,55.9826,37.9946,32.6052,9.6036,10.6482,12.0089,51.8564,False,False,False,False,False,False,False,False,False,False,False,False,False,0,False,-1.044599999999999,-2.4053000000000004,-42.2528,-1.3607000000000014,-41.208200000000005,-39.8475,10.753566666666666,10.6482,1.206106804281169,21.029275,11.32855,20.574997515329944,42.2528,21.353183333333334,42.2528,737.11729594,1825.32386952,235.19625112155362,9.780817984336935,-0.17721798433693436,0.17721798433693436,10.710477002700541,-0.06227700270054193,0.06227700270054193,12.174541154603236,-0.16564115460323592,0.16564115460323592,50.4199104067385,1.4364895932614985,1.4364895932614985,1.4364895932614985,0.4604064337255527,1.4364895932614985,0.6847408891845004,2.009236167563472,4
19.0194,19.1802,35.4244,47.6908,10.8729,9.8968,14.7725,63.4353,False,False,False,False,False,False,False,False,False,False,False,False,False,0,False,0.9760999999999989,-3.8996000000000013,-52.5624,-4.8757,-53.5385,-48.6628,11.8474,10.8729,2.5797965636848192,24.744374999999998,12.822700000000001,25.879813693478678,53.5385,27.419183333333333,53.5385,364.79589588,914.71908216,991.6158373657015,10.73773624670147,0.1351637532985297,0.1351637532985297,9.658344699766333,0.23845530023366734,0.23845530023366734,14.369584071946377,0.4029159280536234,0.4029159280536234,49.861270343880086,13.574029656119912,13.574029656119912,13.574029656119912,3.587641159426433,13.574029656119912,0.21797694397811718,2.163662584461081,4
16.2319,44.2376,28.252,32.7977,10.808,1.0,13.7394,58.1263,False,False,False,False,False,False,False,False,False,False,False,False,False,0,False,9.808,-2.9314,-47.3183,-12.7394,-57.1263,-44.3869,8.5158,10.808,6.671859839654907,20.918425,12.2737,25.396382354760032,57.1263,29.051716666666668,57.1263,718.06029944,1450.89153352,366.92533796468655,10.594663926079734,0.21333607392026543,0.21333607392026543,10.463746084236378,-9.463746084236378,9.463746084236378,13.472780153070666,0.26661984692933416,0.26661984692933416,49.92071746044384,8.205582539556161,8.205582539556161,9.463746084236378,4.537321136160535,9.463746084236378,0.1805927406791833,2.730906972725254,4
15.4779,79.9642,26.6642,23.6025,12.3091,13.4402,14.9589,32.7272,False,False,False,False,False,False,False,False,False,False,False,False,False,0,False,-1.1311,-2.649799999999999,-20.418100000000003,-1.518699999999999,-19.287000000000003,-17.768300000000004,13.569400000000002,13.4402,1.329616294274404,18.358850000000004,14.19955,9.640223624826692,20.418100000000003,10.462166666666667,20.418100000000003,1237.6778911800002,1887.3550305,193.56034405892333,12.093325092221663,0.21577490777833752,0.21577490777833752,13.105001475883139,0.335198524116862,0.335198524116862,14.579393059890302,0.37950694010969777,0.37950694010969777,49.748237899941515,-17.02103789994151,17.02103789994151,17.02103789994151,4.487879567986602,17.02103789994151,0.18221974218120113,1.1121660059502605,4
12.362,80.5709,36.3399,24.5401,10.7301,12.2892,12.8727,46.5269,False,False,False,False,False,False,False,False,False,False,False,False,False,0,False,-1.559099999999999,-2.1426,-35.7968,-0.5835000000000008,-34.2377,-33.654199999999996,11.964,12.2892,1.1077003069422702,20.604725000000002,12.58095,17.305100811104797,35.7968,17.995649999999998,35.7968,996.0174658,1977.2179430899998,153.4300655162018,10.653434675727473,0.07666532427252726,0.07666532427252726,12.396577996232448,-0.10737799623244904,0.10737799623244904,12.716070383348722,0.15662961665127817,0.15662961665127817,50.345974064089496,-3.8190740640894987,3.8190740640894987,3.8190740640894987,1.0399367503114383,3.8190740640894987,0.49021127730912706,1.7373094097060697,4
25.2864,105.1935,21.2535,30.031,18.4286,18.6152,22.6584,44.7668,False,False,False,False,False,False,False,False,False,False,False,False,False,0,False,-0.1866000000000021,-4.229800000000001,-26.338200000000004,-4.043199999999999,-26.151600000000002,-22.108400000000003,19.900733333333335,18.6152,2.3900311657661146,26.117250000000002,20.6368,12.585248660634402,26.338200000000004,13.842966666666669,26.338200000000004,2659.9649184,3159.0659984999998,240.37984852867825,18.26987688635454,0.15872311364545766,0.15872311364545766,18.51938653259807,0.09581346740193197,0.09581346740193197,22.22957536904528,0.4288246309547219,0.4288246309547219,48.24378752465507,-3.4769875246550654,3.4769875246550654,3.4769875246550654,1.0400871841642942,3.4769875246550654,0.49017512965243304,1.0084595397832699,1
28.8379,92.9334,31.6963,6.1701,19.1578,19.1947,24.0263,68.1967,False,False,False,False,False,False,False,False,False,False,False,False,False,0,False,-0.03689999999999927,-4.868499999999997,-49.038900000000005,-4.831599999999998,-49.00200000000001,-44.17040000000001,20.792933333333334,19.1947,2.8002384547272623,32.643875,21.610500000000002,23.811905225800395,49.038900000000005,25.32471666666667,49.038900000000005,2680.0040958600002,573.40837134,310.3071328169277,19.03237650991066,0.12542349008934295,0.12542349008934295,18.837853245472516,0.35684675452748493,0.35684675452748493,23.671367594440746,0.35493240555925354,0.35493240555925354,48.94478976920237,19.251910230797634,19.251910230797634,19.251910230797634,5.022278220243429,19.251910230797634,0.1660501164889022,1.5022384743727653,1
26.0027,31.8043,38.6549,39.2623,14.4526,12.9979,18.9192,41.6736,False,False,False,False,False,False,False,False,False,False,False,False,False,0,False,1.4547000000000008,-4.4666,-27.221,-5.9213000000000005,-28.6757,-22.7544,15.456566666666665,14.4526,3.0856782436497383,22.010824999999997,16.6859,13.348438710794358,28.6757,15.082283333333335,28.6757,826.9976716100001,1248.7099678900001,817.5841576188888,14.696379932796109,-0.24377993279610877,0.24377993279610877,13.175901472098873,-0.17800147209887385,0.17800147209887385,19.42830185770138,-0.5091018577013813,0.5091018577013813,49.383720843361445,-7.7101208433614445,7.7101208433614445,7.7101208433614445,2.160251026489452,7.7101208433614445,0.3164305593504845,1.30279928044529,3
14.602,90.8334,34.272,23.6169,12.1854,13.8431,14.3235,48.328,False,False,False,False,False,False,False,False,False,False,False,False,False,0,False,-1.6577000000000002,-2.1380999999999997,-36.1426,-0.4803999999999995,-34.4849,-34.00450000000001,13.450666666666669,13.8431,1.121771297249726,22.17,14.0833,17.462703370517026,36.1426,18.15136666666667,36.1426,1326.3493068,2145.20332446,160.7558276189345,12.28298410207062,-0.09758410207061985,0.09758410207061985,13.96791388510523,-0.12481388510522962,0.12481388510522962,14.637019790272003,-0.3135197902720037,0.3135197902720037,49.97697117270593,-1.6489711727059273,1.6489711727059273,1.6489711727059273,0.5462222375384451,1.6489711727059273,0.6467375618604347,1.6302473476556845,2
13.303,23.5239,36.4808,54.2996,8.24,8.2477,11.1047,60.4973,False,False,False,False,False,False,False,False,False,False,False,False,False,0,False,-0.007699999999999818,-2.864699999999999,-52.2573,-2.8569999999999993,-52.2496,-49.3926,9.197466666666665,8.2477,1.6517170046146923,22.022425,9.6762,25.685346102057885,52.2573,26.604816666666665,52.2573,312.93844170000006,1277.33836044,565.5097303126903,8.309193989804749,-0.06919398980474867,0.06919398980474867,8.14024958677098,0.10745041322902082,0.10745041322902082,10.991588619225322,0.11311138077467753,0.11311138077467753,50.22885188553334,10.268448114466665,10.268448114466665,10.268448114466665,2.639550974568778,10.268448114466665,0.2747591686412586,2.372911987252999,4
14.9713,90.0616,47.0818,58.286,13.306,15.1173,16.1489,49.4095,False,False,False,False,False,False,False,False,False,False,False,False,False,0,False,-1.811300000000001,-2.842900000000002,-36.103500000000004,-1.031600000000001,-34.2922,-33.2606,14.857399999999998,15.1173,1.4391598625587092,23.495424999999997,15.6331,17.315966360823374,36.103500000000004,18.223683333333334,36.103500000000004,1348.3392320799999,5249.3304176,166.23398138230039,12.846142350886844,0.45985764911315563,0.45985764911315563,14.736045860554912,0.38125413944508857,0.38125413944508857,15.545299167879659,0.6036008321203425,0.6036008321203425,49.63650614892076,-0.22700614892075777,0.22700614892075777,0.6036008321203425,0.41792969239983613,0.6036008321203425,0.7052535858160266,1.5366176450872269,2
15.3642,103.1518,32.9891,37.3924,13.7518,15.742,16.2821,60.6418,False,False,False,False,False,True,False,False,False,False,False,False,False,0,False,-1.9902000000000015,-2.5303000000000004,-46.89,-0.5400999999999989,-44.8998,-44.359700000000004,15.258633333333334,15.742,1.3326053516826857,26.604425,16.012050000000002,22.717654930086866,46.89,23.535016666666667,46.89,1584.84488556,3857.09336632,148.947459089666,13.490718122170962,0.2610818778290369,0.2610818778290369,15.353226449485204,0.3887735505147969,0.3887735505147969,15.94482462156303,0.33727537843697064,0.33727537843697064,49.42428500708634,11.217514992913664,11.217514992913664,11.217514992913664,3.051161449923617,11.217514992913664,0.24684279122444122,1.76248809643956,2
27.9057,79.2635,35.0412,51.9587,18.3341,18.1298,22.974,50.8913,False,False,False,False,False,False,False,False,False,False,False,False,False,0,False,0.20429999999999993,-4.639900000000001,-32.5572,-4.844200000000001,-32.7615,-27.9173,19.812633333333334,18.3341,2.7397288229555374,27.5823,20.654049999999998,15.699520899059308,32.7615,17.15406666666667,32.7615,2211.9034519499996,4118.42841745,352.06238028066133,18.376381727256636,-0.04228172725663626,0.04228172725663626,17.85353925238398,0.2762607476160177,0.2762607476160177,23.164982075559013,-0.19098207555901325,0.19098207555901325,48.28629400265433,2.605005997345671,2.605005997345671,2.605005997345671,0.7786326369443346,2.605005997345671,0.5622296472182056,1.1877721626651285,3
22.0527,73.0502,31.3211,59.7622,15.2807,15.2178,18.7654,,True,False,False,False,False,False,False,False,False,False,False,False,False,1,True,0.06289999999999907,-3.4847,,-3.547599999999999,,,16.4213,15.2807,2.0302937496825426,16.4213,15.2807,2.0302937496825426,3.547599999999999,2.365066666666666,3.547599999999999,1610.9541455400001,4365.640662440001,301.8841424275166,15.30691903399288,-0.026219033992880725,0.026219033992880725,15.24980507984338,-0.03200507984337975,0.03200507984337975,19.140346789404738,-0.37494678940473847,0.37494678940473847,48.58719346740705,,,0.37494678940473847,0.144390301080333,0.37494678940473847,0.873827748326751,0.21603635763529216,4
20.3823,81.3954,43.0469,42.3267,14.7449,15.4901,17.9001,68.6376,False,False,False,False,False,False,False,False,False,False,False,False,False,0,False,-0.7452000000000005,-3.155199999999999,-53.892700000000005,-2.4099999999999984,-53.14750000000001,-50.73750000000001,16.045033333333333,15.4901,1.6491770715521517,29.193175,16.6951,26.330736927701693,53.892700000000005,27.34801666666667,53.892700000000005,1659.02546142,3445.19867718,250.4109261197898,14.774421087639077,-0.029521087639077237,0.029521087639077237,15.606630980052616,-0.11653098005261597,0.11653098005261597,18.326909979931266,-0.42680997993126724,0.42680997993126724,49.445603528863394,19.191996471136612,19.191996471136612,19.191996471136612,4.941214629689894,19.191996471136612,0.1683157506215519,1.8460712662904033,4
16.2823,42.0499,42.1286,55.2509,10.933,11.001,14.1658,34.9553,False,False,False,False,False,False,False,False,False,False,False,False,False,0,False,-0.06799999999999962,-3.232800000000001,-24.0223,-3.1648000000000014,-23.954300000000003,-20.7895,12.033266666666668,11.001,1.847140983610438,17.763775000000003,12.583400000000001,11.559823653895705,24.0223,12.538616666666668,24.0223,684.66908677,2323.29481991,387.213670611899,10.783205912504037,0.14979408749596246,0.14979408749596246,10.931318262113745,0.06968173788625442,0.06968173788625442,13.921158152435497,0.24464184756450358,0.24464184756450358,49.93176092540767,-14.976460925407672,14.976460925407672,14.976460925407672,3.860144649588598,14.976460925407672,0.205755192920986,1.3523187766571143,4
17.7488,98.5119,38.5198,30.0701,14.3138,15.8699,17.2717,65.6793,False,False,False,False,False,False,False,False,False,False,False,False,False,0,False,-1.556099999999999,-2.9578999999999986,-51.3655,-1.4017999999999997,-49.8094,-48.4076,15.818466666666666,15.8699,1.4796206079037055,28.283675,16.5708,24.959671337362728,51.3655,25.916383333333332,51.3655,1748.46801072,2962.26268419,180.16907803330582,14.30190663746649,0.011893362533511365,0.011893362533511365,15.898686838458675,-0.028786838458675135,0.028786838458675135,17.21189162035656,0.05980837964343877,0.05980837964343877,49.612030472478416,16.06726952752158,16.06726952752158,16.06726952752158,4.041939527039302,16.06726952752158,0.19833637326213907,1.8160823103495884,2
12.9937,91.5476,34.1973,59.2556,11.6285,13.3281,13.6989,39.3368,False,False,False,False,False,False,False,False,False,False,False,False,False,0,False,-1.6995999999999984,-2.0703999999999994,-27.708299999999994,-0.3708000000000009,-26.008699999999997,-25.637899999999995,12.885166666666668,13.3281,1.1039843718700606,19.498075,13.5135,13.256498311991493,27.708299999999994,13.915949999999997,27.708299999999994,1189.54205012,5424.70796656,141.933798162508,11.971095375163037,-0.34259537516303595,0.34259537516303595,13.774162317868102,-0.4460623178681029,0.4460623178681029,14.198243259216053,-0.4993432592160527,0.4993432592160527,49.32777036712053,-9.990970367120532,9.990970367120532,9.990970367120532,2.819742829841931,9.990970367120532,0.26179772946687674,1.4210780186874759,2
19.6172,75.9294,47.4861,24.8512,14.0893,15.1071,17.4548,11.4004,False,False,False,False,False,False,False,False,False,False,False,False,False,0,False,-1.0178000000000011,-3.365499999999999,2.6889000000000003,-2.347699999999998,3.7067000000000014,6.054399999999999,15.550400000000002,15.1071,1.7259877548812441,14.5129,14.5982,2.5083156672689078,6.054399999999999,3.1968333333333327,6.054399999999999,1489.52222568,1886.9367052799998,258.36102242859516,13.904134045351018,0.18516595464898167,0.18516595464898167,14.871150862825141,0.23594913717485966,0.23594913717485966,17.333211227745792,0.12158877225420639,0.12158877225420639,50.116429618046,-38.716029618046,38.716029618046,38.716029618046,9.814683370531013,38.716029618046,0.09246687727584381,0.41717339940783754,4
19.8769,88.9244,43.516,5.905,14.5352,15.9001,18.022,47.0218,False,False,False,False,False,False,False,False,False,False,False,False,False,0,False,-1.3649000000000004,-3.486799999999999,-32.486599999999996,-2.1218999999999983,-31.121699999999997,-28.9998,16.15243333333333,15.9001,1.7570422998133344,23.869774999999997,16.96105,15.501212254610927,32.486599999999996,16.596949999999996,32.486599999999996,1767.54140636,525.0985820000001,223.52580129572965,14.51651651963997,0.018683480360030202,0.018683480360030202,15.77476672051758,0.12533327948242068,0.12533327948242068,17.79234680361322,0.22965319638677784,0.22965319638677784,50.229831811867705,-3.2080318118677056,3.2080318118677056,3.2080318118677056,0.8954254420242336,3.2080318118677056,0.5275860383788257,1.360992568638553,2
10.3894,48.2646,38.2092,52.4993,8.0078,9.087,1.0,55.6166,False,False,False,False,False,False,False,False,False,False,False,False,False,0,False,-1.0792000000000002,7.0078,-47.6088,8.087,-46.5296,-54.6166,6.0316,8.0078,4.3907763641524715,18.42785,8.5474,25.05036262485369,54.6166,27.488166666666668,54.6166,501.44023524000005,2533.85771478,215.25917230036663,8.2553757391666,-0.24757573916660114,0.24757573916660114,9.271789667805999,-0.18478966780599926,0.18478966780599926,10.312167625690249,-9.312167625690249,9.312167625690249,50.3269515077683,5.289648492231699,5.289648492231699,9.312167625690249,3.758545381223637,9.312167625690249,0.21014825327626796,2.963805889560698,4
27.2448,94.7248,46.3557,8.5644,18.461,18.9053,23.0699,55.0239,False,False,False,False,False,False,False,False,False,False,False,False,False,0,False,-0.4443000000000019,-4.608900000000002,-36.5629,-4.1646,-36.1186,-31.953999999999997,20.1454,18.9053,2.5424153496232678,28.865025,20.9876,17.562365760412234,36.5629,18.975550000000002,36.5629,2580.7582310400003,811.26107712,287.6205294051263,18.414096037465356,0.046903962534642574,0.046903962534642574,18.92849841957002,-0.023198419570018558,0.023198419570018558,22.937142465558054,0.1327575344419465,0.1327575344419465,49.532994682647484,5.490905317352514,5.490905317352514,5.490905317352514,1.4234413084747803,5.490905317352514,0.41263635991637077,1.2666847623777349,1
15.9289,42.4987,37.1452,21.9601,10.0484,10.4299,13.1923,47.0975,False,False,False,False,False,False,False,False,False,False,False,False,False,0,False,-0.38149999999999906,-3.1438999999999986,-37.049099999999996,-2.7623999999999995,-36.66759999999999,-33.905199999999994,11.223533333333334,10.4299,1.715639007289509,20.192025,11.8111,17.991599407385472,37.049099999999996,18.984949999999994,37.049099999999996,676.95754243,933.27570187,374.8090236150697,10.237033427748127,-0.18863342774812608,0.18863342774812608,10.40351252004757,0.026387479952429516,0.026387479952429516,13.12179600216326,0.07050399783673988,0.07050399783673988,50.518619394781105,-3.4211193947811083,3.4211193947811083,3.4211193947811083,0.9266610750796009,3.4211193947811083,0.5190326482091223,1.8348373504701232,4
21.2688,60.1272,41.6207,7.4565,13.4904,13.7243,17.1971,63.1803,False,False,False,False,False,False,False,False,False,False,False,False,False,0,False,-0.23390000000000022,-3.7066999999999997,-49.6899,-3.4727999999999994,-49.456,-45.983200000000004,14.803933333333333,13.7243,2.0758401487911664,26.898025,15.4607,24.247493778034737,49.6899,25.423750000000002,49.6899,1278.83339136,448.33846680000005,353.73003337424103,13.611704197289331,-0.12130419728933184,0.12130419728933184,13.765335888567007,-0.04103588856700746,0.04103588856700746,17.27798997542533,-0.0808899754253325,0.0808899754253325,50.31484655446223,12.865453445537774,12.865453445537774,12.865453445537774,3.2771708767048615,12.865453445537774,0.23379940358389456,1.8473431237635016,4
31.1523,68.3503,25.5586,59.5274,19.4935,17.927,24.8405,47.4029,False,False,False,False,False,False,False,False,False,False,False,False,False,0,False,1.5665000000000013,-5.346999999999998,-27.9094,-6.913499999999999,-29.475900000000003,-22.562400000000004,20.753666666666668,19.4935,3.624932493624306,27.415975000000003,22.167,13.649377264274733,29.475900000000003,15.629116666666667,29.475900000000003,2129.2690506900003,4068.7156482200003,455.77408500414987,19.411136565959097,0.08236343404090363,0.08236343404090363,17.811474170265754,0.11552582973424563,0.11552582973424563,24.74334429267816,0.0971557073218392,0.0971557073218392,47.60784815565078,-0.20494815565077573,0.20494815565077573,0.20494815565077573,0.12499828168694105,0.20494815565077573,0.8888902465704166,1.0751355459232999,3
24.0826,100.8102,38.7076,45.2535,17.6853,18.6204,21.645,52.8524,False,False,False,False,False,False,False,False,False,False,False,False,False,0,False,-0.9350999999999985,-3.959699999999998,-35.167100000000005,-3.0245999999999995,-34.232,-31.207400000000003,19.3169,18.6204,2.0696956805289024,27.700775,20.1327,16.852691185757248,35.167100000000005,18.08765,35.167100000000005,2427.77172252,4562.0143857,238.89048539825478,17.65364028987541,0.03165971012459323,0.03165971012459323,18.419699457050967,0.20070054294903272,0.20070054294903272,21.681992772628597,-0.03699277262859724,0.03699277262859724,48.67865197261763,4.1737480273823735,4.1737480273823735,4.1737480273823735,1.1107752632711492,4.1737480273823735,0.4737595789569098,1.269534419331438,2
16.1905,108.6933,41.8279,25.9057,14.0794,16.4719,16.642,45.5852,False,False,False,False,False,False,False,False,False,False,False,False,False,0,False,-2.392500000000002,-2.5625999999999998,-31.5058,-0.17009999999999792,-29.1133,-28.9432,15.7311,16.4719,1.432940393038036,23.194625000000002,16.55695,14.972832079553287,31.5058,15.78125,31.5058,1759.79887365,2815.7760218099997,148.9558096997874,14.070110251110421,0.009289748889578675,0.009289748889578675,16.29397506865245,0.17792493134755105,0.17792493134755105,16.674918467995997,-0.03291846799599796,0.03291846799599796,49.85197822755725,-4.266778227557246,4.266778227557246,4.266778227557246,1.1217278439475935,4.266778227557246,0.47131398254143847,1.35832273282162,2
9.9206,20.4528,30.4694,39.4752,6.1355,6.2873,7.9233,49.787,False,False,False,False,False,False,False,False,False,False,False,False,False,0,False,-0.1517999999999997,-1.7877999999999998,-43.6515,-1.6360000000000001,-43.4997,-41.8637,6.782033333333334,6.2873,0.9912759521613209,17.533275,7.1053,21.517710724947023,43.6515,22.098416666666665,43.6515,202.90404768,807.37837056,485.0482647616636,6.329795270436226,-0.19429527043622574,0.19429527043622574,6.391025948622435,-0.10372594862243467,0.10372594862243467,8.3361110853305,-0.4128110853305005,0.4128110853305005,50.687990626223375,-0.9009906262233756,0.9009906262233756,0.9009906262233756,0.4029557326531341,0.9009906262233756,0.7127808645172979,2.4896361406319465,4
22.5343,64.3109,38.331,33.4681,14.7128,14.8326,18.3668,42.5264,False,False,False,False,False,False,False,False,False,False,False,False,False,0,False,-0.11979999999999968,-3.6540000000000017,-27.8136,-3.534200000000002,-27.693800000000003,-24.1596,15.970733333333333,14.8326,2.075918980435734,22.609650000000002,16.5997,13.385582459123698,27.8136,14.495833333333335,27.8136,1449.2011138700002,2152.36363229,350.3962235956543,14.754418912283313,-0.04161891228331349,0.04161891228331349,14.674722497571645,0.15787750242835408,0.15787750242835408,18.68356385939323,-0.31676385939323026,0.31676385939323026,49.46420789142865,-6.937807891428648,6.937807891428648,6.937807891428648,1.8635170413833864,6.937807891428648,0.34922090057368493,1.2301644518316506,4
17.7608,75.605,32.4239,44.923,9.5081,18.8042,16.0689,59.2908,False,False,False,False,False,False,False,False,False,False,False,False,False,0,False,-9.296100000000001,-6.560799999999999,-49.7827,2.7353000000000023,-40.486599999999996,-43.2219,14.793733333333334,16.0689,4.7774372129137745,25.918,17.43655,22.58789881846767,49.7827,25.34723333333333,49.7827,1342.805284,3396.403415,234.91564910843869,13.21055310275467,-3.702453102754669,3.702453102754669,13.890946809020308,4.9132531909796935,4.9132531909796935,16.25578127042995,-0.18688127042995006,0.18688127042995006,49.31849360735152,9.972306392648477,9.972306392648477,9.972306392648477,4.693723489203197,9.972306392648477,0.1756319922975297,1.9207763250342136,4
25.1402,21.4874,30.0153,21.5418,13.418,11.7585,17.7983,42.8532,False,False,False,False,False,False,False,False,False,False,False,False,False,0,False,1.6594999999999995,-4.380300000000002,-29.435200000000002,-6.039800000000001,-31.094700000000003,-25.0549,14.324933333333334,13.418,3.1203672962222475,21.457,15.60815,14.489880185610001,31.094700000000003,16.2774,31.094700000000003,540.1975334800001,462.87727332,1169.9967562400493,13.490448655126063,-0.07244865512606324,0.07244865512606324,11.574499805395622,0.1840001946043781,0.1840001946043781,17.973708206114363,-0.17540820611436203,0.17540820611436203,49.66251865890773,-6.809318658907728,6.809318658907728,6.809318658907728,1.8102939286881328,6.809318658907728,0.35583466547458537,1.4491627677854464,3
31.2911,105.0903,31.7883,17.9763,21.0594,20.9426,26.2067,40.3385,False,False,False,False,False,False,False,False,False,False,False,False,False,0,False,0.11680000000000135,-5.147300000000001,-19.279100000000003,-5.264100000000003,-19.395900000000005,-14.131800000000002,22.73623333333333,21.0594,3.006079626911659,27.1368,23.63305,9.136973848052758,19.395900000000005,10.555833333333334,19.395900000000005,3288.39108633,1889.1347598899997,297.7543790669187,21.022698232135166,0.03670176786483381,0.03670176786483381,20.821442117783484,0.12115788221651513,0.12115788221651513,26.053548519281886,0.15315148071811535,0.15315148071811535,48.33069729446684,-7.992197294466834,7.992197294466834,7.992197294466834,2.0758021063165746,7.992197294466834,0.32511844567189974,0.7147450271420998,1
12.482,83.5838,47.1746,30.2478,10.9729,13.2646,13.0821,47.6153,False,False,False,False,False,False,False,False,False,False,False,False,False,0,False,-2.2917000000000005,-2.1092000000000013,-36.642399999999995,0.18249999999999922,-34.350699999999996,-34.533199999999994,12.439866666666665,13.0821,1.2737032477517416,21.233725,13.17335,17.618437052961497,36.642399999999995,18.35161666666666,36.642399999999995,1043.2929915999998,2528.22606564,149.33514038185146,10.960044498892298,0.012855501107701173,0.012855501107701173,13.089180039366786,0.17541996063321363,0.17541996063321363,13.161972758622463,-0.07987275862246257,0.07987275862246257,50.55665497643069,-2.941354976430695,2.941354976430695,2.941354976430695,0.8023757991985181,2.941354976430695,0.5548232507586269,1.7256690827120145,4
30.8482,39.4561,32.0324,45.0936,17.3909,15.3215,22.5071,40.493,False,False,False,False,False,False,False,False,False,False,False,False,False,0,False,2.069399999999998,-5.116200000000003,-23.102100000000004,-7.185600000000001,-25.1715,-17.9859,18.4065,17.3909,3.6988909635186604,23.928125,19.948999999999998,11.448780144735945,25.1715,13.438450000000003,25.1715,1217.1496640199998,1779.21759096,781.8358170635674,17.508003112805,-0.11710311280500108,0.11710311280500108,15.33867122055221,-0.017171220552210542,0.017171220552210542,22.966130586393202,-0.45903058639320093,0.45903058639320093,48.4956264131359,-8.0026264131359,8.0026264131359,8.0026264131359,2.148982833221578,8.0026264131359,0.3175628617120616,1.05196247012147,3
13.2616,50.6899,55.0,49.9586,9.9141,11.1639,12.718,51.5653,False,False,False,False,False,False,False,False,False,False,False,False,False,0,False,-1.2498000000000005,-2.8039000000000005,-41.6512,-1.5541,-40.4014,-38.847300000000004,11.265333333333333,11.1639,1.4046993782775494,21.340325,11.94095,20.182598492162334,41.6512,21.08461666666667,41.6512,672.22917784,2532.39643814,261.62208613114524,9.763212478885064,0.1508875211149352,0.1508875211149352,10.986513521305811,0.17738647869418855,0.17738647869418855,12.453805398503695,0.264194601496305,0.264194601496305,50.68299393227472,0.8823060677252812,0.8823060677252812,0.8823060677252812,0.3686936672576775,0.8823060677252812,0.7306236771034426,1.9517594264569889,4
29.9956,79.3101,32.0155,17.061,18.8294,18.2246,23.9815,35.0363,False,False,False,False,False,True,False,False,False,False,False,False,False,0,False,0.6048000000000009,-5.152100000000001,-16.206899999999997,-5.756900000000002,-16.8117,-11.054799999999997,20.345166666666668,18.8294,3.1636428122234874,24.01795,21.405450000000002,7.7865122840717325,16.8117,9.264533333333333,16.8117,2378.95403556,1353.1096161,378.20651112449593,18.966260538462386,-0.13686053846238622,0.13686053846238622,18.185495765889883,0.03910423411011621,0.03910423411011621,23.92913833791915,0.0523616620808518,0.0523616620808518,48.75793210969273,-13.721632109692735,13.721632109692735,13.721632109692735,3.487489636086522,13.721632109692735,0.22284174028134052,0.6999636938357795,3
19.9942,26.8465,29.7538,57.0471,11.6796,10.6768,15.1548,40.8558,False,False,False,False,False,False,False,False,False,False,False,False,False,0,False,1.0028000000000006,-3.475199999999999,-29.1762,-4.478,-30.179000000000002,-25.701,12.503733333333335,11.6796,2.3500037900678654,19.59175,13.417200000000001,14.305299703606353,30.179000000000002,15.668700000000001,30.179000000000002,536.7742903,1531.51497015,744.7597471701164,11.73245905586179,-0.05285905586178963,0.05285905586178963,10.54431630465685,0.13248369534315074,0.13248369534315074,15.463327273300377,-0.30852727330037766,0.30852727330037766,49.28316796035845,-8.427367960358445,8.427367960358445,8.427367960358445,2.230309496215941,8.427367960358445,0.30956786065589786,1.5403924915372587,4
23.0912,102.831,33.9404,27.2584,17.0564,18.1608,20.6736,35.8498,False,False,False,False,False,False,False,False,False,False,False,False,False,0,False,-1.1043999999999983,-3.6172000000000004,-18.793400000000002,-2.512800000000002,-17.689000000000004,-15.176200000000001,18.630266666666667,18.1608,1.8537349253151958,22.93515,19.4172,8.741794486069018,18.793400000000002,9.815500000000002,18.793400000000002,2374.4911872000002,2803.0085304000004,224.5548302987591,17.06893489288059,-0.012534892880591286,0.012534892880591286,17.942129179517785,0.2186708204822132,0.2186708204822132,20.79358478218343,-0.11998478218342967,0.11998478218342967,48.97704462120017,-13.12724462120017,13.12724462120017,13.12724462120017,3.369608779186601,13.12724462120017,0.2288534398693123,0.8194143838543093,2
28.1417,37.9691,30.4029,8.6425,15.5882,13.9026,20.4289,63.8414,False,False,False,False,False,False,False,False,False,False,False,False,False,0,False,1.6856000000000009,-4.840699999999998,-48.2532,-6.526299999999999,-49.9388,-43.4125,16.6399,15.5882,3.387875822694804,28.440275,18.00855,23.76230633354361,49.9388,25.776183333333332,49.9388,1068.51502147,328.14794674999996,741.1735487084106,15.691002702548465,-0.10280270254846435,0.10280270254846435,13.913214204851707,-0.010614204851707498,0.010614204851707498,20.53287178902803,-0.10397178902803006,0.10397178902803006,49.506487313468845,14.334912686531155,14.334912686531155,14.334912686531155,3.638075345739839,14.334912686531155,0.2156066742034536,1.7559177061692597,3
27.322,76.3904,41.6053,33.0416,17.5094,17.3568,22.1297,45.2954,False,False,False,False,False,False,False,False,False,False,False,False,False,0,False,0.15259999999999962,-4.6203,-27.786,-4.7729,-27.9386,-23.1657,18.998633333333334,17.5094,2.712656547249086,25.572825,19.81955,13.333628712488586,27.9386,14.73935,27.9386,2087.1385087999997,2524.06104064,357.66269614209426,17.722312603353444,-0.21291260335344475,0.21291260335344475,17.45648977970805,-0.09968977970805071,0.09968977970805071,22.41892664851752,-0.2892266485175199,0.2892266485175199,49.018693342031824,-3.7232933420318233,3.7232933420318233,3.7232933420318233,1.0812805934027097,3.7232933420318233,0.48047341774570074,1.092510861623281,3
27.5889,104.0795,31.2045,10.8247,19.3299,19.5557,23.7529,57.4735,False,False,False,False,False,False,False,False,False,False,False,False,False,0,False,-0.2258000000000031,-4.423000000000002,-38.143600000000006,-4.197199999999999,-37.9178,-33.720600000000005,20.879499999999997,19.5557,2.490997205939822,30.028,21.6543,18.40969636867123,38.143600000000006,19.771333333333335,38.143600000000006,2871.4389175499996,1126.62936365,265.0752295048276,19.101665929019806,0.22823407098019288,0.22823407098019288,19.375633273808376,0.180066726191626,0.180066726191626,23.479115713475615,0.2737842865243856,0.2737842865243856,48.818000590269975,8.655499409730027,8.655499409730027,8.655499409730027,2.3343961233565578,8.655499409730027,0.2999043793853004,1.2702673270722904,1
31.6984,85.383,34.2637,43.8615,20.6039,19.7762,26.059,39.3149,False,False,False,False,False,False,False,False,False,False,False,False,False,0,False,0.8277000000000001,-5.455100000000002,-18.711000000000002,-6.282800000000002,-19.538700000000002,-13.2559,22.146366666666665,20.6039,3.4136192704127595,26.438499999999998,23.33145,9.025417731052675,19.538700000000002,10.678533333333334,19.538700000000002,2706.5044872,3745.0264544999995,371.24950268209096,20.44050694226462,0.16339305773538015,0.16339305773538015,19.59036889099376,0.18583110900624078,0.18583110900624078,25.789798684775842,0.2692013152241586,0.2692013152241586,48.023696044131164,-8.708796044131162,8.708796044131162,8.708796044131162,2.3318053815242354,8.708796044131162,0.3001375787269182,0.7390242490972451,1
18.223,90.6313,43.6143,44.7851,14.0844,15.6534,17.2858,55.8555,False,False,False,False,False,False,False,False,False,False,False,False,False,0,False,-1.568999999999999,-3.201399999999998,-41.7711,-1.6323999999999987,-40.2021,-38.5697,15.674533333333335,15.6534,1.6008046268465523,25.719775,16.4696,20.13295567477612,41.7711,21.157616666666666,41.7711,1651.5741798999998,4058.93183363,201.0673794740471,14.276122646670284,-0.19172264667028394,0.19172264667028394,15.682680554846547,-0.029280554846547346,0.029280554846547346,17.42689482887306,-0.14109482887306157,0.14109482887306157,49.50858476060106,6.346915239398939,6.346915239398939,6.346915239398939,1.677253317447208,6.346915239398939,0.3735171391825976,1.624084338185564,2
11.3702,44.4605,35.0734,18.8139,7.6823,8.5735,9.4497,32.7382,False,False,False,False,False,False,False,False,False,False,False,False,False,0,False,-0.8911999999999995,-1.7674000000000003,-25.0559,-0.8762000000000008,-24.1647,-23.2885,8.5685,8.5735,0.8837106087402143,14.610925,9.0116,12.106371427854286,25.0559,12.673983333333334,25.0559,505.52477710000005,836.4754009500001,255.73705744715926,8.113710655555188,-0.4314106555551884,0.4314106555551884,8.900294771204365,-0.32679477120436573,0.32679477120436573,10.184592946388511,-0.734892946388511,0.734892946388511,50.91144425083344,-18.17324425083344,18.17324425083344,18.17324425083344,4.916585655995377,18.17324425083344,0.16901639867018287,1.7148731412466076,4
20.5759,66.0268,39.7271,8.0398,13.5048,14.0092,16.7079,,True,False,False,False,False,False,False,False,False,False,False,False,False,1,True,-0.5044000000000004,-3.203099999999999,,-2.6986999999999988,,,14.740633333333333,14.0092,1.7222684004920172,14.740633333333333,14.0092,1.7222684004920172,3.203099999999999,2.1353999999999993,3.203099999999999,1358.56083412,530.8422666399999,311.62947293682674,13.608560228954376,-0.10376022895437664,0.10376022895437664,13.97065960874959,0.0385403912504092,0.0385403912504092,17.106172666669117,-0.39827266666911854,0.39827266666911854,50.234791558297495,,,0.39827266666911854,0.18019109562463478,0.39827266666911854,0.8473204074385379,0.21729716455161496,4
25.2036,28.9334,44.802,5.7853,13.8939,12.7363,18.2984,27.0032,False,False,False,False,False,False,False,False,False,False,False,False,False,0,False,1.1576000000000004,-4.4045000000000005,-13.1093,-5.562100000000001,-14.2669,-8.704799999999999,14.9762,13.8939,2.9347519605581667,17.982950000000002,16.09615,6.473332086079522,14.2669,7.867533333333333,14.2669,729.22584024,167.38839902,871.0898577112066,13.765923008602321,0.12797699139767893,0.12797699139767893,12.566911917737324,0.16938808226267632,0.16938808226267632,18.304397770705364,-0.005997770705363337,0.005997770705363337,50.44233997012606,-23.439139970126064,23.439139970126064,23.439139970126064,5.935625703622946,23.439139970126064,0.14418309792548817,0.7933565998033693,3
10.8536,90.8684,43.7084,46.912,10.7011,13.351,12.6556,36.3631,False,False,False,False,False,False,False,False,False,False,False,False,False,0,False,-2.6499000000000006,-1.9544999999999995,-25.662000000000003,0.6954000000000011,-23.012100000000004,-23.707500000000003,12.2359,12.6556,1.373900858868645,18.2677,13.0033,12.115644734804667,25.662000000000003,12.946900000000001,25.662000000000003,986.24926624,4262.818380799999,119.4430495702522,10.771843603552442,-0.07074360355244202,0.07074360355244202,13.175445994401324,0.17555400559867707,0.17555400559867707,12.690223095242334,-0.034623095242334756,0.034623095242334756,50.13730032836562,-13.774200328365616,13.774200328365616,13.774200328365616,3.5137802581897675,13.774200328365616,0.22154379318435097,1.4047737784319985,2
14.2988,42.785,24.3751,19.3489,9.2957,9.3953,11.7582,36.5274,False,False,False,False,False,False,False,False,False,False,False,False,False,0,False,-0.09960000000000058,-2.4625000000000004,-27.2317,-2.3629,-27.1321,-24.769199999999998,10.149733333333335,9.3953,1.393862906936451,16.74415,10.57675,13.237845767470375,27.2317,14.009666666666666,27.2317,611.7741579999999,827.8426864999999,334.2011606401401,9.420576820153375,-0.12487682015337498,0.12487682015337498,9.433104903601558,-0.03780490360155753,0.03780490360155753,11.885130692943468,-0.1269306929434677,0.1269306929434677,50.27410807502983,-13.74670807502983,13.74670807502983,13.74670807502983,3.5090801229320574,13.74670807502983,0.22177472405385953,1.6263401687513734,4
12.0426,90.9269,41.1424,58.8622,11.5075,13.5628,13.7263,25.9471,False,False,False,False,False,False,False,False,False,False,False,False,False,0,False,-2.055299999999999,-2.2188,-14.439599999999999,-0.16350000000000087,-12.3843,-12.220799999999999,12.9322,13.5628,1.2365316938922346,16.185924999999997,13.644549999999999,6.585305302148108,14.439599999999999,7.247049999999999,14.439599999999999,1094.99628594,5352.15737318,132.44263991814964,11.48458472299329,0.022915277006710255,0.022915277006710255,13.611488726899838,-0.048688726899838386,0.048688726899838386,13.626000331124697,0.10029966887530328,0.10029966887530328,49.67410413949326,-23.72700413949326,23.72700413949326,23.72700413949326,5.974726953068778,23.72700413949326,0.14337478825031488,0.8921078701971805,2
31.479,66.1376,36.8939,37.3446,19.2898,18.0916,25.1163,49.7064,False,False,False,False,False,False,False,False,False,False,False,False,False,0,False,1.1982,-5.826499999999999,-30.416600000000003,-7.024699999999999,-31.614800000000002,-24.590100000000003,20.832566666666665,19.2898,3.757884945462451,28.051025,22.203049999999998,14.759370888213134,31.614800000000002,16.778483333333334,31.614800000000002,2081.9455104000003,2469.8822169600003,475.96216434189256,19.199131055303788,0.0906689446962119,0.0906689446962119,17.910111282031288,0.1814887179687119,0.1814887179687119,24.624861602904407,0.49143839709559245,0.49143839709559245,48.48920908196144,1.2171909180385612,1.2171909180385612,1.2171909180385612,0.49519674444976935,1.2171909180385612,0.6688083048013851,1.1270457578481508,3
12.0896,66.764,43.546,58.8661,10.5087,11.768,12.7788,48.0543,False,False,False,False,False,False,False,False,False,False,False,False,False,0,False,-1.2593000000000014,-2.270100000000001,-37.5456,-1.0107999999999997,-36.2863,-35.275499999999994,11.685166666666666,11.768,1.1373146105336618,20.777449999999998,12.2734,18.208261527943847,37.5456,18.941266666666667,37.5456,807.1500544,3930.1363004,181.0795966269851,10.176705170795188,0.3319948292048114,0.3319948292048114,11.654533801745503,0.113466198254498,0.113466198254498,12.493218742055396,0.28558125794460487,0.28558125794460487,50.01692276569209,-1.962622765692089,1.962622765692089,1.962622765692089,0.6734162627740008,1.962622765692089,0.597579946033459,1.8070351236387896,4
30.356,29.8437,35.6745,25.3967,16.4481,14.2943,21.8471,51.0801,False,False,False,False,False,False,False,False,False,False,False,False,False,0,False,2.1538000000000004,-5.399000000000001,-34.632000000000005,-7.552800000000001,-36.7858,-29.233,17.529833333333332,16.4481,3.8908620141728667,25.9174,19.1476,17.073301862654844,36.7858,19.292733333333334,36.7858,905.9353572,757.93149579,1017.1657612274078,16.5126092722332,-0.0645092722331988,0.0645092722331988,14.30128198778446,-0.006981987784460131,0.006981987784460131,21.900070887178536,-0.052970887178535264,0.052970887178535264,49.20757955157078,1.8725204484292206,1.8725204484292206,1.8725204484292206,0.4992456489063537,1.8725204484292206,0.6670021025103287,1.4193470721032697,3
20.7858,80.9429,23.3754,28.3602,14.7805,15.0026,17.928,50.4003,False,False,False,False,False,False,False,False,False,False,False,False,False,0,False,-0.2220999999999993,-3.147500000000001,-35.6198,-2.9254000000000016,-35.3977,-32.472300000000004,15.9037,15.0026,1.7566089405442529,24.52785,16.4653,17.307829717693284,35.6198,18.29746666666667,35.6198,1682.4629308199997,2295.5568325799995,256.79580830489044,14.750777514679397,0.029722485320602843,0.029722485320602843,14.959007236633537,0.043592763366461895,0.043592763366461895,18.110427398272584,-0.18242739827258347,0.18242739827258347,49.03109002090611,1.3692099790938883,1.3692099790938883,1.3692099790938883,0.40623815651338413,1.3692099790938883,0.7111171001641657,1.452218008419813,4
8.9741,73.6868,34.6765,46.3911,9.1534,10.9602,11.1196,54.2336,False,False,False,False,False,False,False,False,False,False,False,False,False,0,False,-1.8068000000000008,-1.9662000000000006,-45.080200000000005,-0.15939999999999976,-43.2734,-43.114000000000004,10.411066666666665,10.9602,1.0920834095129064,21.3667,11.0399,21.929402736660812,45.080200000000005,22.566666666666666,45.080200000000005,661.2727118800001,3418.41170748,121.78706066933823,8.901153428163084,0.2522465718369151,0.2522465718369151,10.774157420578945,0.18604257942105562,0.18604257942105562,10.507770192795192,0.6118298072048081,0.6118298072048081,50.19075642875464,4.042843571245363,4.042843571245363,4.042843571245363,1.2732406324270356,4.042843571245363,0.4399006360062927,2.1098334745966976,4
13.0325,36.4353,31.118,31.2438,8.8575,9.0498,11.462,46.7658,False,False,False,False,False,False,False,False,False,False,False,False,False,0,False,-0.19229999999999947,-2.6045,-37.9083,-2.4122000000000003,-37.716,-35.303799999999995,9.789766666666667,9.0498,1.4513848777403373,19.033775,10.2559,18.52595761742156,37.9083,19.35618333333333,37.9083,474.84304725,1138.37722614,357.6887365580257,8.611492226906183,0.24600777309381705,0.24600777309381705,8.773763851913532,0.27603614808646704,0.27603614808646704,11.020166318807316,0.4418336811926835,0.4418336811926835,50.43347852759306,-3.6676785275930612,3.6676785275930612,3.6676785275930612,1.1578890324915072,3.6676785275930612,0.4634158591766862,1.9916322476060333,4
26.974,109.1412,35.2551,20.336,19.3928,19.9942,23.712,49.4724,False,False,False,False,False,False,False,False,False,False,False,False,False,0,False,-0.6013999999999982,-4.319199999999999,-30.0796,-3.7178000000000004,-29.4782,-25.7604,21.033,19.9942,2.3394873882968463,28.142850000000003,21.853099999999998,14.34742725775833,30.0796,15.659433333333332,30.0796,2943.9747288,2219.4954432,247.14770891764897,19.203711521800297,0.18908847819970376,0.18908847819970376,19.80328322927882,0.19091677072118074,0.19091677072118074,23.529823402842958,0.18217659715704215,0.18217659715704215,48.75165220100189,0.7207477989981115,0.7207477989981115,0.7207477989981115,0.32073241126900953,0.7207477989981115,0.7571556444497052,1.0688181656022167,1
14.2264,65.2297,43.697,14.8851,10.7876,12.0693,13.4388,52.6319,False,False,False,False,False,False,False,False,False,False,False,False,False,0,False,-1.2817000000000007,-2.651200000000001,-41.844300000000004,-1.3695000000000004,-40.5626,-39.1931,12.098566666666665,12.0693,1.3258422844868596,22.2319,12.75405,20.29555820748307,41.844300000000004,21.1504,41.844300000000004,927.9838040799999,970.9506074699999,218.09693772975535,10.598724330643432,0.18887566935656785,0.18887566935656785,11.892697731690486,0.1766022683095141,0.1766022683095141,13.101879598735628,0.33692040126437206,0.33692040126437206,50.81333197075916,1.8185680292408435,1.8185680292408435,1.8185680292408435,0.6302415920428244,1.8185680292408435,0.6134060159432684,1.8821729666951694,4
28.1433,53.0824,26.9006,24.9433,16.5775,15.0595,21.2309,39.2582,False,False,False,False,False,False,False,False,False,False,False,False,False,0,False,1.5180000000000007,-4.653399999999998,-22.6807,-6.171399999999998,-24.198700000000002,-18.027300000000004,17.622633333333333,16.5775,3.2157071156019987,23.031525000000002,18.9042,11.131858982929733,24.198700000000002,12.87491666666667,24.198700000000002,1493.91390792,1324.05022792,530.1812785063828,16.714200599539947,-0.13670059953994596,0.13670059953994596,15.223163193702792,-0.16366319370279214,0.16366319370279214,21.499044300570016,-0.26814430057001815,0.26814430057001815,48.859445182003526,-9.601245182003524,9.601245182003524,9.601245182003524,2.54243831895407,9.601245182003524,0.2822914360002906,1.050676822018159,3
20.7178,87.4295,35.0108,32.2177,15.2348,16.1487,18.891,37.4758,False,False,False,False,False,False,False,False,False,False,False,False,False,0,False,-0.9139000000000017,-3.6561999999999983,-22.241,-2.7422999999999966,-21.327099999999998,-18.5848,16.758166666666668,16.1487,1.9027708278542976,21.937575000000002,17.519849999999998,10.474672975762378,22.241,11.57755,22.241,1811.3468951000002,2816.7774021500004,236.96575675650016,15.137972482143557,0.09682751785644328,0.09682751785644328,15.891159824182845,0.25754017581715694,0.25754017581715694,18.585447340672438,0.30555265932756015,0.30555265932756015,49.290121659270966,-11.814321659270966,11.814321659270966,11.814321659270966,3.1185605030680317,11.814321659270966,0.24280328023712938,1.0138308296013439,2
20.0663,24.483,20.4949,24.4851,11.0659,9.547,14.6624,45.0741,False,False,False,False,False,False,False,False,False,False,False,False,False,0,False,1.5188999999999986,-3.5965000000000007,-34.0082,-5.115399999999999,-35.527100000000004,-30.411700000000003,11.758433333333334,11.0659,2.6270765316856175,20.08735,12.864149999999999,16.79536936469891,35.527100000000004,18.36296666666667,35.527100000000004,491.28322289999994,599.4687033,819.6010212796547,11.238289446003783,-0.17238944600378403,0.17238944600378403,9.794435023776746,-0.2474350237767453,0.2474350237767453,14.762623574028828,-0.10022357402882776,0.10022357402882776,49.69548642021994,-4.621386420219942,4.621386420219942,4.621386420219942,1.2853586160073247,4.621386420219942,0.437568087999715,1.7686296257945298,4
28.9521,51.5316,32.3843,17.1933,17.032,15.6461,22.026,46.7956,False,False,False,False,False,False,False,False,False,False,False,False,False,0,False,1.3858999999999995,-4.994,-29.7636,-6.379899999999999,-31.1495,-24.7696,18.2347,17.032,3.355688672985025,25.374924999999998,19.529,14.540919841920822,31.1495,16.407083333333333,31.1495,1491.94803636,885.99825828,561.8318542735226,16.93325460287816,0.09874539712183861,0.09874539712183861,15.480620717683442,0.16547928231655895,0.16547928231655895,21.88819756234022,0.1378024376597793,0.1378024376597793,49.16568808906329,-2.3700880890632874,2.3700880890632874,2.3700880890632874,0.6930288015403661,2.3700880890632874,0.5906574058812062,1.2275696469764357,3
11.2055,43.5114,28.9708,11.36,7.9908,8.2359,9.713,27.978,False,False,False,False,False,False,False,False,False,False,False,False,False,0,False,-0.24510000000000076,-1.722199999999999,-19.9872,-1.4770999999999983,-19.7421,-18.265,8.646566666666667,8.2359,0.9316536606128546,13.479425,8.974450000000001,9.695603696650354,19.9872,10.239783333333333,19.9872,487.56699270000007,494.289504,257.5301512867544,7.885427944481929,0.10537205551807105,0.10537205551807105,8.503877306177538,-0.2679773061775368,0.2679773061775368,9.839393348212656,-0.12639334821265713,0.12639334821265713,50.88704052074715,-22.909040520747148,22.909040520747148,22.909040520747148,5.852195807663853,22.909040520747148,0.1459386199795324,1.4827921199961276,4
13.0887,88.1928,20.6398,53.3602,11.8486,13.1677,14.1438,,True,False,False,False,False,False,False,False,False,False,False,False,False,1,True,-1.3191000000000006,-2.2952000000000012,,-0.9761000000000006,,,13.053366666666667,13.1677,1.1518636392096657,13.053366666666667,13.1677,1.1518636392096657,2.2952000000000012,1.5301333333333342,2.2952000000000012,1154.32910136,4705.98544656,148.41005746386807,11.742969950129988,0.10563004987001179,0.10563004987001179,13.038163360340695,0.12953663965930495,0.12953663965930495,13.839866538292384,0.3039334617076168,0.3039334617076168,49.00967731916644,,,0.3039334617076168,0.17970005041231119,0.3039334617076168,0.847673101014529,0.1758318984130033,2
31.1702,18.7008,31.3748,17.3117,16.3683,13.5779,21.9244,29.7631,False,False,False,False,False,False,False,False,False,False,False,False,False,0,False,2.7904000000000018,-5.556099999999997,-13.3948,-8.346499999999999,-16.185200000000002,-7.838700000000003,17.2902,16.3683,4.248934015726768,20.408425,19.146349999999998,7.136451180325322,16.185200000000002,9.018616666666667,16.185200000000002,582.90767616,323.74263936,1666.7834174027755,16.1872163750732,0.18108362492680286,0.18108362492680286,13.43078334927166,0.14711665072833924,0.14711665072833924,21.698701364616756,0.22569863538324242,0.22569863538324242,49.28161908846892,-19.51851908846892,19.51851908846892,19.51851908846892,5.018104499876826,19.51851908846892,0.166165276794457,0.7930642403496398,3
8.8562,61.272,41.5147,49.39,8.24,10.1728,10.0057,52.6683,False,False,False,False,False,False,False,False,False,False,False,False,False,0,False,-1.9328000000000003,-1.765699999999999,-44.4283,0.16710000000000136,-42.4955,-42.662600000000005,9.472833333333334,10.0057,1.0709290935133535,20.271700000000003,10.08925,21.615426849513444,44.4283,22.242,44.4283,542.6370863999999,3026.22408,144.5390807319688,8.204136268896915,0.03586373110308472,0.03586373110308472,9.92446109916103,0.24833890083897003,0.24833890083897003,9.947738381729163,0.05796161827083601,0.05796161827083601,50.510496450852344,2.1578035491476584,2.1578035491476584,2.1578035491476584,0.6249919498401373,2.1578035491476584,0.6153876639809678,2.1916404684163298,4
11.7783,61.7532,36.1857,44.4969,9.8411,11.0247,12.0563,42.2089,False,False,False,False,False,False,False,False,False,False,False,False,False,0,False,-1.1835999999999984,-2.2151999999999994,-32.3678,-1.031600000000001,-31.1842,-30.1526,10.974033333333333,11.0247,1.1084688057556389,18.78275,11.5405,15.643636384059388,32.3678,16.355833333333333,32.3678,727.34771556,2747.8259650799996,190.73178544078922,9.570113519427675,0.27098648057232566,0.27098648057232566,10.763510276488555,0.2611897235114444,0.2611897235114444,11.726908986567862,0.3293910134321383,0.3293910134321383,50.15851035707092,-7.949610357070917,7.949610357070917,7.949610357070917,2.2027943936467063,7.949610357070917,0.31222734808817953,1.723271766236698,4
14.3554,80.7277,36.6894,42.2005,11.6525,12.9311,14.0514,43.5984,False,False,False,False,False,False,False,False,False,False,False,False,False,0,False,-1.2786000000000008,-2.3988999999999994,-31.945899999999998,-1.1202999999999985,-30.667299999999997,-29.546999999999997,12.878333333333332,12.9311,1.2003201836732282,20.558349999999997,13.49125,15.391268185673763,31.945899999999998,16.159666666666666,31.945899999999998,1158.87842458,3406.7493038499997,177.82493768248844,11.829949466181763,-0.17744946618176272,0.17744946618176272,13.261192260558536,-0.33009226055853524,0.33009226055853524,14.304742106983287,-0.25334210698328796,0.25334210698328796,49.78443282299091,-6.18603282299091,6.18603282299091,6.18603282299091,1.736729164178624,6.18603282299091,0.3653996943099521,1.5539128607534844,4
13.6601,20.7979,28.9273,8.7786,7.6502,7.3796,9.8889,49.1654,False,False,False,False,False,False,False,False,False,False,False,False,False,0,False,0.27059999999999995,-2.2386999999999997,-41.5152,-2.5092999999999996,-41.785799999999995,-39.2765,8.306233333333333,7.6502,1.3772913356778707,18.521025,8.769549999999999,20.460510651557552,41.785799999999995,21.266016666666665,41.785799999999995,284.10139379,182.57644494000002,656.801572850349,7.780958043206788,-0.13075804320678852,0.13075804320678852,7.4021240057861615,-0.02252400578616154,0.02252400578616154,10.270576519654103,-0.38167651965410343,0.38167651965410343,50.96472233502626,-1.799322335026261,1.799322335026261,1.799322335026261,0.5835702259183286,1.799322335026261,0.6314844669550981,2.2561266149542933,4
16.6379,22.9675,37.3504,24.5539,9.2704,8.9039,12.3042,61.3833,False,False,False,False,False,True,False,False,False,False,False,False,False,0,False,0.36650000000000027,-3.0337999999999994,-52.112899999999996,-3.4002999999999997,-52.4794,-49.0791,10.159500000000001,9.2704,1.8663826322595265,22.96545,10.7873,25.657195437082883,52.4794,26.74533333333333,52.4794,382.13096824999997,563.94169825,724.41026476096,9.530691886990596,-0.26029188699059524,0.26029188699059524,9.020235678128639,-0.11633567812863888,0.11633567812863888,12.662680884489129,-0.3584808844891292,0.3584808844891292,50.616129685831744,10.767170314168254,10.767170314168254,10.767170314168254,2.8755696909441544,10.767170314168254,0.25802658183044647,2.2851447347451344,4
10.4017,94.176,42.7809,47.8004,10.658,13.2771,12.2693,48.7245,False,False,False,False,False,False,False,False,False,False,False,False,False,0,False,-2.6191000000000013,-1.6113,-38.0665,1.0078000000000014,-35.4474,-36.4552,12.068133333333334,12.2693,1.321087515395303,21.232225,12.7732,18.359897034456193,38.0665,19.201216666666667,38.0665,979.5904992000001,4501.650470400001,110.44957203007432,10.746422275568948,-0.08842227556894855,0.08842227556894855,13.27771094992885,-0.0006109499288484699,0.0006109499288484699,12.563299458559548,-0.2939994585595489,0.2939994585595489,50.09055286453263,-1.3660528645326337,1.3660528645326337,1.3660528645326337,0.4372713871474949,1.3660528645326337,0.6957628245732123,1.792863539801627,2
30.0603,30.6259,45.1385,20.2957,16.4249,14.5254,22.0025,63.7675,False,False,False,False,False,False,False,False,False,False,False,False,False,0,False,1.8995000000000015,-5.5776,-47.3426,-7.477100000000002,-49.2421,-41.765,17.65093333333333,16.4249,3.8864025014572716,29.180075,19.213700000000003,23.275606255244277,49.2421,25.55065,49.2421,920.62374177,621.57407863,981.5316508146208,16.3663693537192,0.058530646280800624,0.058530646280800624,14.524720108628166,0.0006798913718331079,0.0006798913718331079,21.776797723756086,0.22570227624391492,0.22570227624391492,49.67089175629683,14.096608243703166,14.096608243703166,14.096608243703166,3.5953802643999286,14.096608243703166,0.21760984781758458,1.6875242138602407,3
26.7385,70.3804,36.3881,33.2994,17.2828,16.7397,21.7568,56.2922,False,False,False,False,False,True,False,False,False,False,False,False,False,0,False,0.5431000000000026,-4.473999999999997,-39.0094,-5.017099999999999,-39.5525,-34.5354,18.5931,17.2828,2.753268543023,28.017875,19.5198,18.983129184862193,39.5525,20.52191666666667,39.5525,1881.8663253999998,2343.6250917599996,379.91395617047414,17.105856985809762,0.17694301419023972,0.17694301419023972,16.58000221505688,0.1596977849431198,0.1596977849431198,21.6862511480924,0.07054885190759919,0.07054885190759919,48.94867448783046,7.343525512169542,7.343525512169542,7.343525512169542,1.9376787908026252,7.343525512169542,0.34040481319156835,1.4116875702787703,3
8.4407,29.3713,26.736,15.0339,5.5953,6.0394,7.1674,56.8469,False,False,False,False,False,False,False,False,False,False,False,False,False,0,False,-0.4440999999999997,-1.5720999999999998,-51.251599999999996,-1.1280000000000001,-50.8075,-49.6795,6.267366666666667,6.0394,0.81046357310698,18.91225,6.6034,25.298422853147713,51.251599999999996,25.813799999999997,51.251599999999996,247.91433191000002,441.56518707,287.37907842721347,5.816138550476385,-0.220838550476385,0.220838550476385,6.3078301362018845,-0.26843013620188483,0.26843013620188483,7.379776491458174,-0.2123764914581745,0.2123764914581745,51.13456883597831,5.712331164021691,5.712331164021691,5.712331164021691,1.6034940855395339,5.712331164021691,0.38409920174363116,2.709966973804294,4
20.2004,33.8246,42.3345,56.0389,12.275,11.9758,16.3095,46.8705,False,False,False,False,False,False,False,False,False,False,False,False,False,0,False,0.2992000000000008,-4.0344999999999995,-34.5955,-4.3337,-34.8947,-30.561,13.5201,12.275,2.420319076072409,21.8577,14.29225,16.791890641814778,34.8947,18.119766666666667,34.8947,683.2704498399999,1895.4933769399997,597.2101378256837,12.222305307596148,0.05269469240385227,0.05269469240385227,11.601712774900236,0.374087225099764,0.374087225099764,16.07380446665185,0.2356955333481494,0.2356955333481494,49.652250561311504,-2.7817505613115046,2.7817505613115046,2.7817505613115046,0.8610570030408176,2.7817505613115046,0.5373290545996605,1.5964481183069956,4
25.3968,42.5781,45.648,32.0126,14.7369,14.0347,19.4984,26.1358,False,False,False,False,False,False,False,False,False,False,False,False,False,0,False,0.7021999999999995,-4.7615,-11.3989,-5.463699999999999,-12.101099999999999,-6.6373999999999995,16.09,14.7369,2.972568608123284,18.60145,17.11765,5.578557205646157,12.101099999999999,6.844133333333333,12.101099999999999,1081.34749008,1363.03568406,596.4755128867862,14.923713404910462,-0.1868134049104615,0.1868134049104615,14.042409719563254,-0.007709719563253614,0.007709719563253614,19.53286887600774,-0.034468876007739624,0.034468876007739624,49.72741425406209,-23.59161425406209,23.59161425406209,23.59161425406209,5.955151563635886,23.59161425406209,0.14377831896983687,0.6505457098528825,3
18.2082,87.8108,29.2494,47.7102,14.4553,15.2315,17.5997,68.9768,False,False,False,False,False,False,False,False,False,False,False,False,False,0,False,-0.7762000000000011,-3.144399999999999,-54.521499999999996,-2.368199999999998,-53.7453,-51.3771,15.762166666666666,15.2315,1.6379921163831441,29.065824999999997,16.415599999999998,26.64090799846169,54.521499999999996,27.655450000000002,54.521499999999996,1598.8766085600002,4189.47083016,207.35715796266996,14.128018574148236,0.3272814258517638,0.3272814258517638,15.003501389268559,0.2279986107314418,0.2279986107314418,17.155343131240993,0.44435686875900515,0.44435686875900515,48.97183422034966,20.004965779650334,20.004965779650334,20.004965779650334,5.251150671248136,20.004965779650334,0.15997054823833498,1.8757933498211905,2
8.156,109.6769,19.718,56.7778,10.701,13.1576,11.8038,53.4784,False,False,False,False,False,False,False,False,False,False,False,False,False,0,False,-2.4566,-1.1028000000000002,-42.7774,1.3537999999999997,-40.3208,-41.6746,11.887466666666668,11.8038,1.2304352779944718,22.285200000000003,12.4807,20.819720167828066,42.7774,21.61433333333333,42.7774,894.5247964000001,6227.21309282,74.36387476634782,10.596842368759868,0.10415763124013289,0.10415763124013289,13.154862941614782,0.002737058385218205,0.002737058385218205,11.741481517851078,0.06231848214892288,0.06231848214892288,49.11998767915078,4.358412320849219,4.358412320849219,4.358412320849219,1.1319063731558732,4.358412320849219,0.46906375091871144,1.9195421537423247,2
19.2054,107.1021,18.0,5.8085,15.358,16.4014,25.0,52.6974,False,False,False,False,False,False,False,False,False,False,False,False,False,0,False,-1.0433999999999983,-9.642,-37.3394,-8.598600000000001,-36.29600000000001,-27.697400000000002,18.9198,16.4014,5.291388751547178,27.3642,20.700699999999998,17.43265409282247,37.3394,20.102800000000002,37.3394,2056.93867134,622.10254785,179.318596057538,15.160632707995877,0.19736729200412384,0.19736729200412384,16.267469972009472,0.13393002799052667,0.13393002799052667,17.95006096070656,7.049939039293442,7.049939039293442,49.200015084616666,3.4973849153833356,3.4973849153833356,7.049939039293442,2.719655318667857,7.049939039293442,0.2688421142091564,1.3645341853464799,2
20.5377,78.2359,45.0899,11.444,14.2227,15.1222,17.7694,61.2312,False,False,False,False,False,False,False,False,False,False,False,False,False,0,False,-0.8994999999999997,-3.5467000000000013,-47.0085,-2.6472000000000016,-46.109,-43.4618,15.704766666666666,15.1222,1.8437212813582577,27.086375,16.4458,22.81294015368982,47.0085,23.945450000000005,47.0085,1606.78544343,895.3316396000001,262.5098883620067,14.31191129512117,-0.08921129512117076,0.08921129512117076,15.19404717138075,-0.07184717138075136,0.07184717138075136,17.801420510565052,-0.03202051056505084,0.03202051056505084,50.218652554162745,11.012547445837257,11.012547445837257,11.012547445837257,2.8014066057260574,11.012547445837257,0.2630605204120234,1.7355029104105253,4
10.1548,78.9897,19.9993,20.4257,9.6,10.9935,11.063,49.5939,False,False,False,False,False,False,False,False,False,False,False,False,False,0,False,-1.3934999999999995,-1.463000000000001,-39.9939,-0.06950000000000145,-38.6004,-38.530899999999995,10.552166666666666,10.9935,0.825332407780849,20.3126,11.02825,19.532494749519326,39.9939,20.008533333333332,39.9939,802.12460556,1613.4199152899998,128.55851730560852,9.433710022288299,0.16628997771170084,0.16628997771170084,10.941043649236367,0.05245635076363264,0.05245635076363264,10.946442260120145,0.1165577398798554,0.1165577398798554,50.08244660788559,-0.48854660788559556,0.48854660788559556,0.48854660788559556,0.2059626690601961,0.48854660788559556,0.8292130640986571,1.9689197990804725,4
14.5587,27.9441,37.8851,26.3035,8.8334,8.649,11.501,65.7546,False,False,False,False,False,False,False,False,False,False,False,False,False,0,False,0.18440000000000012,-2.6676,-56.9212,-2.8520000000000003,-57.105599999999995,-54.2536,9.661133333333332,8.8334,1.5960366077672947,23.6845,10.1672,28.076991871874974,57.105599999999995,28.9974,57.105599999999995,406.82976866999996,735.02763435,520.9935116917304,8.827338417199043,0.0060615828009567,0.0060615828009567,8.755497224611563,-0.10649722461156408,0.10649722461156408,11.592845802303874,-0.09184580230387418,0.09184580230387418,50.732592380389214,15.022007619610783,15.022007619610783,15.022007619610783,3.8066030573317944,15.022007619610783,0.20804713600692307,2.411094846378498,4
14.2408,105.479,30.9985,30.0336,13.0315,14.9384,15.307,57.4108,False,False,False,False,False,False,False,False,False,False,False,False,False,0,False,-1.9069000000000003,-2.275500000000001,-44.3793,-0.3686000000000007,-42.4724,-42.1038,14.425633333333332,14.9384,1.221340371613636,25.171925,15.1227,21.515705578541922,44.3793,22.251083333333337,44.3793,1502.1053432,3167.9140944,135.01074763595145,12.989249973377515,0.04225002662248478,0.04225002662248478,15.035660906717517,-0.09726090671751741,0.09726090671751741,15.18901209814173,0.11798790185827102,0.11798790185827102,49.59429301055883,7.816506989441173,7.816506989441173,7.816506989441173,2.0185014561598615,7.816506989441173,0.33129021619628446,1.7630468217878363,2
8.0753,73.0359,34.8506,57.1359,8.5944,10.5842,9.8138,40.2737,False,False,False,False,False,False,False,False,False,False,False,False,False,0,False,-1.989799999999999,-1.2194000000000003,-31.679299999999998,0.7703999999999986,-29.6895,-30.459899999999998,9.664133333333334,9.8138,1.0033075766350679,17.316525,10.199,15.32669165027143,31.679299999999998,15.968049999999996,31.679299999999998,589.7868032700001,4172.97187881,110.56615848286138,8.560598038261148,0.033801961738852526,0.033801961738852526,10.505397911095377,0.07880208890462193,0.07880208890462193,10.066409076929007,-0.2526090769290068,0.2526090769290068,50.049258617212736,-9.775558617212738,9.775558617212738,9.775558617212738,2.535192936196305,9.775558617212738,0.28286999268445906,1.8294248820563699,4
15.1124,15.9033,29.8045,46.0193,8.8306,7.8828,11.7593,38.4735,False,False,False,False,False,False,False,False,False,False,False,False,False,0,False,0.9478000000000009,-2.928699999999999,-29.6429,-3.8765,-30.590700000000002,-26.7142,9.4909,8.8306,2.0208439152987547,16.73655,10.29495,14.584934548247608,30.590700000000002,15.78346666666667,30.590700000000002,240.33703092,731.85873369,950.2675858044646,8.651053559011697,0.17954644098830386,0.17954644098830386,7.835049013288809,0.04775098671119071,0.04775098671119071,11.578734769497187,0.18056523050281292,0.18056523050281292,50.09431453457056,-11.620814534570556,11.620814534570556,11.620814534570556,3.007169298193216,11.620814534570556,0.24955272053289285,1.8277770342292563,4
11.9906,47.9505,29.2309,20.6433,8.6461,9.3415,11.1253,55.158,False,False,False,False,False,False,False,False,False,False,False,False,False,0,False,-0.6953999999999994,-2.4791999999999987,-46.5119,-1.7837999999999994,-45.816500000000005,-44.032700000000006,9.7043,9.3415,1.2787986706280228,21.067725,10.2334,22.750822584744054,46.5119,23.553250000000002,46.5119,574.9552653,989.85655665,250.06199099863588,8.618167784692915,0.027932215307085784,0.027932215307085784,9.239602243924269,0.10189775607573104,0.10189775607573104,10.719718724009683,0.40558127599031657,0.40558127599031657,50.57121684122284,4.586783158777159,4.586783158777159,4.586783158777159,1.280548601537573,4.586783158777159,0.4384909838473901,2.207731395899939,4
31.7051,81.847,21.9615,30.4523,20.2277,25.4034,25.5256,43.5755,False,False,False,False,False,False,False,False,False,False,False,False,False,0,False,-5.175700000000003,-5.297900000000002,-23.3478,-0.12219999999999942,-18.172099999999997,-18.049899999999997,23.7189,25.4034,3.024085198865933,28.68305,25.4645,10.230731568009526,23.3478,11.694266666666666,23.3478,2594.9673196999997,2492.4293981,387.3702900081506,20.072711758082008,0.15498824191799088,0.15498824191799088,18.7844907530312,6.618909246968801,6.618909246968801,25.259644695588168,0.26595530441183257,0.26595530441183257,47.925462575765025,-4.349962575765026,4.349962575765026,6.618909246968801,2.847453842265913,6.618909246968801,0.25991214995605033,0.8139926493198424,3
22.2018,29.935,38.0634,19.593,12.7022,11.7903,0.0,45.4414,False,False,False,False,False,False,False,False,False,False,False,False,True,0,False,0.9118999999999993,12.7022,-32.739200000000004,11.7903,-33.6511,-45.4414,8.164166666666667,11.7903,7.08506199149544,17.483475,12.24625,19.515722726283204,45.4414,22.872683333333338,45.4414,664.610883,586.516455,741.6666972885595,12.532294289339411,0.16990571066058813,0.16990571066058813,11.516014018793614,0.27428598120638625,0.27428598120638625,16.54686645148933,-16.54686645148933,16.54686645148933,50.16524079507052,-4.723840795070515,4.723840795070515,16.54686645148933,5.428724734606705,16.54686645148933,0.1555518460164989,2.5991042403731295,4
10.0962,75.7603,26.4536,6.7376,9.2036,10.7256,10.7899,40.4481,False,False,False,False,False,False,False,False,False,False,False,False,False,0,False,-1.5220000000000002,-1.5862999999999996,-31.244499999999995,-0.06429999999999936,-29.722499999999997,-29.658199999999997,10.239700000000001,10.7256,0.8978647058438147,17.7918,10.75775,15.12198063504469,31.244499999999995,15.632966666666663,31.244499999999995,764.89114086,510.44259728,133.26503019853004,9.074159193111203,0.12944080688879644,0.12944080688879644,10.736479027293308,-0.010879027293308141,0.010879027293308141,10.606119361262307,0.18378063873769257,0.18378063873769257,50.651438633597785,-10.203338633597788,10.203338633597788,10.203338633597788,2.6318597766293963,10.203338633597788,0.275341026775011,1.756116999900516,4
11.4114,83.2642,29.5597,22.0587,10.3796,12.1992,12.4018,45.845,False,False,False,False,False,False,False,False,False,False,False,False,False,0,False,-1.8195999999999994,-2.0221999999999998,-35.4654,-0.20260000000000034,-33.6458,-33.4432,11.660200000000001,12.1992,1.1136489392981972,20.206400000000002,12.3005,17.116569372005205,35.4654,17.766466666666663,35.4654,950.1610918800001,1836.7000085400002,137.05048063267517,10.306349485843526,0.07325051415647366,0.07325051415647366,12.058188589596355,0.14101141040364418,0.14101141040364418,12.112026496576908,0.28977350342309194,0.28977350342309194,50.22045687819326,-4.375456878193262,4.375456878193262,4.375456878193262,1.219873076544118,4.375456878193262,0.4504762054039561,1.7551559133957986,4
17.4596,49.3322,31.8449,47.1965,11.9265,11.6705,15.3176,17.9856,False,False,False,False,False,False,False,False,False,False,False,False,False,0,False,0.2560000000000002,-3.3911,-6.059100000000001,-3.6471,-6.315100000000001,-2.668000000000001,12.971533333333333,11.9265,2.035781325028141,14.22505,13.622050000000002,3.008014827645192,6.315100000000001,3.722733333333334,6.315100000000001,861.32047912,2328.3071773,353.91886963912617,11.641546561494097,0.2849534385059034,0.2849534385059034,11.55847844234331,0.11202155765669097,0.11202155765669097,14.794037934985335,0.5235620650146657,0.5235620650146657,49.561388694134486,-31.575788694134484,31.575788694134484,31.575788694134484,8.124081438827936,31.575788694134484,0.10960007390381846,0.4439418884700663,4
27.5321,104.1348,19.8537,20.3276,18.9002,18.7125,22.945,53.9321,False,False,False,False,False,False,False,False,False,False,False,False,False,0,False,0.1877000000000031,-4.044799999999999,-35.03189999999999,-4.232500000000002,-35.2196,-30.987099999999998,20.1859,18.9002,2.3912930456136072,28.62245,20.922600000000003,16.985690798335717,35.2196,18.283933333333334,35.2196,2867.04972708,2116.81056048,264.3890165065841,19.174180805626932,-0.2739808056269304,0.2739808056269304,19.078545698211407,-0.3660456982114084,0.3660456982114084,23.463103858447138,-0.5181038584471374,0.5181038584471374,48.21453190039879,5.717568099601209,5.717568099601209,5.717568099601209,1.7189246154716713,5.717568099601209,0.3677924699749437,1.2304882249813607,1
30.5658,68.7743,28.8329,18.2417,18.7264,17.2179,23.8314,49.7545,False,False,False,False,False,False,False,False,False,False,False,False,False,0,False,1.5085000000000015,-5.104999999999997,-31.0281,-6.613499999999998,-32.5366,-25.9231,19.925233333333335,18.7264,3.465904872227933,27.382550000000002,21.2789,15.180731817779185,32.5366,17.119133333333334,32.5366,2102.14149894,1254.5601483100002,444.4363018691136,18.668333976536125,0.05806602346387635,0.05806602346387635,17.396974208926295,-0.1790742089262949,0.1790742089262949,23.760938345686252,0.07046165431374618,0.07046165431374618,48.68255025540706,1.071949744592942,1.071949744592942,1.071949744592942,0.34488790782421486,1.071949744592942,0.7435563917128372,1.188223453176036,3
9.9363,72.7565,28.4236,57.0454,9.2928,10.7725,11.2855,60.3008,False,False,False,False,False,False,False,False,False,False,False,False,False,0,False,-1.4797000000000011,-1.992700000000001,-51.008,-0.5129999999999999,-49.5283,-49.0153,10.450266666666666,10.7725,1.0346927386105185,22.9129,11.029,24.93957987710833,51.008,25.5895,51.008,722.93041095,4150.423645100001,136.56922246545358,9.429825012841665,-0.13702501284166502,0.13702501284166502,10.918815848519083,-0.14631584851908208,0.14631584851908208,11.183251593074857,0.1022484069251437,0.1022484069251437,49.65824614777733,10.642553852222676,10.642553852222676,10.642553852222676,2.7570357801271417,10.642553852222676,0.2661672814748011,2.226168566105309,4
25.6953,78.0962,33.7458,10.1444,16.9421,16.6385,21.2893,40.3443,False,False,False,False,False,False,False,False,False,False,False,False,False,0,False,0.3035999999999994,-4.347200000000001,-23.402199999999997,-4.6508,-23.705799999999996,-19.054999999999996,18.28996666666667,16.9421,2.6019307395342666,23.80355,19.1157,11.229949558064213,23.705799999999996,12.577433333333332,23.705799999999996,2006.7052878599998,792.2390912799999,329.02108821926186,16.752484615796767,0.18961538420323265,0.18961538420323265,16.591680684040256,0.046819315959744756,0.046819315959744756,20.98755587969671,0.30174412030329023,0.30174412030329023,49.37827059355608,-9.033970593556084,9.033970593556084,9.033970593556084,2.393037353505588,9.033970593556084,0.29472118807263614,0.9958930512914873,3
16.625,65.7594,25.9257,51.4749,12.474,12.7318,15.4054,44.6741,False,False,False,False,False,False,False,False,False,False,False,False,False,0,False,-0.2577999999999996,-2.9314,-32.200100000000006,-2.6736000000000004,-31.942300000000003,-29.268700000000003,13.537066666666666,12.7318,1.6231504222755615,21.321325,14.0686,15.624823926341273,32.200100000000006,16.54565,32.200100000000006,1093.250025,3384.95853906,252.81552860647622,12.189598812287286,0.2844011877127137,0.2844011877127137,12.510752869250494,0.22104713074950588,0.22104713074950588,15.061109896678005,0.3442901033219954,0.3442901033219954,49.15697700194922,-4.48287700194922,4.48287700194922,4.48287700194922,1.3331538559333587,4.48287700194922,0.42860439634400294,1.5102290733671229,4
12.9218,79.841,18.253,11.1248,10.3988,11.397,12.3804,63.657,False,False,False,False,False,False,False,False,False,False,False,False,False,0,False,-0.9982000000000006,-1.9816000000000003,-53.258199999999995,-0.9833999999999996,-52.26,-51.276599999999995,11.392066666666667,11.397,0.9908092113688355,24.4583,11.8887,26.144985803782717,53.258199999999995,26.793000000000003,53.258199999999995,1031.6894338,888.2151567999999,161.84414500768463,10.698339332437637,-0.29953933243763764,0.29953933243763764,11.834887040305228,-0.4378870403052275,0.4378870403052275,12.614908955423102,-0.23450895542310235,0.23450895542310235,49.96363140825679,13.693368591743209,13.693368591743209,13.693368591743209,3.666325979977294,13.693368591743209,0.2143013592044133,2.177509402734694,4
10.767,88.2289,31.8686,9.0143,10.0355,12.2805,11.6549,35.0607,False,False,False,False,False,False,False,False,False,False,False,False,False,0,False,-2.244999999999999,-1.6193999999999988,-25.025199999999998,0.6256000000000004,-22.780199999999997,-23.4058,11.323633333333333,11.6549,1.1585807927517753,17.2579,11.9677,11.906173039786264,25.025199999999998,12.616866666666665,25.025199999999998,949.9605662999999,795.32177327,122.03482962670626,10.119395070709437,-0.08389507070943658,0.08389507070943658,12.219119798836067,0.06138020116393328,0.06138020116393328,11.756941352677615,-0.10204135267761494,0.10204135267761494,50.59424744734998,-15.533547447349981,15.533547447349981,15.533547447349981,3.9452160179752416,15.533547447349981,0.20221563554860397,1.4500713006383739,2
13.1113,42.1604,32.3812,21.9573,9.0446,9.4425,11.199,45.4795,False,False,False,False,False,False,False,False,False,False,False,False,False,0,False,-0.3978999999999999,-2.154399999999999,-36.4349,-1.756499999999999,-36.037,-34.2805,9.895366666666668,9.4425,1.1463751581979313,18.791400000000003,10.32075,17.816670665606036,36.4349,18.5102,36.4349,552.7776525200001,925.7285509200001,310.9860648888376,8.85721799757541,0.18738200242459158,0.18738200242459158,9.247927486997376,0.19457251300262435,0.19457251300262435,11.219860522437425,-0.020860522437425644,0.020860522437425644,50.61316738031239,-5.133667380312389,5.133667380312389,5.133667380312389,1.3841206045442576,5.133667380312389,0.41944186803886857,1.9389125137496332,4
9.2753,83.9534,36.9842,8.8285,8.9458,11.4295,10.3373,47.968,False,False,False,False,False,False,False,False,False,False,False,False,False,0,False,-2.4837000000000007,-1.3915000000000006,-39.022200000000005,1.0922,-36.5385,-37.630700000000004,10.237533333333333,10.3373,1.244851984507931,19.67015,10.883400000000002,18.89259466113641,39.022200000000005,19.693133333333332,39.022200000000005,778.69297102,741.1825919,110.4815158788666,9.171169029981666,-0.22536902998166575,0.22536902998166575,11.502615288909302,-0.07311528890930141,0.07311528890930141,10.635244683263013,-0.2979446832630117,0.2979446832630117,50.961043846964614,-2.9930438469646106,2.9930438469646106,2.9930438469646106,0.8973682122796474,2.9930438469646106,0.5270458277566068,1.9838272794934055,4
24.2081,49.7246,37.6504,49.9756,15.0106,13.9152,19.7526,44.456,False,False,False,False,False,False,False,False,False,False,False,False,False,0,False,1.0953999999999997,-4.742000000000001,-29.445400000000003,-5.837400000000001,-30.540800000000004,-24.703400000000002,16.226133333333333,15.0106,3.102732771821211,23.2836,17.3816,14.340478029224364,30.540800000000004,16.060733333333335,30.540800000000004,1203.7380892600002,2485.0167197600003,486.8434362783338,14.948357976755332,0.06224202324466788,0.06224202324466788,14.135086580553276,-0.21988658055327548,0.21988658055327548,19.30699708872292,0.4456029112770814,0.4456029112770814,49.08157449828173,-4.625574498281729,4.625574498281729,4.625574498281729,1.3383265033391885,4.625574498281729,0.4276562740797639,1.3116866327858956,4
22.1857,108.7758,46.1122,9.3895,16.6736,18.3914,20.4109,42.2442,False,False,False,False,False,False,False,False,False,False,False,False,False,0,False,-1.7178000000000004,-3.737300000000001,-25.5706,-2.0195000000000007,-23.8528,-21.833299999999998,18.491966666666666,18.3914,1.8706785034669469,24.430025,19.40115,11.973934432306143,25.5706,13.121883333333331,25.5706,2413.26726606,1021.3503741000001,203.958030742313,16.76712518944848,-0.09352518944847787,0.09352518944847787,18.370381687054085,0.02101831294591605,0.02101831294591605,20.356587221944693,0.05431277805530854,0.05431277805530854,49.816730072486735,-7.572530072486735,7.572530072486735,7.572530072486735,1.9353465882341094,7.572530072486735,0.34067527289906685,1.0466869981970963,2
25.8255,92.7611,21.4121,43.8191,18.0762,17.7884,22.3099,,True,False,False,False,False,False,False,False,False,False,False,False,False,1,True,0.2878000000000007,-4.233699999999999,,-4.5215,,,19.391499999999997,18.0762,2.5315017539002413,19.391499999999997,18.0762,2.5315017539002413,4.5215,3.014333333333333,4.5215,2395.6017880500003,4064.70791701,278.4086995078002,18.006201747985603,0.06999825201439691,0.06999825201439691,17.773739320512234,0.014660679487764838,0.014660679487764838,22.189052688782652,0.12084731121734649,0.12084731121734649,48.03108576183578,,,0.12084731121734649,0.06850208090650274,0.12084731121734649,0.935889613945921,0.23316905181700653,1
21.4684,24.2074,51.1547,9.6704,4.2763,11.1726,15.5607,34.8294,False,False,False,False,False,False,False,False,False,False,False,False,False,0,False,-6.896299999999999,-11.284400000000002,-30.5531,-4.388100000000001,-23.6568,-19.2687,10.336533333333334,11.1726,5.688468725705833,16.45975,13.36665,13.097617353931211,30.5531,16.0079,30.5531,519.69414616,234.09524096,886.8524141987928,11.764227312838631,-7.487927312838631,7.487927312838631,11.110668216436883,0.06193178356311613,0.06193178356311613,15.784024507027798,-0.22332450702779738,0.22332450702779738,50.97313446555721,-16.14373446555721,16.14373446555721,16.14373446555721,5.979229517246688,16.14373446555721,0.1432822917671435,1.8562299814821117,4
29.7969,106.9523,26.6934,41.0805,24.0889,26.7829,26.1942,58.5502,False,False,False,False,False,False,False,False,False,False,False,False,False,0,False,-2.6940000000000026,-2.1052999999999997,-34.461299999999994,0.5887000000000029,-31.767299999999995,-32.355999999999995,25.688666666666666,26.1942,1.4163622288572002,33.90405,26.48855,16.471414062854468,34.461299999999994,17.328766666666663,34.461299999999994,3186.84698787,4393.65396015,278.5998731584199,20.673657415963298,3.415242584036701,3.415242584036701,20.496875202273763,6.286024797726238,6.286024797726238,25.485373263433402,0.7088267365665963,0.7088267365665963,47.75881255544635,10.79138744455365,10.79138744455365,10.79138744455365,5.300370390720796,10.79138744455365,0.15872082718704966,1.016435789695983,1
13.3298,38.8389,36.8858,41.6901,8.9888,9.1864,11.3527,45.5143,False,False,False,False,False,False,False,False,False,False,False,False,False,0,False,-0.19760000000000133,-2.363900000000001,-36.5255,-2.1662999999999997,-36.3279,-34.1616,9.842633333333334,9.1864,1.3114829176673763,18.760550000000002,10.26955,17.86794921052777,36.5255,18.6238,36.5255,517.7147692200001,1619.19762489,343.20736601516364,9.018775826463674,-0.029975826463674693,0.029975826463674693,9.354278615850365,-0.16787861585036445,0.16787861585036445,11.567151485399677,-0.2144514853996764,0.2144514853996764,50.35215932885319,-4.837859328853192,4.837859328853192,4.837859328853192,1.3125413141417268,4.837859328853192,0.4324247069164853,1.946930155603031,4
29.8147,87.4272,30.4699,31.5319,19.7454,18.994,24.7047,50.4352,False,False,False,False,False,False,False,False,False,False,False,False,False,0,False,0.7514000000000003,-4.959299999999999,-30.6898,-5.710699999999999,-31.441200000000002,-25.730500000000003,21.148033333333334,19.7454,3.1029919148030873,28.469825,22.22505,14.861143026558668,31.441200000000002,16.547150000000002,31.441200000000002,2606.61573984,2756.74572768,341.02312083389137,19.496566082187094,0.24883391781290598,0.24883391781290598,18.885720060947172,0.10827993905282796,0.10827993905282796,24.42559025815132,0.27910974184867854,0.27910974184867854,48.31275627066161,2.122443729338393,2.122443729338393,2.122443729338393,0.6896668320132013,2.122443729338393,0.5918326507057736,1.1043688872801687,1
19.8436,19.3347,26.5655,38.0176,11.1156,9.505,14.7531,76.5468,False,False,False,False,False,False,False,False,False,False,False,False,False,0,False,1.6105999999999998,-3.6374999999999993,-65.4312,-5.248099999999999,-67.04180000000001,-61.7937,11.791233333333333,11.1156,2.6884937610739086,27.980125,12.93435,32.45211116988385,67.04180000000001,34.12715,67.04180000000001,383.67005292,735.0588907200001,1026.320022384613,11.015669274266616,0.09993072573338502,0.09993072573338502,9.590396283305992,-0.08539628330599136,0.08539628330599136,14.652612726862387,0.10048727313761319,0.10048727313761319,49.686491638055045,26.86030836194496,26.86030836194496,26.86030836194496,6.786530661030487,26.86030836194496,0.12842690069978582,2.396049911839239,4
30.2047,71.6651,36.8927,13.263,16.0347,24.0258,23.2583,42.36,False,False,False,False,False,False,False,False,False,False,False,False,False,0,False,-7.991099999999999,-7.223599999999998,-26.3253,0.7675000000000018,-18.3342,-19.1017,21.106266666666667,23.2583,4.408838328101102,26.4197,23.642049999999998,11.220020740622541,26.3253,13.290566666666663,26.3253,2164.6228459699996,950.4942212999999,421.4700849548686,18.60655502537596,-2.5718550253759602,2.5718550253759602,17.73281059977542,6.292989400224581,6.292989400224581,23.68458394732967,-0.42628394732967223,0.42628394732967223,49.076924855477614,-6.716924855477615,6.716924855477615,6.716924855477615,4.002013307101957,6.716924855477615,0.19991950013011367,0.9964265315554183,3
16.604,61.3112,28.0844,31.8997,11.5426,11.8832,14.3926,45.6454,False,False,False,False,False,False,False,False,False,False,False,False,False,0,False,-0.34060000000000024,-2.8499999999999996,-34.1028,-2.5093999999999994,-33.7622,-31.2528,12.606133333333334,11.8832,1.5564701903131113,20.86595,13.1379,16.56844445836724,34.1028,17.469633333333334,34.1028,1018.0111648,1955.8088866399999,270.815076068471,11.705184708674981,-0.16258470867498076,0.16258470867498076,12.028051965406009,-0.14485196540600853,0.14485196540600853,14.540041846386423,-0.14744184638642288,0.14744184638642288,49.714845127888225,-4.069445127888223,4.069445127888223,4.069445127888223,1.1310809120889087,4.069445127888223,0.469245439873885,1.6343748382533083,4
28.1256,35.4388,27.763,31.9165,15.7323,13.6462,20.7239,46.9256,False,False,False,False,False,False,False,False,False,False,False,False,False,0,False,2.0861,-4.9916,-31.1933,-7.0777,-33.2794,-26.201700000000002,16.7008,15.7323,3.6368878880163464,24.257,18.2281,15.401383144596679,33.2794,17.471633333333333,33.2794,996.7375132799999,1131.0824602,793.638386841996,15.815475466699752,-0.08317546669975151,0.08317546669975151,13.80715111331699,-0.1609511133169903,0.1609511133169903,20.739230684547035,-0.015330684547034679,0.015330684547034679,48.929447418488465,-2.003847418488462,2.003847418488462,2.003847418488462,0.5658261707630596,2.003847418488462,0.6386404945018126,1.3719497992539065,3
17.4179,59.3084,41.5584,39.7374,12.1441,12.6869,15.4975,69.6562,False,False,False,False,False,False,False,False,False,False,False,False,False,0,False,-0.5427999999999997,-3.3534000000000006,-57.5121,-2.810600000000001,-56.9693,-54.158699999999996,13.442833333333333,12.6869,1.7999720257085483,27.496175,14.0922,28.145080935440564,57.5121,29.224483333333335,57.5121,1033.02778036,2356.76161416,293.68347591850795,12.097371076859972,0.0467289231400283,0.0467289231400283,12.637699620558656,0.049200379441343145,0.049200379441343145,15.254274661242288,0.24322533875771235,0.24322533875771235,49.96220318347225,19.69399681652775,19.69399681652775,19.69399681652775,5.008287864466709,19.69399681652775,0.1664367657738315,2.0916392583189265,4
8.6726,39.93,24.607,16.2767,6.5397,7.3449,8.0776,48.1796,False,False,False,False,False,False,False,False,False,False,False,False,False,0,False,-0.8052000000000001,-1.5379000000000005,-41.6399,-0.7327000000000004,-40.8347,-40.102000000000004,7.320733333333333,7.3449,0.7692347647716746,17.53545,7.71125,20.43908578524653,41.6399,20.942066666666665,41.6399,346.29691799999995,649.9286310000001,217.19503701601872,6.522247999185153,0.017452000814846436,0.017452000814846436,7.226382258013398,0.1185177419866017,0.1185177419866017,8.045830922389072,0.031769077610928065,0.031769077610928065,50.8963286839067,-2.7167286839067017,2.7167286839067017,2.7167286839067017,0.7211168760797695,2.7167286839067017,0.5810180667554227,2.3746112163581676,4
19.421,64.6782,36.3881,37.1871,13.2121,13.4758,16.7204,51.2379,False,False,False,False,False,False,False,False,False,False,False,False,False,0,False,-0.26370000000000005,-3.508300000000002,-38.025800000000004,-3.244600000000002,-37.762100000000004,-34.5175,14.469433333333333,13.4758,1.9538481576963287,23.66155,15.0981,18.453320848472416,38.025800000000004,19.55366666666667,38.025800000000004,1256.1153222,2405.19469122,300.27114232134744,13.319379799680963,-0.10727979968096335,0.10727979968096335,13.598800218582772,-0.12300021858277255,0.12300021858277255,16.7174263895606,0.002973610439401142,0.002973610439401142,49.595099769550096,1.6428002304499074,1.6428002304499074,1.6428002304499074,0.4690134647882611,1.6428002304499074,0.6807289544783967,1.6070707087782887,4
18.6213,87.9184,42.9191,47.5586,14.297,15.3358,17.123,42.1204,False,False,False,False,False,False,False,False,False,False,False,False,False,0,False,-1.0388000000000002,-2.8260000000000005,-27.823399999999996,-1.7872000000000003,-26.784599999999998,-24.997399999999995,15.58526666666667,15.3358,1.4294209363701562,22.219050000000003,16.229400000000002,13.318802050610005,27.823399999999996,14.209566666666666,27.823399999999996,1637.1549019200002,4181.27601824,211.8020560198939,14.349710498355066,-0.05271049835506503,0.05271049835506503,15.591667055732707,-0.25586705573270585,0.25586705573270585,17.58784372951159,-0.46484372951158903,0.46484372951158903,49.41603643751273,-7.295636437512734,7.295636437512734,7.295636437512734,2.0172644302780234,7.295636437512734,0.33142603941672283,1.2522311924986922,2
10.7595,105.278,24.2426,52.1488,11.62,13.9275,13.3055,59.7584,False,False,False,False,False,False,False,False,False,False,False,False,False,0,False,-2.307500000000001,-1.685500000000001,-48.138400000000004,0.6219999999999999,-45.8309,-46.4529,12.951,13.3055,1.1938977133741404,24.65285,13.6165,23.42399271808004,48.138400000000004,24.172866666666668,48.138400000000004,1132.738641,5490.121366400001,102.20082997389483,11.557058144227586,0.06294185577241329,0.06294185577241329,13.787265903484949,0.14023409651505148,0.14023409651505148,13.193780198207453,0.11171980179254781,0.11171980179254781,49.190338657509095,10.568061342490907,10.568061342490907,10.568061342490907,2.72073927414273,10.568061342490907,0.26876379297778213,1.9526497128527889,2
27.8591,102.5299,53.6441,24.494,19.5418,20.3744,24.2225,67.1528,False,False,False,False,False,False,False,False,False,False,False,False,False,0,False,-0.8326000000000029,-4.680700000000002,-47.611000000000004,-3.8480999999999987,-46.7784,-42.9303,21.379566666666665,20.3744,2.496999828460814,32.822874999999996,22.298450000000003,22.97724732300412,47.611000000000004,24.44685,47.611000000000004,2856.39073709,2511.3673706,271.71680927058264,19.338975485945213,0.20282451405478596,0.20282451405478596,20.17241583437407,0.20198416562593025,0.20198416562593025,24.062095107289874,0.16040489271012603,0.16040489271012603,49.29632004507081,17.856479954929192,17.856479954929192,17.856479954929192,4.6054233818300085,17.856479954929192,0.17839865642290323,1.450542814868346,1
26.3233,46.2621,33.3481,11.6472,15.1545,14.1351,19.8306,55.0993,False,False,False,False,False,False,False,False,False,False,False,False,False,0,False,1.019400000000001,-4.6761,-39.9448,-5.695500000000001,-40.9642,-35.268699999999995,16.3734,15.1545,3.037098610516294,26.054875,17.49255,19.521094863826157,40.9642,21.26145,40.9642,1217.77113693,538.82393112,569.0034458004617,15.314299707861418,-0.15979970786141706,0.15979970786141706,14.107912579103637,0.027187420896362724,0.027187420896362724,19.84447131400475,-0.01387131400474928,0.01387131400474928,49.61992492204632,5.4793750779536765,5.4793750779536765,5.4793750779536765,1.4200583801790514,5.4793750779536765,0.4132131721243905,1.5722272426072885,3
8.1896,17.9727,30.2487,21.0372,5.1127,5.1157,6.9266,53.0493,False,False,False,False,False,False,False,False,False,False,False,False,False,0,False,-0.0030000000000001137,-1.8138999999999994,-47.9366,-1.8108999999999993,-47.9336,-46.1227,5.718333333333334,5.1157,1.0463907030040607,17.551075,6.0211500000000004,23.68090068112205,47.9366,24.270116666666667,47.9366,147.18922392000002,378.09528443999994,455.6686220386353,5.14214376800741,-0.029443768007409332,0.029443768007409332,5.417513593979567,-0.301813593979567,0.301813593979567,6.792243746899188,0.13435625310081178,0.13435625310081178,51.27244583441375,1.7768541655862506,1.7768541655862506,1.7768541655862506,0.5606169451685097,1.7768541655862506,0.6407722299157937,2.7312613436719153,4
13.0095,81.6662,36.1891,30.9851,10.9107,12.4719,13.212,41.6236,False,False,False,False,False,False,False,False,False,False,False,False,False,0,False,-1.5611999999999995,-2.3012999999999995,-30.712900000000005,-0.7401,-29.151700000000005,-28.411600000000004,12.1982,12.4719,1.1748102783002876,19.55455,12.84195,14.743936406197637,30.712900000000005,15.479800000000003,30.712900000000005,1062.4364289,2530.43537362,159.30089078457294,11.101266105561905,-0.19056610556190456,0.19056610556190456,12.763624850196203,-0.29172485019620353,0.29172485019620353,13.29184159430821,-0.0798415943082098,0.0798415943082098,50.127306042790195,-8.503706042790192,8.503706042790192,8.503706042790192,2.2664596482141275,8.503706042790192,0.3061418501057346,1.5706259818681683,4
30.4893,66.2271,30.3915,20.2387,18.5269,17.2667,23.8067,28.6405,False,False,False,False,False,False,False,False,False,False,False,False,False,0,False,1.260200000000001,-5.279799999999998,-10.113599999999998,-6.539999999999999,-11.3738,-4.8338,19.866766666666667,18.5269,3.469774057965926,22.0602,21.166800000000002,5.22214711525186,11.3738,6.566866666666665,11.3738,2019.2179200299997,1340.35040877,460.3749129321814,18.516751421684017,0.01014857831598448,0.01014857831598448,17.221321971955504,0.04537802804449598,0.04537802804449598,23.636048436332988,0.17065156366701117,0.17065156366701117,48.7279278135063,-20.0874278135063,20.0874278135063,20.0874278135063,5.078401495883448,20.0874278135063,0.16451693766481904,0.5155798607538188,3
21.304,76.9652,36.8208,32.1562,14.8184,15.2216,18.4954,46.6681,False,False,False,False,False,False,False,False,False,False,False,False,False,0,False,-0.4032,-3.6769999999999996,-31.849700000000002,-3.2737999999999996,-31.4465,-28.172700000000003,16.178466666666665,15.2216,2.016625303157067,23.800874999999998,16.8585,15.333480370608408,31.849700000000002,16.470483333333338,31.849700000000002,1639.6666207999997,2474.9083642399996,276.80038812341314,14.843901615103418,-0.025501615103417308,0.025501615103417308,15.263411681780331,-0.0418116817803309,0.0418116817803309,18.47023828485935,0.025161715140651353,0.025161715140651353,49.415156886406386,-2.7470568864063836,2.7470568864063836,2.7470568864063836,0.7098829746076958,2.7470568864063836,0.5848353453717693,1.3381729292839324,4
27.5341,71.2459,40.3411,26.0415,,16.6662,21.4988,30.8119,True,False,False,False,False,False,False,False,False,False,False,False,False,1,True,,,,-4.832599999999999,-14.145700000000001,-9.313100000000002,19.0825,19.0825,3.417164230762109,22.9923,21.4988,7.1901400410562255,14.145700000000001,9.430466666666668,14.145700000000001,1961.6917351900001,1855.3501048500002,386.46569325874276,17.455654608219145,,,16.993126099201056,-0.32692609920105653,0.32692609920105653,22.175811804162528,-0.6770118041625288,0.6770118041625288,49.16525465314224,-18.35335465314224,18.35335465314224,18.35335465314224,6.452430852168608,18.35335465314224,0.13418440504000204,0.6152361376477614,3
28.6824,17.4567,31.8156,44.5882,15.2978,12.6121,20.6883,30.8928,False,False,False,False,False,False,False,False,False,False,False,False,False,0,False,2.6857000000000006,-5.390500000000001,-15.595,-8.076200000000002,-18.280700000000003,-10.2045,16.1994,15.2978,4.112896002818453,19.872750000000003,17.99305,8.077826228427217,18.280700000000003,10.038766666666668,18.280700000000003,500.70005208000003,778.3628309400001,1643.0587436005983,15.246134538870162,0.051665461129838164,0.051665461129838164,12.711835378335264,-0.09973537833526436,0.09973537833526436,20.464595350231424,0.22370464976857818,0.22370464976857818,48.93681179494426,-18.04401179494426,18.04401179494426,18.04401179494426,4.604779321044486,18.04401179494426,0.1784191567088575,0.9198873231498795,3
24.5231,33.6836,33.5914,39.5702,14.0647,12.4138,18.4652,43.0798,False,False,False,False,False,False,False,False,False,False,False,False,False,0,False,1.6509,-4.400499999999999,-29.015099999999997,-6.051399999999999,-30.665999999999997,-24.6146,14.981233333333334,14.0647,3.1280801625491206,22.005875,16.26495,14.279552485372221,30.665999999999997,16.066416666666665,30.665999999999997,826.0262911599999,1332.86678872,728.0425108828892,14.085459355932237,-0.020759355932236545,0.020759355932236545,12.664255213109827,-0.2504552131098272,0.2504552131098272,18.50568803937074,-0.040488039370739415,0.040488039370739415,49.31424294904883,-6.234442949048834,6.234442949048834,6.234442949048834,1.6365363893654092,6.234442949048834,0.379285491386937,1.393536319943506,4
30.1268,104.773,33.1834,28.274,20.8195,20.8039,25.8688,33.5798,False,False,False,False,False,False,False,False,False,False,False,False,False,0,False,0.015600000000002723,-5.049299999999999,-12.760299999999997,-5.0649000000000015,-12.7759,-7.7109999999999985,22.4974,20.8195,2.9197284651145217,25.268,23.34415,6.032255546642565,12.7759,7.229499999999999,12.7759,3156.4752163999997,2962.351802,287.5435190799615,20.569324958715793,0.25017504128420853,0.25017504128420853,20.52443020352768,0.27946979647231984,0.27946979647231984,25.46356427753439,0.405235722465612,0.405235722465612,48.262609710303735,-14.682809710303736,14.682809710303736,14.682809710303736,3.904422567631469,14.682809710303736,0.2038976018501884,0.5056155985374392,1
12.8536,40.5512,40.5286,13.2647,8.3338,9.0615,10.5083,45.9673,False,False,False,False,False,False,False,False,False,False,False,False,False,0,False,-0.7277000000000005,-2.1745,-37.6335,-1.4467999999999996,-36.9058,-35.459,9.3012,9.0615,1.1068896196098328,18.467725,9.7849,18.355313274067722,37.6335,19.057883333333333,37.6335,521.22890432,537.89950264,316.97204596360996,8.552885676015261,-0.2190856760152613,0.2190856760152613,9.208807588492563,-0.14730758849256276,0.14730758849256276,10.930225674710577,-0.42192567471057707,0.42192567471057707,51.13201587210107,-5.16471587210107,5.16471587210107,5.16471587210107,1.4882587028298677,5.16471587210107,0.4018874720955308,2.0377972718365296,4
17.8071,15.9379,32.8941,21.6395,9.3956,8.4354,12.5726,70.5344,False,False,False,False,False,False,False,False,False,False,False,False,False,0,False,0.9602000000000004,-3.1769999999999996,-61.1388,-4.1372,-62.099000000000004,-57.961800000000004,10.134533333333332,9.3956,2.1653227965671387,25.2345,10.9841,30.251639986618912,62.099000000000004,31.579000000000004,62.099000000000004,283.80777909,344.88818705000006,1117.279492731481,9.664022329957604,-0.2684223299576036,0.2684223299576036,8.660635705466442,-0.22523570546644223,0.22523570546644223,12.97558853249087,-0.40298853249086974,0.40298853249086974,50.49336705309486,20.041032946905148,20.041032946905148,20.041032946905148,5.234419878705015,20.041032946905148,0.1603998478536411,2.4608759987810345,4
9.6614,48.9719,44.3368,45.4107,7.8401,9.2749,9.8958,69.2487,False,False,False,False,False,False,False,False,False,False,False,False,False,0,False,-1.434800000000001,-2.0557,-61.4086,-0.6208999999999989,-59.9738,-59.3529,9.0036,9.2749,1.0543616030565606,24.064875,9.58535,30.13484921862339,61.4086,30.807783333333333,61.4086,473.13711466,2223.84825933,197.2845249450144,7.8690229221801635,-0.0289229221801639,0.0289229221801639,9.215631059439898,0.059268940560102124,0.059268940560102124,9.833342423669357,0.062457576330642084,0.062457576330642084,50.757389907558235,18.491310092441765,18.491310092441765,18.491310092441765,4.660489882878168,18.491310092441765,0.1766631547253175,2.551792788538154,4
26.955,45.9404,34.6901,13.1187,15.7412,14.3547,20.4262,54.4091,False,False,False,False,False,False,False,False,False,False,False,False,False,0,False,1.3864999999999998,-4.685000000000002,-38.6679,-6.071500000000002,-40.0544,-33.9829,16.840700000000002,15.7412,3.1815803070172546,26.2328,18.0837,18.962976343566606,40.0544,20.808033333333334,40.0544,1238.3234819999998,602.67832548,586.7383421262457,15.619500166499648,0.12169983350035096,0.12169983350035096,14.354583885800603,0.00011611419939683287,0.00011611419939683287,20.278069191714756,0.14813080828524505,0.14813080828524505,49.58022372635267,4.828876273647332,4.828876273647332,4.828876273647332,1.2747057574080811,4.828876273647332,0.4396172985201622,1.5268817942111426,3
23.0657,42.911,38.0517,39.6462,13.8359,12.9469,17.9174,63.5056,False,False,False,False,False,False,False,False,False,False,False,False,False,0,False,0.8890000000000011,-4.0815,-49.6697,-4.970500000000001,-50.5587,-45.5882,14.900066666666667,13.8359,2.6506236215904617,27.051450000000003,15.876650000000001,24.398941330380165,50.5587,25.9596,50.5587,989.7722527,1701.2580882,537.524052684847,13.901307435099314,-0.06540743509931346,0.06540743509931346,13.086564545991576,-0.13966454599157707,0.13966454599157707,18.068688606200602,-0.1512886062006018,0.1512886062006018,49.50224137357169,14.003358626428309,14.003358626428309,14.003358626428309,3.5899298034299503,14.003358626428309,0.21786825568720525,1.8689823026187864,4
17.3708,23.4709,18.735,59.2931,10.2461,25.0,13.3719,57.3816,False,False,False,False,False,False,False,False,False,False,False,False,False,0,False,-14.7539,-3.1258,-47.1355,11.6281,-32.3816,-44.009699999999995,16.206,13.3719,7.774540720196917,26.499899999999997,19.18595,21.54421417565901,47.1355,25.50576666666667,47.1355,407.70830972,1391.6624207900002,740.0991269618434,10.296284476699858,-0.05018447669985804,0.05018447669985804,9.01720796631575,15.98279203368425,15.98279203368425,13.499779903554458,-0.127879903554458,0.127879903554458,49.123797533274576,8.257802466725423,8.257802466725423,15.98279203368425,6.104664720165998,15.98279203368425,0.1407525955674704,1.7787041540895803,4
29.2826,95.2054,38.905,21.6583,19.4396,19.4103,24.0824,44.8928,False,False,False,False,False,False,False,False,False,False,False,False,False,0,False,0.029299999999999216,-4.642800000000001,-25.453200000000002,-4.6721,-25.4825,-20.8104,20.977433333333334,19.4396,2.6890199187312347,26.956274999999998,21.761,12.15757964327193,25.4825,13.515050000000002,25.4825,2787.86164604,2061.98711482,307.57285746681833,19.564946766320872,-0.12534676632087383,0.12534676632087383,19.54732988503966,-0.1370298850396594,0.1370298850396594,24.405320198514872,-0.32292019851487197,0.32292019851487197,48.79077240302456,-3.8979724030245606,3.8979724030245606,3.8979724030245606,1.1208173132249915,3.8979724030245606,0.47151633182367975,0.9453268504914533,1
13.3798,108.8273,47.6743,39.2389,12.902,15.7407,14.9064,41.0039,False,False,False,False,False,False,False,False,False,False,False,False,False,0,False,-2.838700000000001,-2.0044000000000004,-28.1019,0.8343000000000007,-25.2632,-26.097500000000004,14.516366666666665,14.9064,1.4589890072695322,21.13825,15.323550000000001,13.29723485553795,28.1019,14.190000000000003,28.1019,1456.0875085399998,4270.26354197,122.9452423293381,12.892290929067144,0.009709070932855113,0.009709070932855113,15.634256404239736,0.10644359576026474,0.10644359576026474,15.139702216402927,-0.2333022164029277,0.2333022164029277,50.01906533978562,-9.015165339785618,9.015165339785618,9.015165339785618,2.3411550557204164,9.015165339785618,0.29929769296037084,1.3294329807656828,2
27.1641,67.3367,30.467,27.2513,16.6269,15.7919,20.9665,17.2228,False,False,False,False,False,False,False,False,False,False,False,False,False,0,False,0.8349999999999991,-4.339600000000001,-0.5959000000000003,-5.1746,-1.4308999999999994,3.7437000000000005,17.7951,16.6269,2.778064023740274,17.652025000000002,16.92485,2.286257852729361,5.1746,2.686616666666667,5.1746,1829.1408524699998,1835.0126127099998,403.40699746096897,17.062616677190054,-0.43571667719005447,0.43571667719005447,16.227812386489113,-0.4359123864891128,0.4359123864891128,21.645573735416022,-0.6790737354160221,0.6790737354160221,48.86835683460644,-31.645556834606438,31.645556834606438,31.645556834606438,8.299064908425407,31.645556834606438,0.10753769436472597,0.2931446714217369,3
23.1844,42.4018,45.5385,31.0286,13.9486,13.2804,18.2066,50.251,False,False,False,False,False,False,False,False,False,False,False,False,False,0,False,0.6682000000000006,-4.258000000000001,-36.3024,-4.9262000000000015,-36.9706,-32.044399999999996,15.1452,13.9486,2.672218232106054,23.92165,16.0776,17.68798458266703,36.9706,19.194966666666666,36.9706,983.06029192,1315.66849148,546.7785455385041,13.83861585438146,0.1099841456185402,0.1099841456185402,13.250444508817514,0.02995549118248597,0.02995549118248597,18.071029743675766,0.13557025632423603,0.13557025632423603,49.94980902204286,0.3011909779571411,0.3011909779571411,0.3011909779571411,0.14417521777060083,0.3011909779571411,0.8739920114232828,1.5454863918306672,4
9.8677,61.8151,26.3059,40.8132,8.7661,9.7498,10.4597,49.9564,False,False,False,False,False,False,False,False,False,False,False,False,False,0,False,-0.9837000000000007,-1.6936,-41.1903,-0.7098999999999993,-40.2066,-39.496700000000004,9.658533333333333,9.7498,0.8504807130872124,19.733,10.10475,20.160895964713472,41.1903,20.713466666666665,41.1903,609.97286227,2522.87203932,159.63249114981755,8.597735763149341,0.1683642368506586,0.1683642368506586,9.760401626057432,-0.01060162605743109,0.01060162605743109,10.314064096207277,0.14563590379272284,0.14563590379272284,50.067246566420735,-0.11084656642073298,0.11084656642073298,0.1683642368506586,0.10886208328038638,0.1683642368506586,0.9018254073957189,2.087380485795122,4
19.99,35.7008,43.5281,16.9993,12.0356,11.3939,15.8399,48.0139,False,False,False,False,False,False,False,False,False,False,False,False,False,0,False,0.6417000000000002,-3.8042999999999996,-35.9783,-4.446,-36.62,-32.174,13.089800000000002,12.0356,2.40317128603019,21.820825,13.937750000000001,17.57194767299573,36.62,18.94405,36.62,713.658992,606.8886094400001,559.9312732680294,11.764176831633144,0.27142316836685687,0.27142316836685687,11.393078577699692,0.0008214223003086829,0.0008214223003086829,15.41855122494076,0.42134877505923995,0.42134877505923995,50.55412793136478,-2.5402279313647824,2.5402279313647824,2.5402279313647824,0.808455324272797,2.5402279313647824,0.5529580889160824,1.6782125890232888,4
9.0559,36.9234,28.2051,39.725,6.465,6.9443,7.9157,57.0223,False,False,False,False,False,False,False,False,False,False,False,False,False,0,False,-0.4793000000000003,-1.4507000000000003,-50.5573,-0.9714,-50.078,-49.1066,7.108333333333333,6.9443,0.7391297743517937,19.586825,7.43,24.964278993176762,50.5573,25.44055,50.5573,334.37461806,1466.782065,245.2617458680008,6.823145628224054,-0.3581456282240545,0.3581456282240545,7.4191506100382245,-0.4748506100382244,0.4748506100382244,8.564431228430141,-0.6487312284301412,0.6487312284301412,50.50302605102002,6.519273948979979,6.519273948979979,6.519273948979979,2.0002503539180996,6.519273948979979,0.33330551855250207,2.5811878233517564,4
14.5943,18.3444,38.0527,7.3834,8.2053,8.0438,10.9748,48.0008,False,False,False,False,False,False,False,False,False,False,False,False,False,0,False,0.1615000000000002,-2.7695000000000007,-39.7955,-2.931000000000001,-39.957,-37.025999999999996,9.074633333333333,8.2053,1.6475726337049104,18.806175,9.59005,19.50951758917939,39.957,20.44008333333333,39.957,267.72367692,135.44404296,795.5720571007736,8.09075231662897,0.11454768337102905,0.11454768337102905,7.797148864370933,0.24665113562906615,0.24665113562906615,10.841411760521025,0.13338823947897538,0.13338823947897538,51.25696714576373,-3.256167145763733,3.256167145763733,3.256167145763733,0.9376885510607009,3.256167145763733,0.5160788091835474,2.1246733454977713,4
26.9366,106.6938,40.8469,10.7934,19.0883,19.8202,23.5776,47.948,False,False,False,False,False,False,False,False,False,False,False,False,False,0,False,-0.7318999999999996,-4.4893,-28.8597,-3.7574000000000005,-28.1278,-24.3704,20.8287,19.8202,2.4085800401896553,27.608525,21.698900000000002,13.701518650469614,28.8597,15.056083333333335,28.8597,2873.9682130799997,1151.58886092,252.46638019581454,18.94540501789342,0.14289498210657925,0.14289498210657925,19.68018656733563,0.14001343266436805,0.14001343266436805,23.29804301917519,0.27955698082481106,0.27955698082481106,49.18847978360895,-1.2404797836089472,1.2404797836089472,1.2404797836089472,0.4507362948011764,1.2404797836089472,0.6893051504836378,1.0453180511026754,1
21.7524,47.4856,43.3585,56.2893,13.7971,13.4394,17.6142,20.2815,False,False,False,False,False,False,False,False,False,False,False,False,False,0,False,0.35770000000000124,-3.8171,-6.484400000000001,-4.174800000000001,-6.842100000000002,-2.667300000000001,14.950233333333335,13.7971,2.3139849012760076,16.283050000000003,15.70565,3.2673054877069583,6.842100000000002,4.057233333333334,6.842100000000002,1032.92576544,2672.9311840799996,458.0840385118776,13.726902371717559,0.07019762828244147,0.07019762828244147,13.33244415961931,0.10695584038068873,0.10695584038068873,17.771106681565104,-0.15690668156510412,0.15690668156510412,49.39194024168373,-29.110440241683726,29.110440241683726,29.110440241683726,7.36112509797799,29.110440241683726,0.11960112882916137,0.42019743217798133,4
11.7153,40.6516,40.7035,20.2729,8.0814,25.0,10.1953,47.6679,False,False,False,False,False,False,False,False,False,False,False,False,False,0,False,-16.918599999999998,-2.1138999999999992,-39.5865,14.8047,-22.667900000000003,-37.4726,14.425566666666668,10.1953,9.218520680854024,22.736150000000002,17.59765,18.246020490050245,39.5865,22.2607,39.5865,476.24568948,824.12582164,288.1878479105747,8.094431122607682,-0.013031122607682022,0.013031122607682022,8.889097124788037,16.110902875211963,16.110902875211963,10.31061644941767,-0.11531644941767105,0.11531644941767105,51.08672790146296,-3.4188279014629543,3.4188279014629543,16.110902875211963,4.914519587175068,16.110902875211963,0.16907543973112896,1.741125150421179,4
29.124,78.6573,36.577,47.4556,19.0017,18.243,23.8741,45.6223,False,False,False,False,False,False,False,False,False,False,False,False,False,0,False,0.758700000000001,-4.872399999999999,-26.620600000000003,-5.6311,-27.379300000000004,-21.748200000000004,20.372933333333332,19.0017,3.0557376267168834,26.685274999999997,21.4379,12.868863620997518,27.379300000000004,14.501716666666667,27.379300000000004,2290.8152052,3732.72936588,370.2643784792538,18.877404773667262,0.12429522633273749,0.12429522633273749,18.23413197285018,0.008868027149819824,0.008868027149819824,23.871906610894378,0.0021933891056207244,0.0021933891056207244,48.334553400543854,-2.712253400543851,2.712253400543851,2.712253400543851,0.7119025107830073,2.712253400543851,0.5841454134807068,1.0260074044553023,3
26.9782,71.2716,36.2753,47.2463,17.4268,16.95,22.1196,59.2423,False,False,False,False,False,False,False,False,False,False,False,False,False,0,False,0.4768000000000008,-4.692799999999998,-41.8155,-5.169599999999999,-42.2923,-37.1227,18.832133333333335,17.4268,2.8569935900056422,28.934675,19.7732,20.33929695824891,42.2923,21.928283333333336,42.2923,1922.7794791200004,3367.31939508,378.5265970559666,17.43525205175388,-0.008452051753881307,0.008452051753881307,16.853960657043785,0.09603934295621386,0.09603934295621386,22.10785973543284,0.011740264567158931,0.011740264567158931,48.60543441125894,10.63686558874106,10.63686558874106,10.63686558874106,2.6882743120045784,10.63686558874106,0.27112950811310443,1.4616471546173735,3
23.8697,58.5274,22.4135,38.1949,15.3019,14.3016,19.6015,73.5974,False,False,False,False,False,False,False,False,False,False,False,False,False,0,False,1.0002999999999993,-4.299600000000002,-58.29549999999999,-5.299900000000001,-59.29579999999999,-53.99589999999999,16.401666666666667,15.3019,2.8159101625111087,30.700599999999998,17.451700000000002,28.690141359823702,59.29579999999999,30.364499999999992,59.29579999999999,1397.0314797800002,2235.44819026,407.83796856891496,15.111007118228615,0.19089288177138464,0.19089288177138464,14.17676479347034,0.12483520652966007,0.12483520652966007,19.15281887348701,0.44868112651299086,0.44868112651299086,48.74178977364157,24.855610226358422,24.855610226358422,24.855610226358422,6.405004860293115,24.855610226358422,0.13504380062762264,1.9314209066204222,4
25.7107,30.5152,20.798,16.0054,17.9853,20.3833,18.9732,50.4902,False,False,False,False,False,False,False,False,False,False,False,False,False,0,False,-2.3979999999999997,-0.9878999999999998,-32.504900000000006,1.4101,-30.106900000000003,-31.517000000000003,19.113933333333332,18.9732,1.205178577362431,26.958,19.67825,15.718964058953336,32.504900000000006,16.487466666666666,32.504900000000006,784.56715264,488.40798208000007,842.553598680789,14.184730210642794,3.800569789357205,3.800569789357205,12.195537974636997,8.187762025363002,8.187762025363002,18.59172787251402,0.3814721274859778,0.3814721274859778,49.31062580303734,1.1795741969626619,1.1795741969626619,8.187762025363002,3.3873445347922115,8.187762025363002,0.22792830425554006,1.205760365843028,3
19.3856,40.9572,26.762,34.7739,11.8918,11.2905,15.3304,44.0042,False,False,False,False,False,False,False,False,False,False,False,False,False,0,False,0.6013000000000002,-3.438599999999999,-32.112399999999994,-4.039899999999999,-32.713699999999996,-28.6738,12.837566666666666,11.8918,2.1796912495427723,20.629224999999998,13.6111,15.68461436023107,32.713699999999996,16.92995,32.713699999999996,793.97989632,1424.2415770799998,473.3134898592945,11.950981313252463,-0.059181313252462786,0.059181313252462786,11.245224568768586,0.04527543123141342,0.04527543123141342,15.37213517418111,-0.04173517418111139,0.04173517418111139,49.57168248392705,-5.567482483927051,5.567482483927051,5.567482483927051,1.4284186006480097,5.567482483927051,0.4117906195139321,1.5857931716808693,4
8.7941,46.5597,28.1436,40.9888,7.2282,8.1459,8.883,59.0783,False,False,False,False,False,False,False,False,False,False,False,False,False,0,False,-0.9176999999999991,-1.654799999999999,-51.8501,-0.7370999999999999,-50.9324,-50.1953,8.0857,8.1459,0.8290408856021512,20.833849999999998,8.51445,25.505284149563987,51.8501,26.0479,51.8501,409.45065777,1908.42623136,188.87789464324413,7.244116653658708,-0.015916653658707425,0.015916653658707425,8.155050968842119,-0.009150968842119411,0.009150968842119411,8.889285475312665,-0.006285475312665767,0.006285475312665767,50.39214778831688,8.686152211683115,8.686152211683115,8.686152211683115,2.179376327374152,8.686152211683115,0.3145270949494363,2.488741884605157,4
28.6246,31.4712,26.8085,33.8995,16.1176,13.8494,21.1833,47.6235,False,False,False,False,False,False,False,False,False,False,False,False,False,0,False,2.2682,-5.0657,-31.5059,-7.3339,-33.774100000000004,-26.4402,17.0501,16.1176,3.754822164896761,24.69345,18.65045,15.591097562925668,33.774100000000004,17.731333333333335,33.774100000000004,900.85051152,1066.8579444000002,909.5487590086306,15.858491291200494,0.25910870879950565,0.25910870879950565,13.629457389116396,0.2199426108836029,0.2199426108836029,20.88793663131264,0.295363368687358,0.295363368687358,48.84965882749896,-1.2261588274989634,1.2261588274989634,1.2261588274989634,0.5001433789673575,1.2261588274989634,0.6666029487717118,1.3677346147522464,3
30.2971,62.8955,39.7843,12.227,18.4755,17.1061,23.7531,51.6632,False,False,False,False,False,False,False,False,False,False,False,False,False,0,False,1.3693999999999988,-5.2776,-33.18770000000001,-6.6469999999999985,-34.557100000000005,-27.910100000000003,19.778233333333333,18.4755,3.509770341964461,27.749475,21.1143,16.197996791861847,34.557100000000005,18.158150000000003,34.557100000000005,1905.55125305,769.0232785,481.7052918403873,18.158614682956213,0.31688531704378775,0.31688531704378775,17.104381004630447,0.0017189953695542215,0.0017189953695542215,23.32959702278216,0.42350297721784,0.42350297721784,49.28821272654444,2.3749872734555666,2.3749872734555666,2.3749872734555666,0.7792736407716871,2.3749872734555666,0.5620270975105836,1.2453240123195082,3
29.9178,27.4687,35.7858,58.4409,16.4282,13.9856,21.5831,,True,False,False,False,False,False,False,False,False,False,False,False,False,1,True,2.4426000000000005,-5.154900000000001,,-7.597500000000002,,,17.3323,16.4282,3.878601445108792,17.3323,16.4282,3.878601445108792,7.597500000000002,5.065000000000001,7.597500000000002,821.8030728599999,1605.2955498299998,1089.1592652148572,16.562229462685075,-0.1340294626850742,0.1340294626850742,14.233873088559466,-0.24827308855946661,0.24827308855946661,22.02909344302961,-0.4459934430296073,0.4459934430296073,48.54857896653691,,,0.4459934430296073,0.2760986647580494,0.4459934430296073,0.7836384659093752,0.4383431867996823,3
30.0954,88.0704,42.4991,11.1092,19.2774,19.2312,24.2806,35.2746,False,False,False,False,False,False,False,False,False,False,False,False,False,0,False,0.04619999999999891,-5.0032,-15.9972,-5.049399999999999,-16.0434,-10.994,20.929733333333335,19.2774,2.9020275969282805,24.51595,21.779,7.553695080554946,16.0434,8.855566666666666,16.0434,2650.5139161600005,978.39168768,341.7197671726519,19.441901065977774,-0.16450106597777392,0.16450106597777392,19.247997458459487,-0.01679745845948588,0.01679745845948588,24.454494345103544,-0.17389434510354462,0.17389434510354462,49.15280002910548,-13.878200029105479,13.878200029105479,13.878200029105479,3.5583482246615707,13.878200029105479,0.21937771111689122,0.6544063540648621,1
27.8382,99.9421,33.3912,50.5934,19.2433,19.334,23.8428,53.5263,False,False,False,False,False,False,False,False,False,False,False,False,False,0,False,-0.09069999999999823,-4.599499999999999,-34.283,-4.508800000000001,-34.1923,-29.6835,20.806700000000003,19.334,2.6297307904042193,28.986600000000003,21.5884,16.500102385338906,34.283,17.892966666666666,34.283,2782.20816822,5056.41064214,278.5432486866647,19.466990981624264,-0.22369098162426226,0.22369098162426226,19.520266034504594,-0.18626603450459456,0.18626603450459456,24.09970257734377,-0.2569025773437694,0.2569025773437694,48.03973692907744,5.486563070922557,5.486563070922557,5.486563070922557,1.5383556660987958,5.486563070922557,0.3939558247709637,1.1827185034745353,1
22.4988,39.379,38.3371,24.9876,13.1943,12.3976,17.2618,37.9205,False,False,False,False,False,False,False,False,False,False,False,False,False,0,False,0.7966999999999995,-4.067500000000001,-24.7262,-4.8642,-25.522899999999996,-20.658699999999996,14.284566666666668,13.1943,2.608950260800948,20.193550000000002,15.22805,12.008417205305062,25.522899999999996,13.439366666666665,25.522899999999996,885.9802451999999,983.9867004,571.3399092562256,13.260652383041283,-0.06635238304128244,0.06635238304128244,12.474835005631626,-0.07723500563162489,0.07723500563162489,17.295083088809736,-0.03328308880973552,0.03328308880973552,49.925929837451115,-12.005429837451118,12.005429837451118,12.005429837451118,3.04557507873344,12.005429837451118,0.24718364646271077,1.263912851423919,4
18.9752,39.1127,26.3426,46.8886,11.9802,1.0,15.6456,31.5284,False,False,False,False,False,False,False,False,False,False,False,False,False,0,False,10.9802,-3.6654,-19.5482,-14.6456,-30.5284,-15.882800000000001,9.541933333333333,11.9802,7.621171700816964,15.03855,13.812899999999999,12.632208220127891,30.5284,15.875100000000002,30.5284,742.17130504,1833.9397452199996,485.1415307198095,11.794719731152844,0.18548026884715618,0.18548026884715618,11.036792150528546,-10.036792150528546,10.036792150528546,15.203860683866322,0.44173931613367756,0.44173931613367756,49.34738855906153,-17.818988559061527,17.818988559061527,17.818988559061527,7.120750073642727,17.818988559061527,0.12314133435108042,2.0300081922737285,4
22.9458,45.7975,30.2669,21.8424,13.6546,12.8831,17.8131,49.1447,False,False,False,False,False,False,False,False,False,False,False,False,False,0,False,0.7714999999999996,-4.158499999999998,-35.4901,-4.929999999999998,-36.2616,-31.3316,14.7836,13.6546,2.6518306412740604,23.373874999999998,15.73385,17.316449851778703,36.2616,18.82388333333333,36.2616,1050.8602755,1000.327314,501.02723925383714,13.781425509353838,-0.12682550935383752,0.12682550935383752,12.888894049384485,-0.0057940493844839125,0.0057940493844839125,17.75609507230615,0.057004927693849794,0.057004927693849794,49.601254020743404,-0.456554020743404,0.456554020743404,0.456554020743404,0.1615446267938938,0.456554020743404,0.8609225826821731,1.5513723970148738,4
18.2851,75.3805,29.9432,58.338,13.6212,14.0408,16.7649,51.2372,False,False,False,False,False,False,False,False,False,False,False,False,False,0,False,-0.41960000000000086,-3.143700000000001,-37.616,-2.7241,-37.1964,-34.472300000000004,14.808966666666668,14.0408,1.7068311115436507,23.916025,15.40285,18.267354148202013,37.616,19.262016666666664,37.616,1378.33998055,4397.547609,242.57065917967387,13.605592577518198,0.015607422481801692,0.015607422481801692,14.088342211394913,-0.047542211394912215,0.047542211394912215,16.7706077814865,-0.005707781486499641,0.005707781486499641,48.889934933535045,2.3472650664649564,2.3472650664649564,2.3472650664649564,0.6040306204570425,2.3472650664649564,0.6234294952019471,1.572835965493444,4
23.8412,94.0763,38.9754,13.1617,16.5737,17.2782,20.4146,30.579,False,False,False,False,False,False,False,False,False,False,False,False,False,0,False,-0.7044999999999995,-3.8409000000000013,-14.005300000000002,-3.136400000000002,-13.300800000000002,-10.1644,18.088833333333334,17.2782,2.044742771923485,21.211375,18.8464,6.46439333393578,14.005300000000002,7.525383333333335,14.005300000000002,2242.89188356,1238.20403771,253.42405542904478,16.786284407985505,-0.21258440798550637,0.21258440798550637,17.499480118244634,-0.22128011824463556,0.22128011824463556,20.682306321546623,-0.26770632154662266,0.26770632154662266,49.49127459506251,-18.912274595062506,18.912274595062506,18.912274595062506,4.903461360709818,18.912274595062506,0.1693921479109609,0.6602727733243257,2
12.4842,86.4182,28.5048,20.0729,11.1338,12.8196,13.3905,38.961,False,False,False,False,False,False,False,False,False,False,False,False,False,0,False,-1.6857999999999986,-2.2566999999999986,-27.827199999999998,-0.5709,-26.141399999999997,-25.5705,12.447966666666668,12.8196,1.17335298326349,19.076225,13.105049999999999,13.291089958408227,27.827199999999998,14.00875,27.827199999999998,1078.86209244,1734.66388678,144.46260805448296,10.971209768394747,0.16259023160525388,0.16259023160525388,12.646086861293266,0.17351313870673302,0.17351313870673302,12.919681413579362,0.4708185864206378,0.4708185864206378,50.09467037795975,-11.133670377959753,11.133670377959753,11.133670377959753,2.9851480836730944,11.133670377959753,0.2509317041685197,1.4587364854752523,2
11.8673,90.6809,39.2761,29.6365,7.3021,8.4665,12.8879,42.136,False,False,False,False,False,False,False,False,False,False,False,False,False,0,False,-1.1643999999999997,-5.5858,-34.8339,-4.4214,-33.6695,-29.2481,9.552166666666666,8.4665,2.9469127054144875,17.698125,10.6772,16.468639237527594,34.8339,18.153850000000002,34.8339,1076.1374445699998,2687.46449285,130.86877932742405,11.038127029164162,-3.7360270291641617,3.7360270291641617,13.220780293332233,-4.754280293332233,4.754280293332233,13.009909938378271,-0.12200993837827134,0.12200993837827134,50.271966232644694,-8.13596623264469,8.13596623264469,8.13596623264469,4.18707087337984,8.13596623264469,0.19278703229832886,1.9682243355020175,2
15.83,22.3854,29.3857,34.8222,9.3427,8.7621,12.3496,43.3537,False,False,False,False,False,False,False,False,False,False,False,False,False,0,False,0.5806000000000004,-3.0069,-34.011,-3.5875000000000004,-34.5916,-31.0041,10.151466666666666,9.3427,1.9256470869121718,18.452025,10.846150000000002,16.675405613732458,34.5916,17.79695,34.5916,354.360882,779.5088758800001,707.1570277247547,9.220703643916591,0.1219963560834092,0.1219963560834092,8.524216270653904,0.23788372934609647,0.23788372934609647,12.179944251930468,0.1696557480695322,0.1696557480695322,50.19036456152984,-6.836664561529837,6.836664561529837,6.836664561529837,1.8415500987572186,6.836664561529837,0.35192059448023116,1.8746766955514664,4
16.0726,89.5872,44.0183,27.2199,13.0883,14.6408,15.8388,43.9082,False,False,False,False,False,False,False,False,False,False,False,False,False,0,False,-1.5525000000000002,-2.7505000000000006,-30.8199,-1.1980000000000004,-29.267400000000002,-28.0694,14.522633333333333,14.6408,1.3790522409732469,21.869025,15.2398,14.735865729657691,30.8199,15.609616666666668,30.8199,1439.89923072,2438.55462528,179.40730602058042,12.977324420355625,0.11097557964437499,0.11097557964437499,14.71341341507061,-0.07261341507060948,0.07261341507060948,15.702975873356875,0.1358241266431257,0.1358241266431257,50.11850704060963,-6.210307040609628,6.210307040609628,6.210307040609628,1.6324300404919345,6.210307040609628,0.37987714188716876,1.409294008629096,2
15.1802,54.6068,48.181,36.2376,10.7723,11.6684,13.9383,46.0319,False,False,False,False,False,False,False,False,False,False,False,False,False,0,False,-0.8961000000000006,-3.1660000000000004,-35.2596,-2.2699,-34.3635,-32.0936,12.126333333333333,11.6684,1.631921016266821,20.602725,12.80335,17.00506709432515,35.2596,18.008116666666666,35.2596,828.9421453599999,1978.8193756800001,277.99096852572046,10.72985377374562,0.04244622625437877,0.04244622625437877,11.646994738842105,0.021405261157894984,0.021405261157894984,13.592046384195887,0.3462536158041125,0.3462536158041125,50.527955156605344,-4.496055156605344,4.496055156605344,4.496055156605344,1.2265400649554326,4.496055156605344,0.4491273324650533,1.7114038500228246,4
22.7015,51.4484,30.3053,42.1301,14.3641,13.524,18.3201,67.2977,False,False,False,False,False,False,False,False,False,False,False,False,False,0,False,0.8401000000000014,-3.9559999999999995,-52.933600000000006,-4.796100000000001,-53.773700000000005,-48.97760000000001,15.402733333333336,14.3641,2.5611937067182824,28.376475000000003,16.342100000000002,26.031616036450117,53.773700000000005,27.546183333333335,53.773700000000005,1167.9558525999998,2167.52623684,441.2478441996555,14.216177219528761,0.14792278047123908,0.14792278047123908,13.458289749337894,0.06571025066210545,0.06571025066210545,18.201639122261504,0.1184608777384959,0.1184608777384959,49.116011256834106,18.1816887431659,18.1816887431659,18.1816887431659,4.628445663009435,18.1816887431659,0.1776689444782375,1.8950091951134893,4
19.3405,100.3808,33.8958,5.6278,14.7691,16.3752,17.6476,40.5108,False,False,False,False,False,False,False,False,False,False,False,False,False,0,False,-1.6060999999999996,-2.8785000000000007,-25.7417,-1.272400000000001,-24.135600000000004,-22.863200000000003,16.263966666666665,16.3752,1.44247017415728,22.325675,17.011400000000002,12.18049171732543,25.7417,13.08291666666667,25.7417,1941.4148623999997,564.9230662399999,192.67128846639113,14.874452313036919,-0.10535231303691894,0.10535231303691894,16.251073852486144,0.12412614751385576,0.12412614751385576,17.891129124333673,-0.2435291243336728,0.2435291243336728,49.82274571368568,-9.311945713685674,9.311945713685674,9.311945713685674,2.4462383246425303,9.311945713685674,0.29017145820979384,1.1530082951542138,2
28.9693,67.2789,26.4722,52.5104,18.1773,16.9927,23.2303,39.4128,False,False,False,False,False,False,False,False,False,False,False,False,False,0,False,1.1845999999999997,-5.053000000000001,-21.2355,-6.2376000000000005,-22.420099999999998,-16.182499999999997,19.46676666666667,18.1773,3.312696281480289,24.453274999999998,20.7038,10.333297273176328,22.420099999999998,12.052216666666666,22.420099999999998,1949.0226377699998,3532.8419505599995,430.58515662634846,18.220751800237405,-0.043451800237406246,0.043451800237406246,16.934970438853966,0.05772956114603289,0.05772956114603289,23.171893407333243,0.058406592666756296,0.058406592666756296,48.00627483485857,-8.593474834858576,8.593474834858576,8.593474834858576,2.1882656972271928,8.593474834858576,0.31365014555395787,0.9168543203909004,3
26.9065,91.7012,35.2636,56.763,15.1083,23.7716,23.0638,67.0168,False,False,False,False,False,False,False,False,False,False,False,False,False,0,False,-8.6633,-7.955500000000001,-51.908500000000004,0.7077999999999989,-43.245200000000004,-43.953,20.6479,23.0638,4.810469969763869,32.240125,23.4177,23.514799652328886,51.908500000000004,26.072216666666666,51.908500000000004,2467.3583378000003,5205.2352156,293.4148851470989,18.639819566588184,-3.531519566588184,3.531519566588184,18.611429817055246,5.1601701829447535,5.1601701829447535,23.209415405986974,-0.1456154059869732,0.1456154059869732,48.14434744124291,18.872452558757097,18.872452558757097,18.872452558757097,6.927439428569252,18.872452558757097,0.12614413632681398,1.6100583946065983,1
26.2971,15.0966,35.2021,44.2695,13.6448,11.4401,18.4805,59.6871,False,False,False,False,False,False,False,False,False,False,False,False,False,0,False,2.2047000000000008,-4.835699999999999,-46.0423,-7.0404,-48.247,-41.2066,14.521799999999999,13.6448,3.6012018535483397,25.813125,16.062649999999998,22.773270535487434,48.247,24.92945,48.247,396.99679986,668.3189337,1741.9208683273926,13.970093077119596,-0.3252930771195963,0.3252930771195963,11.792348393026886,-0.35224839302688693,0.35224839302688693,18.834770790870486,-0.35427079087048696,0.35427079087048696,49.30684425293092,10.380255747069079,10.380255747069079,10.380255747069079,2.853017002021512,10.380255747069079,0.259536877069409,1.869087191462796,3
28.1497,26.9731,19.1549,29.9116,15.5631,13.0973,20.497,43.7674,False,False,False,False,False,False,False,False,False,False,False,False,False,0,False,2.4657999999999998,-4.9338999999999995,-28.204300000000003,-7.399699999999999,-30.6701,-23.270400000000002,16.3858,15.5631,3.7678264941475206,23.2312,18.03005,14.03218974239825,30.6701,16.157366666666665,30.6701,759.2846730699999,806.80857796,1043.6208505433747,15.324057524858336,0.2390424751416642,0.2390424751416642,12.80459208129931,0.2927079187006907,0.2927079187006907,20.20353746573684,0.2934625342631598,0.2934625342631598,48.761370595118144,-4.993970595118142,4.993970595118142,4.993970595118142,1.4547958808059143,4.993970595118142,0.4073658456978093,1.32021104367788,3
12.3628,100.7801,22.3968,23.5885,11.9041,13.7706,13.9312,40.4923,False,False,False,False,False,True,False,False,False,False,False,False,False,0,False,-1.8665000000000003,-2.027100000000001,-28.5882,-0.16060000000000052,-26.7217,-26.5611,13.201966666666669,13.7706,1.1268502577243056,20.02455,13.8509,13.676150811906105,28.5882,14.320866666666667,28.5882,1245.92422028,2377.2513888500002,122.67103101991056,11.73881465776241,0.16528534223759017,0.16528534223759017,13.657213823475097,0.11338617652490335,0.11338617652490335,13.533386427992063,0.3978135720079372,0.3978135720079372,49.65760552848565,-9.165305528485646,9.165305528485646,9.165305528485646,2.4604476548140193,9.165305528485646,0.2889799528129966,1.4276568374036682,2
27.3457,27.5273,34.5953,58.9132,15.4514,13.3857,20.4983,58.755,False,False,False,False,False,False,False,False,False,False,False,False,False,0,False,2.0656999999999996,-5.046900000000001,-43.3036,-7.1126000000000005,-45.3693,-38.2567,16.445133333333334,15.4514,3.6589478191596743,27.0226,17.97485,21.3648419239023,45.3693,23.5258,45.3693,752.75328761,1621.7213303600001,993.4025518657653,15.332923665963134,0.11847633403686508,0.11847633403686508,13.315282076617953,0.07041792338204722,0.07041792338204722,20.35591216434133,0.14238783565867053,0.14238783565867053,48.73129089442315,10.023709105576856,10.023709105576856,10.023709105576856,2.5887477996636097,10.023709105576856,0.27864872535588453,1.6789384889172438,3
17.8121,90.2115,37.616,39.5063,13.504,15.1535,16.1926,46.9822,False,False,False,False,False,False,False,False,False,False,False,False,False,0,False,-1.6494999999999997,-2.688599999999999,-33.4782,-1.0390999999999995,-31.828699999999998,-30.7896,14.950033333333332,15.1535,1.35579921202711,22.958075,15.67305,16.054294950028172,33.4782,16.912283333333335,33.4782,1606.8562591500001,3563.9225824500004,197.44819702053542,13.984600081247603,-0.48060008124760323,0.48060008124760323,15.26793660574903,-0.11443660574903092,0.11443660574903092,16.984062026349402,-0.7914620263494037,0.7914620263494037,49.45665510653913,-2.474455106539132,2.474455106539132,2.474455106539132,0.9652384549712925,2.474455106539132,0.5088441036101177,1.4582313812323633,2
14.8368,102.3667,39.5969,23.2679,13.1569,15.4076,15.6953,41.709,False,False,False,False,False,False,False,False,False,False,False,False,False,0,False,-2.2507,-2.5383999999999993,-28.552100000000003,-0.2876999999999992,-26.3014,-26.013700000000004,14.753266666666667,15.4076,1.3899578135085011,21.4922,15.551449999999999,13.525563883501,28.552100000000003,14.324,28.552100000000003,1518.79425456,2381.8581389299998,144.93774392085083,13.035779533136997,0.12112046686300282,0.12112046686300282,15.195119362827963,0.21248063717203713,0.21248063717203713,15.41557853850891,0.27972146149108923,0.27972146149108923,50.02463713098263,-8.31563713098263,8.31563713098263,8.31563713098263,2.2322399241271897,8.31563713098263,0.3093829738737704,1.3284859956235306,2
11.5518,50.4478,26.6414,37.17,8.8784,9.5543,11.0339,50.6061,False,False,False,False,False,False,False,False,False,False,False,False,False,0,False,-0.6759000000000004,-2.1555,-41.7277,-1.4795999999999996,-41.0518,-39.572199999999995,9.822199999999999,9.5543,1.102439508544573,20.018175,10.2941,20.41180720520601,41.7277,21.110449999999997,41.7277,582.76289604,1875.1447260000002,228.98516308240136,8.737158157250958,0.14124184274904117,0.14124184274904117,9.35795337262781,0.19634662737218989,0.19634662737218989,10.792187291906885,0.24171270809311451,0.24171270809311451,50.12879873173018,0.47730126826981945,0.47730126826981945,0.47730126826981945,0.26415061162104125,0.47730126826981945,0.7910449837283894,2.084489677760496,4
21.0839,80.5436,36.3989,38.7211,7.1164,15.438,18.6809,61.7175,False,False,False,False,False,False,False,False,False,False,False,False,False,0,False,-8.3216,-11.564500000000002,-54.6011,-3.2429000000000006,-46.2795,-43.0366,13.7451,15.438,5.965219850935925,25.7382,17.059450000000002,24.47570950323334,54.6011,27.841033333333332,54.6011,1698.17320804,3118.73678996,261.7699901953737,15.012770128782664,-7.896370128782665,7.896370128782665,15.533453747384028,-0.09545374738402757,0.09545374738402757,18.604030145835658,0.07686985416434311,0.07686985416434311,49.23677411341955,12.480725886580451,12.480725886580451,12.480725886580451,5.137354904227871,12.480725886580451,0.16293664218621687,2.1214023819061234,4
15.8232,102.5936,42.3858,16.5509,13.2755,15.4911,15.8473,56.8715,False,False,False,False,False,False,False,False,False,False,False,False,False,0,False,-2.2156000000000002,-2.5718000000000014,-43.596,-0.3562000000000012,-41.380399999999995,-41.02419999999999,14.8713,15.4911,1.3934320363763715,25.37135,15.6692,21.03089715719866,43.596,21.857366666666664,43.596,1623.3590515199999,1698.0164142399997,154.231827888696,13.4468373153264,-0.17133731532640084,0.17133731532640084,15.587405726919744,-0.09630572691974493,0.09630572691974493,15.992405457669097,-0.14510545766909644,0.14510545766909644,50.177894329176354,6.6936056708236435,6.6936056708236435,6.6936056708236435,1.7765885426847214,6.6936056708236435,0.3601541908809745,1.7183154549066348,2
29.5853,85.7903,34.6521,19.6015,19.3913,18.8309,24.4083,51.7121,False,False,False,False,False,False,False,False,False,False,False,False,False,0,False,0.5604000000000013,-5.0169999999999995,-32.3208,-5.577400000000001,-32.8812,-27.3038,20.876833333333334,19.3913,3.071148751417511,28.58565,21.8998,15.620223665812215,32.8812,17.276766666666663,32.8812,2538.13176259,1681.6185654500002,344.8559633366519,19.160476084825124,0.23082391517487721,0.23082391517487721,18.699499260643734,0.13140073935626617,0.13140073935626617,24.054258161972044,0.35404183802795686,0.35404183802795686,48.76153770968942,2.950562290310579,2.950562290310579,2.950562290310579,0.9167071957174198,2.950562290310579,0.5217280981854414,1.150269050985704,1
15.735,21.5399,39.4762,5.9551,8.9844,8.6774,11.8477,,True,False,False,False,False,False,False,False,False,False,False,False,False,1,True,0.3070000000000004,-2.863299999999999,,-3.1702999999999992,,,9.8365,8.9844,1.7485011667139367,9.8365,8.9844,1.7485011667139367,3.1702999999999992,2.113533333333333,3.1702999999999992,338.9303265,128.27225848999998,730.5044450046449,8.800582707088543,0.1838172929114581,0.1838172929114581,8.496124903943644,0.18127509605635694,0.18127509605635694,11.73339416078667,0.11430583921332982,0.11430583921332982,51.199215513924855,,,0.1838172929114581,0.15979940939371495,0.1838172929114581,0.8622180627965227,0.3222992707779486,4
30.0372,108.2607,39.2159,13.5037,20.5937,21.0821,25.4809,54.9198,False,False,False,False,False,False,False,False,False,False,False,False,False,0,False,-0.48840000000000217,-4.8872,-34.326100000000004,-4.398799999999998,-33.8377,-29.438900000000004,22.385566666666666,21.0821,2.6917373522194414,30.519125000000003,23.2815,16.414913482232144,34.326100000000004,17.896183333333333,34.326100000000004,3251.84829804,1461.92001459,277.4524571287219,20.552274832586715,0.041425167413283503,0.041425167413283503,20.856337804716098,0.2257621952839024,0.2257621952839024,25.412098218737558,0.06880178126244019,0.06880178126244019,48.77043900827168,6.149360991728322,6.149360991728322,6.149360991728322,1.621337533921987,6.149360991728322,0.38148463792216114,1.1247402654105367,1
11.1932,77.4751,43.4873,15.9647,9.6759,11.9007,11.5401,72.2076,False,False,False,False,False,False,False,False,False,False,False,False,False,0,False,-2.2248,-1.8642000000000003,-62.5317,0.3605999999999998,-60.3069,-60.6675,11.0389,11.5401,1.1940832634284764,26.331075,11.720400000000001,30.599885971723815,62.5317,31.325950000000002,62.5317,867.1942893199999,1236.86672897,144.4747868057238,9.829047376052232,-0.15314737605223172,0.15314737605223172,11.885240446386836,0.01545955361316409,0.01545955361316409,11.751775818466296,-0.21167581846629524,0.21167581846629524,50.926744455624124,21.280855544375875,21.280855544375875,21.280855544375875,5.4152845731268915,21.280855544375875,0.15587773053574572,2.3748242808832223,4
30.5251,48.7172,37.482,41.8758,17.608,15.9534,22.6584,26.8364,False,False,False,False,False,False,False,False,False,False,False,False,False,0,False,1.6546000000000003,-5.0504,-9.2284,-6.705,-10.883000000000001,-4.178000000000001,18.739933333333333,17.608,3.492880051380713,20.76405,20.133200000000002,4.951935697953545,10.883000000000001,6.283233333333333,10.883000000000001,1487.0974017199999,2040.07172376,626.5773429964482,17.833376752027746,-0.22537675202774565,0.22537675202774565,16.159651621011818,-0.20625162101181793,0.20625162101181793,23.226005571129726,-0.5676055711297252,0.5676055711297252,48.686758093486446,-21.850358093486445,21.850358093486445,21.850358093486445,5.712398009413933,21.850358093486445,0.14897805502557068,0.5241267844535221,3
14.2258,57.1339,34.1337,56.3507,10.6019,11.1591,13.4864,44.2794,False,False,False,False,False,False,False,False,False,False,False,False,False,0,False,-0.5571999999999999,-2.884499999999999,-33.6775,-2.3272999999999993,-33.1203,-30.793000000000003,11.749133333333333,11.1591,1.5300946256141585,19.881700000000002,12.32275,16.31304249345699,33.6775,17.226633333333336,33.6775,812.7754346199999,3219.53525873,248.99048568529616,10.629196353710938,-0.027296353710937638,0.027296353710937638,11.253499708113802,-0.0943997081138015,0.0943997081138015,13.253402637889936,0.23299736211006383,0.23299736211006383,49.6511108165659,-5.371710816565894,5.371710816565894,5.371710816565894,1.4316010601251743,5.371710816565894,0.4112516713364658,1.693893533302719,4
23.694,44.5709,39.7788,43.8321,14.2709,13.5117,18.3143,52.1311,False,False,False,False,False,False,False,False,False,False,False,False,False,0,False,0.7591999999999999,-4.0434,-37.860200000000006,-4.8026,-38.619400000000006,-33.8168,15.365633333333333,14.2709,2.581680168675689,24.557000000000002,16.2926,18.503196114905844,38.619400000000006,19.9836,38.619400000000006,1056.0629046,1953.6361458899999,531.6023388349037,14.346934010932767,-0.07603401093276752,0.07603401093276752,13.535689914428032,-0.023989914428032222,0.023989914428032222,18.645841486411182,-0.331541486411183,0.331541486411183,49.39494223646379,2.7361577635362124,2.7361577635362124,2.7361577635362124,0.7919307938270488,2.7361577635362124,0.5580572661873217,1.5726425977755436,4
14.9187,52.9423,41.4921,16.5583,10.2995,11.0211,12.8863,38.7669,False,False,False,False,False,False,False,False,False,False,False,False,False,0,False,-0.7216000000000005,-2.5868,-28.467399999999998,-1.8651999999999997,-27.7458,-25.8806,11.402299999999999,11.0211,1.334866525162722,18.24345,11.953700000000001,13.725641905450784,28.467399999999998,14.544566666666666,28.467399999999998,789.83029101,876.63448609,281.7916331946981,10.269988833539555,0.029511166460444826,0.029511166460444826,11.033275770010597,-0.012175770010596665,0.012175770010596665,12.945982503833587,-0.059682503833586864,0.059682503833586864,50.76927890540944,-12.002378905409444,12.002378905409444,12.002378905409444,3.025937086428518,12.002378905409444,0.24838937582283932,1.5604167191969067,4
21.3183,62.0168,39.4007,45.0831,14.2689,14.0302,18.1343,40.939,False,False,False,False,False,False,False,False,False,False,False,False,False,0,False,0.2386999999999997,-3.8653999999999993,-26.670099999999998,-4.104099999999999,-26.9088,-22.8047,15.477800000000002,14.2689,2.303690215719118,21.8431,16.2016,12.868806035008324,26.9088,14.098633333333332,26.9088,1322.09274744,2795.9095960800005,343.7503476879897,14.182212497016652,0.08668750298334871,0.08668750298334871,14.192936127806684,-0.16273612780668323,0.16273612780668323,17.979778409829223,0.15452159017077705,0.15452159017077705,49.381878616057314,-8.442878616057314,8.442878616057314,8.442878616057314,2.2117059592545307,8.442878616057314,0.3113610064827074,1.231912488652028,4
12.6513,81.3865,47.8621,12.0248,10.6411,12.7964,12.6118,35.1179,False,False,False,False,False,False,False,False,False,False,False,False,False,0,False,-2.1553000000000004,-1.9707000000000008,-24.476799999999997,0.18459999999999965,-22.3215,-22.506099999999996,12.016433333333334,12.6118,1.194644559412269,17.791800000000002,12.7041,11.59184588205577,24.476799999999997,12.269166666666665,24.476799999999997,1029.64502745,978.6563852,155.44713736957146,10.705337412482859,-0.06423741248285886,0.06423741248285886,12.827733442124249,-0.03133344212424838,0.03133344212424838,12.879727578887653,-0.26792757888765273,0.26792757888765273,50.99113955425757,-15.873239554257573,15.873239554257573,15.873239554257573,4.059184496938084,15.873239554257573,0.19766031474148044,1.3757341158656704,4
19.3493,72.3037,40.4559,57.2611,13.905,14.4979,17.3418,64.2767,False,False,False,False,False,False,False,False,False,False,False,False,False,0,False,-0.5929000000000002,-3.4368,-50.371700000000004,-2.8438999999999997,-49.778800000000004,-46.934900000000006,15.248233333333332,14.4979,1.8371577622331003,27.50535,15.91985,24.56008418179113,50.371700000000004,25.659833333333335,50.371700000000004,1399.02598241,4140.18939607,267.61144068540875,13.94916631565501,-0.04416631565501028,0.04416631565501028,14.522553556213374,-0.024653556213374728,0.024653556213374728,17.41657127256962,-0.07477127256962035,0.07477127256962035,49.218732924500834,15.057967075499171,15.057967075499171,15.057967075499171,3.800389554984294,15.057967075499171,0.20831642693699506,1.8313412367625803,4
30.2288,73.786,34.6741,38.9915,19.161,18.1341,24.232,66.364,False,False,False,False,False,False,False,False,False,False,False,False,False,0,False,1.0269000000000013,-5.070999999999998,-47.203,-6.097899999999999,-48.2299,-42.132000000000005,20.509033333333335,19.161,3.264811097649193,31.972775000000002,21.6965,23.081929865932647,48.2299,24.960116666666664,48.2299,2230.4622368,2877.026819,409.68199798308643,19.03675547945152,0.1242445205484799,0.1242445205484799,18.069728545892367,0.06437145410763279,0.06437145410763279,24.190731743209366,0.04126825679063373,0.04126825679063373,48.40625886062452,17.957741139375486,17.957741139375486,17.957741139375486,4.546906342705558,17.957741139375486,0.18028067146203883,1.5084672792814262,3
18.3138,67.2527,31.9498,12.166,12.4674,13.1687,15.4053,43.7563,False,False,False,False,False,False,False,False,False,False,False,False,False,0,False,-0.7012999999999998,-2.937900000000001,-31.288900000000005,-2.236600000000001,-30.587600000000002,-28.351000000000003,13.680466666666666,13.1687,1.5343542431046797,21.199424999999998,14.286999999999999,15.090011032771537,31.288900000000005,16.01721666666667,31.288900000000005,1231.65249726,818.1963482000001,272.3131900558356,12.626843473747112,-0.1594434737471122,0.1594434737471122,13.078711715753547,0.08998828424645211,0.08998828424645211,15.672506963330836,-0.2672069633308354,0.2672069633308354,50.06459658479085,-6.308296584790845,6.308296584790845,6.308296584790845,1.7062338265288113,6.308296584790845,0.3695172199080314,1.475930844383353,4
21.696,104.8557,37.7763,13.4195,16.5054,17.709,20.0948,50.7071,False,False,False,False,False,False,False,False,False,False,False,False,False,0,False,-1.203599999999998,-3.5893999999999977,-34.201699999999995,-2.3857999999999997,-32.998099999999994,-30.612299999999998,18.103066666666667,17.709,1.8268591881514376,26.254075,18.901899999999998,16.37011577221839,34.201699999999995,17.49848333333333,34.201699999999995,2274.9492672,1407.11106615,206.91290917776436,16.351465429590768,0.15393457040923408,0.15393457040923408,17.636049497151866,0.07295050284813343,0.07295050284813343,19.81145590155935,0.2833440984406508,0.2833440984406508,49.522703572978,1.1843964270219942,1.1843964270219942,1.1843964270219942,0.4236563996800031,1.1843964270219942,0.7024166787890471,1.302719176844289,2
27.7592,101.5552,34.2606,17.1922,19.2427,19.2265,23.8862,59.3814,False,False,False,False,False,False,False,False,False,False,False,False,False,0,False,0.016199999999997772,-4.6434999999999995,-40.1387,-4.659699999999997,-40.1549,-35.4952,20.785133333333334,19.2427,2.6856147272707096,30.4342,21.56445,19.422314515182446,40.1549,20.851366666666667,40.1549,2819.09110784,1745.95730944,273.3409738407316,19.123812673702773,0.11888732629722654,0.11888732629722654,19.372506774093672,-0.1460067740936708,0.1460067740936708,23.60324927272842,0.28295072727157944,0.28295072727157944,48.79669244125581,10.584707558744192,10.584707558744192,10.584707558744192,2.783138096601667,10.584707558744192,0.2643308212561112,1.3194001092849132,1
31.2092,24.7295,37.9771,7.605,16.1873,13.7588,21.489,46.4701,False,False,False,False,False,False,False,False,False,False,False,False,False,0,False,2.4284999999999997,-5.3017,-30.2828,-7.7302,-32.7113,-24.9811,17.145033333333334,16.1873,3.953092190087822,24.476300000000002,18.83815,15.013588589230315,32.7113,17.239266666666666,32.7113,771.7879114,188.06784750000003,1262.0225795011709,16.43299833351382,-0.2456983335138183,0.2456983335138183,14.084222542696235,-0.3254225426962343,0.3254225426962343,21.943873136973053,-0.45487313697305254,0.45487313697305254,49.65834288649294,-3.1882428864929366,3.1882428864929366,3.1882428864929366,1.0535592249190104,3.1882428864929366,0.4869594155675927,1.3364473648192885,3
28.2726,86.4153,41.69,52.7211,18.8426,18.6702,23.9336,60.1178,False,False,False,False,False,False,False,False,False,False,False,False,False,0,False,0.17239999999999966,-5.0909999999999975,-41.2752,-5.263399999999997,-41.4476,-36.184200000000004,20.482133333333334,18.8426,2.990300495490934,30.39105,21.3881,19.967668434997613,41.4476,21.5723,41.4476,2443.18521078,4555.90967283,327.17119223433906,18.96580595348086,-0.12320595348085916,0.12320595348085916,18.80652451859737,-0.1363245185973696,0.1363245185973696,23.846627554477728,0.0869724455222709,0.0869724455222709,48.39148139072429,11.726318609275715,11.726318609275715,11.726318609275715,3.0182053817190537,11.726318609275715,0.2488673188656633,1.3638089622408696,1
17.4922,39.68,34.5857,26.5506,10.8434,10.4393,14.1841,51.656,False,False,False,False,False,False,False,False,False,False,False,False,False,0,False,0.40410000000000146,-3.3407,-40.812599999999996,-3.7448000000000015,-41.2167,-37.4719,11.822266666666666,10.8434,2.0553629176700974,21.7807,12.513750000000002,19.98744411624458,41.2167,21.165133333333333,41.2167,694.090496,1053.527808,440.83154212914764,10.883756219762112,-0.04035621976211168,0.04035621976211168,10.662255644203636,-0.2229556442036369,0.2229556442036369,14.040820416403413,0.14327958359658766,0.14327958359658766,50.215005788746865,1.440994211253134,1.440994211253134,1.440994211253134,0.46189641470386755,1.440994211253134,0.6840429937045623,1.892348780182097,4
21.852,64.5289,34.5926,11.2937,14.1639,13.9786,17.7505,39.2504,False,False,False,False,False,False,False,False,False,False,False,False,False,0,False,0.1852999999999998,-3.586599999999999,-25.0865,-3.7718999999999987,-25.2718,-21.4999,15.297666666666666,14.1639,2.126235533362504,21.28585,15.9572,12.101540269596537,25.2718,13.233666666666666,25.2718,1410.0855227999998,728.7700379299998,338.6389139379543,14.170733473681212,-0.006833473681211899,0.006833473681211899,14.148331236860537,-0.16973123686053704,0.16973123686053704,17.852089997889838,-0.10158999788983891,0.10158999788983891,49.88220253768896,-10.631802537688962,10.631802537688962,10.631802537688962,2.7274893115301375,10.631802537688962,0.26827709388910337,1.187257644276529,4
18.2339,55.7219,24.4936,48.8595,12.3715,12.2858,15.7123,45.9793,False,False,False,False,False,False,False,False,False,False,False,False,False,0,False,0.08569999999999922,-3.3408000000000015,-33.607800000000005,-3.4265000000000008,-33.6935,-30.267000000000003,13.456533333333333,12.3715,1.9540211266343401,21.587225,14.0419,16.339463076322307,33.6935,17.40355,33.6935,1016.0275524099999,2722.5441730499997,327.23034799058394,12.375995982266979,-0.004495982266979226,0.004495982266979226,12.14733445867091,0.13846554132909006,0.13846554132909006,15.551590322432235,0.1607096775677661,0.1607096775677661,49.126230616172634,-3.1469306161726323,3.1469306161726323,3.1469306161726323,0.8626504543341169,3.1469306161726323,0.5368693829124758,1.5608066526352264,4
23.6081,38.436,51.5397,28.3981,20.9822,13.0628,17.4497,57.6559,False,False,False,False,False,False,False,False,False,False,False,False,False,0,False,7.9193999999999996,3.532499999999999,-36.673700000000004,-4.386900000000001,-44.59310000000001,-40.2062,17.1649,17.4497,3.967374115205169,27.28765,19.21595,20.50301543261381,44.59310000000001,22.8853,44.59310000000001,907.4009316,1091.5093716,614.2182812419915,13.80055729686406,7.181642703135939,7.181642703135939,13.230082252567202,-0.16728225256720286,0.16728225256720286,18.17921481417371,-0.7295148141737116,0.7295148141737116,50.222832332116134,7.4330676678838685,7.4330676678838685,7.4330676678838685,3.8778768594401805,7.4330676678838685,0.20500722523667134,1.6341855622651413,4
12.2869,55.9791,39.0557,27.4659,9.2859,10.2734,11.2989,58.2312,False,False,False,False,False,False,False,False,False,False,False,False,False,0,False,-0.9875000000000007,-2.013,-48.9453,-1.0254999999999992,-47.9578,-46.9323,10.286066666666667,10.2734,1.0065597763338914,22.27235,10.78615,23.98665033534278,48.9453,24.64356666666667,48.9453,687.80960379,1537.51636269,219.4908064812034,9.298208658431482,-0.012308658431482655,0.012308658431482655,10.395940923885382,-0.1225409238853814,0.1225409238853814,11.533368103405001,-0.23446810340500157,0.23446810340500157,50.65114985189796,7.580050148102039,7.580050148102039,7.580050148102039,1.9873419584559762,7.580050148102039,0.3347457418356134,2.1975803192836323,4
25.8539,97.7032,34.2355,28.4083,18.1987,18.5238,22.5244,42.8963,False,False,False,False,False,False,False,False,False,False,False,False,False,0,False,-0.3251000000000026,-4.325700000000001,-24.697599999999998,-4.000599999999999,-24.372499999999995,-20.371899999999997,19.748966666666664,18.5238,2.4090859559869036,25.5358,20.5241,11.739629048937902,24.697599999999998,13.015566666666667,24.697599999999998,2526.00876248,2775.58181656,264.61668966659335,18.12799904288105,0.07070095711894808,0.07070095711894808,18.48171743832991,0.04208256167009239,0.04208256167009239,22.35587344200611,0.16852655799388927,0.16852655799388927,48.76480374008676,-5.868503740086766,5.868503740086766,5.868503740086766,1.5374534542174239,5.868503740086766,0.39409589891705427,0.9671751160429217,1
17.8668,47.0833,25.1341,36.193,11.1437,10.8196,14.0121,38.2814,False,False,False,False,False,False,False,False,False,False,False,False,False,0,False,0.3241000000000014,-2.8683999999999994,-27.137699999999995,-3.192500000000001,-27.461799999999997,-24.269299999999998,11.9918,11.1437,1.7571195946776077,18.5642,12.5779,13.222862015716062,27.461799999999997,14.208966666666667,27.461799999999997,841.2279044400001,1704.0858769,379.47204646402304,11.573571125739068,-0.4298711257390675,0.4298711257390675,11.199787739260112,-0.38018773926011207,0.38018773926011207,14.691915921882622,-0.6798159218826214,0.6798159218826214,49.55569288070678,-11.274292880706781,11.274292880706781,11.274292880706781,3.1910419168971456,11.274292880706781,0.2386041513849506,1.4792872952848517,4
9.8693,34.1735,47.1174,41.4493,7.4965,8.2213,9.6744,50.7342,False,False,False,False,False,False,False,False,False,False,False,False,False,0,False,-0.7247999999999992,-2.1779,-43.237700000000004,-1.453100000000001,-42.5129,-41.0598,8.464066666666668,8.2213,1.1090598916800363,19.0316,8.947849999999999,21.154457029981494,43.237700000000004,21.861033333333335,43.237700000000004,337.26852355,1416.46765355,288.7997165055624,7.109012398266008,0.38748760173399255,0.38748760173399255,8.087089909014127,0.13421009098587255,0.13421009098587255,9.207810721797044,0.4665892782029566,0.4665892782029566,51.084309103926344,-0.35010910392634287,0.35010910392634287,0.4665892782029566,0.33459901871229114,0.4665892782029566,0.7492887271600617,2.2718887156683016,4
13.0583,62.9442,42.9019,15.9798,9.9293,11.3912,12.1505,38.707,False,False,False,False,False,False,False,False,False,False,False,False,False,0,False,-1.4619,-2.2211999999999996,-28.777700000000003,-0.7592999999999996,-27.315800000000003,-26.5565,11.156999999999998,11.3912,1.1289683742248937,18.0445,11.77085,13.80580812774102,28.777700000000003,14.5154,28.777700000000003,821.94424686,1005.83572716,207.45831904157663,9.922878144994476,0.0064218550055237245,0.0064218550055237245,11.278720256418147,0.11247974358185253,0.11247974358185253,12.239073574852384,-0.0885735748523846,0.0885735748523846,50.89311213813462,-12.186112138134618,12.186112138134618,12.186112138134618,3.0983968278935947,12.186112138134618,0.24399784647353398,1.5948174818823013,4
15.6952,76.0224,22.3138,52.257,12.0119,20.1057,14.6344,67.6222,False,False,False,False,False,False,False,False,False,False,False,False,False,0,False,-8.093799999999998,-2.6224999999999987,-55.61030000000001,5.471299999999999,-47.51650000000001,-52.98780000000001,15.583999999999998,14.6344,4.12961314532003,28.59355,17.37005,26.236667114873164,55.61030000000001,28.717033333333337,55.61030000000001,1193.1867724800002,3972.7025568,206.45491243963457,12.313411691072767,-0.30151169107276665,0.30151169107276665,12.95108125027711,7.154618749722889,7.154618749722889,14.933613736136447,-0.29921373613644775,0.29921373613644775,48.98645048292817,18.635749517071837,18.635749517071837,18.635749517071837,6.5977734235009855,18.635749517071837,0.13161750742748643,1.9448540160791454,4
31.6492,35.4878,43.8532,18.733,17.3536,15.3904,23.1375,33.0242,False,False,False,False,False,False,False,False,False,False,False,False,False,0,False,1.9632000000000005,-5.783899999999999,-15.6706,-7.7471,-17.6338,-9.886700000000001,18.627166666666668,17.3536,4.027513953213984,22.226425,20.24555,7.914073200897668,17.6338,9.780883333333334,17.6338,1123.16047976,664.7929574,891.8329984296015,17.37830371609561,-0.024703716095608286,0.024703716095608286,15.432248006581949,-0.04184800658194909,0.04184800658194909,23.007749054786718,0.12975094521328145,0.12975094521328145,49.461841450330695,-16.437641450330695,16.437641450330695,16.437641450330695,4.158486029555384,16.437641450330695,0.19385532775906175,0.7933705967691176,3
8.373,78.0065,31.6603,24.9763,8.6715,10.7605,10.2026,45.9541,False,False,False,False,False,False,False,False,False,False,False,False,False,0,False,-2.0890000000000004,-1.5311000000000003,-37.282599999999995,0.5579000000000001,-35.193599999999996,-35.75149999999999,9.878200000000001,10.2026,1.0816222861979132,18.897175,10.48155,18.05955641894802,37.282599999999995,18.734283333333334,37.282599999999995,653.1484244999999,1948.3137459499999,107.33719531869839,8.592922276184328,0.07857772381567152,0.07857772381567152,10.653463368225701,0.10703663177429945,0.10703663177429945,9.952003022647128,0.25059697735287223,0.25059697735287223,50.56529540644692,-4.6111954064469245,4.6111954064469245,4.6111954064469245,1.261851684847442,4.6111954064469245,0.442115637687114,1.9729181886085148,4
29.1671,81.9158,28.8445,36.8917,18.8973,18.0038,23.9664,39.8755,False,False,False,False,False,False,False,False,False,False,False,False,False,0,False,0.8935000000000031,-5.069099999999999,-20.9782,-5.962600000000002,-21.871700000000004,-15.909100000000002,20.289166666666667,18.8973,3.2157610768422047,25.18575,21.43185,10.139042997081464,21.871700000000004,11.780700000000001,21.871700000000004,2389.2463301800003,3022.0131188600003,356.061912834653,18.942206291861574,-0.044906291861572356,0.044906291861572356,18.187871516621463,-0.18407151662146504,0.18407151662146504,23.800048278915696,0.16635172108430396,0.16635172108430396,48.256733406612256,-8.381233406612253,8.381233406612253,8.381233406612253,2.1941407340448986,8.381233406612253,0.31307324356170446,0.8684153267560719,3
20.4699,69.9818,34.8688,27.8474,14.2195,14.1737,17.3693,40.4876,False,False,False,False,False,False,False,False,False,False,False,False,False,0,False,0.04579999999999984,-3.149799999999999,-26.2681,-3.195599999999999,-26.3139,-23.1183,15.254166666666668,14.2195,1.8319023372803833,21.562525,15.7944,12.705069207308554,26.3139,13.681916666666668,26.3139,1432.52044782,1948.8111773200003,292.5031518904697,14.003703442285511,0.2157965577144889,0.2157965577144889,14.283182806800728,-0.10948280680072742,0.10948280680072742,17.492311736567352,-0.12301173656735287,0.12301173656735287,49.59402621263768,-9.106426212637679,9.106426212637679,9.106426212637679,2.388679328430062,9.106426212637679,0.2951002154763605,1.2203528017461769,4
30.9147,51.0044,42.4644,18.3643,17.8293,16.553,23.1521,40.4619,False,False,False,False,False,False,False,False,False,False,False,False,False,0,False,1.276299999999999,-5.322800000000001,-22.6326,-6.5991,-23.9089,-17.3098,19.178133333333335,17.8293,3.50022052495744,24.499075,20.4907,11.018955335957822,23.9089,12.841583333333332,23.9089,1576.78572468,936.66010292,606.1181768400027,17.875473153710324,-0.046173153710324044,0.046173153710324044,16.447193117154008,0.10580688284599304,0.10580688284599304,23.273965835268264,-0.12186583526826311,0.12186583526826311,49.319706195058636,-8.857806195058636,8.857806195058636,8.857806195058636,2.282913016720804,8.857806195058636,0.3046075223153088,0.9759099166356621,3
20.5583,61.5323,30.8158,8.7893,13.3374,13.3175,16.9269,36.3166,False,False,False,False,False,False,False,False,False,False,False,False,False,0,False,0.019899999999999807,-3.5894999999999992,-22.9792,-3.609399999999999,-22.9991,-19.3897,14.527266666666668,13.3374,2.078167246237254,19.974600000000002,15.13215,11.02601232752198,22.9991,12.0978,22.9991,1264.99948309,540.82584439,334.10577304833834,13.34850647773074,-0.011106477730740139,0.011106477730740139,13.304436211476247,0.013063788523753672,0.013063788523753672,16.77981325220217,0.14708674779782882,0.14708674779782882,49.95593803617949,-13.639338036179488,13.639338036179488,13.639338036179488,3.4526487625579527,13.639338036179488,0.22458542169527002,1.1514167235305217,4
15.8896,19.4607,45.5969,8.0754,8.3908,8.3681,11.4267,74.0864,False,False,False,False,False,False,False,False,False,False,False,False,False,0,False,0.022700000000000387,-3.0359,-65.6956,-3.0586,-65.7183,-62.6597,9.3952,8.3908,1.7593672186328813,25.567999999999998,9.908750000000001,32.37748324633443,65.7183,33.365133333333326,65.7183,309.22273872,157.15293678,816.4964176538267,8.793718120740857,-0.402918120740857,0.402918120740857,8.587154398278122,-0.21905439827812145,0.21905439827812145,11.837461017051798,-0.41076101705179724,0.41076101705179724,51.375766065525525,22.710633934474473,22.710633934474473,22.710633934474473,5.935841867636312,22.710633934474473,0.14417860428250986,2.5703330059711336,4
19.2353,48.7693,27.1839,20.7282,12.089,11.6227,15.3121,57.8987,False,False,False,False,False,False,False,False,False,False,False,False,False,0,False,0.4663000000000004,-3.2230999999999987,-45.8097,-3.689399999999999,-46.275999999999996,-42.5866,13.007933333333334,12.089,2.0090412995589046,24.230625,13.70055,22.50524526140147,46.275999999999996,23.675183333333333,46.275999999999996,938.0921162899999,1010.8998042600001,394.41402800244657,12.144266563303795,-0.055266563303794314,0.055266563303794314,11.749685677025512,-0.12698567702551244,0.12698567702551244,15.439883530281628,-0.12778353028162925,0.12778353028162925,49.82509452018162,8.073605479818376,8.073605479818376,8.073605479818376,2.095910312607328,8.073605479818376,0.3230067731380162,1.9098137543650835,4
18.149,40.6311,31.4089,53.4559,3.9127,10.9356,14.7335,61.6319,False,False,False,False,False,False,False,False,False,False,False,False,False,0,False,-7.022900000000001,-10.820799999999998,-57.7192,-3.7978999999999985,-50.6963,-46.8984,9.8606,10.9356,5.489913196945831,22.803425,12.83455,26.270889602926783,57.7192,29.492583333333332,57.7192,737.4138339000001,2171.97201849,446.6774350983765,11.56614140246888,-7.6534414024688795,7.6534414024688795,11.098102682030866,-0.1625026820308655,0.1625026820308655,14.907494095389108,-0.1739940953891086,0.1739940953891086,49.439526365207435,12.192373634792567,12.192373634792567,12.192373634792567,5.045577953670355,12.192373634792567,0.16541015725268848,2.531162520032618,4
30.7478,51.1431,43.5796,43.3897,17.9541,16.5559,23.4592,46.5817,False,False,False,False,False,False,False,False,False,False,False,False,False,0,False,1.3981999999999992,-5.505099999999999,-28.627599999999997,-6.903299999999998,-30.025799999999997,-23.1225,19.323066666666666,17.9541,3.649580801041857,26.137725,20.70665,13.951268740960442,30.025799999999997,15.930416666666664,30.025799999999997,1572.53781018,2219.08376607,601.2109940126833,18.100731213853013,-0.1466312138530128,0.1466312138530128,16.650562891832912,-0.0946628918329111,0.0946628918329111,23.58648814436913,-0.12728814436913183,0.12728814436913183,48.820632254906116,-2.2389322549061177,2.2389322549061177,2.2389322549061177,0.6518786262402934,2.2389322549061177,0.6053713536302717,1.148752942823852,3
24.1614,59.8066,29.9794,21.2834,15.3065,14.6956,19.4732,54.2948,False,False,False,False,False,False,False,False,False,False,False,False,False,0,False,0.6108999999999991,-4.166699999999999,-38.9883,-4.777599999999998,-39.5992,-34.821600000000004,16.491766666666667,15.3065,2.6000015852559257,25.942525,17.38985,19.020357632350134,39.5992,20.49405,39.5992,1445.01118524,1272.8877904400001,403.9921339798393,15.132119781164334,0.17438021883566535,0.17438021883566535,14.48394422575445,0.21165577424554982,0.21165577424554982,19.22374889543545,0.24945110456454955,0.24945110456454955,49.33977990900989,4.955020090990111,4.955020090990111,4.955020090990111,1.3976267971589689,4.955020090990111,0.4170790888660965,1.5264198352242757,4
14.1881,60.8325,37.1535,41.5068,11.1654,11.9085,13.8926,32.8292,False,False,False,False,False,False,False,False,False,False,False,False,False,0,False,-0.7431000000000001,-2.7272,-21.663800000000002,-1.9840999999999998,-20.9207,-18.9366,12.322166666666668,11.9085,1.4098741232228262,17.448925000000003,12.900549999999999,10.317934260104265,21.663800000000002,11.162583333333332,21.663800000000002,863.09759325,2524.962411,233.23219771796363,10.643688629039001,0.5217113709609986,0.5217113709609986,11.524206535407366,0.38429346459263414,0.38429346459263414,13.209260450128422,0.6833395498715777,0.6833395498715777,50.04775850496372,-17.218558504963717,17.218558504963717,17.218558504963717,4.701975722597232,17.218558504963717,0.17537780738647255,1.241554283972059,4
12.4416,18.6756,38.7164,37.5457,7.2086,7.2314,9.6382,80.5135,False,False,False,False,False,False,False,False,False,False,False,False,False,0,False,-0.022800000000000153,-2.4295999999999998,-73.30489999999999,-2.4067999999999996,-73.2821,-70.8753,8.026066666666667,7.2314,1.396194962508221,26.147924999999997,8.4348,36.2616404950994,73.30489999999999,37.05358333333333,73.30489999999999,232.35434496,701.1884749199999,666.195106880043,7.432198693802139,-0.22359869380213926,0.22359869380213926,7.359515287040275,-0.1281152870402753,0.1281152870402753,9.951374357290888,-0.3131743572908885,0.3131743572908885,50.80850636991258,29.704993630087415,29.704993630087415,29.704993630087415,7.592470492055179,29.704993630087415,0.11638096411557373,2.8034680367684865,4
31.1611,31.5237,42.6012,33.9683,17.1963,15.0119,22.7454,,True,False,False,False,False,False,False,False,False,False,False,False,False,1,True,2.1844,-5.549099999999999,,-7.733499999999999,,,18.31786666666667,17.1963,3.9868771492652404,18.31786666666667,17.1963,3.9868771492652404,7.733499999999999,5.155666666666666,7.733499999999999,982.3131680700001,1070.8064987100001,988.4972295456341,17.103473893512238,0.09282610648776313,0.09282610648776313,15.017095495880989,-0.005195495880988332,0.005195495880988332,22.724646440366463,0.020753559633536867,0.020753559633536867,49.169659201650596,,,0.09282610648776313,0.03959172066742944,0.09282610648776313,0.9619160869788275,0.42218321155490535,3
14.7553,71.7787,35.4516,36.6047,11.449,12.6512,14.0301,53.4391,False,False,False,False,False,False,False,False,False,False,False,False,False,0,False,-1.2021999999999995,-2.5810999999999993,-41.990100000000005,-1.3788999999999998,-40.78790000000001,-39.409000000000006,12.710099999999999,12.6512,1.291557668089195,22.89235,13.34065,20.391786117372522,41.990100000000005,21.224866666666667,41.990100000000005,1059.11625211,2627.43777989,205.56652522732713,11.460217026413455,-0.01121702641345479,0.01121702641345479,12.552804447939138,0.09839555206086104,0.09839555206086104,14.018692406544648,0.011407593455350806,0.011407593455350806,49.925129992508616,3.5139700074913875,3.5139700074913875,3.5139700074913875,0.9087475448552635,3.5139700074913875,0.5239037518059142,1.8342407685358786,4
18.4463,56.7764,23.0633,12.8259,11.8108,11.7818,14.6466,34.3554,False,False,False,False,False,False,False,False,False,False,False,False,False,0,False,0.028999999999999915,-2.835799999999999,-22.544600000000003,-2.864799999999999,-22.573600000000003,-19.708800000000004,12.7464,11.8108,1.645685352672253,18.14865,13.2287,10.887733484829003,22.573600000000003,11.759433333333334,22.573600000000003,1047.31450732,728.2084287600001,324.893736676905,12.107710071589398,-0.296910071589398,0.296910071589398,11.956883997030792,-0.17508399703079114,0.17508399703079114,15.14740662694535,-0.5008066269453497,0.5008066269453497,49.839910808560305,-15.484510808560302,15.484510808560302,15.484510808560302,4.11432787603146,15.484510808560302,0.19552911433123937,1.2438163478736173,4
28.9197,27.591,41.9035,37.8014,15.9737,14.1276,21.1828,66.5722,False,False,False,False,False,False,False,False,False,False,False,False,False,0,False,1.8460999999999999,-5.209100000000001,-50.598499999999994,-7.055200000000001,-52.444599999999994,-45.389399999999995,17.0947,15.9737,3.6587487628969555,29.464074999999998,18.57825,24.918467981984097,52.444599999999994,27.090483333333328,52.444599999999994,797.9234427,1042.9784274,1048.156627829137,15.853288730981053,0.1204112690189465,0.1204112690189465,13.918677013783594,0.2089229862164057,0.2089229862164057,21.12892243135372,0.053877568646282015,0.053877568646282015,49.30866879580741,17.26353120419259,17.26353120419259,17.26353120419259,4.411685757018556,17.26353120419259,0.18478530441333813,1.7799500646295312,3
21.058,68.7623,28.9605,26.7195,14.1566,14.0598,17.9396,38.7286,False,False,False,False,False,False,False,False,False,False,False,False,False,0,False,0.0968,-3.7829999999999995,-24.572000000000003,-3.8797999999999995,-24.6688,-20.789,15.385333333333334,14.1566,2.2125892554501236,21.22115,16.048099999999998,11.810619182611328,24.6688,12.9649,24.6688,1447.9965134,1837.29427485,306.2433475547869,14.197552456294265,-0.04095245629426536,0.04095245629426536,14.184379508652503,-0.12457950865250389,0.12457950865250389,17.726046931349536,0.2135530686504623,0.2135530686504623,49.37090556226119,-10.642305562261193,10.642305562261193,10.642305562261193,2.755347648964606,10.642305562261193,0.2662869309252132,1.1624623724622027,4
17.1442,103.7046,38.9918,21.6489,14.2967,16.3271,17.2076,33.04,False,False,False,False,False,False,False,False,False,False,False,False,False,0,False,-2.030400000000002,-2.9109,-18.743299999999998,-0.8804999999999978,-16.712899999999998,-15.8324,15.943800000000001,16.3271,1.4928241256089079,20.21785,16.76735,8.634564041687339,18.743299999999998,9.518399999999998,18.743299999999998,1777.93240332,2245.09051494,165.31762667059834,14.198860252739005,0.09783974726099487,0.09783974726099487,16.073407042706528,0.25369295729347385,0.25369295729347385,16.946239785133127,0.26136021486687255,0.26136021486687255,49.813237103491126,-16.773237103491127,16.773237103491127,16.773237103491127,4.346532505728117,16.773237103491127,0.1870371121710435,0.9270664649967899,2
10.2715,99.3761,29.1666,35.7966,10.8652,13.1476,12.3766,44.9502,False,False,False,False,False,False,False,False,False,False,False,False,False,0,False,-2.282400000000001,-1.5114,-34.085,0.7710000000000008,-31.8026,-32.5736,12.129799999999998,12.3766,1.1610426865537722,20.334899999999998,12.7621,16.43755894651028,34.085,17.171,34.085,1020.7416111499999,3557.3265012599995,103.35985177926567,10.809889814449509,0.05531018555049094,0.05531018555049094,13.135732792726722,0.011867207273278169,0.011867207273278169,12.382169662346026,-0.005569662346026405,0.005569662346026405,49.832770066499606,-4.8825700664996035,4.8825700664996035,4.8825700664996035,1.2388292804173497,4.8825700664996035,0.4466620160576003,1.676181502647418,2
21.6849,99.1059,37.2354,56.2871,16.3468,17.5527,19.8958,75.1837,False,False,False,False,False,False,False,False,False,False,False,False,False,0,False,-1.2058999999999997,-3.5489999999999995,-58.8369,-2.3430999999999997,-57.631,-55.2879,17.931766666666668,17.5527,1.8046104575041484,32.24475,18.72425,28.663863083506385,58.8369,29.808966666666667,58.8369,2149.10153091,5578.38370389,218.80531645388248,16.535506861006645,-0.18870686100664358,0.18870686100664358,17.49298397614635,0.059716023853653155,0.059716023853653155,20.200905665185772,-0.30510566518577065,0.30510566518577065,48.62172310254642,26.561976897453583,26.561976897453583,26.561976897453583,6.778876361874913,26.561976897453583,0.12855327086841292,1.8246964778153099,2
12.9334,15.2952,32.5392,39.5942,7.6572,7.2149,10.2342,59.5475,False,False,False,False,False,False,False,False,False,False,False,False,False,0,False,0.44229999999999947,-2.577,-51.890299999999996,-3.0192999999999994,-52.3326,-49.3133,8.368766666666666,7.6572,1.6305791803323544,21.163449999999997,8.945699999999999,25.62397728775401,52.3326,26.595799999999997,52.3326,197.81893968,605.60120784,845.5849903335752,7.497700479061642,0.15949952093835762,0.15949952093835762,7.062571726639018,0.15232827336098165,0.15232827336098165,10.063723576199354,0.1704764238006451,0.1704764238006451,50.53820738790023,9.00929261209977,9.00929261209977,9.00929261209977,2.3728992075499384,9.00929261209977,0.296480842878906,2.4727809157859824,4
22.2869,17.8971,31.6443,8.5715,11.595,10.1133,15.6096,37.8492,False,False,False,False,False,False,False,False,False,False,False,False,False,0,False,1.4817,-4.0146,-26.254200000000004,-5.4963,-27.7359,-22.239600000000003,12.439300000000001,11.595,2.8437581279004727,18.791775,13.6023,12.915380805942194,27.7359,14.537049999999999,27.7359,398.87087798999994,153.40499265,1245.2792657585499,11.769290030935194,-0.17429003093519313,0.17429003093519313,10.224541618217389,-0.1112416182173881,0.1112416182173881,15.75601786346987,-0.1464178634698694,0.1464178634698694,50.306160746102414,-12.45696074610241,12.45696074610241,12.45696074610241,3.2222275646812153,12.45696074610241,0.23684180558266557,1.4759587766675704,4
19.2836,88.3661,34.5776,29.6362,14.6148,15.6203,17.6864,63.2426,False,False,False,False,False,False,False,False,False,False,False,False,False,0,False,-1.0054999999999996,-3.0715999999999983,-48.6278,-2.0660999999999987,-47.6223,-45.556200000000004,15.973833333333333,15.6203,1.5660207544388838,27.791025,16.65335,23.668946383024743,48.6278,24.65825,48.6278,1704.01652596,2618.83541282,218.22393222922224,14.469050099105688,0.1457499008943124,0.1457499008943124,15.438745771925989,0.18155422807401145,0.18155422807401145,17.65422289709135,0.032177102908647726,0.032177102908647726,49.45301530115022,13.789584698849787,13.789584698849787,13.789584698849787,3.5372664826816895,13.789584698849787,0.22039701741497972,1.7497657068187638,2
17.6549,68.982,18.0,22.2576,12.4869,12.6826,15.3412,36.2488,False,False,False,False,False,False,False,False,False,False,False,False,False,0,False,-0.19570000000000043,-2.8543000000000003,-23.761900000000004,-2.6586,-23.566200000000002,-20.907600000000002,13.503566666666666,12.6826,1.594442480409166,19.189875,14.0119,11.446887833053141,23.761900000000004,12.324050000000002,23.761900000000004,1217.8703118,1535.3737632,255.93484446162122,12.505686299332954,-0.018786299332953504,0.018786299332953504,12.637287952148414,0.04531204785158671,0.04531204785158671,15.326958816094251,0.014241183905749466,0.014241183905749466,49.39383990949337,-13.14503990949337,13.14503990949337,13.14503990949337,3.305844860145915,13.14503990949337,0.23224245937326046,1.2382512974934454,4
22.4912,79.1664,32.2276,32.3848,14.9495,15.17,18.2547,47.7372,False,False,False,False,False,False,False,False,False,False,False,False,False,0,False,-0.22049999999999947,-3.3051999999999992,-32.7877,-3.0846999999999998,-32.5672,-29.4825,16.124733333333335,15.17,1.8478970651346716,24.02785,16.71235,15.878082206719215,32.7877,16.907966666666667,32.7877,1780.5473356799998,2563.78803072,284.1002895040965,15.532470477433527,-0.5829704774335269,0.5829704774335269,15.715696900133802,-0.5456969001338017,0.5456969001338017,19.29883055914265,-1.0441305591426513,1.0441305591426513,49.11620481446103,-1.3790048144610267,1.3790048144610267,1.3790048144610267,0.8879506877927517,1.3790048144610267,0.529674851396211,1.3645701281762088,4
25.7853,107.8744,42.3302,30.393,18.8495,19.658,23.141,55.7069,False,False,False,False,False,False,False,False,False,False,False,False,False,0,False,-0.8085000000000022,-4.291499999999999,-36.8574,-3.482999999999997,-36.048899999999996,-32.5659,20.5495,19.658,2.2804215070903,29.33885,21.3995,17.677035248875868,36.8574,19.009199999999996,36.8574,2781.57376632,3278.6266391999998,239.03073954239935,18.69122132640349,0.15827867359650938,0.15827867359650938,19.596992135675137,0.06100786432486416,0.06100786432486416,22.940410584975798,0.2005894150242007,0.2005894150242007,48.90082748007757,6.806072519922431,6.806072519922431,6.806072519922431,1.8064871182170013,6.806072519922431,0.3563173311963439,1.2562655808712404,1
27.0115,19.8225,30.4787,8.767,14.3092,12.2228,19.1565,43.2094,False,False,False,False,False,False,False,False,False,False,False,False,False,0,False,2.086400000000001,-4.847300000000001,-28.9002,-6.933700000000002,-30.986600000000003,-24.0529,15.229500000000002,14.3092,3.557283091068239,22.224475,16.73285,14.28827758441047,30.986600000000003,16.30118333333333,30.986600000000003,535.4354587500001,173.7838575,1362.6679971406245,14.147524258177297,0.1616757418227035,0.1616757418227035,11.986156357402093,0.23664364259790638,0.23664364259790638,18.907124786597883,0.24937521340211788,0.24937521340211788,49.80729862176952,-6.597898621769517,6.597898621769517,6.597898621769517,1.811398304898061,6.597898621769517,0.3556948861560401,1.3942550299815721,3
21.3849,49.8346,40.9968,7.0434,13.0234,12.6558,16.9012,45.477,False,False,False,False,False,False,False,False,False,False,False,False,False,0,False,0.36760000000000126,-3.877799999999999,-32.453599999999994,-4.2454,-32.8212,-28.575799999999997,14.193466666666666,13.0234,2.3521580077310564,22.01435,14.962299999999999,15.75922891461804,32.8212,17.056900000000002,32.8212,1065.7079375399999,351.00502164,429.1174346503363,13.09358293084511,-0.07018293084511029,0.07018293084511029,12.908690636497456,-0.25289063649745636,0.25289063649745636,16.83172069480103,0.06947930519896772,0.06947930519896772,50.40338264602192,-4.926382646021921,4.926382646021921,4.926382646021921,1.3297338796408638,4.926382646021921,0.4292335741600467,1.4908995764582753,4
25.8889,64.2977,19.4549,21.4721,15.9859,15.0523,29.8671,25.7966,False,False,False,False,False,False,False,False,False,False,False,False,False,0,False,0.9336000000000002,-13.8812,-9.8107,-14.8148,-10.7443,4.070499999999999,20.30176666666667,15.9859,8.296963515246608,21.675475000000002,20.89125,7.310360277658459,14.8148,9.042516666666666,14.8148,1664.5967255300002,1380.6066441700002,402.64108939494105,16.198136119864117,-0.21223611986411584,0.21223611986411584,15.12721157886652,-0.07491157886651933,0.07491157886651933,20.44529237198763,9.42180762801237,9.42180762801237,48.75910518545648,-22.962505185456475,22.962505185456475,22.962505185456475,8.16786512804987,22.962505185456475,0.10907664827446187,0.6834818228980805,3
15.3119,79.2943,26.7302,8.6535,11.6835,12.8236,13.7694,48.9846,False,False,False,False,False,False,False,False,False,False,False,False,False,0,False,-1.1401000000000003,-2.0858999999999988,-37.3011,-0.9457999999999984,-36.161,-35.2152,12.758833333333333,12.8236,1.0444571524640598,21.815275,13.2965,18.1329479992223,37.3011,18.808183333333332,37.3011,1214.1463921700001,686.17322505,193.10212800893277,11.799646752578557,-0.11614675257855644,0.11614675257855644,12.865254895306737,-0.041654895306736606,0.041654895306736606,14.199934647992308,-0.43053464799230845,0.43053464799230845,50.102782145427,-1.1181821454269993,1.1181821454269993,1.1181821454269993,0.4266296103261502,1.1181821454269993,0.7009527860363028,1.709860769639269,4
15.1884,71.8888,38.7611,15.9947,11.6315,12.6786,14.3525,73.3601,False,False,False,False,False,False,False,False,False,False,False,False,False,0,False,-1.0470999999999986,-2.7209999999999983,-61.7286,-1.6738999999999997,-60.6815,-59.007600000000004,12.887533333333332,12.6786,1.372479545688507,28.005675,13.51555,30.25704264931555,61.7286,31.143283333333333,61.7286,1091.87584992,1149.83978936,211.27627512543327,11.435075893763507,0.19642410623649376,0.19642410623649376,12.641898664368567,0.03670133563143274,0.03670133563143274,14.014225028934886,0.33827497106511295,0.33827497106511295,50.45505037452673,22.905049625473275,22.905049625473275,22.905049625473275,5.869112509601578,22.905049625473275,0.14557921399630736,2.204145336919986,4
8.8571,87.1286,18.0,17.6708,9.0364,10.8602,10.0128,70.0394,False,False,False,False,False,False,False,False,False,False,False,False,False,0,False,-1.8238000000000003,-0.9763999999999999,-61.003,0.8474000000000004,-59.1792,-60.0266,9.9698,10.0128,0.9126600462384667,24.9872,10.4365,30.044042836254025,61.003,30.642733333333336,61.003,771.7067230600002,1539.6320648800001,101.65547229549513,9.223767360009791,-0.18736736000979093,0.18736736000979093,11.09533256764327,-0.2351325676432694,0.2351325676432694,10.437770650915333,-0.42497065091533237,0.42497065091533237,50.10334433250598,19.936055667494017,19.936055667494017,19.936055667494017,5.195881561515602,19.936055667494017,0.16139753319548375,2.441369004382642,2
13.266,83.9721,38.084,37.6982,2.2307,13.2155,13.7599,62.2599,False,False,False,False,False,False,False,False,False,False,False,False,False,0,False,-10.9848,-11.5292,-60.0292,-0.5443999999999996,-49.0444,-48.5,9.735366666666666,13.2155,6.504929605563256,22.866500000000002,13.4877,26.793955597982666,60.0292,30.105333333333334,60.0292,1113.9738786,3165.59702022,157.98102489028798,11.433972239060463,-9.203272239060462,9.203272239060462,13.165927775344118,0.049572224655882735,0.049572224655882735,13.701978815734082,0.05792118426591841,0.05792118426591841,49.99717694188024,12.26272305811976,12.26272305811976,12.26272305811976,5.3933721765255065,12.26272305811976,0.15641197984245184,2.6252016595448975,4
27.9046,55.7218,18.2324,29.9988,16.6567,15.1526,21.3154,66.3078,False,False,False,False,False,False,False,False,False,False,False,False,False,0,False,1.504100000000001,-4.6587,-49.6511,-6.162800000000001,-51.1552,-44.9924,17.708233333333336,16.6567,3.2131476348486285,29.858125,18.98605,24.4409972899873,51.1552,26.35405,51.1552,1554.89454028,1671.58713384,500.7841633285063,16.792985270987682,-0.13628527098768117,0.13628527098768117,15.130310467983493,0.022289532016506186,0.022289532016506186,21.452862882118154,-0.13746288211815383,0.13746288211815383,48.436795262361365,17.871004737638636,17.871004737638636,17.871004737638636,4.541760605690245,17.871004737638636,0.1804480689716561,1.71327512585766,3
29.9543,57.0808,34.5208,8.0607,17.8131,16.3751,22.8791,57.4385,False,False,False,False,False,False,False,False,False,False,False,False,False,0,False,1.4379999999999988,-5.0660000000000025,-39.6254,-6.504000000000001,-41.0634,-34.5594,19.022433333333332,17.8131,3.4164849382564735,28.62645,20.3461,19.40953693651654,41.0634,21.376033333333336,41.0634,1709.8154074400002,460.1112045600001,524.770058448715,17.616208062001974,0.19689193799802496,0.19689193799802496,16.288455990242383,0.08664400975761666,0.08664400975761666,22.69138459537326,0.18771540462673997,0.18771540462673997,49.289985026481524,8.148514973518473,8.148514973518473,8.148514973518473,2.1549415814752138,8.148514973518473,0.31696307971966053,1.4344560941171212,3
22.5729,70.2702,32.0218,35.5626,15.1305,15.0361,18.9293,63.9696,False,False,False,False,False,False,False,False,False,False,False,False,False,0,False,0.09440000000000026,-3.7988000000000017,-48.8391,-3.893200000000002,-48.9335,-45.0403,16.3653,15.1305,2.2209907338843187,28.266375,17.0299,23.871130636171525,48.9335,25.099883333333334,48.9335,1586.20219758,2498.99101452,321.2300062857362,15.117991317495171,0.012508682504828172,0.012508682504828172,15.009670688305752,0.02642931169424756,0.02642931169424756,18.961560243141832,-0.03226024314183107,0.03226024314183107,49.12817256546961,14.841427434530388,14.841427434530388,14.841427434530388,3.7281564179678237,14.841427434530388,0.21149892507782198,1.7311552220066344,4
17.8631,28.0256,37.8335,24.0583,10.3804,9.9369,13.4418,45.0497,False,False,False,False,False,False,False,False,False,False,False,False,False,0,False,0.4435000000000002,-3.061400000000001,-34.6693,-3.504900000000001,-35.1128,-31.6079,11.253033333333335,10.3804,1.90845427069483,19.7022,11.911100000000001,16.970026554094332,35.1128,18.066633333333332,35.1128,500.62409536,674.24829248,637.3848776172936,10.393702567267825,-0.013302567267825083,0.013302567267825083,9.884337527243796,0.05256247275620396,0.05256247275620396,13.705209750999025,-0.2634097509990241,0.2634097509990241,50.476793986837265,-5.427093986837264,5.427093986837264,5.427093986837264,1.4390921944650792,5.427093986837264,0.40998860242726964,1.7821757051620097,4
23.6417,78.9457,29.811,36.3288,15.8612,15.8629,19.7284,46.3918,False,False,False,False,False,False,False,False,False,False,False,False,False,0,False,-0.0016999999999995907,-3.8672000000000004,-30.530600000000003,-3.865500000000001,-30.528900000000004,-26.663400000000003,17.150833333333335,15.8629,2.232238375114391,24.461075,17.795650000000002,14.733650543653464,30.530600000000003,15.909550000000001,30.530600000000003,1866.4105556900001,2868.0025461600003,299.46782415409274,16.116708746435627,-0.25550874643562693,0.25550874643562693,16.05117205896233,-0.18827205896232968,0.18827205896232968,20.069372091017485,-0.34097209101748405,0.34097209101748405,48.84141301034155,-2.449613010341544,2.449613010341544,2.449613010341544,0.8085914766892461,2.449613010341544,0.5529164617266528,1.2481294268017957,4
23.5221,42.8011,25.1528,20.0814,13.8833,12.4467,17.9983,60.1067,False,False,False,False,False,False,False,False,False,False,False,False,False,0,False,1.4366000000000003,-4.115,-46.2234,-5.5516000000000005,-47.66,-42.108399999999996,14.7761,13.8833,2.8814726304443705,26.10875,15.9408,22.78708143744316,47.66,24.515833333333333,47.66,1006.7717543099999,859.5060095399999,549.5675228983547,13.86511839795407,0.01818160204592978,0.01818160204592978,12.655256546996,-0.20855654699600024,0.20855654699600024,17.893772708138897,0.10452729186110332,0.10452729186110332,49.44038657009047,10.666313429909529,10.666313429909529,10.666313429909529,2.7493947177031406,10.666313429909529,0.26670971591185116,1.8254409631096995,4
30.2423,98.8025,43.3388,15.5553,20.1578,20.141,25.167,47.3509,False,False,False,False,False,False,False,False,False,False,False,False,False,0,False,0.01680000000000348,-5.0092,-27.1931,-5.026000000000003,-27.209900000000005,-22.1839,21.821933333333334,20.1578,2.8969248891425092,28.204175,22.6624,12.981787908803884,27.209900000000005,14.439816666666667,27.209900000000005,2988.01484575,1536.90252825,306.08837771429086,20.158763422471875,-0.0009634224718730877,0.0009634224718730877,20.274219122169058,-0.1332191221690593,0.1332191221690593,25.16030377126747,0.0066962287325331715,0.0066962287325331715,48.954014616433646,-1.6031146164336434,1.6031146164336434,1.6031146164336434,0.43599834745177724,1.6031146164336434,0.6963796314769655,0.9647468983769609,1
25.5181,41.4926,31.1854,32.5279,15.1001,13.589,19.881,38.7659,False,False,False,False,False,False,False,False,False,False,False,False,False,0,False,1.511099999999999,-4.780900000000001,-23.665800000000004,-6.292,-25.176900000000003,-18.884900000000002,16.190033333333332,15.1001,3.284552024756699,21.834,17.49055,11.60213889504862,25.176900000000003,13.385266666666668,25.176900000000003,1058.81231606,1349.66714354,615.0034909830931,14.908146526661728,0.1919534733382715,0.1919534733382715,13.533809875523701,0.05519012447629912,0.05519012447629912,19.395480279393098,0.4855197206069022,0.4855197206069022,49.209051395931354,-10.443151395931352,10.443151395931352,10.443151395931352,2.793953678588206,10.443151395931352,0.2635772823594717,1.1531047205712557,3
9.4712,109.8657,19.471,23.7437,10.8498,13.3049,11.9584,71.8086,False,False,False,False,False,False,False,False,False,False,False,False,False,0,False,-2.4551,-1.1085999999999991,-60.9588,1.3465000000000007,-58.503699999999995,-59.8502,12.0377,11.9584,1.2294695482198816,26.980424999999997,12.63165,29.90230512768483,60.9588,30.703816666666665,60.9588,1040.56001784,2608.61822109,86.20706132969056,10.848068531492432,0.0017314685075682235,0.0017314685075682235,13.33580960131289,-0.030909601312890445,0.030909601312890445,12.072460327525127,-0.11406032752512729,0.11406032752512729,49.71746481125838,22.091135188741617,22.091135188741617,22.091135188741617,5.559459146521801,22.091135188741617,0.15245159359369698,2.2593705401710538,2
10.8096,60.4465,51.1121,18.1745,8.4859,10.3638,10.0525,49.4543,False,False,False,False,False,False,False,False,False,False,False,False,False,0,False,-1.8778999999999986,-1.5665999999999993,-40.9684,0.31129999999999924,-39.090500000000006,-39.4018,9.634066666666667,10.0525,1.0064501693245085,19.589125000000003,10.20815,19.927068030926343,40.9684,20.536083333333334,40.9684,653.4024863999999,1098.5849142499999,178.8291830247933,8.741355575064816,-0.25545557506481487,0.25545557506481487,10.570625972738968,-0.20682597273896874,0.20682597273896874,10.788369609276689,-0.7358696092766888,0.7358696092766888,51.36602307249974,-1.9117230724997398,1.9117230724997398,1.9117230724997398,0.777468557395053,1.9117230724997398,0.5625978562824974,2.0913838206740625,4
9.4822,31.9074,19.7147,20.1489,6.807,7.0154,8.5534,57.7914,False,False,False,False,False,False,False,False,False,False,False,False,False,0,False,-0.20839999999999925,-1.7463999999999995,-50.9844,-1.5380000000000003,-50.776,-49.238,7.4586,7.0154,0.9538332768361564,20.041800000000002,7.7844,25.178447547588526,50.9844,25.74853333333333,50.9844,302.55234828,642.89901186,297.17861775681575,6.507637725113448,0.2993622748865521,0.2993622748865521,6.702150794388482,0.3132492056115179,0.3132492056115179,8.179896959035243,0.3735030409647564,0.3735030409647564,50.65229947394687,7.139100526053134,7.139100526053134,7.139100526053134,2.0313037618789904,7.139100526053134,0.32989105630909715,2.5439019729255987,4
31.8671,88.8569,30.5366,41.2199,20.6748,19.8194,26.0335,56.0319,False,False,False,False,False,False,False,False,False,False,False,False,False,0,False,0.8553999999999995,-5.358699999999999,-35.3571,-6.214099999999998,-36.2125,-29.9984,22.175900000000002,20.6748,3.3680462600742285,30.639900000000004,23.35415,17.149917620987765,36.2125,18.99936666666667,36.2125,2831.6117179899998,3662.67253231,358.63389802773924,20.676929667617756,-0.0021296676177549045,0.0021296676177549045,19.801633494193,0.01776650580700334,0.01776650580700334,25.984301947692867,0.049198052307133366,0.049198052307133366,47.89788962069395,8.134010379306048,8.134010379306048,8.134010379306048,2.050776151259485,8.134010379306048,0.32778543898973356,1.181873575999407,1
19.0343,99.0386,36.3031,15.1434,14.7003,15.9507,17.6891,28.0867,False,False,False,False,False,False,False,False,False,False,False,False,False,0,False,-1.250399999999999,-2.9887999999999995,-13.3864,-1.7384000000000004,-12.136000000000001,-10.3976,16.113366666666668,15.9507,1.5010252140898008,19.1067,16.8199,6.110828823217573,13.3864,6.9829333333333325,13.3864,1885.1304239800002,1499.78113524,192.1907021918018,14.769159068797855,-0.0688590687978543,0.0688590687978543,16.18957063260811,-0.23887063260811026,0.23887063260811026,17.807025515823998,-0.11792551582399824,0.11792551582399824,49.740003350038435,-21.653303350038435,21.653303350038435,21.653303350038435,5.519739641817099,21.653303350038435,0.1533803579495841,0.700612507333811,2
31.2031,56.1702,38.3074,25.3805,18.4606,16.8161,,45.1049,True,False,False,False,False,False,False,False,False,False,False,False,False,1,True,1.6445000000000007,,-26.6443,,-28.288800000000002,,17.63835,17.63835,1.162837101661278,26.793866666666663,18.4606,15.879123129547594,28.288800000000002,18.8592,28.288800000000002,1752.68436762,1425.6277611,555.5097622031321,18.376583611100514,0.08401638889948515,0.08401638889948515,16.912092566861098,-0.09599256686109925,0.09599256686109925,23.779229692157877,,,48.93641533343829,-3.83151533343829,3.83151533343829,3.83151533343829,1.3371747630662913,3.83151533343829,0.4278670195326066,1.055793469229226,3
27.2126,65.3667,41.2269,58.2999,17.458,16.772,22.0848,54.2976,False,False,False,False,False,False,False,False,False,False,False,False,False,0,False,0.6859999999999999,-4.626800000000003,-36.839600000000004,-5.312800000000003,-37.525600000000004,-32.2128,18.7716,17.458,2.8897438779241336,27.653100000000002,19.7714,17.919019191536872,37.525600000000004,19.533933333333334,37.525600000000004,1778.7978604199998,3810.8720733299997,416.30671025052357,17.35970570585203,0.0982942941479692,0.0982942941479692,16.686830206564657,0.08516979343534103,0.08516979343534103,22.204316111744838,-0.11951611174483645,0.11951611174483645,48.57820437796585,5.719395622034156,5.719395622034156,5.719395622034156,1.5055939553405757,5.719395622034156,0.39910696538381213,1.3570119237944667,3
11.6948,29.2545,30.4575,44.9411,7.7985,7.861,10.2782,33.2364,False,False,False,False,False,False,False,False,False,False,False,False,False,0,False,-0.0625,-2.4797000000000002,-25.437900000000003,-2.4172000000000002,-25.375400000000003,-22.958200000000005,8.6459,7.861,1.413958638008906,14.793525,9.0696,12.34933298802679,25.437900000000003,13.12181666666667,25.437900000000003,342.1255266,1314.72940995,399.7605839236412,7.733276760744299,0.06522323925570106,0.06522323925570106,7.797670029213711,0.0633299707862891,0.0633299707862891,10.009281075498304,0.26891892450169586,0.26891892450169586,50.30878275814088,-17.072382758140876,17.072382758140876,17.072382758140876,4.367463723171141,17.072382758140876,0.18630773333092823,1.7195281587531313,4
21.4091,106.9215,33.4044,41.3117,16.4731,17.6444,20.1669,52.7348,False,False,False,False,False,False,False,False,False,False,False,False,False,0,False,-1.1713000000000022,-3.6937999999999995,-36.261700000000005,-2.5224999999999973,-35.0904,-32.5679,18.0948,17.6444,1.8876399895107112,26.7548,18.90565,17.388440312077062,36.261700000000005,18.551266666666667,36.261700000000005,2289.09308565,4417.10893155,200.23192713982434,16.6517484964098,-0.17864849640980296,0.17864849640980296,17.810299519681145,-0.16589951968114391,0.16589951968114391,20.12223411092868,0.04466588907131808,0.04466588907131808,48.757803653444164,3.9769963465558362,3.9769963465558362,3.9769963465558362,1.0915525629295253,3.9769963465558362,0.47811373126542595,1.3553338633314909,2
26.8977,53.7919,36.2464,6.1602,16.2587,15.1159,21.0038,,True,False,False,False,False,False,False,False,False,False,False,False,False,1,True,1.1428000000000011,-4.745099999999997,,-5.887899999999998,,,17.459466666666668,16.2587,3.12221428530031,17.459466666666668,16.2587,3.12221428530031,5.887899999999998,3.9252666666666656,5.887899999999998,1446.87838863,331.36886238,500.03243982227065,15.945150352226513,0.31354964777348826,0.31354964777348826,14.991353813108306,0.12454618689169372,0.12454618689169372,20.53504741110995,0.4687525888900481,0.4687525888900481,49.70818597735938,,,0.4687525888900481,0.3022828078517434,0.4687525888900481,0.7678823631631967,0.3372323301786631,3
17.9833,30.1194,35.4344,48.3623,10.9072,10.3113,14.3367,43.036,False,False,False,False,False,False,False,False,False,False,False,False,False,0,False,0.5959000000000003,-3.429500000000001,-32.1288,-4.025400000000001,-32.7247,-28.6993,11.851733333333334,10.9072,2.172571909818714,19.6478,12.62195,15.692715964846027,32.7247,16.933933333333332,32.7247,541.64620602,1456.6434586199998,597.0668084135779,10.851489319548163,0.05571068045183658,0.05571068045183658,10.2342530457714,0.07704695422859942,0.07704695422859942,14.247451224736505,0.08924877526349562,0.08924877526349562,49.82270639312309,-6.78670639312309,6.78670639312309,6.78670639312309,1.7521782007667555,6.78670639312309,0.36334856504618795,1.6655647626885641,4
18.5243,67.6262,18.4807,35.1027,13.309,13.2316,27.0815,57.4387,False,False,False,False,False,False,False,False,False,False,False,False,False,0,False,0.07739999999999903,-13.772499999999999,-44.1297,-13.849899999999998,-44.2071,-30.3572,17.874033333333333,13.309,7.97399394929124,27.7652,20.195249999999998,20.8261958067238,44.2071,24.398966666666666,44.2071,1252.7280166599999,2373.8622107399997,273.9219009907549,13.001534241870885,0.3074657581291138,0.3074657581291138,12.947947755319799,0.28365224468020145,0.28365224468020145,16.035849242138134,11.045650757861864,11.045650757861864,49.062509602551344,8.376190397448653,8.376190397448653,11.045650757861864,5.0032397895299585,11.045650757861864,0.16657672108051808,1.5921759640931943,4
13.0916,55.2408,37.3928,30.0299,9.4873,10.4214,11.8915,40.6875,False,False,False,False,False,False,False,False,False,False,False,False,False,0,False,-0.9341000000000008,-2.4042000000000012,-31.200200000000002,-1.4701000000000004,-30.2661,-28.796,10.600066666666667,10.4214,1.2120172207247448,18.121925,11.15645,15.076230794725628,31.200200000000002,15.84511666666667,31.200200000000002,723.19045728,1658.87569992,236.99145613541873,9.672344994714996,-0.18504499471499614,0.18504499471499614,10.580253005576534,-0.1588530055765336,0.1588530055765336,12.040718016712159,-0.14921801671215817,0.14921801671215817,50.47055464369881,-9.783054643698812,9.783054643698812,9.783054643698812,2.569042665175625,9.783054643698812,0.2801871800965966,1.7216814871038884,4
14.7563,30.7739,25.3571,45.6422,9.1825,8.7127,11.9573,61.1466,False,False,False,False,False,False,False,False,False,False,False,False,False,0,False,0.46979999999999933,-2.774800000000001,-51.9641,-3.2446,-52.4339,-49.1893,9.950833333333334,9.1825,1.7534564075942503,22.749775,10.5699,25.637889357924273,52.4339,26.67941666666667,52.4339,454.10890057,1404.58849858,479.5068289989799,9.290128427263891,-0.10762842726389188,0.10762842726389188,8.828086815544879,-0.11538681554487873,0.11538681554487873,12.022448302769236,-0.06514830276923611,0.06514830276923611,49.817367641196505,11.329232358803495,11.329232358803495,11.329232358803495,2.9043489760953753,11.329232358803495,0.2561246461631794,2.3048085948944133,4
17.3457,64.932,40.8922,31.1934,12.3965,13.0648,15.3959,33.2196,False,False,False,False,False,False,False,False,False,False,False,False,False,0,False,-0.6683000000000003,-2.9993999999999996,-20.8231,-2.3310999999999993,-20.1548,-17.823700000000002,13.619066666666667,13.0648,1.5746455929298289,18.519199999999998,14.23035,9.88424162830243,20.8231,10.800066666666666,20.8231,1126.2909924,2025.4498488000002,267.1363476966137,12.271018812377179,0.125481187622821,0.125481187622821,12.995623680914681,0.06917631908531874,0.06917631908531874,15.340049009443513,0.055850990556486124,0.055850990556486124,50.07271762239075,-16.853117622390748,16.853117622390748,16.853117622390748,4.2759065299138435,16.853117622390748,0.18954088635386235,1.1244054147018152,4
8.6911,18.8487,44.6416,43.601,5.6547,6.384,7.4265,34.5325,False,False,False,False,False,True,False,False,False,False,False,False,False,0,False,-0.7293000000000003,-1.7717999999999998,-28.8778,-1.0424999999999995,-28.1485,-27.105999999999998,6.4883999999999995,6.384,0.8905017293638456,13.499424999999999,6.9052500000000006,14.040888448474334,28.8778,14.61265,28.8778,163.81593657000002,821.8221687,461.09786823607556,5.718691825668728,-0.06399182566872774,0.06399182566872774,6.3185020831655505,0.06549791683444983,0.06549791683444983,7.692410857494941,-0.2659108574949407,0.2659108574949407,51.224535699707495,-16.692035699707496,16.692035699707496,16.692035699707496,4.271859074926404,16.692035699707496,0.189686405836628,2.1391858251845357,4
23.7163,15.6778,47.902,40.2774,12.5306,11.3406,16.9444,35.9469,False,False,False,False,False,False,False,False,False,False,False,False,False,0,False,1.1899999999999995,-4.413800000000002,-23.4163,-5.6038000000000014,-24.606299999999997,-19.002499999999998,13.605200000000002,12.5306,2.952408758962757,19.190625,14.7375,11.427993468197585,24.606299999999997,13.038783333333333,24.606299999999997,371.81940814,631.46102172,1512.7304132401146,12.73186169778708,-0.20126169778708025,0.20126169778708025,11.321512715290881,0.019087284709119245,0.019087284709119245,17.274290968736434,-0.3298909687364322,0.3298909687364322,50.07075069823932,-14.123850698239323,14.123850698239323,14.123850698239323,3.6685226623679887,14.123850698239323,0.21420052387467162,1.2822035331295707,4
12.9705,95.971,30.5851,47.6831,12.1861,13.7774,14.3621,57.4774,False,False,False,False,False,False,False,False,False,False,False,False,False,0,False,-1.5913000000000004,-2.176,-45.29130000000001,-0.5846999999999998,-43.7,-43.115300000000005,13.441866666666668,13.7774,1.1261354107447885,24.45075,14.069749999999999,22.036957661241114,45.29130000000001,22.7431,45.29130000000001,1244.7918554999999,4576.1947901,135.15018754100848,12.062103042353375,0.1239969576466251,0.1239969576466251,13.927064282368802,-0.1496642823688017,0.1496642823688017,14.173319604873662,0.18878039512633826,0.18878039512633826,49.41023729267538,8.06716270732462,8.06716270732462,8.06716270732462,2.1324010856165962,8.06716270732462,0.3192439194941587,1.8523473298989483,2
10.0241,35.5307,34.6749,46.0995,7.1086,7.7959,8.8038,42.2024,False,False,False,False,False,False,False,False,False,False,False,False,False,0,False,-0.6872999999999996,-1.6952000000000007,-35.093799999999995,-1.0079000000000011,-34.406499999999994,-33.398599999999995,7.902766666666667,7.7959,0.8526377444925447,16.477674999999998,8.29985,17.16394105236809,35.093799999999995,17.71488333333333,35.093799999999995,356.16328987,1637.9475046500002,282.12495612950033,7.29614995862274,-0.18754995862274004,0.18754995862274004,7.897279158650052,-0.10137915865005276,0.10137915865005276,9.302737776907517,-0.49893777690751584,0.49893777690751584,50.51601563819156,-8.313615638191564,8.313615638191564,8.313615638191564,2.275370633092968,8.313615638191564,0.3053089595102369,2.129777332191992,4
27.5543,78.7111,47.544,31.2291,18.1674,17.9768,23.2678,56.1777,False,False,False,False,False,False,False,False,False,False,False,False,False,0,False,0.19059999999999988,-5.1004000000000005,-38.0103,-5.291,-38.200900000000004,-32.9099,19.804,18.1674,3.0012522253219576,28.897425,20.7176,18.351199494015827,38.200900000000004,19.95051666666667,38.200900000000004,2168.82926273,2458.07681301,350.06875141260235,17.94887144125625,0.2185285587437491,0.2185285587437491,17.908313847898448,0.06848615210155273,0.06848615210155273,22.725294436064004,0.5425055639359968,0.5425055639359968,49.220626741955925,6.957073258044076,6.957073258044076,6.957073258044076,1.9466483832063437,6.957073258044076,0.339368621549568,1.321947778410091,3
23.6659,83.0057,25.2352,48.7404,16.4982,16.3492,20.4081,37.4559,False,False,False,False,False,False,False,False,False,False,False,False,False,0,False,0.1490000000000009,-3.9099000000000004,-20.9577,-4.058900000000001,-21.1067,-17.0478,17.751833333333334,16.4982,2.301600465618074,22.67785,18.45315,10.029662869209513,21.1067,11.205,21.1067,1964.4045956300001,4045.7310202800004,285.1117109895211,16.493065857582355,0.0051341424176456485,0.0051341424176456485,16.363535313172854,-0.014335313172853859,0.014335313172853859,20.43007554145893,-0.02197554145892866,0.02197554145892866,48.360635833306645,-10.904735833306646,10.904735833306646,10.904735833306646,2.7365452075890184,10.904735833306646,0.26762689715863053,0.9307183305655825,4
20.2038,105.4205,45.8627,19.0142,15.9943,17.8119,19.4455,50.8786,False,False,False,False,False,False,False,False,False,False,False,False,False,0,False,-1.8176000000000005,-3.4511999999999983,-34.884299999999996,-1.6335999999999977,-33.0667,-31.4331,17.750566666666668,17.8119,1.726417299882427,26.032575,18.628700000000002,16.62388821132108,34.884299999999996,17.714416666666665,34.884299999999996,2129.8946979,2004.4864711,191.6496135334576,15.742754263352055,0.2515457366479463,0.2515457366479463,17.47447951849466,0.3374204815053403,0.3374204815053403,19.05584650660838,0.38965349339162003,0.38965349339162003,49.81367868606391,1.0649213139360896,1.0649213139360896,1.0649213139360896,0.5108852563702491,1.0649213139360896,0.661863629804953,1.3400244347612806,2
10.0402,19.6325,30.7168,12.1244,6.0946,6.2903,8.1025,68.7331,False,False,False,False,False,False,False,False,False,False,False,False,False,0,False,-0.19570000000000043,-2.0078999999999994,-62.63849999999999,-1.812199999999999,-62.44279999999999,-60.630599999999994,6.829133333333334,6.2903,1.1071005479780651,22.305124999999997,7.1964,30.96518023009877,62.63849999999999,31.621283333333327,62.63849999999999,197.1142265,238.032283,511.40684507482746,6.018530870595593,0.07606912940440669,0.07606912940440669,6.137222867905191,0.15307713209480944,0.15307713209480944,7.938117307606028,0.1643826923939713,0.1643826923939713,51.297935820838966,17.435164179161028,17.435164179161028,17.435164179161028,4.457173283263554,17.435164179161028,0.18324505162166482,2.808254691128299,4
11.916,67.3207,42.1577,50.8565,10.1217,11.6624,12.2225,46.2937,False,False,False,False,False,False,False,False,False,False,False,False,False,0,False,-1.5406999999999993,-2.1007999999999996,-36.172,-0.5601000000000003,-34.6313,-34.071200000000005,11.335533333333336,11.6624,1.0878747737370016,20.075075000000002,11.942450000000001,17.501638071596805,36.172,18.17935,36.172,802.1934612,3423.69517955,177.0034808010789,10.027226876134279,0.09447312386572193,0.09447312386572193,11.528929551511316,0.1334704484886835,0.1334704484886835,12.263297327303611,-0.0407973273036113,0.0407973273036113,50.154702916698355,-3.8610029166983537,3.8610029166983537,3.8610029166983537,1.0324359540890926,3.8610029166983537,0.49202042405719254,1.8018354592271961,4
29.9515,24.049,37.3554,42.2616,16.174,3.8193,21.58,44.283,False,False,False,False,False,False,False,False,False,False,False,False,False,0,False,12.3547,-5.405999999999999,-28.109,-17.7607,-40.4637,-22.703000000000003,13.857766666666665,16.174,9.104082532761515,21.464075,18.877,16.93162479964145,40.4637,21.13285,40.4637,720.3036235,1016.3492184,1245.43588280765,16.200275786602155,-0.026275786602155904,0.026275786602155904,13.867490818328514,-10.048190818328514,10.048190818328514,21.64169360921512,-0.06169360921512279,0.06169360921512279,48.99466508706245,-4.71166508706245,4.71166508706245,10.048190818328514,3.7119563253020607,10.048190818328514,0.2122260757448542,1.885181688387835,3
28.164,17.0954,24.7318,26.3672,14.91,12.0903,19.8602,43.4537,False,False,False,False,False,False,False,False,False,False,False,False,False,0,False,2.819700000000001,-4.950199999999999,-28.543699999999998,-7.7699,-31.3634,-23.5935,15.620166666666668,14.91,3.9333305255639694,22.57855,17.3851,14.282522669449305,31.3634,16.506733333333333,31.3634,481.4748456000001,450.75783088000003,1647.4597567417218,14.75142831164798,0.15857168835202096,0.15857168835202096,12.119658334244265,-0.02935833424426626,0.02935833424426626,19.73474432993372,0.12545567006628033,0.12545567006628033,49.14145832571272,-5.687758325712721,5.687758325712721,5.687758325712721,1.5002860045938222,5.687758325712721,0.3999542444995018,1.389078842937725,3
15.4117,91.4093,29.4443,39.8646,12.9836,14.5008,15.509,31.7263,False,False,False,False,False,False,False,False,False,False,False,False,False,0,False,-1.5172000000000008,-2.525400000000001,-18.7427,-1.0082000000000004,-17.225499999999997,-16.217299999999998,14.331133333333334,14.5008,1.2712204267291078,18.679925,15.0049,8.759297351338557,18.7427,9.539383333333333,18.7427,1408.77270881,3643.9951807800003,168.60098823631859,12.88969034421699,0.09390965578300836,0.09390965578300836,14.280990245334598,0.21980975466540187,0.21980975466540187,15.394227366909519,0.11477263309048169,0.11477263309048169,49.368697113369436,-17.642397113369437,17.642397113369437,17.642397113369437,4.517722289227082,17.642397113369437,0.18123420273478083,1.0033600223983647,2
29.1382,24.8276,29.5091,55.8176,16.0754,13.6475,21.5425,55.5081,False,False,False,False,False,False,False,False,False,False,False,False,False,0,False,2.4278999999999975,-5.467100000000002,-39.4327,-7.895,-41.8606,-33.965599999999995,17.088466666666665,16.0754,4.043820508298228,26.693375,18.80895,19.491503599496028,41.8606,21.84148333333333,41.8606,723.4315743200001,1385.81704576,1173.6208197244923,16.00189465774652,0.07350534225347971,0.07350534225347971,13.516910761426853,0.13058923857314753,0.13058923857314753,21.27662259090186,0.2658774090981417,0.2658774090981417,48.486231236247036,7.021868763752963,7.021868763752963,7.021868763752963,1.872960188419433,7.021868763752963,0.3480730446704007,1.5682012603497084,3
18.5872,24.0757,43.6181,36.0944,10.8484,9.9679,1.0,68.1033,False,False,False,False,False,False,False,False,False,False,False,False,False,0,False,0.8804999999999996,9.8484,-57.254900000000006,8.9679,-58.135400000000004,-67.1033,7.272099999999999,9.9679,5.449609974117414,22.4799,10.40815,30.739348658356445,67.1033,33.6984,67.1033,447.49985104,868.99794608,772.0312298162754,10.674277439471878,0.17412256052812225,0.17412256052812225,10.08747999298548,-0.11957999298548039,0.11957999298548039,14.241535069457697,-13.241535069457697,13.241535069457697,50.39102070416854,17.712279295831465,17.712279295831465,17.712279295831465,7.811879229700692,17.712279295831465,0.11348317128876112,2.985034192752551,4
18.5828,33.833,44.6905,28.3275,8.0392,6.6552,14.4279,52.7081,False,False,False,False,False,False,False,False,False,False,False,False,False,0,False,1.3839999999999995,-6.3887,-44.6689,-7.7726999999999995,-46.0529,-38.2802,9.707433333333332,8.0392,4.146199243081949,20.4576,11.23355,21.76522407159335,46.0529,24.091233333333335,46.0529,628.7118724,958.4043075,549.2505691926317,11.120320990570185,-3.081120990570186,3.081120990570186,10.881859473779071,-4.226659473779072,4.226659473779072,14.608182974315792,-0.18028297431579254,0.18028297431579254,50.49425230460755,2.2138476953924524,2.2138476953924524,4.226659473779072,2.425477783514376,4.226659473779072,0.29193007901340057,2.2511378406372984,4
15.6295,19.4763,27.2332,41.9181,8.9486,8.2676,11.985,70.159,False,False,False,False,False,False,False,False,False,False,False,False,False,0,False,0.6810000000000009,-3.0363999999999987,-61.21040000000001,-3.7173999999999996,-61.891400000000004,-58.17400000000001,9.733733333333333,8.9486,1.9791643320687982,24.84005,10.4668,30.255819394567165,61.891400000000004,31.45176666666667,61.891400000000004,304.40483085,816.40949103,802.4877402341615,9.044754616015561,-0.09615461601556063,0.09615461601556063,8.199736345746205,0.06786365425379515,0.06786365425379515,11.994549276297217,-0.009549276297217801,0.009549276297217801,50.00829129967261,20.1507087003274,20.1507087003274,20.1507087003274,5.081069061723493,20.1507087003274,0.16444476947225797,2.4915962360799453,4
18.1556,100.6376,28.4831,53.8012,14.7216,15.9798,17.5126,49.0068,False,False,False,False,False,False,False,False,False,False,False,False,False,0,False,-1.2581999999999987,-2.7909999999999986,-34.285199999999996,-1.5328,-33.027,-31.4942,16.07133333333333,15.9798,1.3977496246943983,24.3052,16.746199999999998,16.507232065976414,34.285199999999996,17.398066666666665,34.285199999999996,1827.1360105600002,5414.42364512,180.40571511982446,14.881855872910036,-0.16025587291003518,0.16025587291003518,16.10110638807847,-0.12130638807847127,0.12130638807847127,17.842344678950067,-0.32974467895006754,0.32974467895006754,48.67587479645101,0.33092520354898625,0.33092520354898625,0.33092520354898625,0.23555803587189006,0.33092520354898625,0.8093508932539417,1.410611140574387,2
29.5716,82.2388,22.4663,23.6958,19.115,18.1846,23.8408,44.7835,False,False,False,False,False,False,False,False,False,False,False,False,False,0,False,0.9303999999999988,-4.725800000000003,-25.668499999999998,-5.656200000000002,-26.598899999999997,-20.942699999999995,20.380133333333333,19.115,3.0329146663454516,26.480975,21.477899999999998,12.450440035697532,26.598899999999997,14.087083333333334,26.598899999999997,2431.93289808,1948.71415704,359.5820513453441,18.98941264007648,0.125587359923518,0.125587359923518,18.038395329636387,0.14620467036361262,0.14620467036361262,23.791835161999334,0.048964838000667754,0.048964838000667754,48.283343412078835,-3.499843412078839,3.499843412078839,3.499843412078839,0.9551500700916593,3.499843412078839,0.5114696898704656,1.0044528177482823,3
19.3576,55.501,32.4643,47.3989,,12.8351,16.3875,35.6131,True,False,False,False,False,False,False,False,False,False,False,False,False,1,True,,,,-3.5523999999999987,-22.778000000000002,-19.225600000000004,14.6113,14.6113,2.5119261294870903,21.611900000000002,16.3875,12.254798550771858,22.778000000000002,15.185333333333334,22.778000000000002,1074.3661576,2630.6863488999998,348.7792384318772,12.89775774389894,,,12.759811796518017,0.07528820348198373,0.07528820348198373,16.340858851914035,0.04664114808596409,0.04664114808596409,49.33774336459744,-13.72464336459744,13.72464336459744,13.72464336459744,4.615524238721796,13.72464336459744,0.17807776397874114,1.0539558974657954,4
12.742,61.7987,39.8282,57.112,9.9839,11.3075,12.0489,69.2968,False,False,False,False,False,False,False,False,False,False,False,False,False,0,False,-1.323599999999999,-2.0649999999999995,-59.312900000000006,-0.7414000000000005,-57.98930000000001,-57.2479,11.113433333333333,11.3075,1.0460892186297175,25.659275,11.6782,29.10421918329311,59.312900000000006,29.78001666666667,59.312900000000006,787.4390354,3529.4473543999998,206.18553364625248,10.19031138816339,-0.20641138816339044,0.20641138816339044,11.324901658442297,-0.017401658442297574,0.017401658442297574,12.59978940391798,-0.5508894039179797,0.5508894039179797,49.91936624442957,19.377433755570436,19.377433755570436,19.377433755570436,5.0380340515235265,19.377433755570436,0.1656168202210914,2.3115570055829693,4
31.1799,52.9067,38.1,36.6261,18.0144,16.465,23.3782,48.7188,False,False,False,False,False,False,False,False,False,False,False,False,False,0,False,1.5493999999999986,-5.363800000000001,-30.704400000000003,-6.9132,-32.2538,-25.340600000000002,19.285866666666667,18.0144,3.6277478100514835,26.6441,20.6963,15.011598646824174,32.2538,17.020866666666667,32.2538,1649.62561533,1937.76608487,589.3373449227895,18.318131944725625,-0.3037319447256266,0.3037319447256266,16.716530204079312,-0.25153020407931237,0.25153020407931237,23.780886844800413,-0.4026868448004137,0.4026868448004137,48.71870827731419,9.172268580925902e-05,9.172268580925902e-05,0.4026868448004137,0.23951017907279049,0.4026868448004137,0.8067703007877234,1.2105414667631982,3
21.1463,103.6017,31.7853,34.3651,16.2591,17.3119,19.9779,72.0292,False,False,False,False,False,False,False,False,False,False,False,False,False,0,False,-1.0528000000000013,-3.7188000000000017,-55.7701,-2.6660000000000004,-54.7173,-52.0513,17.849633333333333,17.3119,1.916829729875175,31.394525,18.6449,27.13495627149293,55.7701,28.329383333333336,55.7701,2190.79262871,3560.2827806699997,204.11149584307054,16.2576618937896,0.001438106210400747,0.001438106210400747,17.326624037045754,-0.014724037045752425,0.014724037045752425,19.657518495937843,0.3203815040621585,0.3203815040621585,48.9143705812835,23.114829418716504,23.114829418716504,23.114829418716504,5.862843266508704,23.114829418716504,0.14571220136704716,1.7764270118987269,2
31.0604,20.7146,49.4232,47.9427,13.4898,20.8227,22.3117,38.437,False,False,False,False,False,False,False,False,False,False,False,False,False,0,False,-7.3329,-8.821899999999998,-24.947199999999995,-1.4889999999999972,-17.614299999999997,-16.1253,18.874733333333335,20.8227,4.722542800582471,23.7653,21.5672,10.513745429357385,24.947199999999995,12.721766666666662,24.947199999999995,643.40376184,993.11385342,1499.444112150796,16.63328601802369,-3.1434860180236885,3.1434860180236885,14.40276131375682,6.4199386862431815,6.4199386862431815,22.430583179238162,-0.11888317923816416,0.11888317923816416,49.22769693462195,-10.790696934621955,10.790696934621955,10.790696934621955,5.118251204531747,10.790696934621955,0.16344539747882644,1.0497317308295155,3
16.165,84.7277,19.8908,13.1586,12.7716,13.5427,15.1689,45.6281,False,False,False,False,False,False,False,False,False,False,False,False,False,0,False,-0.7711000000000006,-2.3973000000000013,-32.856500000000004,-1.6262000000000008,-32.08540000000001,-30.459200000000003,13.827733333333333,13.5427,1.2238034251191385,21.777825,14.3558,15.931550246261873,32.856500000000004,16.699283333333337,32.856500000000004,1369.6232705,1114.89791322,190.78764196506668,12.55354638040161,0.21805361959838976,0.21805361959838976,13.440866063564266,0.10183393643573346,0.10183393643573346,15.013041116660162,0.15585888333983888,0.15585888333983888,49.62608965339042,-3.9979896533904196,3.9979896533904196,3.9979896533904196,1.1184340231910954,3.9979896533904196,0.4720467992171187,1.5087128725146464,4
19.8459,44.1289,43.3522,13.0739,11.9391,11.8223,15.5497,85.2779,False,False,False,False,False,False,False,False,False,False,False,False,False,0,False,0.11679999999999957,-3.6106,-73.3388,-3.7273999999999994,-73.4556,-69.7282,13.103700000000002,11.9391,2.119103008350467,31.14725,13.744399999999999,36.12855543910754,73.4556,37.32956666666667,73.4556,875.7777365100001,576.93682571,449.72558805554,12.113437649571082,-0.17433764957108266,0.17433764957108266,12.019210760107875,-0.19691076010787434,0.19691076010787434,15.67574628425371,-0.1260462842537109,0.1260462842537109,50.5560576861027,34.721842313897305,34.721842313897305,34.721842313897305,8.804784251957493,34.721842313897305,0.10199102543233965,2.3583326430639486,4
28.2051,24.1533,26.3389,43.9544,15.3975,13.0615,20.2903,40.4418,False,False,False,False,False,False,False,False,False,False,False,False,False,0,False,2.3360000000000003,-4.892799999999998,-25.0443,-7.228799999999998,-27.3803,-20.151500000000002,16.24976666666667,15.3975,3.6889912189287366,22.297775,17.843899999999998,12.465394365034477,27.3803,14.505616666666667,27.3803,681.24624183,1061.64380952,1167.7529912049322,15.371252864211808,0.02624713578819282,0.02624713578819282,12.934283021098624,0.12721697890137662,0.12721697890137662,20.410214352922726,-0.11991435292272712,0.11991435292272712,48.72940730965798,-8.287607309657979,8.287607309657979,8.287607309657979,2.140246444317569,8.287607309657979,0.3184463441745311,1.2279381113415524,3
12.3228,83.6693,38.3193,59.0536,11.4682,12.9508,13.5388,25.1946,False,False,False,False,False,False,False,False,False,False,False,False,False,0,False,-1.4825999999999997,-2.0706000000000007,-13.726400000000002,-0.588000000000001,-12.243800000000002,-11.655800000000001,12.6526,12.9508,1.0670232049960302,15.7881,13.2448,6.331229476176015,13.726400000000002,6.961200000000001,13.726400000000002,1031.04005004,4940.9733744800005,147.27980904826393,11.216997660567415,0.2512023394325844,0.2512023394325844,13.003885312223568,-0.05308531222356905,0.05308531222356905,13.4196442037268,0.1191557962731995,0.1191557962731995,49.624063740789026,-24.429463740789025,24.429463740789025,24.429463740789025,6.213226797179594,24.429463740789025,0.13863421019716235,0.8694137550346432,4
21.4314,77.2592,34.8314,8.8744,14.3967,14.8306,17.5491,35.5696,False,False,False,False,False,False,False,False,False,False,False,False,False,0,False,-0.4339000000000013,-3.1524,-21.172900000000002,-2.718499999999999,-20.739,-18.020500000000002,15.592133333333331,14.8306,1.7086123619280449,20.5865,16.18985,10.085684462312578,21.172900000000002,11.039533333333333,21.172900000000002,1655.7728188800002,685.6290444800001,277.39605414034133,14.642971884686173,-0.24627188468617334,0.24627188468617334,15.07000273845331,-0.23940273845330928,0.23940273845330928,18.171019004383858,-0.6219190043838587,0.6219190043838587,49.84399418810872,-14.274394188108715,14.274394188108715,14.274394188108715,3.845496953908014,14.274394188108715,0.2063771806096122,1.0284841869748687,4
30.1002,30.3395,35.0458,22.7598,16.1821,13.8584,21.6219,65.4609,False,False,False,False,False,False,False,False,False,False,False,False,False,0,False,2.3236999999999988,-5.439800000000002,-49.2788,-7.7635000000000005,-51.60249999999999,-43.839,17.2208,16.1821,3.9846149537941558,29.280825,18.902,24.3384794695389,51.60249999999999,26.70788333333333,51.60249999999999,913.2250179,690.5209520999999,992.1122654914335,16.38491685759922,-0.2028168575992204,0.2028168575992204,14.212257317892485,-0.3538573178924853,0.3538573178924853,21.708819117236168,-0.08691911723616741,0.08691911723616741,49.26170676321118,16.199193236788815,16.199193236788815,16.199193236788815,4.210696632379172,16.199193236788815,0.19191291885734024,1.762330206771767,3
12.713,94.2479,33.3957,5.1753,11.3106,13.3547,13.2436,56.797,False,False,False,False,False,False,False,False,False,False,False,False,False,0,False,-2.0440999999999985,-1.9329999999999998,-45.486399999999996,0.11109999999999864,-43.442299999999996,-43.553399999999996,12.6363,13.2436,1.1494329776024346,23.676475,13.299150000000001,22.100286277991213,45.486399999999996,22.76171666666666,45.486399999999996,1198.1735526999998,487.76115687000004,134.8889328155924,11.343822554550384,-0.03322255455038281,0.03322255455038281,13.418892092438027,-0.06419209243802726,0.06419209243802726,13.273520368488112,-0.029920368488111748,0.029920368488111748,50.488842806284616,6.308157193715381,6.308157193715381,6.308157193715381,1.6088730522979757,6.308157193715381,0.38330726714324764,1.9211635510929936,2
21.4959,97.0943,19.1262,42.5876,16.2871,16.5927,20.0402,45.6363,False,False,False,False,False,False,False,False,False,False,False,False,False,0,False,-0.30560000000000187,-3.7531,-29.3492,-3.447499999999998,-29.043599999999998,-25.5961,17.64,16.5927,2.0842427569743402,24.639075,18.31645,14.101214439514303,29.3492,15.249183333333335,29.3492,2087.12936337,4135.01321068,221.39196416350242,16.146293317801813,0.14080668219818548,0.14080668219818548,16.560450650183995,0.03224934981600569,0.03224934981600569,19.545660632924292,0.49453936707570634,0.49453936707570634,48.32738483583343,-2.691084835833429,2.691084835833429,2.691084835833429,0.8396700587308317,2.691084835833429,0.5435757326451729,1.1911643634493734,2
11.3447,90.8143,31.9713,16.691,10.7875,12.9436,6.04,44.117,False,False,False,False,False,False,False,False,False,False,False,False,False,0,False,-2.1561000000000003,4.7475,-33.329499999999996,6.9036,-31.173399999999997,-38.077,9.923699999999998,10.7875,3.5319309265612766,18.472025,11.865549999999999,17.338160185051354,38.077,19.39785,38.077,1030.26098921,1515.7814813,124.92194236789332,10.630863258112079,0.15663674188792065,0.15663674188792065,12.707086680538369,0.2365133194616309,0.2365133194616309,12.383621625748109,-6.343621625748109,6.343621625748109,50.34749385027488,-6.230493850274883,6.230493850274883,6.343621625748109,3.241816384343136,6.343621625748109,0.23574806389335365,2.06133217049448,2
18.6267,109.8992,25.7139,51.4145,15.5329,16.8204,6.878,45.3994,False,False,False,False,False,False,False,False,False,False,False,False,False,0,False,-1.2874999999999996,8.6549,-29.866500000000002,9.9424,-28.579,-38.5214,13.0771,15.5329,5.407036588557544,21.157674999999998,16.17665,16.753312083560274,38.5214,19.475283333333334,38.5214,2047.0594286399999,5650.412418399999,169.48893445184913,15.58749296463619,-0.0545929646361909,0.0545929646361909,16.940852358366193,-0.12045235836619383,0.12045235836619383,18.53399344518678,-11.65599344518678,11.65599344518678,48.48742164008593,-3.088021640085927,3.088021640085927,11.65599344518678,3.729765102068773,11.65599344518678,0.2114269902246531,1.8206812323749033,2
19.5255,108.769,34.6151,11.8696,15.5531,16.9552,18.7414,46.8337,False,False,False,False,False,False,False,False,False,False,False,False,False,0,False,-1.4021000000000008,-3.188299999999998,-31.2806,-1.7861999999999973,-29.8785,-28.0923,17.083233333333336,16.9552,1.598001446599261,24.520850000000003,17.848300000000002,14.9323465158695,31.2806,15.937999999999997,31.2806,2123.7691095,1291.0445224,179.51344781018048,15.501334410078755,0.05176558992124569,0.05176558992124569,17.10307302113427,-0.14787302113427003,0.14787302113427003,18.533405863128667,0.2079941368713314,0.2079941368713314,49.6021316837255,-2.7684316837255025,2.7684316837255025,2.7684316837255025,0.7940161079130874,2.7684316837255025,0.5574085960483728,1.2756730392000932,2
8.861,75.9485,36.5575,14.8645,8.6741,10.6902,10.3391,58.0673,False,False,False,False,False,False,False,False,False,False,False,False,False,0,False,-2.0161000000000016,-1.665000000000001,-49.39320000000001,0.35110000000000063,-47.3771,-47.7282,9.901133333333334,10.3391,1.0770449866803777,21.942675,10.51465,24.099133873284746,49.39320000000001,24.75511666666667,49.39320000000001,672.9796585,1128.93647825,116.67114996726072,8.600983949099072,0.07311605090092677,0.07311605090092677,10.718014398038179,-0.027814398038177757,0.027814398038177757,10.063148089216874,0.2759519107831263,0.2759519107831263,50.93794190684393,7.129358093156071,7.129358093156071,7.129358093156071,1.8765601132195755,7.129358093156071,0.34763744216725406,2.2510098467894886,4
21.5592,95.6797,38.3352,5.2788,16.0257,17.0131,19.5681,40.2086,False,False,False,False,False,False,False,False,False,False,False,False,False,0,False,-0.9874000000000009,-3.5424000000000007,-24.182899999999997,-2.5549999999999997,-23.195499999999996,-20.640499999999996,17.535633333333333,17.0131,1.8280947057888806,23.203875,18.2906,11.434325859847034,24.182899999999997,12.517283333333332,24.182899999999997,2062.77778824,505.07400036,225.32676990764293,15.683556538401717,0.34214346159828324,0.34214346159828324,16.758572237460164,0.254527762539837,0.254527762539837,19.146294178121614,0.42180582187838667,0.42180582187838667,49.83422764621665,-9.62562764621665,9.62562764621665,9.62562764621665,2.661026173058289,9.62562764621665,0.2731474599550967,1.0421918570963438,2
8.2185,21.3276,46.7842,33.5716,6.2229,6.6093,8.3971,71.8081,False,False,False,False,False,False,False,False,False,False,False,False,False,0,False,-0.3864000000000001,-2.1742,-65.5852,-1.7877999999999998,-65.19879999999999,-63.410999999999994,7.076433333333334,6.6093,1.1599338659308698,23.259349999999998,7.5032,32.37968702355434,65.5852,33.09056666666667,65.5852,175.28088060000002,716.0016561599999,385.34556849079667,5.512569544471434,0.7103304555285659,0.7103304555285659,6.3483473193031825,0.26095268069681765,0.26095268069681765,7.372568169888735,1.0245318301112647,1.0245318301112647,51.53729063264872,20.270809367351276,20.270809367351276,20.270809367351276,5.566656083421981,20.270809367351276,0.15228450939049107,2.819733647013504,4
8.6911,18.8487,44.6416,43.601,5.6547,6.384,7.4265,34.5325,False,False,False,False,False,True,False,False,False,False,False,False,False,0,False,-0.7293000000000003,-1.7717999999999998,-28.8778,-1.0424999999999995,-28.1485,-27.105999999999998,6.4883999999999995,6.384,0.8905017293638456,13.499424999999999,6.9052500000000006,14.040888448474334,28.8778,14.61265,28.8778,163.81593657000002,821.8221687,461.09786823607556,5.718691825668728,-0.06399182566872774,0.06399182566872774,6.3185020831655505,0.06549791683444983,0.06549791683444983,7.692410857494941,-0.2659108574949407,0.2659108574949407,51.224535699707495,-16.692035699707496,16.692035699707496,16.692035699707496,4.271859074926404,16.692035699707496,0.189686405836628,2.1391858251845357,4
13.8624,81.0334,36.4075,9.6282,11.1898,12.5515,13.5137,34.8156,False,False,False,False,False,False,False,False,False,False,False,False,False,0,False,-1.3617000000000008,-2.3239,-23.625800000000005,-0.9621999999999993,-22.264100000000003,-21.301900000000003,12.418333333333335,12.5515,1.1676591212050431,18.017650000000003,13.0326,11.23914322431504,23.625800000000005,11.97326666666667,23.625800000000005,1123.31740416,780.20578188,171.07017957161125,11.223794882220034,-0.03399488222003377,0.03399488222003377,12.829562847118787,-0.27806284711878604,0.27806284711878604,13.474752023540791,0.03894797645920889,0.03894797645920889,50.534825918447076,-15.719225918447073,15.719225918447073,15.719225918447073,4.017557906061276,15.719225918447073,0.19930014136797242,1.3112579546955598,4
29.2093,62.3251,41.0718,47.5542,18.2781,17.4134,23.4021,46.8724,False,False,False,False,False,False,False,False,False,False,False,False,False,0,False,0.8646999999999991,-5.124000000000002,-28.5943,-5.9887000000000015,-29.459,-23.470299999999998,19.697866666666666,18.2781,3.2369638495561452,26.4915,20.8401,13.841932865270898,29.459,15.583499999999999,29.459,1820.4725434299999,2963.8202704200003,468.660223784603,18.024233070984884,0.2538669290151141,0.2538669290151141,17.022571131028094,0.39082886897190505,0.39082886897190505,23.176425390532785,0.22567460946721596,0.22567460946721596,48.66000630786017,-1.7876063078601732,1.7876063078601732,1.7876063078601732,0.6644941788286021,1.7876063078601732,0.6007831164082269,1.1120166423129525,3
10.7956,108.3219,24.6777,48.043,11.5524,13.9552,13.1178,55.7297,False,False,False,False,False,False,False,False,False,False,False,False,False,0,False,-2.402799999999999,-1.5654000000000003,-44.1773,0.8373999999999988,-41.7745,-42.6119,12.875133333333332,13.1178,1.219642280889496,23.588775,13.5365,21.45041155570603,44.1773,22.22821666666667,44.1773,1169.39990364,5204.1090417,99.66220130350361,11.694436229161994,-0.14203622916199343,0.14203622916199343,14.036892996774187,-0.08169299677418707,0.08169299677418707,13.306717079255764,-0.18891707925576284,0.18891707925576284,49.25975990956657,6.4699400904334325,6.4699400904334325,6.4699400904334325,1.720646598906344,6.4699400904334325,0.36755968246738985,1.872809472806675,2
8.6289,26.2498,23.3529,56.0306,6.2386,6.4568,8.0669,52.8494,False,False,False,False,False,False,False,False,False,False,False,False,False,0,False,-0.2182000000000004,-1.8283000000000005,-46.610800000000005,-1.6101,-46.3926,-44.7825,6.920766666666666,6.4568,0.9985584726661397,18.402925,7.261850000000001,22.97878556369984,46.610800000000005,23.57375,46.610800000000005,226.50689922,1470.79204388,328.72237932388845,6.214985677794654,0.023614322205346205,0.023614322205346205,6.349762783491303,0.10703721650869724,0.10703721650869724,7.964683858966552,0.10221614103344834,0.10221614103344834,50.128241388199044,2.721158611800959,2.721158611800959,2.721158611800959,0.7385065728871127,2.721158611800959,0.5752063383570155,2.5327916443762915,4
22.2438,41.4757,24.1234,53.4966,13.6413,12.3822,17.6506,70.0693,False,False,False,False,False,False,False,False,False,False,False,False,False,0,False,1.2591,-4.009300000000001,-56.428,-5.2684000000000015,-57.6871,-52.4187,14.558033333333332,13.6413,2.751237838379906,28.43585,15.64595,27.84638914048522,57.6871,29.51176666666667,57.6871,922.5771756600001,2218.80893262,536.309083075371,13.571629738093897,0.06967026190610248,0.06967026190610248,12.353037794385836,0.029162205614163383,0.029162205614163383,17.521714115883263,0.12888588411673751,0.12888588411673751,48.79868059181261,21.270619408187386,21.270619408187386,21.270619408187386,5.374584439956097,21.270619408187386,0.15687297100215167,2.0286743569563224,4
14.7369,57.4826,37.9908,20.1469,10.8502,11.6163,13.5462,51.1441,False,False,False,False,False,False,False,False,False,False,False,False,False,0,False,-0.7661000000000016,-2.6960000000000015,-40.2939,-1.9299,-39.5278,-37.5979,12.004233333333334,11.6163,1.3892347545801376,21.7892,12.58125,19.60277887120429,40.2939,20.4686,40.2939,847.11532794,1158.09619394,256.37144868682896,10.47085990990553,0.3793400900944697,0.3793400900944697,11.274220838609402,0.3420791613905987,0.3420791613905987,13.068028729393344,0.47817127060665676,0.47817127060665676,50.534475932314855,0.6096240676851465,0.6096240676851465,0.6096240676851465,0.4523036474442179,0.6096240676851465,0.6885612397653978,1.8492593352397815,4
15.7032,98.3867,38.3044,32.4798,13.1948,15.1165,15.3287,46.7966,False,False,False,False,False,False,False,False,False,False,False,False,False,0,False,-1.9216999999999995,-2.133899999999999,-33.6018,-0.21219999999999928,-31.680099999999996,-31.4679,14.546666666666667,15.1165,1.1755487328619483,22.60915,15.2226,16.153508180887517,33.6018,16.836266666666663,33.6018,1544.98602744,3195.58033866,159.6069225203282,13.339848289962639,-0.14504828996263797,0.14504828996263797,15.194322172289766,-0.07782217228976585,0.07782217228976585,15.913951845021526,-0.585251845021526,0.585251845021526,49.74001937265624,-2.943419372656244,2.943419372656244,2.943419372656244,0.9378854199825435,2.943419372656244,0.5160263809658097,1.486202937216597,2
30.3515,109.3207,33.6619,8.9928,20.9797,21.2055,25.9842,48.8242,False,False,False,False,False,False,False,False,False,False,False,False,False,0,False,-0.22579999999999956,-5.0045,-27.844499999999996,-4.778700000000001,-27.618699999999997,-22.839999999999996,22.723133333333333,21.2055,2.8264223434110716,29.248399999999997,23.59485,13.25300704720756,27.844499999999996,14.718699999999998,27.844499999999996,3318.04722605,983.0991909600001,277.6372381774688,20.700772930239847,0.27892706976015447,0.27892706976015447,20.83871741608337,0.3667825839166312,0.3667825839166312,25.530533176502335,0.4536668234976666,0.4536668234976666,48.63465613241346,0.1895438675865364,0.1895438675865364,0.4536668234976666,0.3222300861902472,0.4536668234976666,0.7562980228965358,0.9520004677177324,1
9.7487,72.7897,36.5709,25.4378,9.0643,10.8287,10.8578,77.4383,False,False,False,False,False,False,False,False,False,False,False,False,False,0,False,-1.7644000000000002,-1.7934999999999999,-68.374,-0.02909999999999968,-66.6096,-66.5805,10.250266666666667,10.8287,1.0271803168545108,27.047275,10.84325,33.604484156173264,68.374,34.19185,68.374,709.6049483899999,1851.60983066,133.92964472588227,8.978553965271093,0.0857460347289063,0.0857460347289063,10.847674334289255,-0.01897433428925588,0.01897433428925588,10.653082367021753,0.2047176329782463,0.2047176329782463,50.65825402951161,26.780045970488388,26.780045970488388,26.780045970488388,6.772370993121199,26.780045970488388,0.1286608682067586,2.527943192819538,4
23.5742,80.0256,28.2073,5.4162,15.6847,15.9431,19.5115,52.9688,False,False,False,False,False,True,False,False,False,False,False,False,False,0,False,-0.25839999999999996,-3.826800000000002,-37.2841,-3.5684000000000022,-37.0257,-33.457300000000004,17.046433333333336,15.9431,2.138716412555283,26.027025000000002,17.7273,18.045872436538872,37.2841,19.236783333333335,37.2841,1886.53949952,433.43465471999997,294.5831965542031,15.775658744788021,-0.09095874478802202,0.09095874478802202,15.804246654480218,0.1388533455197809,0.1388533455197809,19.5647328129265,-0.05323281292649895,0.05323281292649895,49.46140715732234,3.5073928426776604,3.5073928426776604,3.5073928426776604,0.9476094364779906,3.5073928426776604,0.5134499665437932,1.432514306758338,4
12.6266,68.5622,35.0442,17.9569,9.9021,11.2444,12.2991,43.9458,False,False,False,False,False,False,False,False,False,False,False,False,False,0,False,-1.3422999999999998,-2.3969999999999985,-34.0437,-1.0546999999999986,-32.7014,-31.6467,11.148533333333333,11.2444,1.201372158547605,19.34785,11.77175,16.427944847423856,34.0437,17.197633333333332,34.0437,865.70747452,1231.1645691800002,184.16267503629183,10.03798585086903,-0.1358858508690286,0.1358858508690286,11.371509974902898,-0.127109974902897,0.127109974902897,12.174788285898437,0.12431171410156239,0.12431171410156239,50.552091393588114,-6.606291393588116,6.606291393588116,6.606291393588116,1.7483997333654009,6.606291393588116,0.3638480923499091,1.7595589383011867,4
14.8763,108.8282,36.4889,20.9661,13.3401,15.6721,15.4704,25.5252,False,False,False,False,False,False,False,False,False,False,False,False,False,0,False,-2.3320000000000007,-2.1303,-12.185100000000002,0.20170000000000066,-9.853100000000001,-10.054800000000002,14.827533333333333,15.4704,1.292096808808587,17.50195,15.57125,5.451882928860451,12.185100000000002,6.126166666666669,12.185100000000002,1618.96095166,2281.70292402,136.69525576135086,13.379896939175268,-0.039796939175268164,0.039796939175268164,15.637907834718426,0.034192165281574205,0.034192165281574205,15.68632506977185,-0.21592506977185089,0.21592506977185089,49.892403118518196,-24.367203118518194,24.367203118518194,24.367203118518194,6.164279323186722,24.367203118518194,0.13958138074873286,0.6962134526647302,2
14.7494,46.7725,41.9781,18.1946,9.8595,10.6273,12.2165,33.6728,False,False,False,False,False,False,False,False,False,False,False,False,False,0,False,-0.7677999999999994,-2.3569999999999993,-23.8133,-1.5892,-23.045500000000004,-21.456300000000002,10.9011,10.6273,1.2021177479764615,16.594025000000002,11.4219,11.428078211544,23.8133,12.171516666666667,23.8133,689.8663115,851.0069285000001,315.34335018582493,9.868059899315746,-0.008559899315745412,0.008559899315745412,10.480756648343439,0.14654335165656107,0.14654335165656107,12.563736299508907,-0.3472362995089071,0.3472362995089071,50.83286386298621,-17.160063862986206,17.160063862986206,17.160063862986206,4.415600853366855,17.160063862986206,0.18465171770890473,1.4350518122927907,4
21.6393,46.0109,37.6075,53.7777,13.5387,12.9017,17.5589,27.2276,False,False,False,False,False,False,False,False,False,False,False,False,False,0,False,0.6370000000000005,-4.020200000000001,-13.688899999999999,-4.657200000000001,-14.325899999999999,-9.668699999999998,14.666433333333336,13.5387,2.5251167920184083,17.806725,15.5488,6.6103356104285655,14.325899999999999,7.832983333333334,14.325899999999999,995.6436683699999,2474.3603769300003,470.3080204238516,13.553412806752018,-0.014712806752017471,0.014712806752017471,12.962717620603394,-0.06101762060339411,0.06101762060339411,17.516794458906,0.042105541094002774,0.042105541094002774,49.271855795672636,-22.044255795672637,22.044255795672637,22.044255795672637,5.540522941030513,22.044255795672637,0.15289297339310942,0.8045214352883894,4
25.1775,66.3148,37.9414,36.4763,16.4199,15.8983,20.8264,62.0508,False,False,False,False,False,False,False,False,False,False,False,False,False,0,False,0.5215999999999976,-4.406500000000001,-45.630900000000004,-4.928099999999999,-46.1525,-41.2244,17.714866666666666,16.4199,2.707258096918972,28.79885,18.62315,22.277901840239206,46.1525,23.810666666666666,46.1525,1669.640877,2418.9185392400004,379.66632189702415,16.17077573997957,0.24912426002042665,0.24912426002042665,15.772043402343147,0.1262565976568535,0.1262565976568535,20.541705720835026,0.2846942791649738,0.2846942791649738,49.120310488651654,12.930489511348348,12.930489511348348,12.930489511348348,3.3976411620476505,12.930489511348348,0.22739463342988525,1.6025807966009766,3
27.0091,89.3887,31.1747,24.0991,18.2747,18.1538,23.0462,65.1731,False,False,False,False,False,False,False,False,False,False,False,False,False,0,False,0.1208999999999989,-4.7715,-46.89840000000001,-4.8923999999999985,-47.0193,-42.126900000000006,19.8249,18.2747,2.790382495286264,31.16195,20.660449999999997,22.78827842971031,47.0193,24.304900000000004,47.0193,2414.30833717,2154.18722017,302.1533703752968,18.16909118114778,0.10560881885221818,0.10560881885221818,18.041008543227896,0.11279145677210423,0.11279145677210423,22.59046395250358,0.45573604749641916,0.45573604749641916,48.73705329178852,16.436046708211485,16.436046708211485,16.436046708211485,4.277545757833057,16.436046708211485,0.18948201415701166,1.5088685050619408,1
25.3163,24.303,33.4231,57.0072,14.28,12.2727,18.7394,78.7804,False,False,False,False,False,False,False,False,False,False,False,False,False,0,False,2.007299999999999,-4.4594000000000005,-64.5004,-6.4666999999999994,-66.5077,-60.041,15.097366666666668,14.28,3.3099272534805553,31.018125,16.5097,31.955999894372994,66.5077,33.997083333333336,66.5077,615.2620389,1385.4459816,1041.694012387766,14.155152209680049,0.12484779031995075,0.12484779031995075,12.286107114116543,-0.013407114116542829,0.013407114116542829,18.835207367237967,-0.0958073672379669,0.0958073672379669,48.95311288454104,29.827287115458958,29.827287115458958,29.827287115458958,7.515337346783355,29.827287115458958,0.11743515955686092,2.144155346541628,3
31.4814,15.7485,22.313,54.752,16.6856,13.4554,22.2083,63.0366,False,False,False,False,False,False,False,False,False,False,False,False,False,0,False,3.2302000000000017,-5.5227,-46.351,-8.752900000000002,-49.5812,-40.8283,17.449766666666665,16.6856,4.426203522583811,28.846474999999998,19.44695,23.078143233136554,49.5812,25.71105,49.5812,495.7848279,862.261872,1999.0081601370543,16.604551710330085,0.08104828966991562,0.08104828966991562,13.317514468438675,0.13788553156132366,0.13788553156132366,22.247749389447534,-0.03944938944753318,0.03944938944753318,48.1412867723657,14.895313227634297,14.895313227634297,14.895313227634297,3.7884241095782674,14.895313227634297,0.20883697373415686,1.7187952015644197,3
23.8614,99.6453,27.3515,52.786,17.422,17.7966,21.1059,58.3409,False,False,False,False,False,False,False,False,False,False,False,False,False,0,False,-0.37460000000000093,-3.6838999999999977,-40.918899999999994,-3.309299999999997,-40.54429999999999,-37.235,18.774833333333333,17.7966,2.0274331415199187,28.66635,19.45125,19.85217195413808,40.918899999999994,21.010999999999996,40.918899999999994,2377.67636142,5259.8768058000005,239.46335256521354,17.556429372250307,-0.13442937225030605,0.13442937225030605,17.945237293580185,-0.14863729358018318,0.14863729358018318,21.467462067083286,-0.36156206708328753,0.36156206708328753,48.14678825482965,10.194111745170346,10.194111745170346,10.194111745170346,2.7096851195210307,10.194111745170346,0.26956465785675987,1.4274187584332294,2
26.086,76.1449,37.1549,29.5568,16.9605,16.7213,21.3601,54.0255,False,False,False,False,False,False,False,False,False,False,False,False,False,0,False,0.2392000000000003,-4.3995999999999995,-37.065,-4.6388,-37.3042,-32.665400000000005,18.3473,16.9605,2.611901039472974,27.266849999999998,19.1603,17.9661210848827,37.3042,19.38536666666667,37.3042,1986.3158614000001,2250.5995803200003,342.583634283631,17.06714969087532,-0.10664969087531873,0.10664969087531873,16.83604671232507,-0.11474671232507205,0.11474671232507205,21.496130721417675,-0.1360307214176757,0.1360307214176757,49.05519847022249,4.970301529777508,4.970301529777508,4.970301529777508,1.3319321635988937,4.970301529777508,0.42882894091425466,1.3681149938056676,3
15.2693,100.304,34.0973,32.5533,12.9218,14.867,15.5072,30.5176,False,False,False,False,False,False,False,False,False,False,False,False,False,0,False,-1.9452000000000016,-2.5854,-17.595800000000004,-0.6401999999999983,-15.6506,-15.010400000000002,14.432,14.867,1.3464739284516432,18.453400000000002,15.187100000000001,8.117591588642533,17.595800000000004,8.904600000000002,17.595800000000004,1531.5718672,3265.2262032,152.23020495391958,13.232135583629757,-0.3103355836297581,0.3103355836297581,15.072935219495415,-0.20593521949541405,0.20593521949541405,15.678347497495649,-0.1711474974956495,0.1711474974956495,49.60959403708033,-19.091994037080326,19.091994037080326,19.091994037080326,4.9448530844252865,19.091994037080326,0.16821273558801061,0.9535256627365892,2
26.4406,81.4135,28.2367,48.9851,17.6256,17.3812,22.0976,32.9076,False,False,False,False,False,False,False,False,False,False,False,False,False,0,False,0.24439999999999884,-4.472000000000001,-15.282000000000004,-4.7164,-15.526400000000002,-10.810000000000002,19.0348,17.6256,2.6552760157844233,22.503,19.8616,7.267322210186273,15.526400000000002,8.508533333333334,15.526400000000002,2152.6217881,3988.0484388500004,324.769193712444,17.74610915439322,-0.12050915439322196,0.12050915439322196,17.286146044576427,0.0950539554235732,0.0950539554235732,22.192004421864944,-0.0944044218649438,0.0944044218649438,48.22380928618392,-15.31620928618392,15.31620928618392,15.31620928618392,3.9065442044664147,15.31620928618392,0.20380943456897882,0.6899699195796475,3
22.3928,21.7817,18.0,17.6499,12.3418,10.3495,16.293,43.2368,False,False,False,False,False,False,False,False,False,False,False,False,False,0,False,1.9922999999999984,-3.9512,-30.895000000000003,-5.9434999999999985,-32.8873,-26.943800000000003,12.994766666666665,12.3418,3.0250739103918316,20.555275,14.3174,15.321418335427262,32.8873,17.102183333333333,32.8873,487.75325176000007,384.44482683,1028.0551894226855,12.123199834675063,0.2186001653249363,0.2186001653249363,10.231604220995422,0.11789577900457893,0.11789577900457893,16.00059035919452,0.2924096408054808,0.2924096408054808,49.574990628262825,-6.338190628262822,6.338190628262822,6.338190628262822,1.7417740533494546,6.338190628262822,0.3647273555522791,1.599943761421941,4
15.8587,26.0792,30.945,29.2205,9.2522,8.8999,12.1474,35.7616,False,False,False,False,False,False,False,False,False,False,False,False,False,0,False,0.3522999999999996,-2.895199999999999,-26.5094,-3.2474999999999987,-26.8617,-23.614200000000004,10.099833333333335,9.2522,1.7819724361878695,16.515275000000003,10.6998,12.913114172131369,26.8617,13.913383333333334,26.8617,413.58220904,762.0472636000001,608.097407858597,9.374248872447588,-0.12204887244758744,0.12204887244758744,8.849634596498564,0.05026540350143627,0.05026540350143627,12.30945078340605,-0.16205078340605006,0.16205078340605006,50.325853980610944,-14.564253980610943,14.564253980610943,14.564253980610943,3.724654759991504,14.564253980610943,0.2116556766153636,1.6264751107837374,4
15.3713,82.2769,40.7093,24.3331,12.0642,13.5868,14.6883,31.9827,False,False,False,False,False,False,False,False,False,False,False,False,False,0,False,-1.5226000000000006,-2.6241000000000003,-19.9185,-1.1014999999999997,-18.3959,-17.294400000000003,13.446433333333333,13.5868,1.3176692693287393,18.0805,14.137550000000001,9.330369607898716,19.9185,10.142833333333334,19.9185,1264.70291297,2002.0520353900001,186.82398257299647,12.197875056311055,-0.13367505631105558,0.13367505631105558,13.720084362332235,-0.13328436233223506,0.13328436233223506,14.801875063842196,-0.1135750638421964,0.1135750638421964,50.20976818853285,-18.227068188532847,18.227068188532847,18.227068188532847,4.6519006677545836,18.227068188532847,0.17693163039917423,1.1016558714328302,4
17.7259,93.4655,30.4254,9.3407,13.8355,15.1421,16.6845,43.4387,False,False,False,False,False,False,False,False,False,False,False,False,False,0,False,-1.3065999999999995,-2.849,-29.603199999999998,-1.5424000000000007,-28.296599999999998,-26.754199999999997,15.220699999999999,15.1421,1.4261254222542983,22.275199999999998,15.9133,14.156968960433113,29.603199999999998,15.058666666666666,29.603199999999998,1656.76010645,873.0331958500001,189.6517763611411,13.755672099539057,0.07982790046094301,0.07982790046094301,15.026591227164984,0.1155087728350157,0.1155087728350157,16.52048296526615,0.164017034733849,0.164017034733849,49.84211340116509,-6.403413401165096,6.403413401165096,6.403413401165096,1.690691777298726,6.403413401165096,0.3716516356265573,1.3289751252625677,2
11.3197,81.8708,23.3696,20.6582,9.9817,11.3997,11.2124,36.3911,False,False,False,False,False,False,False,False,False,False,False,False,False,0,False,-1.4179999999999993,-1.2307000000000006,-26.4094,0.1872999999999987,-24.991400000000002,-25.1787,10.864600000000001,11.2124,0.770327612123569,17.246225000000003,11.306049999999999,12.778738343403338,26.4094,13.235916666666668,26.4094,926.75289476,1691.30336056,138.2629535484014,10.16018137466145,-0.17848137466144998,0.17848137466144998,11.698193263457163,-0.2984932634571642,0.2984932634571642,11.888225154444662,-0.6758251544446612,0.6758251544446612,50.05760594713088,-13.66650594713088,13.66650594713088,13.66650594713088,3.7048264349235387,13.66650594713088,0.21254769199923773,1.5313139360561885,4
28.8054,58.7016,35.5128,57.6561,17.5856,16.3149,22.4877,65.3874,False,False,False,False,False,False,False,False,False,False,False,False,False,0,False,1.270699999999998,-4.902100000000001,-47.8018,-6.172799999999999,-49.0725,-42.899699999999996,18.796066666666665,17.5856,3.259568548647709,30.4439,20.03665,23.447201898307608,49.0725,25.353266666666666,49.0725,1690.9230686399999,3384.50531976,490.70885790014955,17.741932381219797,-0.15633238121979787,0.15633238121979787,16.48377826071733,-0.16887826071732803,0.16887826071732803,22.83167543008657,-0.3439754300865694,0.3439754300865694,48.31844504996717,17.068954950032833,17.068954950032833,17.068954950032833,4.434535255514132,17.068954950032833,0.18400837477047435,1.6118987344266882,3
29.2843,55.6198,36.0893,55.5212,17.8595,16.5567,22.9917,15.8876,False,False,False,False,False,False,False,False,False,False,False,False,False,0,False,1.3028000000000013,-5.132200000000001,1.9718999999999998,-6.435000000000002,0.6690999999999985,7.104100000000001,19.13596666666667,17.8595,3.4021069373747412,18.323875,17.2081,3.217793121975578,7.104100000000001,3.769183333333334,7.104100000000001,1628.78690914,3088.0780397599997,526.5084508559091,17.777553371138357,0.08194662886164394,0.08194662886164394,16.388135363629893,0.16856463637010677,0.16856463637010677,22.96314971632207,0.02855028367793011,0.02855028367793011,48.37543683786845,-32.48783683786845,32.48783683786845,32.48783683786845,8.191724596694533,32.48783683786845,0.10879351197702479,0.38769616814338226,3
18.7826,102.8008,35.3483,23.859,14.421,15.9943,16.9964,53.0225,False,False,False,False,False,False,False,False,False,False,False,False,False,0,False,-1.5733000000000015,-2.575400000000002,-38.6015,-1.0021000000000004,-37.0282,-36.0261,15.8039,15.9943,1.2982143158970334,25.10855,16.495350000000002,18.639464050682,38.6015,19.467766666666666,38.6015,1930.8663060799997,2452.7242872,182.70867710089053,14.957706956516887,-0.5367069565168876,0.5367069565168876,16.46558478419852,-0.4712847841985184,0.4712847841985184,17.95752467224743,-0.9611246722474291,0.9611246722474291,49.496369242792525,3.5261307572074756,3.5261307572074756,3.5261307572074756,1.3738117925425777,3.5261307572074756,0.42126338875792047,1.5373840634429055,2
8.2692,25.6949,31.0763,11.3228,5.3401,6.1135,6.6989,39.6231,False,False,False,False,False,False,False,False,False,False,False,False,False,0,False,-0.7734000000000005,-1.3588000000000005,-34.283,-0.5853999999999999,-33.5096,-32.9242,6.050833333333333,6.1135,0.6815641520307048,14.4439,6.4062,16.795355273011246,34.283,17.239066666666666,34.283,212.47626707999999,290.93821372,321.8224932486628,5.492828866966207,-0.15272886696620702,0.15272886696620702,6.043809794698209,0.06969020530179115,0.06969020530179115,7.078957289252546,-0.3800572892525462,0.3800572892525462,51.42448498386325,-11.801384983863251,11.801384983863251,11.801384983863251,3.100965336345949,11.801384983863251,0.2438450262276594,2.373526282010896,4
31.3945,56.8214,40.6793,37.536,18.3479,16.9601,23.7599,53.2477,False,False,False,False,False,False,False,False,False,False,False,False,False,0,False,1.3877999999999986,-5.411999999999999,-34.8998,-6.799799999999998,-36.2876,-29.487800000000004,19.6893,18.3479,3.5928867891989014,28.078899999999997,21.0539,17.033714890181766,36.2876,19.0458,36.2876,1783.8794423,2132.8480704,552.5118084890889,18.65174755560155,-0.30384755560154986,0.30384755560154986,17.213209538779935,-0.2531095387799347,0.2531095387799347,24.15830625503565,-0.39840625503565263,0.39840625503565263,48.726946065292374,4.520753934707628,4.520753934707628,4.520753934707628,1.3690293210311912,4.520753934707628,0.4221138130805067,1.2923436130533557,3
16.9245,33.0504,36.7006,42.7713,10.4439,10.0715,13.4578,57.3797,False,False,False,False,False,False,False,False,False,False,False,False,False,0,False,0.37239999999999895,-3.0139000000000014,-46.9358,-3.3863000000000003,-47.3082,-43.9219,11.324399999999999,10.4439,1.856937562224428,22.838225,11.950849999999999,23.077510176125298,47.3082,24.15641666666667,47.3082,559.3614948,1413.60857352,512.0813932414151,10.43985415885703,0.004045841142970019,0.004045841142970019,10.109576669160216,-0.03807666916021546,0.03807666916021546,13.630138394968293,-0.17233839496829262,0.17233839496829262,50.055563788299864,7.324136211700136,7.324136211700136,7.324136211700136,1.8846492792429035,7.324136211700136,0.34666259333351507,2.071447290037956,4
14.9486,51.2987,47.6404,16.062,10.0847,11.0032,13.0154,40.751,False,False,False,False,False,False,False,False,False,False,False,False,False,0,False,-0.9184999999999999,-2.9307,-30.6663,-2.0122,-29.747799999999998,-27.735599999999998,11.367766666666666,11.0032,1.4989770723174298,18.713575,12.0093,14.74250844064537,30.6663,15.668516666666667,30.6663,766.84374682,823.9597194,291.4030391797377,10.196282672394801,-0.11158267239480146,0.11158267239480146,11.096687168149456,-0.09348716814945668,0.09348716814945668,12.949004433409675,0.06639556659032486,0.06639556659032486,51.01119607220137,-10.260196072201374,10.260196072201374,10.260196072201374,2.6329153698339893,10.260196072201374,0.27526102267713887,1.6387186100365057,4
19.9703,69.0999,46.7115,35.8717,14.0227,14.7328,17.7988,55.6225,False,False,False,False,False,False,False,False,False,False,False,False,False,0,False,-0.7100999999999988,-3.7760999999999996,-41.5998,-3.0660000000000007,-40.889700000000005,-37.8237,15.518099999999999,14.7328,2.0068021501882045,25.5442,16.2658,20.11903480338955,41.5998,21.3109,41.5998,1379.9457329700003,2478.73088283,289.00616513103995,13.826276495216254,0.1964235047837466,0.1964235047837466,14.48308212361678,0.24971787638321885,0.24971787638321885,17.392942841443542,0.4058571585564579,0.4058571585564579,49.88810367405651,5.734396325943493,5.734396325943493,5.734396325943493,1.646598716416729,5.734396325943493,0.3778434538628944,1.628541262383922,4
8.4715,19.0963,37.7212,24.6285,5.5421,6.063,7.3369,59.883,False,False,False,False,False,False,False,False,False,False,False,False,False,0,False,-0.5209000000000001,-1.7948000000000004,-54.340900000000005,-1.2739000000000003,-53.82,-52.5461,6.314,6.063,0.9233512386952217,19.70625,6.699949999999999,26.795108233718082,54.340900000000005,27.38276666666667,54.340900000000005,161.77430545,470.31322455,443.61973595946023,5.392569281875657,0.1495307181243426,0.1495307181243426,5.880135209091392,0.1828647909086074,0.1828647909086074,7.176438405394306,0.1604615946056942,0.1604615946056942,51.41750637016461,8.465493629835393,8.465493629835393,8.465493629835393,2.2395876833685096,8.465493629835393,0.3086812575358986,2.7575450643602593,4
17.2999,23.0813,37.999,20.686,10.0065,9.4349,13.3861,60.0238,False,False,False,False,False,False,False,False,False,False,False,False,False,0,False,0.5716000000000001,-3.3796,-50.0173,-3.9512,-50.5889,-46.6377,10.9425,10.0065,2.1354314224530837,23.212825000000002,11.6963,24.60251099642406,50.5889,25.857716666666665,50.5889,399.30418187,477.4597718,749.5198496099226,9.810321601927605,0.19617839807239612,0.19617839807239612,9.246565878675725,0.18833412132427618,0.18833412132427618,13.043711478983733,0.34238852101626804,0.34238852101626804,50.662349185140364,9.361450814859637,9.361450814859637,9.361450814859637,2.5220879638181444,9.361450814859637,0.2839224943479103,2.179350346478575,4
16.1498,53.7524,24.6296,36.9404,11.0133,10.8826,13.8872,35.324,False,False,False,False,False,False,False,False,False,False,False,False,False,0,False,0.13069999999999915,-2.873900000000001,-24.310699999999997,-3.0046,-24.441399999999998,-21.436799999999998,11.9277,11.0133,1.6982346157112689,17.776775,12.45025,11.780041622556631,24.441399999999998,12.699683333333331,24.441399999999998,868.09050952,1985.63515696,300.4479241023797,11.12446097271213,-0.11116097271213121,0.11116097271213121,11.162098801701246,-0.2794988017012461,0.2794988017012461,13.912336022697575,-0.0251360226975752,0.0251360226975752,49.60620023615859,-14.282200236158594,14.282200236158594,14.282200236158594,3.6744990083173867,14.282200236158594,0.21392666855222114,1.374905529880684,4
15.8688,16.7878,29.9819,37.0965,8.8732,8.0324,11.9012,45.7346,False,False,False,False,False,False,False,False,False,False,False,False,False,0,False,0.8407999999999998,-3.0279999999999987,-36.8614,-3.8687999999999985,-37.7022,-33.8334,9.602266666666667,8.8732,2.0348358688929506,18.63535,10.3872,18.142401973553557,37.7022,19.355766666666664,37.7022,266.40224064,622.7686227,945.2573027690926,8.958107611378578,-0.08490761137857739,0.08490761137857739,8.101186065909713,-0.06878606590971259,0.06878606590971259,11.972520209748978,-0.07132020974897912,0.07132020974897912,50.21846290709527,-4.483862907095272,4.483862907095272,4.483862907095272,1.1772191985331353,4.483862907095272,0.4593014799216051,2.0231538322844314,4
28.5086,20.9697,30.8619,45.7868,15.5239,12.9922,20.4713,56.8221,False,False,False,False,False,False,False,False,False,False,False,False,False,0,False,2.531699999999999,-4.9474,-41.2982,-7.479099999999999,-43.829899999999995,-36.3508,16.329133333333335,15.5239,3.8040156076616363,26.452375,17.9976,20.483337387475867,43.829899999999995,22.739516666666663,43.829899999999995,597.81678942,960.1354599599999,1359.5133170654244,15.369378646122653,0.154521353877346,0.154521353877346,12.929511403284705,0.06268859671529547,0.06268859671529547,20.53297869650753,-0.06167869650753133,0.06167869650753133,48.854599119971155,7.967500880028844,7.967500880028844,7.967500880028844,2.061597381782254,7.967500880028844,0.3266268797949742,1.6569356600548493,3
11.0253,69.5239,28.2345,57.4589,9.5924,11.0881,11.7175,55.009,False,False,False,False,False,False,False,False,False,False,False,False,False,0,False,-1.4957000000000011,-2.1250999999999998,-45.4166,-0.6293999999999986,-43.9209,-43.2915,10.799333333333335,11.0881,1.0915824033637285,21.851750000000003,11.4028,22.122794235584255,45.4166,22.813200000000005,45.4166,766.5218546699999,3994.76681771,158.5828530069727,9.779523837289554,-0.18712383728955473,0.18712383728955473,11.018618568569275,0.0694814314307255,0.0694814314307255,11.735084984887006,-0.017584984887006883,0.017584984887006883,49.5779169833531,5.431083016646902,5.431083016646902,5.431083016646902,1.4263183175635472,5.431083016646902,0.4121470759880249,2.0783955159675926,4
9.5113,33.9672,37.9995,40.471,6.9494,7.6298,8.9024,47.3362,False,False,False,False,False,False,False,False,False,False,False,False,False,0,False,-0.6804000000000006,-1.9530000000000003,-40.3868,-1.2725999999999997,-39.706399999999995,-38.4338,7.8272,7.6298,0.9913512596451372,17.70445,8.2661,19.771076225891196,40.3868,20.4055,40.3868,323.07222936,1374.6865511999997,280.0141666036157,6.901295418894595,0.04810458110540505,0.04810458110540505,7.6456301090483345,-0.01583010904833415,0.01583010904833415,8.841878512110188,0.06052148788981171,0.06052148788981171,50.820843556309484,-3.4846435563094857,3.4846435563094857,3.4846435563094857,0.9022749335882592,3.4846435563094857,0.5256863675923549,2.281165310887765,4
29.9997,106.7406,47.4892,50.5266,20.7767,21.1299,26.0691,55.6824,False,False,False,False,False,False,False,False,False,False,False,False,False,0,False,-0.3531999999999975,-5.292399999999997,-34.905699999999996,-4.9392,-34.5525,-29.613300000000002,22.658566666666662,21.1299,2.958883365956375,30.914524999999998,23.5995,16.687721609689564,34.905699999999996,18.276049999999998,34.905699999999996,3202.18597782,5393.23959996,281.05235673657853,20.90014101555659,-0.12344101555658682,0.12344101555658682,21.29520898050368,-0.16530898050368137,0.16530898050368137,26.003526951292738,0.065573048707261,0.065573048707261,48.26420092823149,7.4181990717685125,7.4181990717685125,7.4181990717685125,1.9431305291340104,7.4181990717685125,0.339774260808691,1.1291031872224506,1
28.1778,101.9614,46.7242,5.1181,19.2773,19.9162,23.9894,55.4093,False,False,False,False,False,False,False,False,False,False,False,False,False,0,False,-0.6388999999999996,-4.7120999999999995,-36.132000000000005,-4.0732,-35.4931,-31.419900000000002,21.06096666666667,19.9162,2.556137641703461,29.64805,21.9528,17.30051715383098,36.132000000000005,18.744866666666667,36.132000000000005,2873.04793692,521.84864134,276.35749642928636,19.22180285788875,0.055497142111249786,0.055497142111249786,19.847534576161735,0.06866542383826513,0.06866542383826513,23.848831468459746,0.14056853154025362,0.14056853154025362,49.45778476444396,5.951515235556045,5.951515235556045,5.951515235556045,1.5540615832614533,5.951515235556045,0.3915332373164756,1.2186969400358743,1
11.0441,36.6588,49.2146,45.1862,7.7952,8.7153,10.2325,51.3039,False,False,False,False,False,False,False,False,False,False,False,False,False,0,False,-0.9200999999999988,-2.4372999999999996,-43.5087,-1.5172000000000008,-42.5886,-41.0714,8.914333333333333,8.7153,1.2307796404447602,19.511725,9.4739,21.218593722546743,43.5087,22.007216666666665,43.5087,404.86345308,1656.4718685599998,301.2672806345869,7.858118537237154,-0.06291853723715324,0.06291853723715324,8.803253002302624,-0.08795300230262448,0.08795300230262448,10.177591524108148,0.05490847589185144,0.05490847589185144,50.94087781914378,0.36302218085621973,0.36302218085621973,0.36302218085621973,0.14220054907196222,0.36302218085621973,0.8755029935964397,2.2298734582034863,4
24.7539,95.1678,30.4097,7.7587,17.2067,17.6076,21.1211,62.9772,False,False,False,False,False,False,False,False,False,False,False,False,False,0,False,-0.40090000000000003,-3.914399999999997,-45.7705,-3.513499999999997,-45.369600000000005,-41.856100000000005,18.645133333333334,17.6076,2.1535989420812145,29.72815,19.36435,22.235670127147806,45.7705,23.47083333333333,45.7705,2355.77420442,738.37840986,260.1079083358123,17.20945036646864,-0.0027503664686392426,0.0027503664686392426,17.587475292860866,0.020124707139135722,0.020124707139135722,21.14085655532691,-0.019756555326910785,0.019756555326910785,49.21430108148396,13.762898918516044,13.762898918516044,13.762898918516044,3.4513826368626823,13.762898918516044,0.22464930148193152,1.5396344745184365,2
20.4738,40.3826,41.5696,36.864,12.6427,12.2225,16.7908,53.4398,False,False,False,False,False,False,False,False,False,False,False,False,False,0,False,0.42019999999999946,-4.148100000000001,-40.7971,-4.568300000000001,-41.217299999999994,-36.649,13.885333333333335,12.6427,2.52496424199103,23.77395,14.716750000000001,19.884397265276444,41.217299999999994,21.3,41.217299999999994,826.78527588,1488.6641663999997,506.99546166035327,12.487672518626542,0.15502748137345712,0.15502748137345712,12.064525805960326,0.1579741940396744,0.1579741940396744,16.258550392301174,0.5322496076988266,0.5322496076988266,49.95197676356312,3.4878232364368813,3.4878232364368813,3.4878232364368813,1.0832686298872098,3.4878232364368813,0.4800149081369986,1.7337162172393659,4
16.6046,62.6201,20.6738,56.6195,12.4968,12.4027,15.5819,36.5569,False,False,False,False,False,False,False,False,False,False,False,False,False,0,False,0.09410000000000096,-3.085099999999999,-24.0601,-3.1792,-24.1542,-20.975,13.4938,12.4968,1.8089596208870995,19.259574999999998,14.039349999999999,11.625755975813643,24.1542,12.591283333333331,24.1542,1039.78171246,3545.51875195,265.1640183960073,12.06012043688444,0.4366795631155611,0.4366795631155611,12.113176924511288,0.28952307548871126,0.28952307548871126,14.913398759051343,0.6685012409486557,0.6685012409486557,48.895153272600844,-12.338253272600845,12.338253272600845,12.338253272600845,3.4332392880384432,12.338253272600845,0.22556869481377934,1.254139172780722,4
14.5684,107.6301,39.9672,6.4811,13.4309,15.8185,15.7473,46.4148,False,False,False,False,False,False,False,False,False,False,False,False,False,0,False,-2.387600000000001,-2.3164,-32.9839,0.07120000000000104,-30.5963,-30.6675,14.9989,15.7473,1.3583944051710461,22.852875,15.7829,15.747058458936598,32.9839,16.50381666666667,32.9839,1567.99834884,697.5614411099999,135.35617495884748,12.999071217879637,0.4318287821203626,0.4318287821203626,15.417436688527923,0.4010633114720772,0.4010633114720772,15.236446875631383,0.5108531243686159,0.5108531243686159,50.375239118606935,-3.960439118606935,3.960439118606935,3.960439118606935,1.3260460841419976,3.960439118606935,0.42991409620711246,1.4433144874268609,2
8.0142,60.8575,28.5069,33.4378,7.7383,9.1334,9.0903,64.7652,False,False,False,False,False,False,False,False,False,False,False,False,False,0,False,-1.3951000000000002,-1.3519999999999994,-57.02689999999999,0.043100000000000804,-55.63179999999999,-55.674899999999994,8.654,9.0903,0.7933122147049041,22.6818,9.11185,28.063076349656793,57.02689999999999,28.520633333333326,57.02689999999999,487.72417650000006,2034.9409135000003,131.68793793896594,7.569575217620049,0.16872478237995114,0.16872478237995114,9.045643799792705,0.08775620020729491,0.08775620020729491,8.971574325233128,0.11872567476687124,0.11872567476687124,50.48735738297938,14.27784261702061,14.27784261702061,14.27784261702061,3.6632623185936817,14.27784261702061,0.2144421505118275,2.514212930978612,4
14.8834,47.7957,30.2891,13.1237,9.9603,10.1437,12.5896,65.077,False,False,False,False,False,False,False,False,False,False,False,False,False,0,False,-0.18340000000000067,-2.6293000000000006,-55.116699999999994,-2.4459,-54.933299999999996,-52.487399999999994,10.897866666666667,10.1437,1.4679510016800064,24.44265,11.36665,27.11606920167449,55.116699999999994,27.965999999999998,55.116699999999994,711.36252138,627.25642809,311.3961483154032,9.912712640975336,0.047587359024664266,0.047587359024664266,10.196543440591688,-0.052843440591686885,0.052843440591686885,12.48188166667515,0.10771833332485059,0.10771833332485059,50.510982643037,14.566017356962995,14.566017356962995,14.566017356962995,3.693541622476049,14.566017356962995,0.21305872631687797,2.254938701434295,4
27.2252,27.563,26.0366,22.9568,15.0208,12.9747,19.8833,80.3398,False,False,False,False,False,False,False,False,False,False,False,False,False,0,False,2.046099999999999,-4.862499999999999,-65.319,-6.908599999999998,-67.3651,-60.4565,15.9596,15.0208,3.54868955672372,32.054649999999995,17.45205,32.32024138301982,67.3651,34.49296666666667,67.3651,750.4081876,632.7582784,987.7440816514597,14.839390774403213,0.18140922559678607,0.18140922559678607,12.695793407298073,0.27890659270192764,0.27890659270192764,19.602423031400875,0.2808769685991237,0.2808769685991237,49.23460254962657,31.105197450373424,31.105197450373424,31.105197450373424,7.961597559317815,31.105197450373424,0.11158724695913738,2.1015696313734105,3
19.4248,90.8578,42.6535,7.9696,14.7149,16.0781,17.7581,53.2609,False,False,False,False,False,False,False,False,False,False,False,False,False,0,False,-1.363199999999999,-3.043199999999999,-38.546,-1.6799999999999997,-37.1828,-35.5028,16.183699999999998,16.0781,1.5243457875429702,25.453,16.9181,18.580333061600378,38.546,19.553,38.546,1764.89459344,724.1003228799999,213.79339871828302,14.429155490533308,0.28574450946669216,0.28574450946669216,15.772485781874321,0.3056142181256778,0.3056142181256778,17.617123654934034,0.14097634506596535,0.14097634506596535,50.17438829039049,3.0865117096095105,3.0865117096095105,3.0865117096095105,0.9547116955669614,3.0865117096095105,0.5115843949099365,1.5143984935376995,2
31.0312,81.3554,30.7886,32.5102,19.8275,25.595,25.174,47.8984,False,False,False,False,False,False,False,False,False,False,False,False,False,0,False,-5.767499999999998,-5.346499999999999,-28.0709,0.4209999999999994,-22.303400000000003,-22.724400000000003,23.532166666666665,25.174,3.2152335192538235,29.623725,25.3845,12.462750476352857,28.0709,14.105616666666668,28.0709,2524.55568848,2644.8803250799997,381.4276149551701,19.7582179279201,0.06928207207990056,0.06928207207990056,18.809788603169217,6.785211396830782,6.785211396830782,24.935197238100685,0.23880276189931493,0.23880276189931493,48.25700163472599,-0.3586016347259857,0.3586016347259857,6.785211396830782,1.8629744663839958,6.785211396830782,0.349287082976686,0.9475813903952355,3
21.7457,52.85,38.0608,53.9387,14.0088,13.5919,1.0,63.0673,False,False,False,False,False,False,False,False,False,False,False,False,False,0,False,0.41690000000000005,13.0088,-49.0585,12.5919,-49.4754,-62.0673,9.533566666666667,13.5919,7.393224698555654,22.917,13.800350000000002,27.439114394965447,62.0673,31.103133333333336,62.0673,1149.260245,2850.660295,411.4606600831296,13.984632821187132,0.024167178812868784,0.024167178812868784,13.595675894340097,-0.0037758943400962863,0.0037758943400962863,17.931106266269072,-16.931106266269072,16.931106266269072,49.200080231046186,13.867219768953817,13.867219768953817,16.931106266269072,7.7065672770939635,16.931106266269072,0.11485582872952602,2.708350696709562,4
23.6339,86.7762,33.2134,26.0206,16.5715,16.8931,20.2296,47.5054,False,False,False,False,False,False,False,False,False,False,False,False,False,0,False,-0.3216000000000001,-3.658100000000001,-30.9339,-3.336500000000001,-30.6123,-27.2758,17.89806666666667,16.8931,2.025559775304924,25.2999,18.56135,14.895764779963464,30.9339,16.023033333333334,30.9339,2050.8600331800003,2257.96878972,272.35460041409965,16.427897240258854,0.143602759741146,0.143602759741146,16.733764269559202,0.15933573044079807,0.15933573044079807,20.325598914656368,-0.09599891465636645,0.09599891465636645,49.10376196625743,-1.5983619662574284,1.5983619662574284,1.5983619662574284,0.49932484277393474,1.5983619662574284,0.6669668716686354,1.2226881439499193,2
24.1553,87.6288,31.6699,9.5358,16.7324,16.8579,20.8384,37.0967,False,False,False,False,False,False,False,False,False,False,False,False,False,0,False,-0.1255000000000024,-4.106000000000002,-20.3643,-3.9804999999999993,-20.238799999999998,-16.2583,18.1429,16.8579,2.335214711755645,22.881349999999998,18.84815,9.6668049932057,20.3643,10.845566666666665,20.3643,2116.69995264,835.61071104,275.6547760947569,16.528302152086162,0.204097847913836,0.204097847913836,16.796298925593078,0.06160107440692286,0.06160107440692286,20.42381769431739,0.414582305682611,0.414582305682611,49.356167615645056,-12.259467615645057,12.259467615645057,12.259467615645057,3.234937210912107,12.259467615645057,0.2361310097876571,0.889995175111969,2
28.6557,37.7881,19.8451,49.0661,16.5184,14.4007,21.5919,60.3044,False,False,False,False,False,False,False,False,False,False,False,False,False,0,False,2.1176999999999992,-5.073499999999999,-43.786,-7.1911999999999985,-45.9037,-38.712500000000006,17.503666666666664,16.5184,3.6954569627223814,28.20385,19.055149999999998,21.612032796029776,45.9037,23.797433333333334,45.9037,1082.84445717,1854.11469341,758.3258331787432,16.392058585942863,0.12634141405713706,0.12634141405713706,14.082807381166345,0.31789261883365505,0.31789261883365505,21.38035653034986,0.21154346965013815,0.21154346965013815,48.19911739692957,12.105282603070428,12.105282603070428,12.105282603070428,3.1902650264028396,12.105282603070428,0.23864838946916364,1.6275679995575074,3
28.1686,30.8848,47.1226,31.0161,15.6773,13.958,20.8884,49.9856,False,False,False,False,False,False,False,False,False,False,False,False,False,0,False,1.7193000000000005,-5.2111,-34.308299999999996,-6.930400000000001,-36.0276,-29.097199999999997,16.841233333333335,15.6773,3.6088317560303826,25.127325,18.28285,16.832103399827957,36.0276,18.882316666666664,36.0276,869.98157728,957.92604528,912.0535305219622,15.600943407229476,0.07635659277052476,0.07635659277052476,14.047502673998904,-0.08950267399890421,0.08950267399890421,20.756798628212028,0.1316013717879727,0.1316013717879727,49.67450593500814,0.3110940649918561,0.3110940649918561,0.3110940649918561,0.15213867588731445,0.3110940649918561,0.8679510730163229,1.433801077591396,3
31.9221,26.6474,39.91,58.3026,17.1866,14.5966,22.8735,43.6359,False,False,False,False,False,False,False,False,False,False,False,False,False,0,False,2.589999999999998,-5.686900000000001,-26.4493,-8.2769,-29.039299999999997,-20.7624,18.2189,17.1866,4.233910824521462,24.57315,20.03005,13.170293827271532,29.039299999999997,15.467466666666665,29.039299999999997,850.64096754,1553.61270324,1197.943815177535,17.484497784551827,-0.2978977845518287,0.2978977845518287,14.988129742597737,-0.39152974259773643,0.39152974259773643,23.336097720468004,-0.46259772046800407,0.46259772046800407,48.52178111225351,-4.885881112253507,4.885881112253507,4.885881112253507,1.5094765899677691,4.885881112253507,0.39848947146896624,1.1817487046842978,3
16.4512,87.7723,18.0,18.5651,13.0139,13.8086,15.8387,34.7912,False,False,False,False,False,False,False,False,False,False,False,False,False,0,False,-0.7947000000000006,-2.8247999999999998,-21.777300000000004,-2.030099999999999,-20.982600000000005,-18.952500000000004,14.220399999999998,13.8086,1.4567285917424697,19.3631,14.82365,10.353944109372044,21.777300000000004,11.227000000000002,21.777300000000004,1443.95966176,1629.50152673,187.43040943094695,12.920588482874148,0.0933115171258514,0.0933115171258514,13.783809698172258,0.024790301827742667,0.024790301827742667,15.413243025862986,0.42545697413701333,0.42545697413701333,49.38113242099413,-14.589932420994124,14.589932420994124,14.589932420994124,3.783372803521183,14.589932420994124,0.2090575083890326,1.1246798680583856,2
27.1316,40.1931,50.0495,59.2364,15.9906,14.7284,21.0562,65.685,False,False,False,False,False,False,False,False,False,False,False,False,False,0,False,1.2622,-5.0656,-49.6944,-6.3278,-50.9566,-44.6288,17.258399999999998,15.9906,3.348992511188999,29.36505,18.523400000000002,24.36721289184848,50.9566,26.32256666666667,50.9566,1090.50311196,2380.8945488400004,675.0311185175767,15.95444357026744,0.036156429732560724,0.036156429732560724,14.81324204784133,-0.0848420478413292,0.0848420478413292,21.029362630676513,0.026837369323487792,0.026837369323487792,49.14850125916495,16.53649874083505,16.53649874083505,16.53649874083505,4.171083646933107,16.53649874083505,0.1933830640301255,1.7352799551575921,3
30.7887,106.5889,44.7605,54.8665,21.3848,21.588,35.7555,55.686,False,False,False,False,False,False,False,False,False,False,False,False,False,0,False,-0.2032000000000025,-14.3707,-34.3012,-14.167499999999997,-34.098,-19.930500000000002,26.242766666666665,21.588,8.238895202837169,33.603575,28.67175,16.185763087432733,34.3012,19.51185,34.3012,3281.7336654299997,5848.15988185,288.8546284974675,21.318659378658,0.06614062134199727,0.06614062134199727,21.504914538640726,0.08308546135927486,0.08308546135927486,26.54547330336664,9.210026696633356,9.210026696633356,48.00207698588314,7.683923014116857,7.683923014116857,9.210026696633356,4.260793948362871,9.210026696633356,0.1900853768110789,1.0207601361580914,1
27.5392,38.1989,35.1752,12.4804,15.2211,13.532,20.2284,69.7442,False,False,False,False,False,False,False,False,False,False,False,False,False,0,False,1.6890999999999998,-5.007300000000001,-54.52310000000001,-6.696400000000001,-56.21220000000001,-49.515800000000006,16.327166666666667,15.2211,3.48252506715075,29.681425,17.72475,26.859452397542164,56.21220000000001,28.940650000000005,56.21220000000001,1051.9671468800002,476.73755156,720.9420373513275,15.466106823913632,-0.2450068239136325,0.2450068239136325,13.909842637100564,-0.37784263710056365,0.37784263710056365,20.270964453354335,-0.04256445335433412,0.04256445335433412,49.642038213891695,20.10216178610831,20.10216178610831,20.10216178610831,5.19189392511921,20.10216178610831,0.16150147468502496,1.8938504826333367,3
13.6327,45.7725,28.7424,15.8314,9.2535,9.6527,11.532,46.4299,False,False,False,False,False,False,False,False,False,False,False,False,False,0,False,-0.39919999999999867,-2.2784999999999993,-37.1764,-1.8793000000000006,-36.77720000000001,-34.89790000000001,10.146066666666666,9.6527,1.216736850487127,19.217025,10.59235,18.1690975573683,37.1764,18.90141666666667,37.1764,624.00276075,724.6427565,297.83597185297464,9.22969267122023,0.023807328779771098,0.023807328779771098,9.565972411139013,0.08672758886098642,0.08672758886098642,11.595354063010596,-0.0633540630105962,0.0633540630105962,50.533511360100086,-4.103611360100082,4.103611360100082,4.103611360100082,1.069375085187859,4.103611360100082,0.48323767264706363,1.9345544200757299,4
24.9995,20.1043,45.4578,57.462,14.2425,12.5571,19.3371,44.5012,False,False,False,False,False,False,False,False,False,False,False,False,False,0,False,1.6853999999999996,-5.0946,-30.258699999999997,-6.779999999999999,-31.9441,-25.164099999999998,15.3789,14.2425,3.5299651159749437,22.659475,16.7898,14.84365830253782,31.9441,16.82115,31.9441,502.59744785,1155.2332866,1243.4895800950146,13.793153755566975,0.4493462444330252,0.4493462444330252,12.209327983113726,0.34777201688627457,0.34777201688627457,18.57193038446714,0.7651696155328587,0.7651696155328587,49.440232140634066,-4.939032140634069,4.939032140634069,4.939032140634069,1.6253300043715568,4.939032140634069,0.38090449518150266,1.4097451905901657,4
14.9915,18.5185,35.0207,17.393,8.2577,7.9147,10.9201,35.7485,False,False,False,False,False,False,False,False,False,False,False,False,False,0,False,0.34299999999999997,-2.6624,-27.4908,-3.0054,-27.8338,-24.828400000000002,9.030833333333334,8.2577,1.6451166078224768,15.71025,9.588899999999999,13.42619456373746,27.8338,14.360633333333334,27.8338,277.62009275,322.0922705,809.5413723890314,8.405612111772195,-0.14791211177219488,0.14791211177219488,7.93769674124829,-0.02299674124829032,0.02299674124829032,11.232337669689517,-0.3122376696895177,0.3122376696895177,50.891474613496825,-15.142974613496825,15.142974613496825,15.142974613496825,3.906530284051707,15.142974613496825,0.20381001280078143,1.771695694406076,4
21.3697,98.1157,35.5882,6.5734,15.6299,16.7153,19.2324,,True,False,False,False,False,False,False,False,False,False,False,False,False,1,True,-1.0854,-3.602499999999999,,-2.5170999999999992,,,17.192533333333333,16.7153,1.8480571699309876,17.192533333333333,16.7153,1.8480571699309876,3.602499999999999,2.401666666666666,3.602499999999999,2096.70307429,644.9537423800001,217.80100251019942,15.738449591314096,-0.10854959131409636,0.10854959131409636,16.82286665073446,-0.10756665073446214,0.10756665073446214,19.131721618801684,0.10067838119831407,0.10067838119831407,49.7000983800684,,,0.10854959131409636,0.10559820774895752,0.10854959131409636,0.9044877180436466,0.2095385150500323,2
17.4334,47.8325,29.7571,5.9921,17.1563,11.1729,14.0808,78.7172,False,False,False,False,False,False,False,False,False,False,False,False,False,0,False,5.983400000000001,3.0755000000000017,-61.560900000000004,-2.9078999999999997,-67.5443,-64.63640000000001,14.136666666666665,14.0808,2.9920911923491467,30.2818,15.61855,32.38255283132158,67.5443,34.284733333333335,67.5443,833.8831055,286.61712325,364.467597456207,11.055428950261666,6.100871049738336,6.100871049738336,11.003613925527711,0.16928607447228927,0.16928607447228927,14.018410318439894,0.062389681560105714,0.062389681560105714,50.4156779508175,28.301522049182502,28.301522049182502,28.301522049182502,8.658517213738309,28.301522049182502,0.10353556119127649,2.2305238689497098,4
8.159,75.9748,31.6705,28.6888,8.5246,10.3218,9.8852,59.4848,False,False,False,False,False,False,False,False,False,False,False,False,False,0,False,-1.7972000000000001,-1.3605999999999998,-50.9602,0.4366000000000003,-49.163,-49.5996,9.5772,9.8852,0.937352633751034,22.0541,10.1035,24.965533996825837,50.9602,25.55286666666667,50.9602,619.8783932000001,2179.62584224,107.39085757503047,8.421859723910616,0.10274027608938319,0.10274027608938319,10.439090301839103,-0.1172903018391036,0.1172903018391036,9.772473090120425,0.11272690987957468,0.11272690987957468,50.52546340778185,8.95933659221815,8.95933659221815,8.95933659221815,2.323023520006553,8.95933659221815,0.3009307619941336,2.3106894814617323,4
20.0684,50.751,37.9395,44.2971,20.5106,12.7888,16.5123,50.9035,False,False,False,False,False,False,False,False,False,False,False,False,False,0,False,7.7218,3.9983000000000004,-30.3929,-3.7234999999999996,-38.1147,-34.3912,16.6039,16.5123,3.8617148690704757,25.178800000000003,18.51145,17.43724561181228,38.1147,19.723733333333332,38.1147,1018.4913683999999,2248.1221221,395.4285835887798,12.948117010754371,7.562482989245629,7.562482989245629,12.751341500184536,0.03745849981546456,0.03745849981546456,16.582962935407377,-0.07066293540737689,0.07066293540737689,49.584934609277326,1.318565390722675,1.318565390722675,7.562482989245629,2.2472924537977863,7.562482989245629,0.3079488571565139,1.513760975995291,4
8.9208,80.0837,21.4928,31.7022,9.0013,10.7514,10.3396,80.3354,False,False,False,False,False,False,False,False,False,False,False,False,False,0,False,-1.7500999999999998,-1.3383000000000003,-71.3341,0.4117999999999995,-69.584,-69.9958,10.030766666666667,10.3396,0.9150114880881732,27.606925000000004,10.5455,35.16025499124213,71.3341,35.735683333333334,71.3341,714.41067096,2538.82947414,111.39344068849957,9.036462304136029,-0.035162304136028055,0.035162304136028055,10.751177817385663,0.00022218261433692987,0.00022218261433692987,10.397662512946727,-0.058062512946726486,0.058062512946726486,49.98725515500624,30.34814484499377,30.34814484499377,30.34814484499377,7.6103979611727155,30.34814484499377,0.11613865056056043,2.583919583974099,4
20.8759,61.2433,21.7204,5.906,13.325,12.9631,16.6578,58.0203,False,False,False,False,False,False,False,False,False,False,False,False,False,0,False,0.36189999999999856,-3.3328000000000024,-44.6953,-3.694700000000001,-45.057199999999995,-41.3625,14.3153,13.325,2.0367185838991118,25.24155,14.9914,21.915684748067232,45.057199999999995,23.08406666666666,45.057199999999995,1278.50900647,361.7029298,340.86825156902853,13.43848126726184,-0.11348126726184127,0.11348126726184127,13.074056596633364,-0.11095659663336299,0.11095659663336299,16.81809276398284,-0.16029276398283798,0.16029276398283798,49.674308579013584,8.345991420986415,8.345991420986415,8.345991420986415,2.1826805122161144,8.345991420986415,0.3142005602389841,1.7850402273076622,4
12.9126,55.1864,41.4512,58.3725,10.086,11.2424,12.5973,57.737,False,False,False,False,False,False,False,False,False,False,False,False,False,0,False,-1.1563999999999997,-2.5113000000000003,-47.651,-1.3549000000000007,-46.494600000000005,-45.139700000000005,11.30856666666667,11.2424,1.2569568184044086,22.915675,11.91985,23.236891983994617,47.651,24.05131666666667,47.651,712.59990864,3221.3681340000003,233.9815182759668,9.924482483334666,0.16151751666533443,0.16151751666533443,10.885562524192533,0.35683747580746683,0.35683747580746683,12.423762303345146,0.1735376966548543,0.1735376966548543,50.00483822029855,7.73216177970145,7.73216177970145,7.73216177970145,2.1060136172072763,7.73216177970145,0.3219560901021208,2.079405437803845,4
22.0985,55.2047,44.9647,31.4216,13.6698,13.7222,17.7092,52.3794,False,False,False,False,False,False,False,False,False,False,False,False,False,0,False,-0.052400000000000446,-4.039399999999999,-38.709599999999995,-3.9869999999999983,-38.657199999999996,-34.670199999999994,15.033733333333336,13.7222,2.3171702253682893,24.370150000000002,15.7157,18.768436889185345,38.709599999999995,20.019299999999998,38.709599999999995,1219.94106295,1734.6200015200002,400.30098881055613,14.027202670068613,-0.3574026700686126,0.3574026700686126,13.946200552490263,-0.22400055249026174,0.22400055249026174,17.997134239271396,-0.2879342392713973,0.2879342392713973,49.881182681014785,2.498217318985212,2.498217318985212,2.498217318985212,0.8418886952038709,2.498217318985212,0.5429209716113244,1.5884015533751108,4
14.8867,75.4868,18.0,7.5017,11.0816,11.7859,13.2672,44.839,False,False,False,False,False,False,False,False,False,False,False,False,False,0,False,-0.7042999999999999,-2.185600000000001,-33.7574,-1.481300000000001,-33.0531,-31.571799999999996,12.0449,11.7859,1.1155817271719726,20.243425000000002,12.52655,16.422330237489643,33.7574,17.125583333333335,33.7574,1123.74934556,566.27932756,197.2092872913824,11.359312978163471,-0.2777129781634713,0.2777129781634713,12.105928933061142,-0.3200289330611419,0.3200289330611419,13.614567249236089,-0.34736724923608797,0.34736724923608797,49.90207993499436,-5.063079934994363,5.063079934994363,5.063079934994363,1.502047273863766,5.063079934994363,0.39967270420744616,1.6675727217243514,4
14.0512,70.4544,45.052,55.2408,11.3593,12.7422,13.8951,60.6659,False,False,False,False,False,False,False,False,False,False,False,False,False,0,False,-1.3829000000000011,-2.5358,-49.3066,-1.152899999999999,-47.9237,-46.7708,12.665533333333334,12.7422,1.2696372487184415,24.665625,13.31865,24.022561323247086,49.3066,24.84545,49.3066,989.96886528,3891.9574195200003,199.4367705300491,11.282588222883867,0.07671177711613275,0.07671177711613275,12.663273824231968,0.07892617576803218,0.07892617576803218,13.908248037952172,-0.013148037952172231,0.013148037952172231,49.929964505387176,10.735935494612825,10.735935494612825,10.735935494612825,2.7261803713622905,10.735935494612825,0.26837133480857245,1.9989998230331394,4
31.3892,61.6279,30.734,59.4728,19.219,17.6853,24.8014,77.0681,False,False,False,False,False,False,False,False,False,False,False,False,False,0,False,1.5336999999999996,-5.5824,-57.8491,-7.116099999999999,-59.3828,-52.2667,20.56856666666667,19.219,3.745092447902098,34.69345,22.0102,28.41478127694575,59.3828,30.621799999999997,59.3828,1934.4504786799998,3665.1837711199996,509.334163693041,19.160458738493436,0.05854126150656569,0.05854126150656569,17.488182211394992,0.19711778860500928,0.19711778860500928,24.62582137320017,0.1755786267998296,0.1755786267998296,47.842157188718,29.225942811282003,29.225942811282003,29.225942811282003,7.414295122048352,29.225942811282003,0.11884536797142468,1.711642482473642,3
10.984,63.6764,34.8429,45.5198,9.0669,10.3063,11.1205,29.858,False,False,False,False,False,False,False,False,False,False,False,False,False,0,False,-1.2393999999999998,-2.0535999999999994,-20.7911,-0.8141999999999996,-19.5517,-18.7375,10.164566666666667,10.3063,1.0341104841037696,15.087925,10.7134,9.882851415920745,20.7911,10.53125,20.7911,699.4215776,2898.53699272,172.49716182177983,9.304684853868698,-0.23778485386869797,0.23778485386869797,10.61775922820246,-0.31145922820246064,0.31145922820246064,11.30669858055232,-0.18619858055232008,0.18619858055232008,50.14063406043457,-20.28263406043457,20.28263406043457,20.28263406043457,5.254519180764513,20.28263406043457,0.1598843925645722,1.377995066919363,4
9.9767,102.2508,27.3341,52.6467,10.9906,13.3539,12.5827,12.1712,False,False,False,False,False,False,False,False,False,False,False,False,False,0,False,-2.363299999999999,-1.5921000000000003,-1.1806,0.7711999999999986,1.1826999999999988,0.4115000000000002,12.309066666666666,12.5827,1.2051776314441502,12.2746,12.37695,0.9864349378781481,2.363299999999999,1.2502333333333329,2.363299999999999,1020.1255563599999,5383.167192360001,97.57086520879393,11.02381726634021,-0.03321726634020905,0.03321726634020905,13.362891055701127,-0.008991055701127237,0.008991055701127237,12.580846005052468,0.001853994947532911,0.001853994947532911,49.3924992769881,-37.2212992769881,37.2212992769881,37.2212992769881,9.316340398494242,37.2212992769881,0.09693359867671278,0.19253564879047066,2
19.3418,107.1489,26.47,17.3647,15.2982,16.7083,,58.3653,True,False,False,False,False,False,False,False,False,False,False,False,False,1,True,-1.4101000000000017,,-43.067099999999996,,-41.657,,16.00325,16.00325,0.9970912721511519,30.123933333333337,16.7083,24.46790119530756,43.067099999999996,28.711399999999998,43.067099999999996,2072.4525940199997,1860.6085038299998,180.51326887039727,15.377354043249913,-0.07915404324991293,0.07915404324991293,16.68832565596943,0.01997434403057241,0.01997434403057241,18.32606195721182,,,49.22944406715594,9.13585593284406,9.13585593284406,9.13585593284406,3.0783281067081814,9.13585593284406,0.24519851611623988,1.4296634249854183,2
25.4376,105.8126,24.01,17.6411,17.9464,18.4169,21.6122,51.5824,False,False,False,False,False,False,False,False,False,False,False,False,False,0,False,-0.4704999999999977,-3.665800000000001,-33.635999999999996,-3.195300000000003,-33.1655,-29.9702,19.325166666666664,18.4169,1.994550992913778,27.389474999999997,20.01455,16.21062711173856,33.635999999999996,17.35055,33.635999999999996,2691.61859376,1866.6506578600001,240.40234902059402,18.23387151290475,-0.28747151290474804,0.28747151290474804,18.606653694547433,-0.1897536945474343,0.1897536945474343,22.192361723389045,-0.5801617233890433,0.5801617233890433,48.593260700010234,2.989139299989766,2.989139299989766,2.989139299989766,1.011631557707748,2.989139299989766,0.49710892442923243,1.2280625210733243,1
27.7531,100.6147,29.6118,29.7973,19.0287,19.2137,23.3513,64.087,False,False,False,False,False,False,False,False,False,False,False,False,False,0,False,-0.18499999999999872,-4.322599999999998,-45.0583,-4.137599999999999,-44.8733,-40.73570000000001,20.531233333333333,19.2137,2.4440004609928634,31.420175,21.2825,21.869117372431077,45.0583,23.21875,45.0583,2792.36983057,2998.04640031,275.8354121380462,19.21175311961093,-0.1830531196109284,0.1830531196109284,19.24942670961307,-0.03572670961306912,0.03572670961306912,23.699890755685757,-0.34859075568575904,0.34859075568575904,48.36625263930639,15.720747360693615,15.720747360693615,15.720747360693615,4.072029486400843,15.720747360693615,0.19715973707984275,1.4340558465839714,1
24.3028,79.2742,39.3552,10.3422,16.3572,16.5962,20.5079,46.8445,False,False,False,False,False,False,False,False,False,False,False,False,False,0,False,-0.23900000000000077,-4.1507000000000005,-30.487299999999998,-3.9116999999999997,-30.248299999999997,-26.336599999999997,17.820433333333334,16.5962,2.3304802216138487,25.07645,18.55205,14.636251916958338,30.487299999999998,15.895599999999996,30.487299999999998,1926.58502776,819.86963124,306.566284293467,16.158220349035062,0.19897965096493664,0.19897965096493664,16.39127601954609,0.20492398045390914,0.20492398045390914,20.21120178222798,0.2966982177720183,0.2966982177720183,49.68553445342121,-2.8410344534212157,2.8410344534212157,2.8410344534212157,0.88540907565302,2.8410344534212157,0.5303888757688543,1.2157736777838657,4
29.5407,41.2186,43.8119,6.1275,16.6176,15.0835,21.8808,48.6293,False,False,False,False,False,False,False,False,False,False,False,False,False,0,False,1.5340999999999987,-5.263200000000001,-32.011700000000005,-6.7973,-33.5458,-26.7485,17.860633333333336,16.6176,3.565062513243398,25.5528,19.249200000000002,15.657293058720803,33.5458,17.6501,33.5458,1217.62629702,252.56697150000002,716.6835562868325,16.53174252045283,0.08585747954716894,0.08585747954716894,15.080392643537499,0.0031073564625021532,0.0031073564625021532,21.71935630167612,0.16144369832387895,0.16144369832387895,49.86920166318659,-1.2399016631865862,1.2399016631865862,1.2399016631865862,0.37257754938003407,1.2399016631865862,0.7285562848173351,1.312802779811692,3
30.8093,80.8853,32.2866,32.2677,19.4915,18.5482,24.6741,53.8304,False,False,False,False,False,False,False,False,False,False,False,False,False,0,False,0.9432999999999971,-5.182600000000001,-34.338899999999995,-6.125899999999998,-35.282199999999996,-29.156299999999998,20.9046,19.4915,3.2983786031927864,29.136049999999997,22.0828,16.68172485136554,35.282199999999996,18.504866666666665,35.282199999999996,2492.01947329,2609.9825948099997,380.90105607557166,19.62480004598471,-0.13330004598471135,0.13330004598471135,18.739033508257286,-0.19083350825728473,0.19083350825728473,24.781785038776626,-0.10768503877662639,0.10768503877662639,48.34037200503675,5.490027994963249,5.490027994963249,5.490027994963249,1.480461646995468,5.490027994963249,0.4031507607510398,1.2109461608741883,3
23.7474,48.4547,23.1116,46.5521,14.4691,13.4609,18.3451,48.0412,False,False,False,False,False,False,False,False,False,False,False,False,False,0,False,1.0081999999999987,-3.8759999999999994,-33.572100000000006,-4.884199999999998,-34.5803,-29.696100000000005,15.425033333333332,14.4691,2.578605982567583,23.579075,16.4071,16.443429930598423,34.5803,17.93615,34.5803,1150.67314278,2255.6680398700005,490.09477097272884,14.596088720835471,-0.12698872083547208,0.12698872083547208,13.373508649834495,0.0873913501655057,0.0873913501655057,18.718742272793197,-0.37364227279319806,0.37364227279319806,48.702723506773154,-0.6615235067731504,0.6615235067731504,0.6615235067731504,0.31238646264183156,0.6615235067731504,0.7619706759143201,1.4665666627861091,4
20.8691,25.8051,33.1449,7.2908,11.1923,10.2307,14.7645,59.8275,False,False,False,False,False,False,False,False,False,False,False,False,False,0,False,0.9615999999999989,-3.5722000000000005,-48.6352,-4.533799999999999,-49.5968,-45.063,12.0625,11.1923,2.388885020255265,24.00375,12.9784,23.962018293054257,49.5968,25.393766666666664,49.5968,538.52921241,188.13982307999999,808.7196683137564,11.511173339693393,-0.3188733396933934,0.3188733396933934,10.442297189062746,-0.21159718906274527,0.21159718906274527,15.222955929294256,-0.4584559292942565,0.4584559292942565,50.43091244461119,9.396587555388813,9.396587555388813,9.396587555388813,2.596378503359802,9.396587555388813,0.2780574956350623,2.066209627158412,4
26.5393,44.1499,20.0222,45.7095,15.6498,13.8113,20.1295,60.542,False,False,False,False,False,False,False,False,False,False,False,False,False,0,False,1.8385000000000016,-4.479699999999999,-44.8922,-6.318200000000001,-46.7307,-40.4125,16.5302,15.6498,3.2498062911502896,27.53315,17.88965,22.165298601567873,46.7307,24.11196666666667,46.7307,1171.7074410700002,2018.06985405,601.1178731734673,15.686337744946067,-0.03653774494606665,0.03653774494606665,13.867701721787318,-0.05640172178731895,0.05640172178731895,20.268681666807602,-0.1391816668076018,0.1391816668076018,48.40399629117192,12.13800370882808,12.13800370882808,12.13800370882808,3.092531210592267,12.13800370882808,0.24434755620477752,1.6972516049737845,3
25.4113,48.2705,35.1281,17.6202,15.2911,14.2782,19.8332,46.3663,False,False,False,False,False,False,False,False,False,False,False,False,False,0,False,1.0129000000000001,-4.542100000000001,-31.075200000000002,-5.5550000000000015,-32.088100000000004,-26.5331,16.4675,15.2911,2.958452969036352,23.9422,17.562150000000003,15.143299607637257,32.088100000000004,16.801066666666667,32.088100000000004,1226.61615665,850.5358641,526.4352914439893,15.0599302361798,0.2311697638201995,0.2311697638201995,14.070882295388213,0.20731770461178733,0.20731770461178733,19.46823959007958,0.3649604099204211,0.3649604099204211,49.612336951439104,-3.246036951439102,3.246036951439102,3.246036951439102,1.0123712074478775,3.246036951439102,0.49692621137638743,1.3402313320282466,3
18.5486,32.1192,32.1721,47.2999,11.1649,10.5368,14.573,52.4955,False,False,False,False,False,False,False,False,False,False,False,False,False,0,False,0.6280999999999999,-3.408100000000001,-41.330600000000004,-4.036200000000001,-41.9587,-37.9225,12.091566666666665,11.1649,2.171810521968557,22.192549999999997,12.86895,20.27964409196243,41.9587,21.547366666666665,41.9587,595.76619312,1519.23494808,577.4924103052348,11.21653641255741,-0.051636412557410694,0.051636412557410694,10.485953655186474,0.050846344813525235,0.050846344813525235,14.657472028067325,-0.08447202806732435,0.08447202806732435,49.65809618503859,2.8374038149614123,2.8374038149614123,2.8374038149614123,0.7560896500999181,2.8374038149614123,0.5694470096917329,1.8906651598553752,4
30.3557,91.8033,35.0595,45.8747,19.865,19.5118,24.6688,53.0942,False,False,False,False,False,False,False,False,False,False,False,False,False,0,False,0.3531999999999975,-4.8038000000000025,-33.229200000000006,-5.157,-33.5824,-28.4254,21.348533333333336,19.865,2.8808532786890306,29.284950000000002,22.2669,16.046174469428323,33.5824,17.59183333333333,33.5824,2786.7534338099995,4211.448846509999,330.6601907926849,20.174388816156668,-0.3093888161566696,0.3093888161566696,19.71343091726937,-0.20163091726936955,0.20163091726936955,25.2765441023148,-0.6077441023148005,0.6077441023148005,48.060355870740246,5.033844129259755,5.033844129259755,5.033844129259755,1.5381519912501487,5.033844129259755,0.3939874378868293,1.1467456332533832,1
22.8665,30.6578,36.9534,24.3963,15.1315,16.2079,16.7916,45.8619,False,False,False,False,False,False,False,False,False,False,False,False,False,0,False,-1.0763999999999978,-1.6600999999999981,-30.730399999999996,-0.5837000000000003,-29.654,-29.0703,16.043666666666667,16.2079,0.8421475187479517,23.498224999999998,16.49975,14.924964592113218,30.730399999999996,15.462483333333333,30.730399999999996,701.0365836999999,747.9368861400001,745.8621473614717,12.947064095519812,2.184435904480189,2.184435904480189,11.812691730747607,4.395208269252391,4.395208269252391,17.077803576866433,-0.28620357686643416,0.28620357686643416,49.951589509886304,-4.0896895098863055,4.0896895098863055,4.395208269252391,2.73888431512133,4.395208269252391,0.2674594653692967,1.30777481798101,4
30.0586,32.3412,37.7249,9.3042,16.3571,14.3251,21.5508,54.612,False,False,False,False,False,False,False,False,False,False,False,False,False,0,False,2.0319999999999983,-5.1937,-38.254900000000006,-7.225699999999998,-40.2869,-33.0612,17.411,16.3571,3.7263539861371187,26.71125,18.95395,18.847698611147905,40.2869,21.009066666666666,40.2869,972.13119432,300.90899304,929.4210080575215,16.319825382966357,0.03727461703364199,0.03727461703364199,14.338585397883845,-0.013485397883844286,0.013485397883844286,21.596664672982914,-0.04586467298291552,0.04586467298291552,49.634587333761296,4.977412666238706,4.977412666238706,4.977412666238706,1.268509338534777,4.977412666238706,0.4408181103834013,1.5082366013434036,3
31.3506,109.6014,35.8066,50.6344,21.7,21.5969,27.0793,57.1371,False,False,False,False,False,False,False,False,False,False,False,False,False,0,False,0.10309999999999775,-5.379300000000001,-35.4371,-5.482399999999998,-35.5402,-30.057799999999997,23.45873333333333,21.7,3.1359264409952816,31.878324999999997,24.38965,17.032736668814163,35.5402,18.66665,35.5402,3436.06965084,5549.6011281599995,286.0419405188309,21.692554404640237,0.0074455953597620805,0.0074455953597620805,21.632158580946758,-0.03525858094675627,0.03525858094675627,26.885231445233902,0.19406855476609763,0.19406855476609763,47.69688019964542,9.440219800354576,9.440219800354576,9.440219800354576,2.419248132856798,9.440219800354576,0.29246195688187604,1.114870020658231,1
13.0874,48.0294,42.0912,28.1127,9.6031,10.4584,12.469,52.8484,False,False,False,False,False,True,False,False,False,False,False,False,False,0,False,-0.8552999999999997,-2.8659,-43.2453,-2.0106,-42.39,-40.3794,10.843499999999999,10.4584,1.4712485208148893,21.344724999999997,11.4637,21.036776229795763,43.2453,21.95775,43.2453,628.5799695600001,1350.23611338,272.4872114814652,9.25605571686743,0.3470442831325702,0.3470442831325702,10.100926748659695,0.35747325134030383,0.35747325134030383,11.707107965858487,0.7618920341415123,0.7618920341415123,50.75660297646627,2.0917970235337293,2.0917970235337293,2.0917970235337293,0.8895516480370289,2.0917970235337293,0.5292260738354813,2.026040613762598,4
17.1665,43.9713,47.3783,13.5215,10.8962,11.3229,14.2006,,True,False,False,False,False,False,False,False,False,False,False,False,False,1,True,-0.4267000000000003,-3.3043999999999993,,-2.877699999999999,,,12.139899999999999,11.3229,1.7973262336036824,12.139899999999999,11.3229,1.7973262336036824,3.3043999999999993,2.2029333333333327,3.3043999999999993,754.83332145,594.55793295,390.4022873096116,10.82755722993079,0.06864277006921071,0.06864277006921071,11.211904202018268,0.11099579798173309,0.11099579798173309,13.983478384682604,0.21712161531739582,0.21712161531739582,50.934616510877916,,,0.21712161531739582,0.1322533944561132,0.21712161531739582,0.8831945259747778,0.27219312169530085,4
31.7607,60.7084,33.7976,47.1394,19.2807,17.6694,24.8962,49.0986,False,False,False,False,False,False,False,False,False,False,False,False,False,0,False,1.6113,-5.615500000000001,-29.817899999999998,-7.226800000000001,-31.429199999999998,-24.202399999999997,20.615433333333332,19.2807,3.793783647407076,27.736224999999997,22.08845,14.574563186679043,31.429199999999998,16.650516666666665,31.429199999999998,1928.14127988,2861.75755096,523.168042121347,19.146518033976253,0.1341819660237462,0.1341819660237462,17.53139841301114,0.13800158698886023,0.13800158698886023,24.66025340595599,0.23594659404400886,0.23594659404400886,48.19772519802261,0.9008748019773876,0.9008748019773876,0.9008748019773876,0.3522512372585007,0.9008748019773876,0.739507550407097,1.1331458649668926,3
20.2427,35.2642,36.7994,8.5725,11.3985,11.1055,14.7262,66.0157,False,False,False,False,False,False,False,False,False,False,False,False,False,0,False,0.29300000000000104,-3.3277,-54.6172,-3.620700000000001,-54.910199999999996,-51.2895,12.410066666666665,11.3985,2.011173155979697,25.811474999999998,13.06235,26.85307293853908,54.910199999999996,28.009716666666666,54.910199999999996,713.84262134,302.30235450000004,574.0295897738812,11.752454459845346,-0.3539544598453457,0.3539544598453457,11.156150493142565,-0.05065049314256598,0.05065049314256598,15.346587636548652,-0.6203876365486511,0.6203876365486511,50.48540421136166,15.530295788638334,15.530295788638334,15.530295788638334,4.138822094543724,15.530295788638334,0.1945971239326957,2.1273553226402897,4
22.6527,78.1419,34.0494,41.5444,15.8485,16.0008,20.0946,47.2861,False,False,False,False,False,False,False,False,False,False,False,False,False,0,False,-0.1523000000000021,-4.2461,-31.437599999999996,-4.093799999999998,-31.285299999999996,-27.191499999999998,17.314633333333333,16.0008,2.4087257675653597,24.807499999999997,18.0477,15.114237551174497,31.437599999999996,16.4011,31.437599999999996,1770.1250181300002,3246.3583503600007,289.8918134967522,15.664524852535303,0.18397514746469668,0.18397514746469668,15.821115223295019,0.17968477670498295,0.17968477670498295,19.52136615460138,0.5732338453986188,0.5732338453986188,48.97447276273423,-1.6883727627342324,1.6883727627342324,1.6883727627342324,0.6563166330756327,1.6883727627342324,0.6037492952921018,1.2672614059210296,4
8.935,70.4062,39.5264,32.159,8.5375,10.6639,10.031,45.449,False,False,False,False,False,False,False,False,False,False,False,False,False,0,False,-2.1264000000000003,-1.493500000000001,-36.9115,0.6328999999999994,-34.7851,-35.418,9.744133333333332,10.031,1.0918395501782,18.67035,10.34745,17.87467813202054,36.9115,18.561233333333334,36.9115,629.079397,2264.1929858,126.90641919228432,8.53948464347399,-0.0019846434739907437,0.0019846434739907437,10.516002857154637,0.1478971428453626,0.1478971428453626,10.14991399530312,-0.11891399530311908,0.11891399530311908,50.714197947997945,-5.265197947997947,5.265197947997947,5.265197947997947,1.383498432405105,5.265197947997947,0.41955135627714046,1.977010620041606,4
30.236,74.725,22.1657,13.3417,19.1212,17.8014,23.953,34.737,False,False,False,False,False,False,False,False,False,False,False,False,False,0,False,1.3198000000000008,-4.831799999999998,-15.6158,-6.151599999999998,-16.9356,-10.784000000000002,20.291866666666667,19.1212,3.238578542097339,23.903150000000004,21.537100000000002,7.691406237050111,16.9356,9.2731,16.9356,2259.3851,996.9585324999999,404.63025699160164,18.771023385511466,0.3501766144885359,0.3501766144885359,17.532625183237023,0.26877481676297776,0.26877481676297776,23.683115436334102,0.2698845636658973,0.2698845636658973,48.52206143247745,-13.785061432477448,13.785061432477448,13.785061432477448,3.668474356848715,13.785061432477448,0.21420274024489103,0.7085088331417269,3
19.9277,91.0498,37.7678,56.4853,15.2122,16.215,18.7176,44.0866,False,False,False,False,False,False,False,False,False,False,False,False,False,0,False,-1.0028000000000006,-3.5054000000000016,-28.874399999999998,-2.502600000000001,-27.871599999999997,-25.368999999999996,16.714933333333335,16.215,1.805382866134864,23.557850000000002,17.4663,13.764990818134725,28.874399999999998,14.8543,28.874399999999998,1814.4130994600002,5142.975267940001,218.86591526110817,15.249138782657692,-0.03693878265769257,0.03693878265769257,16.220490516053104,-0.005490516053104244,0.005490516053104244,18.672417657898553,0.045182342101448114,0.045182342101448114,48.88459941212903,-4.79799941212903,4.79799941212903,4.79799941212903,1.2214027632353188,4.79799941212903,0.450166001659046,1.2256800914853894,2
26.8625,67.5097,36.0548,44.896,17.1685,16.3352,21.811,34.2837,False,False,False,False,False,False,False,False,False,False,False,False,False,0,False,0.8333000000000013,-4.642499999999998,-17.1152,-5.4758,-17.948500000000003,-12.472700000000003,18.438233333333333,17.1685,2.950468346438126,22.3996,19.48975,8.280894423108332,17.948500000000003,9.748000000000001,17.948500000000003,1813.47931625,3030.9154912,397.9057234877768,17.14383315009878,0.02466684990122303,0.02466684990122303,16.4676405245758,-0.1324405245757987,0.1324405245757987,21.806965498440398,0.004034501559601722,0.004034501559601722,48.701052055282034,-14.41735205528203,14.41735205528203,14.41735205528203,3.6446234828296635,14.41735205528203,0.21530270509478752,0.8012862723949213,3
28.0295,103.8628,36.1283,6.1492,19.0844,19.44,23.6415,48.6006,False,False,False,False,False,False,False,False,False,False,False,False,False,0,False,-0.3556000000000026,-4.557100000000002,-29.5162,-4.201499999999999,-29.1606,-24.9591,20.721966666666667,19.44,2.5346338992709256,27.691625000000002,21.540750000000003,14.092106365000939,29.5162,15.458350000000001,29.5162,2911.2223526,638.67312976,269.87041848761845,19.25298551515107,-0.16858551515107223,0.16858551515107223,19.627280486204832,-0.1872804862048305,0.1872804862048305,23.737698415693853,-0.09619841569385201,0.09619841569385201,49.055981729442635,-0.4553817294426352,0.4553817294426352,0.4553817294426352,0.2268615366230975,0.4553817294426352,0.8150879053169051,1.065888669990053,1
8.5155,86.0259,29.6979,10.0395,8.8374,11.0558,10.0591,57.7836,False,False,False,False,False,False,False,False,False,False,False,False,False,0,False,-2.218399999999999,-1.2217000000000002,-48.9462,0.9966999999999988,-46.7278,-47.7245,9.9841,10.0591,1.1111000810008065,21.933975,10.55745,23.916962160549712,48.9462,24.639216666666666,48.9462,732.5535514499999,863.6570230499999,98.98761896270554,8.924551371889821,-0.0871513718898207,0.0871513718898207,11.192859410712106,-0.1370594107121068,0.1370594107121068,10.177596828876037,-0.11849682887603663,0.11849682887603663,50.725594236697575,7.058005763302425,7.058005763302425,7.058005763302425,1.8501783436950974,7.058005763302425,0.3508552376071863,2.231523364313416,2
21.2508,94.7546,38.0479,17.6921,15.5653,16.2966,18.7659,23.5672,False,False,False,False,False,False,False,False,False,False,False,False,False,0,False,-0.731300000000001,-3.200599999999998,-8.0019,-2.469299999999997,-7.270599999999998,-4.801300000000001,16.875933333333332,16.2966,1.6771047741072496,18.54875,17.53125,3.615021809523883,8.0019,4.412499999999999,8.0019,2013.6110536800002,1676.4078586599999,224.271937798066,15.63080094550299,-0.0655009455029898,0.0655009455029898,16.67019940262916,-0.37359940262915714,0.37359940262915714,19.095918071580087,-0.33001807158008845,0.33001807158008845,49.58864239240654,-26.02144239240654,26.02144239240654,26.02144239240654,6.697640203029694,26.02144239240654,0.12990994299868844,0.43139810963104813,2
16.3568,100.6456,27.8161,43.0531,13.7975,15.3252,16.3612,64.6641,False,False,False,False,False,False,False,False,False,False,False,False,False,0,False,-1.5277000000000012,-2.5637000000000008,-50.866600000000005,-1.0359999999999996,-49.3389,-48.30290000000001,15.161300000000002,15.3252,1.2896847793162487,27.537000000000003,15.8432,24.773789775621065,50.866600000000005,25.60596666666667,50.866600000000005,1646.23995008,4333.10508136,162.5187626166705,13.889386088628914,-0.09188608862891456,0.09188608862891456,15.366618559916828,-0.041418559916827746,0.041418559916827746,16.49508500109326,-0.13388500109325818,0.13388500109325818,49.05418780800119,15.609912191998816,15.609912191998816,15.609912191998816,3.9692754604094542,15.609912191998816,0.20123658025542476,1.847208538617664,2
9.9448,45.6114,22.4851,47.8265,7.713,8.1738,9.3757,51.8502,False,False,False,False,False,False,False,False,False,False,False,False,False,0,False,-0.4607999999999999,-1.6627,-44.1372,-1.2019000000000002,-43.6764,-42.4745,8.420833333333334,8.1738,0.8584357421108079,19.278175,8.774750000000001,21.725992425721316,44.1372,22.26891666666667,44.1372,453.59625072000006,2181.4336221000003,218.03316319315715,7.818049582180839,-0.10504958218083882,0.10504958218083882,8.349812106425967,-0.17601210642596676,0.17601210642596676,9.632125196250218,-0.256425196250218,0.256425196250218,49.94762062613799,1.902579373862011,1.902579373862011,1.902579373862011,0.6100165646797586,1.902579373862011,0.6211116220403022,2.289489389172269,4
10.9793,47.4117,37.106,33.0558,8.1981,9.362,10.0748,55.9068,False,False,False,False,False,False,False,False,False,False,False,False,False,0,False,-1.1639,-1.8766999999999996,-47.70869999999999,-0.7127999999999997,-46.544799999999995,-45.831999999999994,9.211633333333333,9.362,0.9473427697160796,20.885424999999998,9.718399999999999,23.360392827515405,47.70869999999999,23.973149999999993,47.70869999999999,520.5472778100001,1567.2316728600001,231.5735922623335,8.260143702973458,-0.06204370297345818,0.06204370297345818,9.202139588474484,0.159860411525516,0.159860411525516,10.328543068687715,-0.2537430686877151,0.2537430686877151,50.67235331420137,5.2344466857986305,5.2344466857986305,5.2344466857986305,1.42752346724633,5.2344466857986305,0.41194246461162065,2.2843048277423956,4
16.6508,72.2498,37.118,36.5301,12.4433,13.3031,15.5018,77.6366,False,False,False,False,False,False,False,False,False,False,False,False,False,0,False,-0.8597999999999999,-3.0584999999999987,-65.1933,-2.1986999999999988,-64.3335,-62.1348,13.7494,13.3031,1.57733741792934,29.7212,14.40245,31.969551813874403,65.1933,32.9631,65.1933,1203.01696984,2639.2924189799996,230.46150571191814,12.398871389413596,0.04442861058640446,0.04442861058640446,13.300979473880853,0.002120526119147925,0.002120526119147925,15.29080369308371,0.21099630691628946,0.21099630691628946,49.80655443445461,27.83004556554539,27.83004556554539,27.83004556554539,7.0218977522918085,27.83004556554539,0.12465878160991344,2.1934941410528035,4
21.5946,80.6941,19.9261,48.8104,15.272,15.2728,18.9574,48.5895,False,False,False,False,False,False,False,False,False,False,False,False,False,0,False,-0.0007999999999999119,-3.6853999999999996,-33.3175,-3.6845999999999997,-33.3167,-29.6321,16.500733333333333,15.2728,2.127535779565959,24.522925,17.115099999999998,16.138148661143468,33.3175,17.272850000000002,33.3175,1742.5568118600002,3938.71129864,267.61060999371574,15.3631927575297,-0.09119275752969891,0.09119275752969891,15.281786073512487,-0.008986073512486925,0.008986073512486925,18.90997157295357,0.047428427046430244,0.047428427046430244,48.38755973474974,0.20194026525025777,0.20194026525025777,0.20194026525025777,0.08738688083471846,0.20194026525025777,0.9196358882244036,1.358626118774119,4
8.7473,59.1484,29.0356,9.764,7.646,9.0648,9.2381,55.1136,False,False,False,False,False,False,False,False,False,False,False,False,False,0,False,-1.4188,-1.5920999999999994,-47.4676,-0.17329999999999934,-46.0488,-45.8755,8.649633333333332,9.0648,0.8734804653415742,20.265625,9.15145,23.242927849473553,47.4676,23.76268333333333,47.4676,517.38879932,577.5249775999999,147.88732275305455,7.54809763757757,0.09790236242243022,0.09790236242243022,8.96898276615694,0.09581723384306073,0.09581723384306073,8.990191500707155,0.2479084992928442,0.2479084992928442,50.97955414526463,4.134045854735369,4.134045854735369,4.134045854735369,1.143918487573426,4.134045854735369,0.46643564379718583,2.3422705481471464,4
8.299,38.1623,29.2119,41.8582,6.5322,7.5852,7.9413,57.9677,False,False,False,False,False,False,False,False,False,False,False,False,False,0,False,-1.0530000000000008,-1.4091000000000005,-51.435500000000005,-0.35609999999999964,-50.3825,-50.0264,7.352900000000001,7.5852,0.7327094717553476,20.0066,7.76325,25.31447024016106,51.435500000000005,25.7771,51.435500000000005,316.7089277,1597.4051858599998,217.46587143178698,6.554325102865661,-0.022125102865661717,0.022125102865661717,7.312944305502409,0.27225569449759135,0.27225569449759135,8.180286105756325,-0.23898610575632517,0.23898610575632517,50.54715800565439,7.420541994345612,7.420541994345612,7.420541994345612,1.9884772243662976,7.420541994345612,0.3346185782667454,2.5709253091853146,4
23.8341,19.4216,36.1564,8.3279,12.4987,11.0045,16.7929,39.7972,False,False,False,False,False,False,False,False,False,False,False,False,False,0,False,1.4941999999999993,-4.2942,-27.298499999999997,-5.788399999999999,-28.792699999999996,-23.004299999999997,13.432033333333331,12.4987,3.0049504111271674,20.023325,14.6458,13.408964215124893,28.792699999999996,15.112049999999998,28.792699999999996,462.89635656,161.74114264,1227.1948618059985,12.600602807870635,-0.10190280787063521,0.10190280787063521,11.03127238919761,-0.02677238919761038,0.02677238919761038,16.884907659341074,-0.0920076593410748,0.0920076593410748,50.31164805214459,-10.514448052144594,10.514448052144594,10.514448052144594,2.6837827271384787,10.514448052144594,0.2714600925382993,1.4379572633629711,4
16.5307,105.1387,45.288,58.565,14.3957,16.4442,17.1558,35.4316,False,False,False,False,False,True,False,False,False,False,False,False,False,0,False,-2.048499999999999,-2.7600999999999996,-21.035900000000005,-0.7116000000000007,-18.987400000000004,-18.275800000000004,15.998566666666667,16.4442,1.4329967911106194,20.856825,16.799999999999997,9.78670949140551,21.035900000000005,10.636550000000002,21.035900000000005,1738.01630809,6157.4479655,157.22753303707074,14.42889980433728,-0.03319980433728098,0.03319980433728098,16.499555406475956,-0.05535540647595738,0.05535540647595738,17.284421161660703,-0.12862116166070336,0.12862116166070336,49.26056750246716,-13.828967502467158,13.828967502467158,13.828967502467158,3.511535968735275,13.828967502467158,0.22165400141547165,1.0085854349425503,2
17.645,28.3906,40.9344,39.962,10.5166,10.0301,14.1336,18.6089,False,False,False,False,False,False,False,False,False,False,False,False,False,0,False,0.48650000000000126,-3.616999999999999,-8.092299999999998,-4.1035,-8.5788,-4.475299999999999,11.5601,10.5166,2.2419516609418677,13.3223,12.325099999999999,3.9714346937431393,8.5788,4.8922333333333325,8.5788,500.952137,1134.5451572,621.5083085569489,10.50159715316297,0.015002846837029793,0.015002846837029793,10.074882656109628,-0.044782656109628505,0.044782656109628505,13.873008555608658,0.2605914443913413,0.2605914443913413,50.25085558693935,-31.641955586939353,31.641955586939353,31.641955586939353,7.990583133569338,31.641955586939353,0.11122749049126378,0.6439423793621376,4
30.6871,101.6972,34.5462,27.1574,20.6696,20.5741,25.6762,43.8239,False,False,False,False,False,False,False,False,False,False,False,False,False,0,False,0.0954999999999977,-5.006600000000002,-23.154300000000003,-5.1021,-23.2498,-18.1477,22.306633333333338,20.6696,2.9185209787379187,27.685950000000005,23.1729,11.019378430897696,23.2498,12.459333333333333,23.2498,3120.79214612,2761.8315392799996,301.7496743519316,20.65755511847665,0.012044881523348039,0.012044881523348039,20.49130313641536,0.08279686358464033,0.08279686358464033,25.673770854986124,0.002429145013877587,0.002429145013877587,48.317222556949,-4.493322556948996,4.493322556948996,4.493322556948996,1.1476483617677156,4.493322556948996,0.4656255734420631,0.8397686047368412,1
25.9467,99.2373,38.3006,24.3131,18.2167,18.773,22.4057,42.8541,False,False,False,False,False,False,False,False,False,False,False,False,False,0,False,-0.5563000000000002,-4.189,-24.637400000000003,-3.6327,-24.081100000000003,-20.448400000000003,19.798466666666666,18.773,2.2749981677648297,25.562375,20.58935,11.676513529695699,24.637400000000003,12.924150000000003,24.637400000000003,2574.88045191,2412.76639863,261.46113795305416,18.214449473619865,0.0022505263801342323,0.0022505263801342323,18.739110894541454,0.03388910545854529,0.03388910545854529,22.474199128805218,-0.06849912880521813,0.06849912880521813,48.97264895246718,-6.1185489524671794,6.1185489524671794,6.1185489524671794,1.5557969282777693,6.1185489524671794,0.39126739254431014,0.9638146049361201,1
11.3923,89.2344,39.1595,59.9745,10.9529,13.1016,13.2032,58.1531,False,False,False,False,False,False,False,False,False,False,False,False,False,0,False,-2.1487,-2.250300000000001,-47.2002,-0.10160000000000124,-45.051500000000004,-44.9499,12.419233333333333,13.1016,1.2708976053692658,23.8527,13.1524,22.890465858518475,47.2002,23.617033333333335,47.2002,1016.58505512,5351.7885228,127.66711854765445,11.088955833224936,-0.13605583322493686,0.13605583322493686,13.189031049079135,-0.0874310490791359,0.0874310490791359,13.114801426686036,0.08839857331396495,0.08839857331396495,49.657927929372285,8.495172070627717,8.495172070627717,8.495172070627717,2.2017643815614387,8.495172070627717,0.3123277920632996,1.9788191781982007,2
9.433,32.4186,50.2549,16.8465,11.9059,7.6211,8.2026,50.3169,False,False,False,False,False,False,False,False,False,False,False,False,False,0,False,4.284800000000001,3.7033000000000005,-38.410999999999994,-0.5815000000000001,-42.6958,-42.1143,9.2432,8.2026,2.3242233175837477,19.511625,10.05425,20.624343640687492,42.6958,21.96511666666667,42.6958,305.8046538,546.1399448999999,290.9748443872208,6.51546197595418,5.390438024045821,5.390438024045821,7.67769431983609,-0.056594319836089646,0.056594319836089646,8.481037229416165,-0.27843722941616456,0.27843722941616456,51.796171004474175,-1.4792710044741781,1.4792710044741781,5.390438024045821,1.8011851444430633,5.390438024045821,0.3569917547163138,2.1882225656640255,4
28.6079,69.1926,27.2581,40.2768,17.9159,16.5888,22.8275,53.0851,False,False,False,False,False,False,False,False,False,False,False,False,False,0,False,1.3271000000000015,-4.9116,-35.1692,-6.2387000000000015,-36.4963,-30.257599999999996,19.110733333333332,17.9159,3.2864972909365586,27.604325,20.3717,17.197822746765553,36.4963,19.06675,36.4963,1979.45498154,2786.85651168,413.4531129841756,18.008907827139893,-0.09300782713989264,0.09300782713989264,16.893080963800593,-0.30428096380059344,0.30428096380059344,22.84502332752513,-0.017523327525129417,0.017523327525129417,48.31598739549875,4.769112604501245,4.769112604501245,4.769112604501245,1.2959811807417152,4.769112604501245,0.43554363963773896,1.3221220507576075,3
27.6118,92.0571,36.6811,42.2679,18.5669,18.6258,22.8757,40.0431,False,False,False,False,False,False,False,False,False,False,False,False,False,0,False,-0.058900000000001285,-4.308799999999998,-21.476200000000002,-4.249899999999997,-21.4173,-17.167400000000004,20.0228,18.6258,2.4708593869340265,25.027875,20.75075,10.211424995032118,21.476200000000002,11.446416666666666,21.476200000000002,2541.86223378,3891.06029709,299.9420685702603,18.82887491404079,-0.2619749140407883,0.2619749140407883,18.807163521798202,-0.18136352179820037,0.18136352179820037,23.469354652335497,-0.5936546523354984,0.5936546523354984,48.445369138773565,-8.402269138773562,8.402269138773562,8.402269138773562,2.3598155567370123,8.402269138773562,0.29763538596481187,0.8580908854263954,1
8.5617,24.5077,44.9333,6.3482,5.669,6.6036,7.5,61.0969,False,False,False,False,False,False,False,False,False,False,False,False,False,0,False,-0.9346000000000005,-1.8310000000000004,-55.4279,-0.8963999999999999,-54.4933,-53.5969,6.590866666666667,6.6036,0.9155664112085664,20.217375,7.0518,27.26326757138929,55.4279,27.86335,55.4279,209.82757509,155.57978114,349.3472054304544,5.528226523982645,0.14077347601735468,0.14077347601735468,6.445230832722578,0.15836916727742256,0.15836916727742256,7.294274240564197,0.2057257594358033,0.2057257594358033,52.00677465601386,9.090125343986138,9.090125343986138,9.090125343986138,2.3987484366791794,9.090125343986138,0.29422595365047716,2.741595908669692,4
29.4688,17.7436,33.5759,43.7144,15.3535,13.0609,20.5369,47.1622,False,False,False,False,False,False,False,False,False,False,False,False,False,0,False,2.2926,-5.183399999999999,-31.808699999999998,-7.475999999999999,-34.101299999999995,-26.6253,16.3171,15.3535,3.8300179790700715,24.028375,17.9452,15.736403877077507,34.101299999999995,17.91455,34.101299999999995,522.88259968,775.65082784,1660.811976818697,15.632112872460622,-0.27861287246062183,0.27861287246062183,13.05701010680051,0.003889893199490402,0.003889893199490402,20.996002714944673,-0.4591027149446738,0.4591027149446738,48.942738278898595,-1.7805382788985966,1.7805382788985966,1.7805382788985966,0.6305359398758457,1.7805382788985966,0.6132952825781585,1.4192089897011386,3
31.1008,93.8091,38.0847,57.8627,20.76,20.5065,25.8765,55.4406,False,False,False,False,False,False,False,False,False,False,False,False,False,0,False,0.2535000000000025,-5.1164999999999985,-34.6806,-5.370000000000001,-34.9341,-29.564100000000003,22.381,20.76,3.029844179161694,30.6459,23.31825,16.71389417640306,34.9341,18.3198,34.9341,2917.53805728,5428.0478105699995,331.53283300523793,20.789432335022237,-0.029432335022235634,0.029432335022235634,20.34044315552986,0.16605684447013758,0.16605684447013758,26.08687724935818,-0.21037724935818147,0.21037724935818147,47.8120709311133,7.6285290688867065,7.6285290688867065,7.6285290688867065,2.0085988744343153,7.6285290688867065,0.33238063355588493,1.1399269918889665,1
8.4849,99.8539,44.2752,43.2362,9.9363,12.819,11.4051,50.535,False,False,False,False,False,False,False,False,False,False,False,False,False,0,False,-2.8827000000000016,-1.4687999999999999,-40.598699999999994,1.4139000000000017,-37.715999999999994,-39.1299,11.3868,11.4051,1.4414371266205135,21.173849999999998,12.11205,19.60945056522492,40.598699999999994,20.534999999999997,40.598699999999994,847.25035611,4317.30319118,84.97313725621761,10.086431195730775,-0.1501311957307756,0.1501311957307756,13.105450119775599,-0.28645011977559776,0.28645011977559776,11.543672806002128,-0.13857280600212896,0.13857280600212896,50.35746678028345,0.177533219716544,0.177533219716544,0.28645011977559776,0.18817183530626158,0.28645011977559776,0.8416291064012987,1.9173972057999815,2
17.5322,81.2201,46.1176,40.8133,13.0548,14.5056,15.8591,79.6941,False,False,False,False,False,False,False,False,False,False,False,False,False,0,False,-1.4507999999999992,-2.8042999999999996,-66.6393,-1.3535000000000004,-65.1885,-63.83500000000001,14.473166666666666,14.5056,1.4024313043188008,30.7784,15.18235,32.63056458690227,66.6393,33.545233333333336,66.6393,1423.96703722,3314.86030733,215.8603331120827,13.380960963682954,-0.32616096368295366,0.32616096368295366,14.69147466838407,-0.18587466838406996,0.18587466838406996,16.480270072768455,-0.6211700727684555,0.6211700727684555,49.84970438447595,29.844395615524057,29.844395615524057,29.844395615524057,7.744400330089884,29.844395615524057,0.11435889966736243,2.1651313371938317,4
14.0661,84.1703,25.8325,46.2828,11.8873,13.3135,14.1282,36.08,False,False,False,False,False,False,False,False,False,False,False,False,False,0,False,-1.4261999999999997,-2.2409,-24.1927,-0.8147000000000002,-22.7665,-21.9518,13.109666666666667,13.3135,1.1342703484325654,18.852249999999998,13.720849999999999,11.522446188924757,24.1927,12.232133333333332,24.1927,1183.94785683,3895.63716084,167.11474628048774,11.914190309136849,-0.02689030913684931,0.02689030913684931,13.14063791065669,0.17286208934330993,0.17286208934330993,14.223888112551345,-0.09568811255134513,0.09568811255134513,49.30231434581632,-13.222314345816322,13.222314345816322,13.222314345816322,3.3794387142119566,13.222314345816322,0.22833976343928394,1.2832785034791585,4
21.3349,46.1014,34.2588,5.2606,12.5252,12.1878,16.1059,63.5447,False,False,False,False,False,False,False,False,False,False,False,False,False,0,False,0.3374000000000006,-3.5806999999999984,-51.0195,-3.918099999999999,-51.356899999999996,-47.4388,13.6063,12.5252,2.171280684296712,26.090899999999998,14.315549999999998,25.03205788277637,51.356899999999996,26.275233333333333,51.356899999999996,983.56875886,242.52102484,462.78194094280417,12.833012179535247,-0.3078121795352473,0.3078121795352473,12.34379187169059,-0.15599187169059014,0.15599187169059014,16.506989668421713,-0.4010896684217151,0.4010896684217151,50.25136311920842,13.293336880791578,13.293336880791578,13.293336880791578,3.5395576501097827,13.293336880791578,0.22028578048255787,1.9683828582444998,4
15.0679,82.3924,27.7559,53.5868,10.1403,19.8333,15.3618,57.5077,False,False,False,False,False,False,False,False,False,False,False,False,False,0,False,-9.693000000000001,-5.221500000000001,-47.3674,4.471500000000001,-37.6744,-42.1459,15.1118,15.3618,4.851333553776735,25.710774999999998,17.597550000000002,21.564864379413564,47.3674,24.428950000000004,47.3674,1241.48044396,4415.145060319999,182.87970942954576,12.386782642585615,-2.2464826425856153,2.2464826425856153,13.460139575236768,6.373160424763233,6.373160424763233,14.926189571514765,0.43561042848523535,0.43561042848523535,49.13631745923627,8.371382540763733,8.371382540763733,8.371382540763733,4.356659009149454,8.371382540763733,0.18668352760404341,1.8423163664586673,4
20.2632,93.7754,33.5299,33.6812,15.3049,16.2077,18.5165,72.5603,False,False,False,False,False,False,False,False,False,False,False,False,False,0,False,-0.9027999999999992,-3.2116000000000007,-57.255399999999995,-2.3088000000000015,-56.352599999999995,-54.0438,16.676366666666667,16.2077,1.6563000855320074,30.64735,17.362099999999998,27.97467404367743,57.255399999999995,29.0125,57.255399999999995,1900.1896852800003,3158.46800248,216.08223307154827,15.28501646915409,0.019883530845909547,0.019883530845909547,16.237482474238192,-0.02978247423819269,0.02978247423819269,18.609298496436068,-0.09279849643606752,0.09279849643606752,49.17846038496958,23.381839615030415,23.381839615030415,23.381839615030415,5.881076029137646,23.381839615030415,0.1453261082664309,1.868200066824679,2
9.3932,15.4321,32.6449,7.6237,5.4199,5.5241,7.3907,47.3802,False,False,False,False,False,False,False,False,False,False,False,False,False,0,False,-0.10419999999999963,-1.9707999999999997,-41.960300000000004,-1.8666,-41.856100000000005,-39.9895,6.111566666666666,5.5241,1.1089864621956993,16.428725,6.4574,20.65417451628524,41.960300000000004,21.29125,41.960300000000004,144.95680172000002,117.64970077000001,608.6789168817486,5.425014838988168,-0.005114838988167669,0.005114838988167669,5.5803649524471135,-0.056264952447113714,0.056264952447113714,7.261660550374421,0.12903944962557912,0.12903944962557912,51.569837835281305,-4.189637835281303,4.189637835281303,4.189637835281303,1.095014269085541,4.189637835281303,0.4773237179126675,2.5540797876403754,4
19.3037,86.3268,39.0552,48.9097,14.7924,15.7134,17.9805,22.1999,False,False,False,False,False,False,False,False,False,False,False,False,False,0,False,-0.9209999999999994,-3.1880999999999986,-7.407499999999999,-2.2670999999999992,-6.4864999999999995,-4.2194,16.1621,15.7134,1.6407297675120047,17.67155,16.84695,3.3027897283962835,7.407499999999999,4.081599999999999,7.407499999999999,1666.4266491600001,4222.21788996,223.61187677385507,14.600536788249855,0.19186321175014598,0.19186321175014598,15.580491995502387,0.13290800449761342,0.13290800449761342,17.92829456200824,0.05220543799175914,0.05220543799175914,49.205413171957986,-27.005513171957986,27.005513171957986,27.005513171957986,6.845622456549377,27.005513171957986,0.1274596127379567,0.4191763488905337,2
29.26,109.6202,29.7864,22.7548,20.2331,20.4709,24.7869,35.2815,False,False,False,False,False,False,False,False,False,False,False,False,False,0,False,-0.2378,-4.553799999999999,-15.0484,-4.315999999999999,-14.8106,-10.494600000000002,21.830299999999998,20.4709,2.5632498668682295,25.1931,22.6289,7.043710807995078,15.0484,8.243533333333334,15.0484,3207.487052,2494.38572696,266.92158316427236,20.35015156509093,-0.11705156509092873,0.11705156509092873,20.480114116916113,-0.009214116916112403,0.009214116916112403,25.01145530288148,-0.2245553028814804,0.2245553028814804,48.29175902644407,-13.010259026444068,13.010259026444068,13.010259026444068,3.3402700028331473,13.010259026444068,0.2304004127271441,0.5973220455910366,1
19.0424,94.3785,41.6341,21.8384,14.7669,16.189,17.6107,47.4642,False,False,False,False,False,False,False,False,False,False,False,False,False,0,False,-1.4221000000000004,-2.8438000000000017,-32.6973,-1.4217000000000013,-31.275199999999998,-29.853499999999997,16.188866666666666,16.189,1.421900004688563,24.0077,16.89985,15.68070423142192,32.6973,16.5856,32.6973,1797.1931484000002,2061.0754344,201.7662707326064,14.60246252331844,0.1644374766815595,0.1644374766815595,16.024732985868617,0.1642670141313829,0.1642670141313829,17.752651442583847,-0.14195144258384573,0.14195144258384573,49.82941636194542,-2.3652163619454214,2.3652163619454214,2.3652163619454214,0.7089680738355524,2.3652163619454214,0.5851484385870548,1.3619499735709903,2
10.1831,25.6679,37.4147,15.7114,6.1981,6.7544,8.0825,60.7987,False,False,False,False,False,False,False,False,False,False,False,False,False,0,False,-0.5563000000000002,-1.8843999999999994,-54.6006,-1.3280999999999992,-54.04429999999999,-52.7162,7.011666666666667,6.7544,0.9681840957861952,20.458425,7.41845,26.905132577183732,54.6006,27.521649999999998,54.6006,261.37879248999997,403.27864406,396.7249378698928,6.472153796805258,-0.27405379680525765,0.27405379680525765,6.943703167078825,-0.18930316707882433,0.18930316707882433,8.465123096253508,-0.3826230962535089,0.3826230962535089,51.37520123434875,9.423498765651246,9.423498765651246,9.423498765651246,2.5673697064472094,9.423498765651246,0.28031857707170843,2.6688551690293028,4
10.4138,55.6913,32.6882,40.139,10.7131,2.667,10.4162,58.3703,False,False,False,False,False,False,False,False,False,False,False,False,False,0,False,8.046100000000001,0.29690000000000083,-47.6572,-7.7492,-55.7033,-47.9541,7.932100000000001,10.4162,4.562126248801101,20.54165,10.56465,25.49271141751435,55.7033,27.901133333333334,55.7033,579.95805994,2235.3930907,186.99147138036435,8.523081439206752,2.1900185607932485,2.1900185607932485,9.628163477759996,-6.961163477759996,6.961163477759996,10.431101642047834,-0.014901642047833619,0.014901642047833619,50.32276097258121,8.047539027418793,8.047539027418793,8.047539027418793,4.303405677004967,8.047539027418793,0.1885580815240854,2.711723395285483,4
26.7175,47.5673,35.3142,45.1466,16.3394,14.9931,21.1996,33.4623,False,False,False,False,False,False,False,False,False,False,False,False,False,0,False,1.3463000000000012,-4.860199999999999,-17.122899999999998,-6.2065,-18.4692,-12.262699999999999,17.5107,16.3394,3.264830520869345,21.4986,18.7695,8.409486579254803,18.4692,10.044633333333332,18.4692,1270.87933775,2147.50186618,561.6777572664924,15.975196277349998,0.36420372265000367,0.36420372265000367,14.703869023996289,0.2892309760037115,0.2892309760037115,20.72452568045191,0.47507431954808865,0.47507431954808865,48.89973015591129,-15.437430155911294,15.437430155911294,15.437430155911294,4.141484793528274,15.437430155911294,0.19449634495831378,0.8590880991840868,3
24.7316,43.7365,37.4064,31.1994,14.6743,13.4906,19.0906,60.7113,False,False,False,False,False,False,False,False,False,False,False,False,False,0,False,1.1837,-4.416299999999998,-46.037,-5.599999999999998,-47.2207,-41.6207,15.751833333333332,14.6743,2.9514078951126574,26.9917,16.88245,22.608529727663996,47.2207,24.3464,47.2207,1081.6736234,1364.5525581,565.4680723267585,14.646821599665113,0.027478400334887354,0.027478400334887354,13.639957652091331,-0.14935765209133045,0.14935765209133045,19.047834958593548,0.04276504140645088,0.04276504140645088,49.50435810678381,11.20694189321619,11.20694189321619,11.20694189321619,2.8566357467622145,11.20694189321619,0.2592933493497633,1.7494519613614699,4
19.018,17.826,43.742,43.2296,1.7456,10.1924,14.6032,35.4098,False,False,False,False,False,False,False,False,False,False,False,False,False,0,False,-8.4468,-12.8576,-33.664199999999994,-4.4108,-25.217399999999998,-20.806599999999996,8.847066666666665,10.1924,6.533522080266763,15.487749999999998,12.3978,14.31267414042533,33.664199999999994,17.567233333333334,33.664199999999994,339.01486800000004,770.6108495999999,1066.8680203814538,10.62102498346805,-8.87542498346805,8.87542498346805,9.771064119224521,0.42133588077547834,0.42133588077547834,14.328679780320803,0.2745202196791965,0.2745202196791965,50.26651306679552,-14.856713066795521,14.856713066795521,14.856713066795521,6.106998537679562,14.856713066795521,0.14070637480762735,2.173600314054453,4
28.3028,73.1395,45.6515,57.1996,18.1078,17.6794,23.3092,41.0806,False,False,False,False,False,False,False,False,False,False,False,False,False,0,False,0.4283999999999999,-5.2014,-22.972799999999996,-5.6297999999999995,-23.401199999999996,-17.771399999999996,19.698800000000002,18.1078,3.1340266048647383,25.044249999999998,20.7085,10.992880634756295,23.401199999999996,12.567499999999997,23.401199999999996,2070.0526406,4183.5501441999995,386.9700521646919,18.305983397285882,-0.19818339728588086,0.19818339728588086,17.85555892509712,-0.17615892509711983,0.17615892509711983,23.329981338672724,-0.020781338672723138,0.020781338672723138,48.57340364440736,-7.49280364440736,7.49280364440736,7.49280364440736,1.971981826365771,7.49280364440736,0.33647581258019676,0.9343937493062282,3
30.8671,51.742,18.0,17.4126,18.049,15.8019,23.282,26.729,False,False,False,False,False,False,False,False,False,False,False,False,False,0,False,2.2470999999999997,-5.2330000000000005,-8.68,-7.4801,-10.9271,-3.446999999999999,19.044299999999996,18.049,3.838090745409754,20.965474999999998,20.6655,4.958253782246998,10.9271,6.335716666666667,10.9271,1597.1254882,900.9627492,596.5578067029094,17.848111238553024,0.20088876144697565,0.20088876144697565,15.702259465230403,0.09964053476959656,0.09964053476959656,22.975215239494215,0.30678476050578496,0.30678476050578496,48.47823579165482,-21.74923579165482,21.74923579165482,21.74923579165482,5.589137462094294,21.74923579165482,0.15176493217097942,0.5211947159820057,3
13.8956,58.478,45.3235,55.4579,10.3178,11.3468,12.8722,68.3149,False,False,False,False,False,False,False,False,False,False,False,False,False,0,False,-1.029,-2.5543999999999993,-57.997099999999996,-1.5253999999999994,-56.96809999999999,-55.442699999999995,11.512266666666667,11.3468,1.2852136994808812,25.712925,12.1095,28.420696177888278,57.997099999999996,29.25278333333333,57.997099999999996,812.5868968,3243.0670762000004,237.62094503557833,10.549606089001287,-0.23180608900128696,0.23180608900128696,11.60383675194745,-0.25703675194744946,0.25703675194744946,13.223239883954873,-0.35103988395487384,0.35103988395487384,50.07923055781035,18.235669442189646,18.235669442189646,18.235669442189646,4.768888041773314,18.235669442189646,0.17334363100113265,2.2555612573982704,4
21.3745,17.0531,38.5025,54.46,11.9475,10.3384,16.2741,42.3971,False,False,False,False,False,False,False,False,False,False,False,False,False,0,False,1.6090999999999998,-4.326600000000001,-30.449600000000004,-5.935700000000001,-32.0587,-26.123,12.853333333333333,11.9475,3.06977753971413,20.239275,14.110800000000001,14.983020166480678,32.0587,16.75045,32.0587,364.50148595,928.7118260000001,1253.4077361841917,11.836891184385166,0.11060881561483349,0.11060881561483349,10.448610416461461,-0.11021041646146124,0.11021041646146124,15.938175826243189,0.33592417375681194,0.33592417375681194,49.62746473801416,-7.23036473801416,7.23036473801416,7.23036473801416,1.9467770359618166,7.23036473801416,0.3393538051220777,1.5839838215628665,4
30.3615,58.1783,33.7793,29.3668,18.1696,16.7122,23.3428,41.7268,False,False,False,False,False,False,False,False,False,False,False,False,False,0,False,1.4573999999999998,-5.173200000000001,-23.557199999999998,-6.630600000000001,-25.014599999999998,-18.383999999999997,19.408199999999997,18.1696,3.484510232443005,24.987849999999998,20.7562,11.516271858982835,25.014599999999998,13.3695,25.014599999999998,1766.38045545,1708.51050044,521.8697483649834,18.12377078228803,0.045829217711968795,0.045829217711968795,16.68054586666657,0.03165413333342926,0.03165413333342926,23.342343338406486,0.00045666159351398505,0.00045666159351398505,48.744765304115,-7.017965304115002,7.017965304115002,7.017965304115002,1.7739763291884785,7.017965304115002,0.3604933428875178,1.0010701196501022,3
30.3569,41.0262,28.9521,19.2467,16.9297,14.9258,22.1304,37.034,False,False,False,False,False,False,False,False,False,False,False,False,False,0,False,2.0039,-5.200700000000001,-20.1043,-7.204600000000001,-22.108199999999997,-14.903599999999997,17.9953,16.9297,3.7186278127825596,22.754975,19.530050000000003,9.991837650260669,22.108199999999997,11.92088333333333,22.108199999999997,1245.42825078,789.6189635400001,739.93917546856,17.048208255016206,-0.11850825501620577,0.11850825501620577,14.982765629661563,-0.056965629661561934,0.056965629661561934,22.274273479771818,-0.1438734797718162,0.1438734797718162,48.985529536502305,-11.951529536502306,11.951529536502306,11.951529536502306,3.0677192252379726,11.951529536502306,0.2458380101054043,0.9715761183758194,3
31.9783,109.3958,31.4348,44.0483,21.8455,21.4674,27.2844,44.6375,False,False,False,False,False,False,False,False,False,False,False,False,False,0,False,0.3780999999999999,-5.4389,-22.792,-5.817,-23.1701,-17.3531,23.532433333333334,21.8455,3.2547934348178433,28.8087,24.564950000000003,10.882022481444645,23.1701,12.491533333333335,23.1701,3498.2917111399997,4818.699017139999,292.3174114255381,21.898918648973186,-0.05341864897318516,0.05341864897318516,21.63565533016834,-0.16825533016833916,0.16825533016833916,27.125401565432302,0.15899843456769958,0.15899843456769958,47.633435827573436,-2.995935827573433,2.995935827573433,2.995935827573433,0.8441520603206643,2.995935827573433,0.5422546337237062,0.8042741240409584,1
8.8136,104.1247,23.7841,53.9583,10.6197,13.0278,11.8825,66.9895,False,False,False,False,False,False,False,False,False,False,False,False,False,0,False,-2.4080999999999992,-1.2628000000000004,-56.369800000000005,1.1452999999999989,-53.96170000000001,-55.107000000000006,11.843333333333334,11.8825,1.204527676449708,25.629875000000002,12.45515,27.590617652670147,56.369800000000005,28.375783333333334,56.369800000000005,917.71345592,5618.39180001,84.6446535121202,10.578731462095242,0.040968537904758406,0.040968537904758406,13.017244601802373,0.010555398197626076,0.010555398197626076,11.897364054858993,-0.014864054858993114,0.014864054858993114,49.325085159243514,17.664414840756493,17.664414840756493,17.664414840756493,4.432700707929468,17.664414840756493,0.18407051184329348,2.1993777966619827,2
26.8467,50.4581,37.9266,8.6355,15.6853,14.5305,20.1717,54.5794,False,False,False,False,False,False,False,False,False,False,False,False,False,0,False,1.1547999999999998,-4.4864000000000015,-38.8941,-5.641200000000001,-40.0489,-34.4077,16.795833333333334,15.6853,2.9800583171027606,26.241725000000002,17.9285,19.047833889863522,40.0489,20.772183333333334,40.0489,1354.63347327,435.73092255000006,532.059167495572,15.768235532355611,-0.08293553235561113,0.08293553235561113,14.765753550356722,-0.23525355035672213,0.23525355035672213,20.39701125586408,-0.22531125586407796,0.22531125586407796,49.75350300246583,4.825896997534173,4.825896997534173,4.825896997534173,1.342349334027646,4.825896997534173,0.4269218025991495,1.5261529010943826,3
16.8647,40.1412,23.5961,19.1775,10.2588,9.7996,13.1537,53.8028,False,False,False,False,False,False,False,False,False,False,False,False,False,0,False,0.45920000000000094,-2.8949,-43.544,-3.3541000000000007,-44.0032,-40.6491,11.0707,10.2588,1.818483684282045,21.753725,11.70625,21.41757878961034,44.0032,22.484083333333334,44.0032,676.9692956399999,769.8078629999999,420.1343208139466,10.505023559859882,-0.24622355985988165,0.24622355985988165,10.069742704857202,-0.2701427048572018,0.2701427048572018,13.408336862190277,-0.25463686219027615,0.25463686219027615,50.044310124682085,3.7584898753179132,3.7584898753179132,3.7584898753179132,1.1323732505563182,3.7584898753179132,0.46896105066929933,2.0227882706119202,4
31.6677,82.2572,33.8737,25.2574,20.0473,19.1506,25.5127,65.8802,False,False,False,False,False,False,False,False,False,False,False,False,False,0,False,0.8966999999999992,-5.465399999999999,-45.8329,-6.362099999999998,-46.729600000000005,-40.36750000000001,21.5702,20.0473,3.4436169081359784,32.6477,22.78,22.33270449229112,46.729600000000005,24.2757,46.729600000000005,2604.8963324399997,2077.60300328,384.9838816560883,20.03239223739377,0.0149077626062315,0.0149077626062315,19.143239981109566,0.007360018890434361,0.007360018890434361,25.313104511549515,0.19959548845048403,0.19959548845048403,48.45717840008833,17.42302159991167,17.42302159991167,17.42302159991167,4.411221217464705,17.42302159991167,0.18480116776089325,1.4313285679148706,3
30.139,68.3414,19.0017,23.2784,18.2733,16.743,23.1979,36.1587,False,False,False,False,False,False,False,False,False,False,False,False,False,0,False,1.5303000000000004,-4.924600000000002,-17.885400000000004,-6.454900000000002,-19.415700000000005,-12.960800000000003,19.404733333333336,18.2733,3.3729126201746378,23.593225000000004,20.735599999999998,8.818061547897022,19.415700000000005,10.52861666666667,19.415700000000005,2059.7414545999995,1590.87844576,441.0064117787444,18.485259368346107,-0.21195936834610762,0.21195936834610762,16.941014725954055,-0.19801472595405656,0.19801472595405656,23.427090549326632,-0.2291905493266313,0.2291905493266313,48.27013473254158,-12.111434732541575,12.111434732541575,12.111434732541575,3.1876498440420926,12.111434732541575,0.23879742510533275,0.8229350489663669,3
20.9863,19.4037,37.8768,46.298,11.6783,10.6496,15.2556,31.9236,False,False,False,False,False,False,False,False,False,False,False,False,False,0,False,1.0287000000000006,-3.5772999999999993,-20.2453,-4.606,-21.274,-16.668,12.527833333333334,11.6783,2.4176619208097176,17.376775000000002,13.46695,9.896750338158144,21.274,11.233216666666669,21.274,407.21186931,898.3525026000001,1081.5612065939968,11.682529708550964,-0.004229708550964162,0.004229708550964162,10.42410477101533,0.2254952289846699,0.2254952289846699,15.664000251322141,-0.4084002513221421,0.4084002513221421,49.795517077194276,-17.871917077194276,17.871917077194276,17.871917077194276,4.627510566513013,17.871917077194276,0.17769846687638158,1.2242771030429391,4
29.8949,91.0083,27.9446,15.6917,19.3979,18.9882,24.2031,42.8908,False,False,False,False,False,False,False,False,False,False,False,False,False,0,False,0.40970000000000084,-4.805199999999999,-23.4929,-5.2149,-23.9026,-18.6877,20.863066666666665,19.3979,2.899798359081771,26.369999999999997,21.8005,11.26548471956119,23.9026,12.752166666666668,23.9026,2720.68402767,1428.07494111,328.4853877629416,19.54176388987839,-0.14386388987838927,0.14386388987838927,19.001265786859193,-0.013065786859193906,0.013065786859193906,24.37072242849806,-0.16762242849805986,0.16762242849805986,48.52720518871696,-5.636405188716964,5.636405188716964,5.636405188716964,1.4902393234881517,5.636405188716964,0.40156782947241815,0.9064312072691668,1
15.3672,38.6916,36.452,59.6472,6.9692,3.8644,12.7546,41.3043,False,False,False,False,False,False,False,False,False,False,False,False,False,0,False,3.1048,-5.7854,-34.3351,-8.8902,-37.439899999999994,-28.549699999999998,7.862733333333334,6.9692,4.511952501227527,16.223125,9.8619,17.121810813379717,37.439899999999994,19.684183333333333,37.439899999999994,594.58155552,2307.84560352,397.1713764301873,10.202082017272444,-3.232882017272444,3.232882017272444,10.185771919600013,-6.321371919600013,6.321371919600013,13.164884984226967,-0.41028498422696735,0.41028498422696735,49.755854895731,-8.451554895731,8.451554895731,8.451554895731,4.604023454207606,8.451554895731,0.17844322176224675,2.307809187311823,4
16.8148,26.4401,32.9144,53.3421,10.6575,9.7959,13.985,46.5964,False,False,False,False,False,False,False,False,False,False,False,False,False,0,False,0.861600000000001,-3.327499999999999,-35.938900000000004,-4.1891,-36.8005,-32.6114,11.479466666666667,10.6575,2.2122074051348197,20.2587,12.32125,17.651128181696112,36.8005,18.954833333333333,36.8005,444.58499348000004,1410.3704582100002,635.9580198418238,10.142114995617693,0.515385004382308,0.515385004382308,9.479840091812493,0.3160599081875066,0.3160599081875066,13.357495577244514,0.6275044227554858,0.6275044227554858,49.77143773102845,-3.1750377310284463,3.1750377310284463,3.1750377310284463,1.1584967665884367,3.1750377310284463,0.46328538243794887,1.816527310968961,4
9.7781,45.8148,36.6675,50.8468,7.8509,8.7594,9.9697,30.3101,False,False,False,False,False,False,False,False,False,False,False,False,False,0,False,-0.9084999999999992,-2.1187999999999994,-22.4592,-1.2103000000000002,-21.5507,-20.3404,8.86,8.7594,1.0629763073559069,14.222525,9.36455,10.760110435732836,22.4592,11.431316666666667,22.4592,447.98169588,2329.53597264,213.42661903432537,7.804568391543425,0.046331608456575246,0.046331608456575246,8.789081960830421,-0.029681960830421517,0.029681960830421517,9.749859520159692,0.21984047984030752,0.21984047984030752,50.39191368114323,-20.08181368114323,20.08181368114323,20.08181368114323,5.094416932567634,20.08181368114323,0.1640846058063656,1.5791277715259622,4
25.8767,71.6325,26.5204,14.8354,16.5446,15.9533,20.6098,49.2504,False,False,False,False,False,False,False,False,False,False,False,False,False,0,False,0.5912999999999986,-4.065200000000001,-32.705799999999996,-4.656499999999999,-33.2971,-28.6406,17.702566666666666,16.5446,2.5350371128118288,25.589525000000002,18.577199999999998,15.909139588587646,33.2971,17.326083333333333,33.2971,1853.61271275,1062.6967905,361.24240236730503,16.528394508048137,0.016205491951861717,0.016205491951861717,15.914794876950497,0.03850512304950371,0.03850512304950371,20.776293597502235,-0.16649359750223525,0.16649359750223525,49.07485441872065,0.17554558127935138,0.17554558127935138,0.17554558127935138,0.09918744844573801,0.17554558127935138,0.9097629357158417,1.3011998850311268,3
20.3494,47.6153,20.0764,38.3104,14.6877,18.0815,16.1271,60.5635,False,False,False,False,False,False,False,False,False,False,False,False,False,0,False,-3.393799999999999,-1.4393999999999991,-45.8758,1.9543999999999997,-42.482,-44.4364,16.298766666666666,16.1271,1.7034000391374104,27.36495,17.1043,22.17602388609524,45.8758,23.26363333333333,45.8758,968.9427858199999,1824.16118912,427.3709443454216,12.81444967450388,1.8732503254961195,1.8732503254961195,11.959684948709254,6.121815051290744,6.121815051290744,16.303804018901197,-0.1767040189011979,0.1767040189011979,49.09829403135876,11.465205968641236,11.465205968641236,11.465205968641236,4.909243841082324,11.465205968641236,0.1692263895166733,1.6764431594272382,4
21.0089,88.0631,36.4225,28.2623,24.9495,16.0915,18.8807,56.9598,False,False,False,False,False,False,False,False,False,False,False,False,False,0,False,8.858,6.0687999999999995,-32.0103,-2.789200000000001,-40.868300000000005,-38.0791,19.9739,18.8807,4.529056820133746,29.220375,21.915100000000002,18.85905892374184,40.868300000000005,21.445616666666666,40.868300000000005,1850.10886159,2488.8657511300003,238.5664099303329,15.268016696261812,9.681483303738188,9.681483303738188,16.05700193691645,0.03449806308355008,0.03449806308355008,18.758973222473,0.12172677752700167,0.12172677752700167,49.39337273439877,7.566427265601234,7.566427265601234,9.681483303738188,4.351033852487493,9.681483303738188,0.186879774557049,1.3986229134215722,2
26.783,33.5773,29.6182,6.2275,14.7745,13.1842,19.3179,34.1612,False,False,False,False,False,False,False,False,False,False,False,False,False,0,False,1.5902999999999992,-4.543400000000002,-19.3867,-6.133700000000001,-20.977,-14.8433,15.758866666666668,14.7745,3.1831277422267137,20.359450000000002,17.0462,9.561189056632374,20.977,11.245733333333334,20.977,899.3008259000001,209.10263575000002,797.6517475640543,14.765717890775223,0.008782109224776846,0.008782109224776846,13.024980252249568,0.15921974775043246,0.15921974775043246,19.38636639545691,-0.06846639545690891,0.06846639545690891,49.70441477164512,-15.543214771645118,15.543214771645118,15.543214771645118,3.944920756019309,15.543214771645118,0.2022277098743653,1.0303318457365764,3
17.2166,40.7619,36.5746,56.3485,10.9047,10.5972,13.8475,47.2079,False,False,False,False,False,False,False,False,False,False,False,False,False,0,False,0.3074999999999992,-2.9428,-36.303200000000004,-3.2502999999999993,-36.6107,-33.3604,11.783133333333334,10.9047,1.7943930347984893,20.639325,12.376100000000001,17.77287505130126,36.6107,18.795816666666667,36.6107,701.7813275399999,2296.87192215,422.3698055365904,11.16654189871233,-0.2618418987123299,0.2618418987123299,10.976764035829225,-0.37956403582922427,0.37956403582922427,14.416068583846307,-0.5685685838463073,0.5685685838463073,49.641027985829986,-2.4331279858299837,2.4331279858299837,2.4331279858299837,0.9107756260544613,2.4331279858299837,0.5233476847644789,1.7738313758655502,4
19.153,39.1288,27.4245,59.066,14.4508,18.5147,15.8739,49.9218,False,False,False,False,False,False,False,False,False,False,False,False,False,0,False,-4.063900000000002,-1.4231000000000016,-35.471,2.6408000000000005,-31.407099999999996,-34.0479,16.279799999999998,15.8739,2.0621316422575946,24.6903,17.194300000000002,16.905057397319496,35.471,18.175633333333334,35.471,749.4339064,2311.1817008,489.48588009704355,12.026756858090682,2.4240431419093174,2.4240431419093174,11.238222402194552,7.2764775978054494,7.2764775978054494,15.527897932842858,0.34600206715714243,0.34600206715714243,49.100305901795394,0.8214940982046031,0.8214940982046031,7.2764775978054494,2.717004226269128,7.2764775978054494,0.2690338614448472,1.43663647803531,4
13.9035,89.1543,36.5661,28.288,11.6396,13.7202,13.5417,53.827,False,False,False,False,False,False,False,False,False,False,False,False,False,0,False,-2.0806000000000004,-1.9021000000000008,-42.1874,0.17849999999999966,-40.1068,-40.2853,12.967166666666666,13.5417,1.1531654275659386,23.182125,13.63095,20.45160194237035,42.1874,21.123450000000002,42.1874,1239.55681005,2521.9968384000003,155.9487140890889,11.912989905780563,-0.2733899057805633,0.2733899057805633,13.697180607581611,0.023019392418389018,0.023019392418389018,14.202720358437311,-0.6610203584373107,0.6610203584373107,50.03670501562861,3.7902949843713856,3.7902949843713856,3.7902949843713856,1.1869311602519121,3.7902949843713856,0.45726176396188445,1.8198237565263078,2
20.2736,98.1302,26.7456,46.5455,15.4839,16.3896,19.0144,42.5996,False,False,False,False,False,False,False,False,False,False,False,False,False,0,False,-0.9057000000000013,-3.530499999999998,-27.115700000000004,-2.624799999999997,-26.21,-23.585200000000004,16.962633333333333,16.3896,1.83368016931343,23.371875000000003,17.701999999999998,12.905622945412853,27.115700000000004,13.995316666666668,27.115700000000004,1989.45242272,4567.5192240999995,206.59896682173613,15.673310076574772,-0.18941007657477194,0.18941007657477194,16.503272498340685,-0.1136724983406836,0.1136724983406836,18.95674711573648,0.057652884263518445,0.057652884263518445,48.608227692504784,-6.008627692504781,6.008627692504781,6.008627692504781,1.5923407879209388,6.008627692504781,0.385751751721656,1.160184555075468,2
10.3326,92.2829,31.1727,49.2921,10.5226,12.7387,12.1273,45.9361,False,False,False,False,False,False,False,False,False,False,False,False,False,0,False,-2.216099999999999,-1.6046999999999993,-35.4135,0.6113999999999997,-33.1974,-33.808800000000005,11.796199999999999,12.1273,1.1445502217028307,20.331175,12.433,17.09551178357934,35.4135,17.80865,35.4135,953.52229254,4548.81793509,111.96656022225565,10.610261928636318,-0.08766192863631694,0.08766192863631694,12.734427322953755,0.004272677046245121,0.004272677046245121,12.311846031573944,-0.18454603157394445,0.18454603157394445,49.6770758793791,-3.7409758793791,3.7409758793791,3.7409758793791,1.0043641291589016,3.7409758793791,0.49891134322965236,1.7418315754836717,2
27.884,80.7621,35.9598,51.4908,18.1225,17.7811,22.8208,31.7943,False,False,False,False,False,False,False,False,False,False,False,False,False,0,False,0.34140000000000015,-4.6983,-13.671800000000001,-5.0397,-14.013200000000001,-8.973500000000001,19.5748,18.1225,2.816296413732049,22.629675,20.471649999999997,6.528148950698046,14.013200000000001,7.789650000000001,14.013200000000001,2251.9703964,4158.5051386800005,345.2609150503868,18.444410722836007,-0.32191072283600874,0.32191072283600874,17.99859110299642,-0.21749110299642282,0.21749110299642282,23.228165745781588,-0.4073657457815898,0.4073657457815898,48.31454750668718,-16.520247506687177,16.520247506687177,16.520247506687177,4.3667537695753,16.520247506687177,0.18633237948592069,0.6192397287014823,3
20.1257,27.8475,37.8216,40.1598,11.5988,10.7917,15.3087,48.7406,False,False,False,False,False,False,False,False,False,False,False,False,False,0,False,0.8071000000000002,-3.7098999999999993,-37.1418,-4.5169999999999995,-37.9489,-33.4319,12.566400000000002,11.5988,2.408943662687029,21.60995,13.45375,18.193731323086716,37.9489,19.592766666666666,37.9489,560.45043075,1118.3500305,722.7109353762687,11.662184277204151,-0.06338427720415041,0.06338427720415041,10.788758874659614,0.0029411253403868187,0.0029411253403868187,15.422865205253128,-0.11416520525312812,0.11416520525312812,49.91594060009519,-1.1753406000951898,1.1753406000951898,1.1753406000951898,0.3389578019732138,1.1753406000951898,0.7468495261959012,1.7560837687806918,4
20.0636,36.2696,21.0752,16.9709,11.9,10.664,15.1836,52.3788,False,False,False,False,False,False,False,False,False,False,False,False,False,0,False,1.2360000000000007,-3.2836,-40.4788,-4.5196000000000005,-41.7148,-37.1952,12.582533333333332,11.9,2.33582637482612,22.531599999999997,13.5418,19.989324652257096,41.7148,21.404666666666667,41.7148,727.69874656,615.52775464,553.1793697257842,11.799482112692425,0.10051788730757494,0.10051788730757494,10.747992198706255,-0.0839921987062553,0.0839921987062553,15.228697258491161,-0.045097258491161085,0.045097258491161085,49.75363991128185,2.6251600887181468,2.6251600887181468,2.6251600887181468,0.7136918583057845,2.6251600887181468,0.5835354793531171,1.8513901137113593,4
26.031,19.3516,38.3725,38.5153,13.8593,12.1453,18.3326,50.1899,False,False,False,False,False,False,False,False,False,False,False,False,False,0,False,1.7139999999999986,-4.4733,-36.330600000000004,-6.187299999999999,-38.0446,-31.857300000000002,14.779066666666665,13.8593,3.1945497903982227,23.631774999999998,16.09595,17.896513950557523,38.0446,19.76785,38.0446,503.7414996,745.3326794800001,1345.1593950064103,14.013328116687994,-0.15402811668799465,0.15402811668799465,12.113692159616846,0.03160784038315434,0.03160784038315434,18.817187676197754,-0.484587676197755,0.484587676197755,49.52314745661287,0.6667525433871333,0.6667525433871333,0.6667525433871333,0.3342440441640093,0.6667525433871333,0.7494880748195994,1.60989108524811,3
23.1148,32.8453,34.0878,15.1929,13.1449,11.8919,17.2516,51.8169,False,False,False,False,False,False,False,False,False,False,False,False,False,0,False,1.2530000000000001,-4.1067,-38.672,-5.3597,-39.925,-34.56529999999999,14.096133333333333,13.1449,2.8036101125750945,23.526325,15.19825,18.998795029926676,39.925,20.64695,39.925,759.21254044,499.01535837,703.7473538840095,13.07424656563564,0.07065343436435967,0.07065343436435967,11.913891558407698,-0.02199155840769862,0.02199155840769862,17.16560197983079,0.08599802016921032,0.08599802016921032,50.007465165496114,1.8094348345038824,1.8094348345038824,1.8094348345038824,0.49701946186128776,1.8094348345038824,0.6679939877045226,1.6970344084618365,4
8.9498,57.5485,34.0731,6.2441,7.4276,8.9841,9.0359,49.734,False,False,False,False,False,False,False,False,False,False,False,False,False,0,False,-1.5564999999999998,-1.6082999999999998,-42.306400000000004,-0.05180000000000007,-40.749900000000004,-40.698100000000004,8.482533333333334,8.9841,0.9139661171691941,18.7954,9.01,20.63922878678691,42.306400000000004,21.161833333333334,42.306400000000004,515.0475653,359.33858885,155.51749298113884,7.5224390716144,-0.09483907161440008,0.09483907161440008,9.03443147501863,-0.050331475018630556,0.050331475018630556,9.045853045700857,-0.009953045700857643,0.009953045700857643,51.23288846815918,-1.4988884681591799,1.4988884681591799,1.4988884681591799,0.41350301512326704,1.4988884681591799,0.707462233402306,2.250889977925462,4
11.8036,103.8967,40.1589,32.5814,14.9657,18.8878,13.5683,61.162,False,False,False,False,False,False,False,False,False,False,False,False,False,0,False,-3.9220999999999986,1.3973999999999993,-46.1963,5.319499999999998,-42.2742,-47.5937,15.807266666666665,14.9657,2.7577972919221834,27.14595,16.92675,22.788884487910618,47.5937,24.45053333333333,47.5937,1226.35508812,3385.09994138,113.60898723357072,11.773140848984891,3.192559151015109,3.192559151015109,14.373471587005278,4.51432841299472,4.51432841299472,13.67797987553457,-0.10967987553456915,0.10967987553456915,50.10007719731234,11.061922802687661,11.061922802687661,11.061922802687661,4.719622560558015,11.061922802687661,0.17483671158581457,1.7532516809131082,2
9.2718,33.9917,26.1932,21.3669,6.3612,6.8259,8.2625,60.8207,False,False,False,False,False,False,False,False,False,False,False,False,False,0,False,-0.46469999999999967,-1.901299999999999,-54.459500000000006,-1.4365999999999994,-53.994800000000005,-52.5582,7.149866666666667,6.8259,0.9911867752009873,20.567575,7.5442,26.847617308726548,54.459500000000006,27.469183333333334,54.459500000000006,315.16424406000004,726.2972547300001,272.7665068924158,6.544956499549709,-0.18375649954970896,0.18375649954970896,7.023965442319326,-0.19806544231932577,0.19806544231932577,8.242162057636163,0.020337942363836348,0.020337942363836348,50.849451571403,9.971248428597,9.971248428597,9.971248428597,2.593352078207468,9.971248428597,0.2782916837080008,2.647831527133594,4
19.7839,44.4744,35.2429,41.0408,12.316,11.8512,16.0196,42.8264,False,False,False,False,False,False,False,False,False,False,False,False,False,0,False,0.4648000000000003,-3.7036,-30.510399999999997,-4.1684,-30.9752,-26.8068,13.395600000000002,12.316,2.284303342378153,20.753300000000003,14.1678,14.833128182101936,30.9752,16.104866666666663,30.9752,879.87708216,1825.26495552,444.83782921459766,12.422572711352563,-0.10657271135256252,0.10657271135256252,12.006303435353638,-0.15510343535363802,0.15510343535363802,16.004709799593986,0.014890200406014742,0.014890200406014742,49.65642815088335,-6.830028150883351,6.830028150883351,6.830028150883351,1.7766486244988915,6.830028150883351,0.36014639777493357,1.4925426353675628,4
14.4827,83.324,29.2952,44.22,12.0149,13.4732,14.4046,38.866,False,False,False,False,False,False,False,False,False,False,False,False,False,0,False,-1.4582999999999995,-2.3896999999999995,-26.8511,-0.9314,-25.3928,-24.461399999999998,13.297566666666668,13.4732,1.2044923508820355,19.689675,13.9389,12.821988808130872,26.8511,13.580783333333335,26.8511,1206.7564948,3684.5872799999997,173.81184606933823,12.048123617020362,-0.03322361702036147,0.03322361702036147,13.306109215975942,0.16709078402405808,0.16709078402405808,14.460429032830751,-0.05582903283075069,0.05582903283075069,49.440421802664574,-10.574421802664574,10.574421802664574,10.574421802664574,2.707641309134936,10.574421802664574,0.269713253419684,1.363714046212522,4
21.1949,108.7053,26.2056,47.5161,16.633,17.8845,20.0756,,True,False,False,False,False,False,False,False,False,False,False,False,False,1,True,-1.2515,-3.4426000000000023,,-2.1911000000000023,,,18.1977,17.8845,1.7425396322609148,18.1977,17.8845,1.7425396322609148,3.4426000000000023,2.2950666666666684,3.4426000000000023,2303.99796297,5165.25190533,194.97575601412666,16.710719997913355,-0.0777199979133556,0.0777199979133556,17.710156561947933,0.1743434380520661,0.1743434380520661,20.085516546236864,-0.009916546236862445,0.009916546236862445,48.36845674684118,,,0.1743434380520661,0.08732666073409472,0.1743434380520661,0.9196868210008413,0.18917764927565073,2
31.9735,69.2267,37.9105,34.68,19.336,18.1544,24.6004,45.4908,False,False,False,False,False,False,False,False,False,False,False,False,False,0,False,1.1815999999999995,-5.264400000000002,-26.1548,-6.4460000000000015,-27.3364,-20.8904,20.69693333333333,19.336,3.4317391586968466,26.8954,21.9682,12.709649031608492,27.3364,14.5456,27.3364,2213.4198924499997,2400.781956,461.8665252183731,19.577239734391128,-0.24123973439112945,0.24123973439112945,18.353012002920963,-0.1986120029209637,0.1986120029209637,25.067532897172136,-0.46713289717213513,0.46713289717213513,48.50478109589268,-3.0139810958926816,3.0139810958926816,3.0139810958926816,0.9802414325942275,3.0139810958926816,0.5049889288953741,1.0163964780607546,3
23.4755,92.6999,25.5168,7.1791,16.4879,16.7331,19.9848,48.9082,False,False,False,False,False,False,False,False,False,False,False,False,False,0,False,-0.24520000000000053,-3.4969,-32.4203,-3.2516999999999996,-32.1751,-28.9234,17.735266666666668,16.7331,1.9520068963334463,25.5285,18.35895,15.667742778290261,32.4203,16.752100000000002,32.4203,2176.17650245,665.50185209,253.2418855638587,16.445004892111903,0.04289510788809636,0.04289510788809636,16.774442972297614,-0.0413429722976133,0.0413429722976133,20.122233761682416,-0.1374337616824164,0.1374337616824164,49.199248512400665,-0.2910485124006641,0.2910485124006641,0.2910485124006641,0.12818008856719754,0.2910485124006641,0.8863833089538145,1.2699644436749342,2
17.2696,76.3134,34.1474,6.8534,12.628,13.5151,15.3496,45.6354,False,False,False,False,False,False,False,False,False,False,False,False,False,0,False,-0.8871000000000002,-2.7216000000000005,-33.0074,-1.8345000000000002,-32.1203,-30.285799999999995,13.8309,13.5151,1.3880107600447487,21.782024999999997,14.43235,15.942582527385579,33.0074,16.80945,33.0074,1317.9018926400001,523.00625556,226.298366171817,12.565189804589037,0.06281019541096278,0.06281019541096278,13.511358800975342,0.0037411990246578597,0.0037411990246578597,15.38245727487602,-0.03285727487601875,0.03285727487601875,50.255995861330675,-4.620595861330678,4.620595861330678,4.620595861330678,1.1800011326605793,4.620595861330678,0.45871535799596186,1.5153496906969437,4
23.8527,97.2547,35.4709,33.6235,17.4008,17.9167,21.4636,64.1445,False,False,False,False,False,False,False,False,False,False,False,False,False,0,False,-0.5158999999999985,-4.062799999999999,-46.74369999999999,-3.546900000000001,-46.227799999999995,-42.680899999999994,18.92703333333333,17.9167,2.2118241438535144,30.231399999999997,19.69015,22.68074661396019,46.74369999999999,23.962999999999994,46.74369999999999,2319.78718269,3270.04340545,245.26010102749777,17.20466586241686,0.19613413758314024,0.19613413758314024,17.835655178455795,0.08104482154420367,0.08104482154420367,21.13288338170046,0.33071661829954024,0.33071661829954024,48.88128962839804,15.263210371601957,15.263210371601957,15.263210371601957,3.9677764872572103,15.263210371601957,0.20129730123025646,1.5461964890158941,2
31.3955,107.7199,28.1927,21.7747,19.3311,28.0601,26.6706,41.9273,False,False,False,False,False,False,False,False,False,False,False,False,False,0,False,-8.729,-7.339500000000001,-22.596200000000003,1.3894999999999982,-13.867200000000004,-15.256700000000002,24.68726666666667,26.6706,4.690316469422221,28.997275000000002,27.36535,9.43242985957666,22.596200000000003,11.529683333333333,22.596200000000003,3381.9201204499996,2345.56850653,291.45494087397583,21.25803141698943,-1.9269314169894294,1.9269314169894294,20.99801695769471,7.062083042305289,7.062083042305289,26.269378170200348,0.4012218297996526,0.4012218297996526,48.08252925771175,-6.155229257711746,6.155229257711746,7.062083042305289,3.8863663867015292,7.062083042305289,0.20465104760084016,0.7792522644792436,1
28.7539,86.5251,31.709,38.5884,19.0654,18.6212,23.9913,43.3456,False,False,False,False,False,False,False,False,False,False,False,False,False,0,False,0.4441999999999986,-4.925899999999999,-24.280199999999997,-5.370099999999997,-24.724399999999996,-19.3543,20.559299999999997,19.0654,2.9804859352125774,26.255874999999996,21.52835,11.650152983079948,24.724399999999996,13.183183333333332,24.724399999999996,2487.93407289,3338.86516884,332.3185604733701,19.022075187012344,0.043324812987656,0.043324812987656,18.54222108277453,0.07897891722547001,0.07897891722547001,23.820187045253718,0.17111295474628108,0.17111295474628108,48.307567732237764,-4.961967732237767,4.961967732237767,4.961967732237767,1.3138461042992935,4.961967732237767,0.43218086031820685,0.9416707911388247,1
30.4531,88.0644,32.0545,34.9604,19.8072,19.2231,24.8046,80.5923,False,False,False,False,False,False,False,False,False,False,False,False,False,0,False,0.584100000000003,-4.997399999999999,-60.78509999999999,-5.581500000000002,-61.36919999999999,-55.787699999999994,21.278299999999998,19.8072,3.0677983913549474,36.1068,22.3059,29.762592410272326,61.36919999999999,31.5175,61.36919999999999,2681.83397964,3078.7666497600003,345.8048489736091,19.881427505599827,-0.0742275055998256,0.0742275055998256,19.240538638191367,-0.017438638191368483,0.017438638191368483,24.94504332309557,-0.14044332309557106,0.14044332309557106,48.22736066271524,32.36493933728475,32.36493933728475,32.36493933728475,8.14926220104288,32.36493933728475,0.10929843063039715,1.6996572114789423,1
10.0427,38.7344,30.3281,48.4402,0.0,7.9897,9.259,30.3878,False,False,False,False,False,False,False,False,False,False,False,False,True,0,False,-7.9897,-9.259,-30.3878,-1.2693000000000003,-22.3981,-21.1288,5.7495666666666665,7.9897,5.019553592037178,11.909125,8.62435,12.982985569165772,30.3878,15.40545,30.3878,388.99795888,1876.30208288,259.2707620949951,7.503628162040357,-7.503628162040357,7.503628162040357,8.056408988593882,-0.06670898859388164,0.06670898859388164,9.458966860140102,-0.19996686014010123,0.19996686014010123,50.275243666246496,-19.887443666246497,19.887443666246497,19.887443666246497,6.914436919255209,19.887443666246497,0.12635137663010212,2.5516378813406684,4
16.0409,26.3495,35.8273,56.5978,9.5647,9.0462,12.8008,33.9355,False,False,False,False,False,False,False,False,False,False,False,False,False,0,False,0.5184999999999995,-3.2361000000000004,-24.370799999999996,-3.7546,-24.8893,-21.134699999999995,10.470566666666668,9.5647,2.0346255437631107,16.3368,11.18275,11.849496817164852,24.8893,12.984,24.8893,422.66969455,1491.3237311,608.7741290065736,9.807663674038373,-0.24296367403837316,0.24296367403837316,9.325532858614466,-0.279332858614465,0.279332858614465,12.937238633788319,-0.1364386337883179,0.1364386337883179,49.87374046638668,-15.93824046638668,15.93824046638668,15.93824046638668,4.149243908206959,15.93824046638668,0.19420326902871735,1.5235104038058838,4
26.5757,84.5292,46.3478,32.8302,17.8573,17.963,22.2743,74.1483,False,False,False,False,False,False,False,False,False,False,False,False,False,0,False,-0.10570000000000235,-4.417000000000002,-56.29100000000001,-4.311299999999999,-56.185300000000005,-51.87400000000001,19.364866666666668,17.963,2.520197385788132,33.060725000000005,20.118650000000002,27.468898871071747,56.29100000000001,28.864050000000002,56.29100000000001,2246.42266044,2775.1105418399998,314.3966446628331,17.81690182992799,0.04039817007200952,0.04039817007200952,18.03892769973251,-0.07592769973251023,0.07592769973251023,22.38854768679893,-0.1142476867989295,0.1142476867989295,49.16965467857223,24.978645321427777,24.978645321427777,24.978645321427777,6.302304719507807,24.978645321427777,0.1369430663895114,1.7026542210873412,3
9.6624,74.2431,42.9247,42.6739,9.1369,11.4155,10.8367,67.7177,False,False,False,False,False,False,False,False,False,False,False,False,False,0,False,-2.278599999999999,-1.6997999999999998,-58.580799999999996,0.5787999999999993,-56.30219999999999,-56.88099999999999,10.463033333333334,10.8367,1.184366739373127,24.776699999999998,11.126100000000001,28.643661838063462,58.580799999999996,29.386866666666663,58.580799999999996,717.36652944,3168.2426250900003,130.145410126273,9.230177305179598,-0.09327730517959765,0.09327730517959765,11.291623576777047,0.12387642322295278,0.12387642322295278,11.019882000674809,-0.18318200067480817,0.18318200067480817,50.493206381948795,17.2244936180512,17.2244936180512,17.2244936180512,4.406207336782139,17.2244936180512,0.1849725579698569,2.364349423309229,4
27.0056,63.4253,35.9462,35.4084,16.9847,16.1667,21.572,53.3195,False,False,False,False,False,False,False,False,False,False,False,False,False,0,False,0.8180000000000014,-4.587299999999999,-36.3348,-5.4053,-37.1528,-31.7475,18.241133333333334,16.9847,2.9134662454425886,27.010725,19.27835,17.69976861550738,37.1528,19.34095,37.1528,1712.8382816800001,2245.78839252,425.7858574124431,16.874677006746445,0.1100229932535548,0.1100229932535548,16.086109843664936,0.08059015633506306,0.08059015633506306,21.545154730142144,0.02684526985785496,0.02684526985785496,48.93783552871303,4.3816644712869675,4.3816644712869675,4.3816644712869675,1.14978072268336,4.3816644712869675,0.465163720861632,1.3754827478778344,3
15.1614,82.0274,25.1007,7.2104,11.8337,13.0679,14.1548,62.8403,False,False,False,False,False,False,False,False,False,False,False,False,False,0,False,-1.2341999999999995,-2.3210999999999995,-51.0066,-1.0869,-49.7724,-48.6855,13.0188,13.0679,1.1613287260719936,25.474175000000002,13.61135,24.928790353775693,51.0066,25.68445,51.0066,1243.65022236,591.45036496,184.83333802688637,11.858825697212346,-0.0251256972123457,0.0251256972123457,12.98063749415726,0.0872625058427392,0.0872625058427392,14.194680182968549,-0.039880182968548894,0.039880182968548894,50.06146506450163,12.778834935498367,12.778834935498367,12.778834935498367,3.2327758303805,12.778834935498367,0.23625158526529058,2.002285843492147,4
19.5873,19.6865,35.3793,12.1957,10.6163,9.7921,14.0789,51.5171,False,False,False,False,False,False,False,False,False,False,False,False,False,0,False,0.8242000000000012,-3.4626,-40.9008,-4.286800000000001,-41.725,-37.438199999999995,11.495766666666668,10.6163,2.274699930393751,21.5011,12.3476,20.096673529716305,41.725,21.4396,41.725,385.60538145,240.09064805,994.9605084903318,10.618383901760433,-0.002083901760432383,0.002083901760432383,9.593248760557683,0.19885123944231609,0.19885123944231609,14.194109015319194,-0.11520901531919314,0.11520901531919314,50.585104253912846,0.9319957460871535,0.9319957460871535,0.9319957460871535,0.3120349756522738,0.9319957460871535,0.7621748036883341,1.9405974854321475,4
21.6903,73.4161,34.7918,25.7828,14.9436,15.1886,18.7858,31.6359,False,False,False,False,False,False,False,False,False,False,False,False,False,0,False,-0.24499999999999922,-3.8421999999999983,-16.6923,-3.597199999999999,-16.4473,-12.850100000000001,16.305999999999997,15.1886,2.151060733684662,20.138475,16.987199999999998,7.863597566582783,16.6923,8.945683333333333,16.6923,1592.41723383,1892.87262308,295.44332980867546,14.755415769978974,0.1881842300210259,0.1881842300210259,14.976530530474914,0.2120694695250851,0.2120694695250851,18.41988929376933,0.3659107062306681,0.3659107062306681,49.487739557159394,-17.851839557159394,17.851839557159394,17.851839557159394,4.654500990734043,17.851839557159394,0.17685026523802666,0.8288756577269839,4
19.1531,67.5403,44.1923,16.6557,12.8284,13.5424,15.9988,42.3271,False,False,False,False,False,False,False,False,False,False,False,False,False,0,False,-0.7140000000000004,-3.170399999999999,-29.4987,-2.4563999999999986,-28.7847,-26.328300000000002,14.123200000000002,13.5424,1.6630861432890354,21.174175,14.7706,14.167176764708628,29.4987,15.15875,29.4987,1293.60611993,1124.93097471,283.58027968778936,13.116329637987082,-0.28792963798708193,0.28792963798708193,13.823486413536815,-0.28108641353681385,0.28108641353681385,16.448018770774503,-0.4492187707745039,0.4492187707745039,50.31533251605671,-7.988232516056712,7.988232516056712,7.988232516056712,2.251616834588778,7.988232516056712,0.30753931070924195,1.3931445295297078,4
17.1067,61.6249,24.8072,10.2851,11.5329,11.9072,14.219,51.8342,False,False,False,False,False,False,False,False,False,False,False,False,False,0,False,-0.37429999999999986,-2.6860999999999997,-40.301300000000005,-2.3118,-39.92700000000001,-37.6152,12.553033333333333,11.9072,1.4548569769339297,22.373325,13.063099999999999,19.67647291113171,40.301300000000005,20.535950000000003,40.301300000000005,1054.1986768299998,633.81825899,277.59391453877987,11.703712631136153,-0.17081263113615286,0.17081263113615286,11.939121242719485,-0.03192124271948593,0.03192124271948593,14.496896951431772,-0.2778969514317726,0.2778969514317726,50.0271161169622,1.807083883037805,1.807083883037805,1.807083883037805,0.5719286770813041,1.807083883037805,0.6361611786717709,1.8013094605699151,4
17.3905,47.9269,26.7059,58.6967,11.6212,11.3781,15.0085,44.1,False,False,False,False,False,False,False,False,False,False,False,False,False,0,False,0.2431000000000001,-3.3872999999999998,-32.4788,-3.6304,-32.721900000000005,-29.091500000000003,12.669266666666665,11.6212,2.029478712214871,20.52695,13.31485,15.802487315714997,32.721900000000005,16.9255,32.721900000000005,833.47275445,2813.15087123,362.854605064253,11.659781665468476,-0.038581665468475634,0.038581665468475634,11.349054436326808,0.029045563673191666,0.029045563673191666,14.803372734662089,0.2051272653379108,0.2051272653379108,49.148937818228376,-5.048937818228374,5.048937818228374,5.048937818228374,1.3304230781769881,5.048937818228374,0.4291066327674143,1.5940938161325402,4
9.8497,48.8292,49.9941,41.9037,8.1285,9.5477,10.1542,69.9002,False,False,False,False,False,False,False,False,False,False,False,False,False,0,False,-1.4192,-2.0256999999999987,-61.771699999999996,-0.6064999999999987,-60.3525,-59.745999999999995,9.2768,9.5477,1.0396659223038902,24.43265,9.850950000000001,30.323584227077557,61.771699999999996,30.986933333333337,61.771699999999996,480.95297124,2046.1241480400001,201.71737367858296,7.917991466895522,0.2105085331044787,0.2105085331044787,9.419754505801434,0.12794549419856693,0.12794549419856693,9.959185661634413,0.19501433836558668,0.19501433836558668,51.01764686408643,18.882553135913568,18.882553135913568,18.882553135913568,4.85400537539555,18.882553135913568,0.17082321177958107,2.52824293384347,4
29.3082,105.8771,43.4125,9.8873,19.8704,20.2378,24.6602,46.3785,False,False,False,False,False,False,False,False,False,False,False,False,False,0,False,-0.36739999999999995,-4.7898,-26.508100000000002,-4.4224,-26.140700000000002,-21.718300000000003,21.589466666666667,20.2378,2.6656702896895057,27.786725,22.448999999999998,12.584166326347038,26.508100000000002,13.991116666666668,26.508100000000002,3103.06722222,1046.83865083,276.81337354221324,20.03324684387352,-0.16284684387352044,0.16284684387352044,20.505420827475774,-0.2676208274757741,0.2676208274757741,24.812982589822944,-0.15278258982294446,0.15278258982294446,49.090216421437695,-2.7117164214376928,2.7117164214376928,2.7117164214376928,0.8237416706524829,2.7117164214376928,0.5483232719260225,0.953983978326349,1
27.8564,48.3216,33.5844,18.1832,16.3613,14.9818,20.9924,31.3304,False,False,False,False,False,False,False,False,False,False,False,False,False,0,False,1.3795000000000002,-4.6311,-14.969100000000001,-6.0106,-16.3486,-10.338000000000001,17.445166666666665,16.3613,3.1484763463194914,20.916475,18.67685,7.40327821863396,16.3486,8.946150000000001,16.3486,1346.06581824,878.6413171199999,576.4791363532796,16.24270470788951,0.11859529211049136,0.11859529211049136,14.876196895256365,0.10560310474363455,0.10560310474363455,21.04867941797667,-0.056279417976668356,0.056279417976668356,49.321245150330846,-17.990845150330845,17.990845150330845,17.990845150330845,4.567830741290409,17.990845150330845,0.17960316081164465,0.7816131630147227,3
31.8857,49.6381,38.1437,28.7934,18.1299,16.4775,23.5738,47.1112,False,False,False,False,False,False,False,False,False,False,False,False,False,0,False,1.6524,-5.443899999999999,-28.981299999999997,-7.096299999999999,-30.633699999999997,-23.537399999999998,19.393733333333333,18.1299,3.713128659679507,26.323099999999997,20.85185,14.18647381252062,30.633699999999997,16.224166666666665,30.633699999999997,1582.74556517,1429.24966854,642.3632970715444,18.384320296932003,-0.25442029693200396,0.25442029693200396,16.617814827968736,-0.14031482796873718,0.14031482796873718,23.952872513101003,-0.3790725131010042,0.3790725131010042,48.863927925126646,-1.7527279251266492,1.7527279251266492,1.7527279251266492,0.6316338907820986,1.7527279251266492,0.6128825869881052,1.1637568661149842,3
23.1221,109.7203,46.3794,39.7795,17.8087,19.0765,21.4412,50.6761,False,False,False,False,False,False,False,False,False,False,False,False,False,0,False,-1.2677999999999976,-3.6324999999999967,-32.867399999999996,-2.364699999999999,-31.5996,-29.2349,19.44213333333333,19.0765,1.8436458074514552,27.250625,20.25885,15.68936545378748,32.867399999999996,16.827816666666664,32.867399999999996,2536.96374863,4364.61867385,210.73673597896322,17.629591197157286,0.17910880284271613,0.17910880284271613,19.04232650025829,0.03417349974170847,0.03417349974170847,21.500925124261908,-0.05972512426190946,0.05972512426190946,49.059750445202454,1.6163495547975444,1.6163495547975444,1.6163495547975444,0.4723392454109696,1.6163495547975444,0.6791912958354058,1.2061150134666585,2
13.9113,105.5919,33.6955,36.2678,10.5031,20.7532,15.6068,41.2921,False,False,False,False,False,False,False,False,False,False,False,False,False,0,False,-10.2501,-5.1037,-30.788999999999998,5.1464,-20.538899999999998,-25.685299999999998,15.621033333333335,15.6068,5.12506482332988,22.038800000000002,18.18,13.500436125547942,30.788999999999998,16.252233333333333,30.788999999999998,1468.92059847,3829.5859108199998,131.74588848710096,12.914632593298677,-2.411532593298677,2.411532593298677,15.070821215396494,5.682378784603506,5.682378784603506,15.11241392119493,0.4943860788050696,0.4943860788050696,49.58040577724906,-8.288305777249064,8.288305777249064,8.288305777249064,4.219150808489079,8.288305777249064,0.19160205111787057,1.3970355023705905,2
10.5879,24.4649,37.1274,49.8712,6.8628,7.1306,8.9615,28.1238,False,False,False,False,False,False,False,False,False,False,False,False,False,0,False,-0.26780000000000026,-2.098699999999999,-21.261,-1.8308999999999989,-20.993199999999998,-19.162300000000002,7.651633333333334,7.1306,1.142253134525501,12.769675,8.04605,10.278483845190074,21.261,10.93565,21.261,259.03191470999997,1220.09392088,432.7790292300278,7.00438071095965,-0.14158071095964964,0.14158071095964964,7.264032776060758,-0.13343277606075787,0.13343277606075787,9.212309815081376,-0.2508098150813769,0.2508098150813769,50.58764858718831,-22.463848587188313,22.463848587188313,22.463848587188313,5.747417972322524,22.463848587188313,0.14820483985161967,1.6649588458916567,4
31.2972,94.3311,29.0551,52.1742,20.9992,20.3502,26.3378,36.4869,False,False,False,False,False,False,False,False,False,False,False,False,False,0,False,0.6489999999999974,-5.338600000000003,-15.4877,-5.9876000000000005,-16.136699999999998,-10.149099999999997,22.5624,20.9992,3.285655812771631,26.043525000000002,23.6685,7.461229644580487,16.136699999999998,8.958116666666665,16.136699999999998,2952.29930292,4921.64967762,331.7802578597877,20.832791179872416,0.1664088201275824,0.1664088201275824,20.11512014335473,0.23507985664527098,0.23507985664527098,26.042329263761975,0.2954707362380269,0.2954707362380269,47.596905143225904,-11.110005143225905,11.110005143225905,11.110005143225905,2.9517411390591963,11.110005143225905,0.2530530125356524,0.6196048270712865,1
9.5961,62.7447,45.4544,7.0814,,10.0403,9.9205,53.4667,True,False,False,False,False,False,False,False,False,False,False,False,False,1,True,,,,0.11979999999999968,-43.4264,-43.5462,9.9804,9.9804,0.08471139238614817,24.475833333333338,10.0403,25.106898465826745,43.5462,29.0308,43.5462,602.10441567,444.32031858000005,152.9387895808268,8.14567486163794,,,10.070205276206156,-0.029905276206156017,0.029905276206156017,9.869509847614822,0.05099015238517879,0.05099015238517879,51.49823755530265,1.9684624446973515,1.9684624446973515,1.9684624446973515,0.6831192910962288,1.9684624446973515,0.5941349524600197,1.779150136195511,4
9.5103,41.0171,26.1524,39.0628,7.2008,7.5552,8.7786,40.1126,False,False,False,False,False,False,False,False,False,False,False,False,False,0,False,-0.35440000000000005,-1.5778000000000008,-32.9118,-1.2234000000000007,-32.5574,-31.334,7.844866666666667,7.5552,0.8278244338827733,15.9118,8.1669,16.148018943924153,32.9118,16.6598,32.9118,390.08492613000004,1602.2427738800002,231.8617767073302,7.256884275001468,-0.056084275001468065,0.056084275001468065,7.852288694645939,-0.29708869464593857,0.29708869464593857,9.02643838156979,-0.24783838156978888,0.24783838156978888,50.35943020627097,-10.246830206270971,10.246830206270971,10.246830206270971,2.7119603893720416,10.246830206270971,0.2693994264764155,2.068388197194411,4
27.9197,27.1864,27.2906,49.5003,15.25,13.1347,20.14,44.8598,False,False,False,False,False,False,False,False,False,False,False,False,False,0,False,2.1152999999999995,-4.890000000000001,-29.6098,-7.0053,-31.725099999999998,-24.7198,16.1749,15.25,3.5930679133576087,23.346125,17.695,14.639420412792987,31.725099999999998,16.677549999999997,31.725099999999998,759.0361320799999,1345.73495592,1026.9726675938455,15.468468421126648,-0.21846842112664788,0.21846842112664788,13.170735811786843,-0.03603581178684223,0.03603581178684223,20.474628470488923,-0.33462847048892286,0.33462847048892286,48.633631859611526,-3.7738318596115263,3.7738318596115263,3.7738318596115263,1.0907411407534848,3.7738318596115263,0.4782992884712685,1.3589015912055677,3
11.9313,52.7544,42.8991,27.5887,8.9263,9.9342,11.1392,55.1761,False,False,False,False,False,False,False,False,False,False,False,False,False,0,False,-1.0079000000000011,-2.212900000000001,-46.2498,-1.205,-45.2419,-44.036899999999996,9.999900000000002,9.9342,1.1079119865765517,21.293950000000002,10.5367,22.606206542820637,46.2498,23.325733333333332,46.2498,629.4285727199999,1455.42531528,226.16687401110164,8.95603422067726,-0.029734220677260836,0.029734220677260836,10.123405871117333,-0.18920587111733234,0.18920587111733234,11.190866129527137,-0.05166612952713656,0.05166612952713656,50.85100337468616,4.32509662531384,4.32509662531384,4.32509662531384,1.1489257116588925,4.32509662531384,0.46534879943710866,2.1719680134648507,4
13.3815,37.7292,31.756,45.366,9.0567,9.3006,11.7747,78.4565,False,False,False,False,False,False,False,False,False,False,False,False,False,0,False,-0.2439,-2.718,-69.3998,-2.4741,-69.1559,-66.68180000000001,10.043999999999999,9.3006,1.5037831193360298,27.147125000000003,10.53765,34.22827946073977,69.3998,35.11225,69.3998,504.8732898,1711.6228872,354.6721492445773,9.01877769307814,0.037922306921858606,0.037922306921858606,9.145213282236426,0.15538671776357305,0.15538671776357305,11.544260991617112,0.23043900838288778,0.23043900838288778,50.09833754364604,28.358162456353966,28.358162456353966,28.358162456353966,7.195477622355572,28.358162456353966,0.12201851387797172,2.556431829730835,4
26.879,60.1489,22.0906,13.677,16.0546,14.7739,20.373,64.638,False,False,False,False,False,False,False,False,False,False,False,False,False,0,False,1.2807000000000013,-4.3184000000000005,-48.583400000000005,-5.599100000000002,-49.86410000000001,-44.265,17.067166666666665,16.0546,2.933674938252931,28.959875,18.2138,23.905724804653666,49.86410000000001,25.651783333333338,49.86410000000001,1616.7422831000001,822.6565052999999,446.8742658844524,16.35644620369707,-0.30184620369707105,0.30184620369707105,15.13540376746105,-0.3615037674610502,0.3615037674610502,20.789627741862073,-0.4166277418620723,0.4166277418620723,48.978022677774504,15.659977322225501,15.659977322225501,15.659977322225501,4.184988758811423,15.659977322225501,0.19286444899240904,1.721833494849859,3
27.8914,24.7733,29.776,10.3938,14.7921,12.5916,19.7028,52.313,False,False,False,False,False,False,False,False,False,False,False,False,False,0,False,2.2005,-4.9107,-37.520900000000005,-7.1112,-39.7214,-32.610200000000006,15.695500000000001,14.7921,3.6406579116967306,24.849875,17.24745,18.54849283857047,39.7214,20.679150000000003,39.7214,690.96201962,257.48872554,1125.864892499226,14.862099822757276,-0.06999982275727668,0.06999982275727668,12.701909703477869,-0.11030970347786884,0.11030970347786884,19.740212233592594,-0.037412233592593935,0.037412233592593935,49.61231218035579,2.700687819644216,2.700687819644216,2.700687819644216,0.7296023948679888,2.700687819644216,0.578167562075054,1.598454077352873,3
16.1451,82.5904,26.857,31.5841,12.7468,13.7874,15.18,73.8668,False,False,False,False,False,False,False,False,False,False,False,False,False,0,False,-1.0405999999999995,-2.4331999999999994,-61.12,-1.3925999999999998,-60.0794,-58.6868,13.904733333333333,13.7874,1.2208361451617218,28.895249999999997,14.483699999999999,29.997599687252755,61.12,30.7921,61.12,1333.43026704,2608.54345264,195.4839550984188,12.653805553451207,0.09299444654879352,0.09299444654879352,13.632867687823756,0.15453231217624364,0.15453231217624364,15.272128962336888,-0.09212896233688816,0.09212896233688816,49.48928143012869,24.377518569871306,24.377518569871306,24.377518569871306,6.179293572733307,24.377518569871306,0.13928947045680973,2.1152258190443693,4
24.5955,66.6176,38.2375,53.1687,16.1615,15.8666,20.7128,41.1122,False,False,False,False,False,False,False,False,False,False,False,False,False,0,False,0.29490000000000016,-4.551300000000001,-24.9507,-4.846200000000001,-25.245600000000003,-20.3994,17.5803,16.1615,2.7168287929127968,23.463275000000003,18.437150000000003,11.973234811967066,25.245600000000003,13.381350000000003,25.245600000000003,1638.4931808,3541.97118912,369.20417889503995,16.1057476022607,0.055752397739301074,0.055752397739301074,15.748436459494846,0.11816354050515443,0.11816354050515443,20.44972690339815,0.2630730966018504,0.2630730966018504,48.81251891778446,-7.7003189177844575,7.7003189177844575,7.7003189177844575,2.034326988157691,7.7003189177844575,0.32956237211835754,1.0759618697893325,4
12.5344,101.6442,32.2129,53.5995,12.1063,14.2966,14.2216,,True,False,False,False,False,False,False,False,False,False,False,False,False,1,True,-2.1903000000000006,-2.1153000000000013,,0.07499999999999929,,,13.5415,14.2216,1.2434852351355048,13.5415,14.2216,1.2434852351355048,2.1903000000000006,1.4602000000000004,2.1903000000000006,1274.04906048,5448.0782979,123.31641910542666,12.237937262421624,-0.13163726242162532,0.13163726242162532,14.360207407656915,-0.06360740765691553,0.06360740765691553,14.284047057876755,-0.06244705787675464,0.06244705787675464,49.3151069791317,,,0.13163726242162532,0.08589724265176517,0.13163726242162532,0.9208974484160178,0.1617471020587808,2
20.4904,26.5967,26.2294,14.7813,11.3379,9.9378,14.7259,55.1477,False,False,False,False,False,False,False,False,False,False,False,False,False,0,False,1.4001000000000001,-3.388,-43.8098,-4.7881,-45.209900000000005,-40.421800000000005,12.000533333333331,11.3379,2.4618666908127524,22.787325,13.0319,21.66702616671625,45.209900000000005,23.169616666666666,45.209900000000005,544.97702168,393.13380171,770.4110771595435,11.45191275781114,-0.11401275781114073,0.11401275781114073,10.221125538720447,-0.2833255387204474,0.2833255387204474,15.05446996187147,-0.32856996187147125,0.32856996187147125,50.04900028975711,5.09869971024289,5.09869971024289,5.09869971024289,1.4561519921614874,5.09869971024289,0.4071409274309486,1.9839924238617639,4
15.6102,75.703,26.1544,13.7047,11.7033,12.5963,13.9901,50.7214,False,False,False,False,False,False,False,False,False,False,False,False,False,0,False,-0.8929999999999989,-2.2867999999999995,-39.018100000000004,-1.3938000000000006,-38.1251,-36.731300000000005,12.763233333333332,12.5963,1.1525031945002724,22.252775,13.293199999999999,19.00239756581171,39.018100000000004,19.74135,39.018100000000004,1181.7389706000001,1037.4869041000002,206.20316153875518,11.803804295165023,-0.10050429516502213,0.10050429516502213,12.688393587390292,-0.09209358739029305,0.09209358739029305,14.29054231248567,-0.30044231248566966,0.30044231248566966,49.982897875943394,0.738502124056609,0.738502124056609,0.738502124056609,0.30788557977439845,0.738502124056609,0.7645928783559899,1.7534030010176256,4
28.8943,84.908,34.2153,18.1794,18.634,18.1477,23.4368,56.8268,False,False,False,False,False,False,False,False,False,False,False,False,False,0,False,0.48629999999999995,-4.802800000000001,-38.1928,-5.289100000000001,-38.6791,-33.39,20.072833333333335,18.634,2.9234099478747995,29.261325,21.035400000000003,18.531353618012727,38.6791,20.140016666666664,38.6791,2453.3572244,1543.5764952000002,340.3012271751511,18.76214484503605,-0.12814484503605073,0.12814484503605073,18.35955477243582,-0.21185477243582085,0.21185477243582085,23.53426934158125,-0.09746934158124887,0.09746934158124887,48.85045279956517,7.97634720043483,7.97634720043483,7.97634720043483,2.1034540398719876,7.97634720043483,0.3222216237625508,1.3218501479853875,3
15.1906,103.8022,32.8666,43.5159,13.434,15.3229,15.801,70.573,False,False,False,False,False,False,False,False,False,False,False,False,False,0,False,-1.8889000000000014,-2.367000000000001,-57.138999999999996,-0.4780999999999995,-55.25009999999999,-54.77199999999999,14.852633333333335,15.3229,1.251613080521826,28.782725,15.56195,27.878919854180744,57.138999999999996,28.64918333333333,57.138999999999996,1576.81769932,4517.04615498,146.34177827235084,13.5154967394557,-0.08149673945570157,0.08149673945570157,15.39672922432112,-0.07382922432111982,0.07382922432111982,15.960853943157197,-0.1598539431571968,0.1598539431571968,49.293739443894914,21.27926055610508,21.27926055610508,21.27926055610508,5.398610115759775,21.27926055610508,0.15628394009145835,1.9851831314848989,2
27.9293,38.0633,39.1615,20.9747,18.3877,21.4138,20.7639,64.6651,False,False,False,False,False,False,False,False,False,False,False,False,False,0,False,-3.0260999999999996,-2.3762000000000008,-46.2774,0.6498999999999988,-43.2513,-43.901199999999996,20.188466666666667,20.7639,1.5930043764325739,31.307624999999998,21.08885,22.276321587337975,46.2774,23.247016666666667,46.2774,1063.08132469,798.3662985099999,733.7590976717474,15.75225029734727,2.6354497026527284,2.6354497026527284,14.233328427498735,7.180471572501263,7.180471572501263,20.70064004144207,0.06325995855792854,0.06325995855792854,49.56035893554143,15.104741064458565,15.104741064458565,15.104741064458565,6.245980574542621,15.104741064458565,0.1380075463510502,1.478150617253587,3
29.2834,96.4813,26.6221,29.2271,19.7453,19.3891,24.716,44.6016,False,False,False,False,False,False,False,False,False,False,False,False,False,0,False,0.3562000000000012,-4.970700000000001,-24.856299999999997,-5.326900000000002,-25.2125,-19.885599999999997,21.283466666666666,19.7453,2.9779915082708577,27.113,22.23065,11.909917064642668,25.2125,13.4347,25.2125,2825.3005004200004,2819.86860323,303.5137064370291,19.70834032293627,0.03695967706373082,0.03695967706373082,19.327386396588615,0.0617136034113841,0.0617136034113841,24.444908592583815,0.2710914074161863,0.2710914074161863,48.17869245278686,-3.5770924527868644,3.5770924527868644,3.5770924527868644,0.9867142851695414,3.5770924527868644,0.5033436400315924,0.9299041308950943,1
26.5322,71.4206,39.4889,58.2879,23.7994,17.0447,22.0266,49.1332,False,False,False,False,False,False,False,False,False,False,False,False,False,0,False,6.7547,1.7728000000000002,-25.333800000000004,-4.9818999999999996,-32.0885,-27.106600000000004,20.9569,22.0266,3.5020974558113025,28.000975,22.912999999999997,14.375410538456517,32.0885,16.339716666666668,32.0885,1894.9456433199998,4162.95679074,371.4922065213389,17.36425633265185,6.43514366734815,6.43514366734815,16.909466578660954,0.13523342133904492,0.13523342133904492,22.040525764961433,-0.01392576496143505,0.01392576496143505,48.51391922617295,0.6192807738270503,0.6192807738270503,6.43514366734815,1.80089590686892,6.43514366734815,0.35702861985966666,1.145977543289995,3
11.4085,75.1307,29.9009,40.9165,9.9183,11.561,11.6384,20.9754,False,False,False,False,False,False,False,False,False,False,False,False,False,0,False,-1.6426999999999996,-1.7201000000000004,-11.0571,-0.0774000000000008,-9.4144,-9.337,11.039233333333334,11.561,0.9715278397109027,13.523275,11.5997,5.0310134402358075,11.0571,5.54145,11.0571,857.1285909500001,3074.08528655,151.8486914339023,10.079705767876678,-0.16140576787667804,0.16140576787667804,11.53897715064132,0.022022849358679153,0.022022849358679153,12.01507477756044,-0.37667477756043866,0.37667477756043866,49.90521614551721,-28.929816145517208,28.929816145517208,28.929816145517208,7.372479885078251,28.929816145517208,0.11943892535140486,0.8176341769030232,4
9.6771,40.9333,42.7255,56.3017,7.5451,8.5237,9.7694,29.2837,False,False,False,False,False,False,False,False,False,False,False,False,False,0,False,-0.9786000000000001,-2.2242999999999995,-21.738599999999998,-1.2456999999999994,-20.759999999999998,-19.5143,8.612733333333333,8.5237,1.1148196371311965,13.780475,9.14655,10.375488628614075,21.738599999999998,11.076916666666667,21.738599999999998,396.11563743,2304.61437661,236.41137254719928,7.55952862397958,-0.014428623979580557,0.014428623979580557,8.580409559419477,-0.05670955941947753,0.05670955941947753,9.602472377428604,0.1669276225713947,0.1669276225713947,50.546600741559914,-21.262900741559914,21.262900741559914,21.262900741559914,5.375241636882592,21.262900741559914,0.15685679962540003,1.5774916485159993,4
9.1303,20.5699,37.6841,25.2845,5.7455,6.2235,7.4901,51.5441,False,False,False,False,False,False,False,False,False,False,False,False,False,0,False,-0.47799999999999976,-1.7446000000000002,-45.7986,-1.2666000000000004,-45.3206,-44.054,6.486366666666666,6.2235,0.9015161969334403,17.750799999999998,6.8568,22.540888497424707,45.7986,23.1104,45.7986,187.80935797,520.09963655,443.86679377790176,5.798334845877494,-0.0528348458774941,0.0528348458774941,6.237408527948712,-0.013908527948712113,0.013908527948712113,7.686820575352719,-0.19672057535271925,0.19672057535271925,51.32537080923534,0.21872919076466246,0.21872919076466246,0.21872919076466246,0.12054828498589698,0.21872919076466246,0.8924202672913696,2.580085077807717,4
14.6069,39.0401,34.8904,19.468,9.4995,9.5566,11.9096,63.8012,False,False,False,False,False,False,False,False,False,False,False,False,False,0,False,-0.05710000000000015,-2.4101,-54.301700000000004,-2.3529999999999998,-54.244600000000005,-51.891600000000004,10.3219,9.5566,1.3752849050287725,23.691724999999998,10.7331,26.76321769087504,54.301700000000004,27.54301666666667,54.301700000000004,570.25483669,760.0326668,374.151097422625,9.377954690585865,0.12154530941413455,0.12154530941413455,9.559444481559657,-0.0028444815596575523,0.0028444815596575523,12.026538853234173,-0.11693885323417419,0.11693885323417419,50.6531290914795,13.148070908520502,13.148070908520502,13.148070908520502,3.347349888182117,13.148070908520502,0.2300251936745213,2.2920102727807823,4
16.53,103.9792,43.4328,46.9103,14.2198,16.2414,17.0286,37.4711,False,False,False,False,False,False,False,False,False,False,False,False,False,0,False,-2.0215999999999994,-2.8088000000000015,-23.2513,-0.7872000000000021,-21.2297,-20.4425,15.829933333333335,16.2414,1.448902333952615,21.240225000000002,16.634999999999998,10.885061735661708,23.2513,11.75685,23.2513,1718.7761760000003,4877.69546576,158.9740872237825,14.223997127164363,-0.004197127164363934,0.004197127164363934,16.242070137073554,-0.0006701370735555656,0.0006701370735555656,17.018184852870895,0.010415147129105407,0.010415147129105407,49.465192946877806,-11.994092946877807,11.994092946877807,11.994092946877807,3.002343839561208,11.994092946877807,0.24985359581440503,1.094681862041545,2
31.3956,65.9954,44.7277,20.6592,18.6968,17.6704,24.1282,24.3526,False,False,False,False,False,False,False,False,False,False,False,False,False,0,False,1.0263999999999989,-5.4314,-5.655799999999999,-6.457799999999999,-6.682199999999998,-0.22439999999999927,20.165133333333333,18.6968,3.470273374438004,21.212,21.4125,3.5231024396119954,6.682199999999998,4.246333333333332,6.682199999999998,2071.9651802400003,1363.41216768,475.72399353227746,18.96450607904591,-0.2677060790459116,0.2677060790459116,17.97747321294404,-0.3070732129440401,0.3070732129440401,24.388991680040867,-0.2607916800408674,0.2607916800408674,49.141430181698546,-24.788830181698547,24.788830181698547,24.788830181698547,6.4061002884323415,24.788830181698547,0.13502382644776084,0.31501965160303047,3
8.8333,97.192,40.8705,59.4113,10.141,12.7958,11.5139,62.4186,False,False,False,False,False,False,False,False,False,False,False,False,False,0,False,-2.6548,-1.3728999999999996,-52.2776,1.2819000000000003,-49.6228,-50.9047,11.483566666666666,11.5139,1.3276599125278028,24.217325,12.15485,25.490577194900208,52.2776,26.35245,52.2776,858.5260935999999,5774.3030696,90.88504291659365,10.293756636557418,-0.15275663655741845,0.15275663655741845,13.029198405033965,-0.2333984050339648,0.2333984050339648,11.857400391942573,-0.3435003919425732,0.3435003919425732,49.87821326272624,12.540386737273757,12.540386737273757,12.540386737273757,3.3175105427019282,12.540386737273757,0.23161495266996918,2.1586850906592323,2
25.5109,94.6061,39.9882,26.6325,17.7896,18.352,22.0215,48.7888,False,False,False,False,False,False,False,False,False,False,False,False,False,0,False,-0.5624000000000002,-4.2318999999999996,-30.999200000000002,-3.6694999999999993,-30.4368,-26.767300000000002,19.3877,18.352,2.298205880681711,26.737975,20.18675,14.819829187584002,30.999200000000002,16.111183333333333,30.999200000000002,2413.48675649,2519.59695825,269.653831026347,17.779095092854728,0.010504907145271858,0.010504907145271858,18.26926202707279,0.08273797292720886,0.08273797292720886,22.019986636918986,0.0015133630810133525,0.0015133630810133525,49.07101785123374,-0.28221785123373877,0.28221785123373877,0.28221785123373877,0.09424352359680821,0.28221785123373877,0.9138733549118689,1.1593693391629925,1
11.8252,52.265,18.0,26.9784,8.6729,9.2711,10.5035,55.0555,False,False,False,False,False,False,False,False,False,False,False,False,False,0,False,-0.5982000000000003,-1.8306000000000004,-46.382600000000004,-1.2324000000000002,-45.784400000000005,-44.552,9.482500000000002,9.2711,0.9334299973752721,20.875750000000004,9.8873,22.79924216481767,46.382600000000004,23.3967,46.382600000000004,618.044078,1410.026076,226.25462044300767,8.83625531540802,-0.16335531540801895,0.16335531540801895,9.243136179390243,0.02796382060975766,0.02796382060975766,10.79395887741451,-0.29045887741451004,0.29045887741451004,50.00544712216019,5.050052877839811,5.050052877839811,5.050052877839811,1.3829577228180243,5.050052877839811,0.4196465553813627,2.22184006714007,4
13.3176,109.6532,40.8517,50.3689,12.994,15.6239,15.2389,55.4972,False,False,False,False,False,False,False,False,False,False,False,False,False,0,False,-2.629900000000001,-2.2448999999999995,-42.5032,0.38500000000000156,-39.8733,-40.2583,14.618933333333333,15.2389,1.420338869190495,24.8385,15.4314,20.472007223360716,42.5032,21.315766666666665,42.5032,1460.31745632,5523.1110654799995,121.4519848529742,13.030293042635398,-0.03629304263539801,0.03629304263539801,15.559490253966962,0.06440974603303928,0.06440974603303928,15.237744097977746,0.0011559020222531302,0.0011559020222531302,49.530777151103585,5.966422848896414,5.966422848896414,5.966422848896414,1.5170703848967761,5.966422848896414,0.39728726141323595,1.7111815483295898,2
27.1883,36.0978,23.5129,49.3863,15.2966,13.4176,19.7864,44.9089,False,False,False,False,False,False,False,False,False,False,False,False,False,0,False,1.8789999999999996,-4.489800000000001,-29.612300000000005,-6.3688,-31.491300000000003,-25.122500000000002,16.166866666666667,15.2966,3.2723732081370756,23.352375000000002,17.5415,14.617286717302681,31.491300000000003,16.49395,31.491300000000003,981.43781574,1782.7367801399998,753.1841959387564,15.602206727210065,-0.30560672721006554,0.30560672721006554,13.55204011187368,-0.13444011187367977,0.13444011187367977,20.392941120447688,-0.6065411204476874,0.6065411204476874,48.473583030044836,-3.564683030044833,3.564683030044833,3.564683030044833,1.1528177473940664,3.564683030044833,0.4645075047390685,1.34852607131991,3
23.3547,85.3049,34.0201,57.2993,16.2814,16.6584,20.1503,56.7314,False,False,False,False,False,False,False,False,False,False,False,False,False,0,False,-0.3769999999999989,-3.8689,-40.45,-3.491900000000001,-40.073,-36.5811,17.696700000000003,16.6584,2.1332245474867384,27.455375000000004,18.40435,19.594915556571472,40.45,20.806983333333335,40.45,1992.2703480300002,4887.91105657,273.7790825873915,16.583901555085824,-0.3025015550858221,0.3025015550858221,16.805201845494352,-0.14680184549435182,0.14680184549435182,20.58233705626565,-0.43203705626564926,0.43203705626564926,48.48372366545969,8.247676334540309,8.247676334540309,8.247676334540309,2.282254197846533,8.247676334540309,0.3046686635837328,1.473299318148334,2
20.7606,77.2405,28.7917,13.6383,14.1857,14.6874,17.3806,53.6133,False,False,False,False,False,False,False,False,False,False,False,False,False,0,False,-0.5016999999999996,-3.1949000000000005,-39.4276,-2.693200000000001,-38.9259,-36.2327,15.417900000000001,14.6874,1.7181586626385823,24.96675,16.034,19.149156415274973,39.4276,20.162666666666667,39.4276,1603.5591243,1053.42911115,268.7786499597167,14.367492956561307,-0.18179295656130634,0.18179295656130634,14.683816170559966,0.003583829440033881,0.003583829440033881,17.739635398307282,-0.35903539830728093,0.35903539830728093,49.58853338214703,4.0247666178529755,4.0247666178529755,4.0247666178529755,1.1422947005403992,4.0247666178529755,0.46678918626263116,1.5792037092518212,4
11.6323,73.824,34.9155,48.3119,10.4622,11.8497,12.5183,54.2381,False,False,False,False,False,False,False,False,False,False,False,False,False,0,False,-1.387500000000001,-2.0561000000000007,-43.77590000000001,-0.6685999999999996,-42.388400000000004,-41.719800000000006,11.610066666666668,11.8497,1.048787348957516,22.267075000000002,12.184000000000001,21.33121210189035,43.77590000000001,21.999383333333338,43.77590000000001,858.7429152000001,3566.5777056,157.56797822280313,10.20967210841238,0.25252789158761857,0.25252789158761857,11.72911508250654,0.1205849174934599,0.1205849174934599,12.273588651238715,0.2447113487612853,0.2447113487612853,49.911842134926815,4.326257865073188,4.326257865073188,4.326257865073188,1.236020505728888,4.326257865073188,0.44722309005570793,1.9659465978595763,4
15.1971,52.9502,39.526,51.7112,11.2222,11.7197,14.243,74.3364,False,False,False,False,False,False,False,False,False,False,False,False,False,0,False,-0.4974999999999987,-3.0207999999999995,-63.1142,-2.5233000000000008,-62.616699999999994,-60.093399999999995,12.394966666666667,11.7197,1.619659520804707,27.880325,12.981349999999999,30.99893797356881,63.1142,31.977649999999997,63.1142,804.6894844200001,2738.11838224,287.0073603107523,10.817725973310678,0.4044740266893232,0.4044740266893232,11.36738626316536,0.35231373683464007,0.35231373683464007,13.666920917597636,0.576079082402364,0.576079082402364,49.89929268535936,24.437107314640635,24.437107314640635,24.437107314640635,6.44249354014174,24.437107314640635,0.13436356976414054,2.2637532870390547,4
25.2849,50.1209,35.0471,10.259,14.9101,14.074,19.4972,36.2356,False,False,False,False,False,False,False,False,False,False,False,False,False,0,False,0.8361000000000001,-4.5870999999999995,-21.325499999999998,-5.4232,-22.1616,-16.7384,16.160433333333334,14.9101,2.9198072955819074,21.179225,17.20365,10.316811309823398,22.1616,11.845316666666667,22.1616,1267.30194441,514.1903131,504.47807112839735,15.014047638475661,-0.10394763847566146,0.10394763847566146,14.118740784480176,-0.04474078448017593,0.04474078448017593,19.358591435489824,0.13860856451017511,0.13860856451017511,49.76331152410912,-13.527711524109122,13.527711524109122,13.527711524109122,3.4537521278937837,13.527711524109122,0.22452978326679088,1.0463834033665522,3
15.2564,63.7462,31.7923,10.5219,10.7028,11.4641,13.1068,58.1291,False,False,False,False,False,False,False,False,False,False,False,False,False,0,False,-0.7613000000000003,-2.404,-47.4263,-1.6426999999999996,-46.665,-45.0223,11.7579,11.4641,1.2286345388275555,23.3507,12.28545,23.20729215670512,47.4263,23.986933333333337,47.4263,972.5375256799999,670.73114178,239.33030685275247,10.943813140385618,-0.24101314038561839,0.24101314038561839,11.704794141096352,-0.2406941410963519,0.2406941410963519,13.486780736069942,-0.37998073606994254,0.37998073606994254,50.41347784255188,7.715622157448124,7.715622157448124,7.715622157448124,2.144327543750009,7.715622157448124,0.3180330248951651,2.031043167424031,4
13.4272,55.4707,35.9373,17.5331,9.7561,10.4939,12.1206,55.9888,False,False,False,False,False,True,False,False,False,False,False,False,False,0,False,-0.7378,-2.3644999999999996,-46.232699999999994,-1.6266999999999996,-45.4949,-43.8682,10.790199999999999,10.4939,1.209776975314045,22.08985,11.30725,22.620876803887743,46.232699999999994,23.387466666666665,46.232699999999994,744.8161830399999,972.5733301700001,242.05927777019616,9.696393954739511,0.05970604526048895,0.05970604526048895,10.562558759133646,-0.06865875913364583,0.06865875913364583,12.052537258160445,0.06806274183955452,0.06806274183955452,50.66187346338258,5.326926536617421,5.326926536617421,5.326926536617421,1.3808385207127776,5.326926536617421,0.42002008590680023,2.0929376646117266,4
26.2772,84.5838,38.358,28.6853,17.5264,17.5087,21.6766,74.9606,False,False,False,False,False,False,False,False,False,False,False,False,False,0,False,0.01769999999999783,-4.150200000000002,-57.434200000000004,-4.1678999999999995,-57.451899999999995,-53.284,18.9039,17.5264,2.4012449458562117,32.918075,19.6015,28.096839476754322,57.451899999999995,29.41765,57.451899999999995,2222.62542936,2426.31167814,310.66465320018096,17.61626407797963,-0.08986407797963025,0.08986407797963025,17.649251922281998,-0.14055192228199687,0.14055192228199687,22.036710187024283,-0.3601101870242829,0.3601101870242829,49.007350222384225,25.953249777615774,25.953249777615774,25.953249777615774,6.635943991225421,25.953249777615774,0.13095957764346033,1.7452989747125323,3
23.3537,79.7753,25.0997,53.661,16.2534,16.1519,19.9649,35.1917,False,False,False,False,False,False,False,False,False,False,False,False,False,0,False,0.10149999999999793,-3.711500000000001,-18.938299999999998,-3.812999999999999,-19.039799999999996,-15.226799999999997,17.456733333333332,16.2534,2.1727288333644705,21.890475,18.10915,9.043197870360903,19.039799999999996,10.138483333333332,19.039799999999996,1863.04842361,4280.8223733,292.7434565907672,16.222725737819488,0.03067426218051139,0.03067426218051139,16.019145600890937,0.13275439910906428,0.13275439910906428,20.14531132376574,-0.18041132376573898,0.18041132376573898,48.31107376844916,-13.119373768449165,13.119373768449165,13.119373768449165,3.36580343837612,13.119373768449165,0.2290529141119451,0.8697751557354713,4
29.3998,97.6878,34.4117,41.896,19.8876,19.9085,24.822,54.2529,False,False,False,False,False,False,False,False,False,False,False,False,False,0,False,-0.02090000000000103,-4.9344,-34.3653,-4.913499999999999,-34.34439999999999,-29.430899999999998,21.539366666666666,19.9085,2.8428630644709805,29.71775,22.36525,16.52064555003829,34.3653,18.001566666666665,34.3653,2872.0017824399997,4092.7280688,300.956690502121,19.99169566797803,-0.10409566797802938,0.10409566797802938,19.8274471688254,0.08105283117459905,0.08105283117459905,24.874910655660567,-0.052910655660568295,0.052910655660568295,48.14891021770071,6.103989782299287,6.103989782299287,6.103989782299287,1.585512234278121,6.103989782299287,0.3867705542995435,1.156389310634449,1
26.451,76.411,34.296,47.7037,17.666,17.209,13.7836,54.1006,False,False,False,False,False,False,False,False,False,False,False,False,False,0,False,0.45700000000000074,3.8824000000000005,-36.4346,3.4254,-36.8916,-40.317,16.219533333333334,17.209,2.1219190967926496,25.689799999999998,17.4375,19.019608216785116,40.317,20.234666666666666,40.317,2021.147361,3645.0874206999997,346.16739132227144,17.468190351970726,0.19780964802927414,0.19780964802927414,17.048268966999544,0.16073103300045588,0.16073103300045588,22.00307683742014,-8.219476837420139,8.219476837420139,48.5182419901173,5.582358009882697,5.582358009882697,8.219476837420139,3.5400938820831414,8.219476837420139,0.2202597624569754,1.569377118787566,3
16.7072,31.9859,25.408,37.7306,10.1169,9.5467,13.0626,50.9706,False,False,False,False,False,False,False,False,False,False,False,False,False,0,False,0.5701999999999998,-2.9457000000000004,-40.853699999999996,-3.5159000000000002,-41.423899999999996,-37.908,10.908733333333332,10.1169,1.8869653476768815,20.9242,11.589749999999999,20.090098282985075,41.423899999999996,21.2029,41.423899999999996,534.39482848,1206.8471985400001,522.3299884230275,10.201287997619733,-0.08438799761973392,0.08438799761973392,9.539682695376776,0.007017304623223808,0.007017304623223808,13.222449943694128,-0.15984994369412853,0.15984994369412853,49.80181351897902,1.1687864810209803,1.1687864810209803,1.1687864810209803,0.35501043173951663,1.1687864810209803,0.7380016984195714,1.9797115398860936,4
29.1083,58.7199,37.1572,10.9987,17.5282,16.4304,22.4226,49.4021,False,False,False,False,False,False,False,False,False,False,False,False,False,0,False,1.0977999999999994,-4.894400000000001,-31.8739,-5.9922,-32.9717,-26.979499999999998,18.793733333333332,17.5282,3.1902658468117253,26.445825,19.9754,15.524278564531322,32.9717,17.301583333333333,32.9717,1709.23646517,645.84256413,495.7143156384265,17.338435177677717,0.18976482232228165,0.18976482232228165,16.244414847503876,0.1859851524961229,0.1859851524961229,22.301282940346766,0.12131705965323292,0.12131705965323292,49.37737736194468,0.024722638055315826,0.024722638055315826,0.18976482232228165,0.13044741813173832,0.18976482232228165,0.8846054968683768,1.2467634317464358,3
26.2329,96.5506,33.0648,48.832,18.6651,18.7209,22.8946,34.729,False,False,False,False,False,False,False,False,False,False,False,False,False,0,False,-0.055800000000001404,-4.229500000000002,-16.0639,-4.1737,-16.0081,-11.834399999999999,20.09353333333333,18.7209,2.4259553300366714,23.752399999999998,20.80775,7.581076923058711,16.0639,8.727566666666668,16.0639,2532.80223474,4714.7588992,271.7010280929349,18.486751563396673,0.17834843660332567,0.17834843660332567,18.65187119657289,0.06902880342710915,0.06902880342710915,22.858345694813124,0.03625430518687622,0.03625430518687622,48.251039110743996,-13.522039110743997,13.522039110743997,13.522039110743997,3.451417663990327,13.522039110743997,0.22464753377097912,0.6763061095695132,1
16.1649,103.2809,29.1169,27.8213,14.339,15.9315,17.0601,64.6338,False,False,False,False,False,False,False,False,False,False,False,False,False,0,False,-1.5924999999999994,-2.721099999999998,-50.294799999999995,-1.1285999999999987,-48.702299999999994,-47.573699999999995,15.776866666666665,15.9315,1.367124684633165,27.991099999999996,16.4958,24.45395680907284,50.294799999999995,25.335499999999996,50.294799999999995,1669.52542041,2873.40890317,156.5139191744147,13.764076614937217,0.5749233850627835,0.5749233850627835,15.435456474185385,0.4960435258146152,0.4960435258146152,16.271887800520584,0.788212199479414,0.788212199479414,49.424735872802245,15.209064127197749,15.209064127197749,15.209064127197749,4.26706080938864,15.209064127197749,0.18985920918503166,1.7968133453800155,2
31.414,88.8354,24.8395,59.5524,28.5205,19.4702,25.3351,33.2402,False,False,False,False,False,False,False,False,False,False,False,False,False,0,False,9.0503,3.185399999999998,-4.719700000000003,-5.864900000000002,-13.770000000000003,-7.905100000000001,24.441933333333335,25.3351,4.590783434592982,26.6415,26.927799999999998,5.77949557602853,13.770000000000003,7.415900000000001,13.770000000000003,2790.6752556,5290.361274960001,353.62025120388364,20.66707140724541,7.8534285927545895,7.8534285927545895,19.61728822494745,-0.14708822494745277,0.14708822494745277,25.915473353838866,-0.5803733538388656,0.5803733538388656,47.33525879676322,-14.095058796763219,14.095058796763219,14.095058796763219,5.668987242076032,14.095058796763219,0.1499478052215772,0.5168625952507948,1
24.4427,39.5791,50.9417,13.3518,14.191,13.5804,18.7265,56.7296,False,False,False,False,False,False,False,False,False,False,False,False,False,0,False,0.6106000000000016,-4.535500000000001,-42.538599999999995,-5.146100000000002,-43.1492,-38.003099999999996,15.4993,14.191,2.811462781187047,25.806874999999998,16.458750000000002,20.742563924673505,43.1492,22.330516666666668,43.1492,967.4200675699999,528.45222738,617.5656804814458,14.085905083675975,0.10509491632402579,0.10509491632402579,13.468115930365679,0.11228406963432036,0.11228406963432036,18.529272410532585,0.19722758946741692,0.19722758946741692,50.44485562531634,6.284744374683655,6.284744374683655,6.284744374683655,1.6748377375273544,6.284744374683655,0.37385445328897204,1.6720034207925523,4
25.3016,95.0191,43.6434,59.1909,18.1013,18.3361,22.5789,47.7604,False,False,False,False,False,False,False,False,False,False,False,False,False,0,False,-0.2347999999999999,-4.4776000000000025,-29.6591,-4.242800000000003,-29.4243,-25.181499999999996,19.6721,18.3361,2.5200986964799625,26.694175,20.4575,14.19408612236683,29.6591,15.536683333333334,29.6591,2404.13526056,5624.2660461899995,266.2790674423282,18.091821985095223,0.009478014904775733,0.009478014904775733,18.626835533648254,-0.290735533648256,0.290735533648256,22.46917940875856,0.10972059124144096,0.10972059124144096,48.49584816953801,-0.7354481695380102,0.7354481695380102,0.7354481695380102,0.2863455773331207,0.7354481695380102,0.7773960727359296,1.1110696955160833,1
13.0534,103.6735,32.3023,13.9118,12.2147,14.3912,14.2445,41.7232,False,False,False,False,False,False,False,False,False,False,False,False,False,0,False,-2.176499999999999,-2.0298,-29.508499999999998,0.14669999999999916,-27.332,-27.478699999999996,13.6168,14.2445,1.2164676444525762,20.6434,14.31785,14.08825607589527,29.508499999999998,14.778699999999999,29.508499999999998,1353.2916649000001,1442.2849973,125.90873020504465,12.129698987309194,0.08500101269080673,0.08500101269080673,14.37593770976505,0.01526229023494885,0.01526229023494885,14.086380689413547,0.15811931058645357,0.15811931058645357,50.12405260755979,-8.400852607559791,8.400852607559791,8.400852607559791,2.164808805268,8.400852607559791,0.3159748539423438,1.429439225399292,2
28.7214,66.8864,52.6266,35.0011,18.1509,17.5824,23.3627,63.4231,False,False,False,False,False,False,False,False,False,False,False,False,False,0,False,0.5685000000000002,-5.2118,-45.2722,-5.7803,-45.8407,-40.0604,19.698666666666668,18.1509,3.1858520466797158,30.629775000000002,20.7568,22.01642462093168,45.8407,23.788983333333334,45.8407,1921.0710489599999,2341.09757504,429.40561468316207,17.908883563737884,0.24201643626211577,0.24201643626211577,17.50348598659553,0.07891401340447146,0.07891401340447146,23.02011727399894,0.34258272600105855,0.34258272600105855,49.337583592283096,14.085516407716902,14.085516407716902,14.085516407716902,3.687257395846137,14.085516407716902,0.213344375089408,1.4966053467237852,3
19.5142,22.8595,42.4082,21.103,11.1408,10.0973,14.9382,77.6634,False,False,False,False,False,False,False,False,False,False,False,False,False,0,False,1.0434999999999999,-3.7973999999999997,-66.5226,-4.8408999999999995,-67.56609999999999,-62.725199999999994,12.058766666666669,11.1408,2.5476607512251963,28.459925,13.0395,32.868206962085715,67.56609999999999,34.41595,67.56609999999999,446.0848549,482.40402850000004,853.657843059628,10.873606536622177,0.2671934633778239,0.2671934633778239,10.13817299266628,-0.040872992666280084,0.040872992666280084,14.528857894422496,0.4093421055775046,0.4093421055775046,50.60755409398916,27.055845906010838,27.055845906010838,27.055845906010838,6.943313616908112,27.055845906010838,0.12589204559057107,2.374077804464416,4
26.0201,21.9729,49.4476,50.2003,14.1856,12.9194,19.0732,59.4491,False,False,False,False,False,False,False,False,False,False,False,False,False,0,False,1.2662000000000013,-4.887599999999999,-45.2635,-6.1538,-46.529700000000005,-40.3759,15.392733333333334,14.1856,3.249644868802333,26.406825,16.6294,22.187406085791853,46.529700000000005,24.079449999999998,46.529700000000005,571.73705529,1103.0461718699999,1184.1899866699496,14.306494971343877,-0.12089497134387628,0.12089497134387628,12.786518298519983,0.13288170148001655,0.13288170148001655,19.257388606663604,-0.1841886066636036,0.1841886066636036,49.626670704237895,9.822429295762106,9.822429295762106,9.822429295762106,2.5650986438124006,9.822429295762106,0.2804971474591885,1.7620324434942698,3
29.2042,18.0618,43.0245,8.0414,15.1344,12.9107,20.4836,61.0351,False,False,False,False,False,False,False,False,False,False,False,False,False,0,False,2.223699999999999,-5.3492,-45.9007,-7.572899999999999,-48.1244,-40.551500000000004,16.176233333333332,15.1344,3.892462732427034,27.39095,17.808999999999997,22.65348369979034,48.1244,24.953733333333332,48.1244,527.4804195600001,145.24215852,1616.9032893159656,15.113230871019566,0.021169128980433882,0.021169128980433882,12.99036266159612,-0.07966266159611912,0.07966266159611912,20.38016285801061,0.10343714198938869,0.10343714198938869,50.082051380972125,10.953048619027875,10.953048619027875,10.953048619027875,2.789329387898454,10.953048619027875,0.2638989376836928,1.756944626986422,3
31.0368,95.4489,32.3525,9.5897,20.0135,19.7332,24.8781,55.2816,False,False,False,False,False,False,False,False,False,False,False,False,False,0,False,0.28030000000000044,-4.864599999999999,-35.2681,-5.1449,-35.5484,-30.403499999999998,21.541600000000003,20.0135,2.8928906322223793,29.9766,22.4458,17.034556372464372,35.5484,18.584966666666666,35.5484,2962.42841952,915.32631633,325.1666257896502,20.269708513406215,-0.2562085134062144,0.2562085134062144,19.86191287875299,-0.12871287875298876,0.12871287875298876,25.285286253541166,-0.4071862535411661,0.4071862535411661,48.66365467479334,6.617945325206655,6.617945325206655,6.617945325206655,1.852513242726756,6.617945325206655,0.35056804821143844,1.1858712509519922,1
31.1222,48.7828,21.2304,44.2287,18.461,16.124,23.7059,52.5012,False,False,False,False,False,False,False,False,False,False,False,False,False,0,False,2.3369999999999997,-5.244900000000001,-34.0402,-7.581900000000001,-36.3772,-28.795299999999997,19.4303,18.461,3.882777198089018,27.698024999999998,21.08345,16.836619193962306,36.3772,19.06275,36.3772,1518.22805816,2157.5998263600004,637.9747292130157,18.129359231210103,0.3316407687898959,0.3316407687898959,15.871696716195205,0.2523032838047943,0.2523032838047943,23.462537817966325,0.24336218203367466,0.24336218203367466,48.008965331319885,4.492234668680112,4.492234668680112,4.492234668680112,1.3298852258271192,4.492234668680112,0.42920569172886863,1.313349484900283,3
18.8185,104.2809,38.6618,41.1927,15.2872,16.8364,18.3224,27.0816,False,False,False,False,False,False,False,False,False,False,False,False,False,0,False,-1.5492000000000008,-3.035199999999998,-11.794400000000001,-1.485999999999997,-10.2452,-8.759200000000003,16.81533333333333,16.8364,1.517709660420375,19.3819,17.5794,5.280595253062544,11.794400000000001,6.144866666666666,11.794400000000001,1962.41011665,4295.61182943,180.45968336870092,15.266488239124985,0.020711760875014917,0.020711760875014917,16.85759396560072,-0.021193965600719622,0.021193965600719622,18.370611739747414,-0.04821173974741555,0.04821173974741555,49.210960285954755,-22.129360285954753,22.129360285954753,22.129360285954753,5.554869438044475,22.129360285954753,0.15255833994129586,0.6085261978824584,2
16.9204,43.4907,39.3973,33.6326,10.7918,10.9189,13.9573,28.7296,False,False,False,False,False,False,False,False,False,False,False,False,False,0,False,-0.12710000000000043,-3.1654999999999998,-17.937800000000003,-3.0383999999999993,-17.8107,-14.772300000000001,11.889333333333335,10.9189,1.7920388397948668,16.099400000000003,12.4381,8.546319723717339,17.937800000000003,9.4753,17.937800000000003,735.88004028,1462.7053168199998,389.05780107981684,10.909756523162045,-0.11795652316204475,0.11795652316204475,11.002282721066255,-0.0833827210662541,0.0833827210662541,14.027881884905943,-0.07058188490594297,0.07058188490594297,50.238616504353054,-21.509016504353053,21.509016504353053,21.509016504353053,5.445234408371824,21.509016504353053,0.1551533949953912,1.1141898988844934,4
21.322,83.0772,45.3964,35.2913,15.2434,15.9841,19.0301,67.443,False,False,False,False,False,False,False,False,False,False,False,False,False,0,False,-0.7407000000000004,-3.7867000000000015,-52.1996,-3.046000000000001,-51.4589,-48.41289999999999,16.752533333333332,15.9841,2.006898493530088,29.42515,17.5071,25.398148497413477,52.1996,26.607466666666664,52.1996,1771.3720584,2931.9023883600003,256.652817300918,15.238963940320053,0.004436059679946425,0.004436059679946425,16.089432009637108,-0.10533200963710776,0.10533200963710776,18.93489058711524,0.09520941288475981,0.09520941288475981,49.57891028647903,17.86408971352097,17.86408971352097,17.86408971352097,4.517266798930695,17.86408971352097,0.18124916492960075,1.773978459250519,4
8.5951,98.1424,45.6516,9.1583,9.5852,12.6494,10.9585,63.7497,False,False,False,False,False,False,False,False,False,False,False,False,False,0,False,-3.0641999999999996,-1.3733000000000004,-54.1645,1.6908999999999992,-51.1003,-52.791199999999996,11.064366666666666,10.9585,1.5348407811018485,24.2357,11.80395,26.372458700823984,54.1645,27.364066666666663,54.1645,843.54374224,898.81754192,87.57783714502223,9.64337167865136,-0.05817167865135886,0.05817167865135886,12.751485336691553,-0.10208533669155351,0.10208533669155351,11.00120740231576,-0.042707402315759424,0.042707402315759424,51.1659824910286,12.583717508971397,12.583717508971397,12.583717508971397,3.196670481657517,12.583717508971397,0.23828413604802254,2.2349046097679826,2
19.7012,86.7513,31.5115,52.1103,14.9638,15.6935,18.3355,37.307,False,False,False,False,False,False,False,False,False,False,False,False,False,0,False,-0.7296999999999993,-3.371699999999999,-22.343200000000003,-2.6419999999999995,-21.613500000000002,-18.971500000000002,16.330933333333334,15.6935,1.7739309917055206,21.57495,17.014499999999998,10.587574351254084,22.343200000000003,11.611933333333335,22.343200000000003,1709.10471156,4520.636268390001,227.09974062639515,14.842491168402992,0.121308831597009,0.121308831597009,15.539876784178409,0.15362321582159133,0.15362321582159133,18.169407123624218,0.16609287637578163,0.16609287637578163,48.828980317791775,-11.521980317791773,11.521980317791773,11.521980317791773,2.9907513103965386,11.521980317791773,0.2505793827329811,1.0356079455071991,2
18.1743,69.2155,40.5882,54.384,13.1973,13.8308,16.659,68.1312,False,False,False,False,False,False,False,False,False,False,False,False,False,0,False,-0.6334999999999997,-3.4616999999999987,-54.93390000000001,-2.828199999999999,-54.30040000000001,-51.47220000000001,14.562366666666668,13.8308,1.843158718974937,27.954575000000002,15.2449,26.82666208984077,54.93390000000001,27.93831666666667,54.93390000000001,1257.94326165,3764.2157520000005,262.5755412334605,13.179954057874538,0.0173459421254627,0.0173459421254627,13.833856849529036,-0.0030568495290363984,0.0030568495290363984,16.457032922405716,0.20196707759428278,0.20196707759428278,49.42803993441564,18.70316006558437,18.70316006558437,18.70316006558437,4.731382483708288,18.70316006558437,0.17447797330618658,1.9651123420361993,4
11.0542,26.6928,44.529,46.8693,7.4141,7.7295,9.7895,38.8963,False,False,False,False,False,False,False,False,False,False,False,False,False,0,False,-0.31539999999999946,-2.3754,-31.482199999999995,-2.0600000000000005,-31.166799999999995,-29.106799999999996,8.311033333333333,7.7295,1.290064747729095,15.957349999999998,8.7595,15.328866417209937,31.482199999999995,16.084433333333333,31.482199999999995,295.06754975999996,1251.07285104,414.126500731845,7.326254132670355,0.08784586732964517,0.08784586732964517,7.825569644988288,-0.09606964498828852,0.09606964498828852,9.664221589314934,0.12527841068506618,0.12527841068506618,50.84675007401261,-11.950450074012615,11.950450074012615,11.950450074012615,3.064910999253904,11.950450074012615,0.24600784621939953,1.9728952658835797,4
30.0968,32.2241,35.629,38.7023,16.5086,5.949,22.018,41.9803,False,False,False,False,False,False,False,False,False,False,False,False,False,0,False,10.559600000000001,-5.509399999999999,-25.4717,-16.069000000000003,-36.0313,-19.9623,14.8252,16.5086,8.165694515471419,21.613975,19.2633,15.126210429224058,36.0313,18.933883333333334,36.0313,969.8422928800001,1247.1467854300001,933.9839021155278,16.67687724614086,-0.16827724614086037,0.16827724614086037,14.525742915590536,-8.576742915590536,8.576742915590536,22.061811123947024,-0.043811123947023134,0.043811123947023134,48.910338958395315,-6.930038958395315,6.930038958395315,8.576742915590536,3.9297175610184336,8.576742915590536,0.20285137791817212,1.667036411841685,3
21.9169,69.2729,27.4127,57.3516,23.2412,14.8395,18.8472,57.6618,False,False,False,False,False,False,False,False,False,False,False,False,False,0,False,8.4017,4.393999999999998,-34.4206,-4.007700000000002,-42.8223,-38.8146,18.975966666666668,18.8472,4.202329873217157,28.647425,21.0442,19.644884221661883,42.8223,22.143483333333336,42.8223,1518.24722201,3972.9116516400004,316.3848609795661,14.999158807523493,8.242041192476506,8.242041192476506,14.736688967090421,0.10281103290957816,0.10281103290957816,18.78111631603594,0.0660836839640595,0.0660836839640595,48.55668941117915,9.10511058882085,9.10511058882085,9.10511058882085,4.379011624542748,9.10511058882085,0.18590775960351388,1.4948039850688204,4
30.8301,49.2877,22.913,21.7955,17.7515,15.7744,22.803,47.6397,False,False,False,False,False,False,False,False,False,False,False,False,False,0,False,1.9771,-5.051500000000001,-29.888199999999998,-7.028600000000001,-31.865299999999998,-24.836699999999997,18.776300000000003,17.7515,3.6246331910967213,25.992150000000002,20.277250000000002,14.732026633721059,31.865299999999998,16.774566666666665,31.865299999999998,1519.54471977,1074.25006535,625.5129321285165,17.75354577045345,-0.002045770453449336,0.002045770453449336,15.675867464823598,0.09853253517640148,0.09853253517640148,22.95838747343188,-0.15538747343187964,0.15538747343187964,48.58411118861953,-0.944411188619533,0.944411188619533,0.944411188619533,0.30009424192031586,0.944411188619533,0.7691750088231611,1.2259581350684206,3
21.3932,55.3268,23.3942,48.6738,14.2356,13.521,18.1062,32.255,False,False,False,False,False,False,False,False,False,False,False,False,False,0,False,0.714599999999999,-3.8706000000000014,-18.019400000000005,-4.5852,-18.734,-14.148800000000001,15.2876,14.2356,2.4669906282756733,19.52945,16.1709,8.719548585219307,18.734,10.012100000000002,18.734,1183.61729776,2692.96559784,386.66968147991906,13.86922721813411,0.3663727818658895,0.3663727818658895,13.169605574425779,0.35139442557422207,0.35139442557422207,17.56687279801377,0.5393272019862323,0.5393272019862323,48.80669558269347,-16.55169558269347,16.55169558269347,16.55169558269347,4.452197498029953,16.55169558269347,0.18341228474598192,0.9592687150591979,4
30.3616,64.6342,31.7954,28.9432,18.6656,17.155,23.9571,62.4181,False,False,False,False,False,False,False,False,False,False,False,False,False,0,False,1.5106000000000002,-5.291499999999999,-43.7525,-6.802099999999999,-45.2631,-38.461,19.9259,18.6656,3.5718913995249064,30.548949999999998,21.31135,21.44533447294928,45.2631,23.51346666666667,45.2631,1962.3977267200003,1870.7205774400002,469.74504677940666,18.47243430080804,0.1931656991919617,0.1931656991919617,17.16124146210079,-0.006241462100788908,0.006241462100788908,23.630601397498836,0.32649860250116447,0.32649860250116447,48.61423252649732,13.803867473502685,13.803867473502685,13.803867473502685,3.58244330932415,13.803867473502685,0.21822419449581512,1.4816576407183748,3
17.7964,18.2136,35.4373,55.6627,10.1469,9.1725,13.6656,68.1464,False,False,False,False,False,False,False,False,False,False,False,False,False,0,False,0.974400000000001,-3.518699999999999,-57.9995,-4.4931,-58.9739,-54.4808,10.995,10.1469,2.3635655501804895,25.28285,11.90625,28.64079128149221,58.9739,30.073400000000003,58.9739,324.13651103999996,1013.81815272,977.0935031550581,10.190847951575442,-0.043947951575441735,0.043947951575441735,9.221852677953018,-0.0493526779530189,0.0493526779530189,13.65589192415213,0.009708075847870035,0.009708075847870035,49.80840203816535,18.337997961834652,18.337997961834652,18.337997961834652,4.610251666802746,18.337997961834652,0.17824512328337222,2.332564432979497,4
11.544,102.3093,38.2807,43.7299,11.7398,14.1771,13.633,64.3894,False,False,False,False,False,False,False,False,False,False,False,False,False,0,False,-2.4372999999999987,-1.8931999999999984,-52.64959999999999,0.5441000000000003,-50.2123,-50.7564,13.183299999999997,13.633,1.2793671834153,25.984824999999997,13.90505,25.624350845029547,52.64959999999999,26.41548333333333,52.64959999999999,1181.0585592,4473.97545807,112.83430608612257,11.690103175701562,0.04969682429843836,0.04969682429843836,14.184070014411885,-0.006970014411885828,0.006970014411885828,13.587563195085817,0.045436804914182005,0.045436804914182005,49.829278312343746,14.560121687656249,14.560121687656249,14.560121687656249,3.665556332820189,14.560121687656249,0.2143367111367681,2.0261664159114345,2
24.2635,37.3892,33.5862,45.49,14.1304,12.7538,18.4596,45.4709,False,False,False,False,False,False,False,False,False,False,False,False,False,0,False,1.3765999999999998,-4.329199999999998,-31.3405,-5.705799999999998,-32.7171,-27.011300000000002,15.114600000000001,14.1304,2.9775032560855403,22.703675,16.294999999999998,15.371616305683885,32.7171,17.080083333333334,32.7171,907.1928542,1700.834708,648.9439065441607,14.235301106352011,-0.10490110635201155,0.10490110635201155,12.939258520677964,-0.18545852067796353,0.18545852067796353,18.614703181901326,-0.1551031819013282,0.1551031819013282,49.16695119555372,-3.6960511955537214,3.6960511955537214,3.6960511955537214,1.0353785011212562,3.6960511955537214,0.4913091100496132,1.441048006083594,4
28.4198,43.3529,39.5156,49.0356,16.6095,14.8325,21.9299,57.9675,False,False,False,False,False,False,False,False,False,False,False,False,False,0,False,1.777000000000001,-5.320399999999999,-41.358000000000004,-7.0974,-43.135000000000005,-36.0376,17.790633333333332,16.6095,3.693180019080214,27.83485,19.2697,20.3134981286664,43.135000000000005,22.454233333333335,43.135000000000005,1232.0807474199999,2125.83546324,655.5453832280232,16.61276521170906,-0.003265211709059912,0.003265211709059912,15.102640012799222,-0.2701400127992226,0.2701400127992226,21.733566192914893,0.19633380708510728,0.19633380708510728,48.85137648178527,9.116123518214728,9.116123518214728,9.116123518214728,2.3964656374520295,9.116123518214728,0.29442370591747924,1.5496754788779252,3
22.8272,95.3947,34.7263,28.3226,16.8659,17.4628,20.8694,32.5902,False,False,False,False,False,False,False,False,False,False,False,False,False,0,False,-0.5969000000000015,-4.003499999999999,-15.724300000000003,-3.4065999999999974,-15.127400000000002,-11.720800000000004,18.399366666666666,17.4628,2.1598312210293957,21.947074999999998,19.1661,7.311282487304583,15.724300000000003,8.429916666666667,15.724300000000003,2177.59389584,2701.82593022,239.29209491805153,16.545209508370647,0.32069049162935315,0.32069049162935315,17.254114905384547,0.20868509461545415,0.20868509461545415,20.2817815401582,0.5876184598417993,0.5876184598417993,49.086225618477656,-16.496025618477653,16.496025618477653,16.496025618477653,4.403254916141065,16.496025618477653,0.18507362978798475,0.716464168248312,2
22.821,20.5096,25.9169,35.7305,12.4104,10.5864,16.6569,55.5549,False,False,False,False,False,False,False,False,False,False,False,False,False,0,False,1.8239999999999998,-4.246500000000001,-43.14450000000001,-6.070500000000001,-44.968500000000006,-38.898,13.2179,12.4104,3.1147688116455776,23.80215,14.53365,21.320723457472077,44.968500000000006,23.192000000000004,44.968500000000006,468.0495816,732.8182628,1112.6979011302508,12.483869672374622,-0.07346967237462287,0.07346967237462287,10.679460901762285,-0.09306090176228565,0.09306090176228565,16.59892259842197,0.057977401578028775,0.057977401578028775,49.42871421569382,6.12618578430618,6.12618578430618,6.12618578430618,1.5876734400052794,6.12618578430618,0.38644752639187724,1.8892613107381853,4
26.6318,52.237,18.0,19.3886,15.6335,14.2114,19.7274,53.1397,False,False,False,False,False,False,False,False,False,False,False,False,False,0,False,1.4221000000000004,-4.0939,-37.5062,-5.516,-38.9283,-33.4123,16.5241,15.6335,2.8638156836640167,25.677999999999997,17.68045,18.456521007130966,38.9283,20.146466666666665,38.9283,1391.1653366,1012.8022982,509.8262706843289,15.862802571969072,-0.22930257196907178,0.22930257196907178,14.296456313588413,-0.0850563135884137,0.0850563135884137,20.28210785198457,-0.5547078519845705,0.5547078519845705,48.817143620884906,4.322556379115092,4.322556379115092,4.322556379115092,1.297905779164287,4.322556379115092,0.4351788524434995,1.5160170122217416,3
27.0525,96.1578,35.4219,5.1608,18.2324,18.3623,22.7426,,True,False,False,False,False,False,False,False,False,False,False,False,False,1,True,-0.1299000000000028,-4.510200000000001,,-4.380299999999998,,,19.7791,18.3623,2.567288002932277,19.7791,18.3623,2.567288002932277,4.510200000000001,3.0068000000000006,4.510200000000001,2601.3088844999997,496.25117423999995,281.3344022706008,18.345296493501998,-0.11289649350199937,0.11289649350199937,18.604614731841245,-0.24231473184124397,0.24231473184124397,22.699322237204356,0.043277762795643326,0.043277762795643326,49.22627314547756,,,0.24231473184124397,0.13282966271296223,0.24231473184124397,0.8827452466288229,0.22802846033011603,1
26.4383,82.8779,55.0,30.3299,17.6575,18.2482,22.4962,52.7821,False,False,False,False,False,False,False,False,False,False,False,False,False,0,False,-0.5907000000000018,-4.838700000000003,-35.1246,-4.248000000000001,-34.5339,-30.285899999999998,19.467299999999998,18.2482,2.6396795316856188,27.796,20.3722,16.796256927660995,35.1246,18.270300000000002,35.1246,2191.15078357,2513.67841921,319.0029767883867,17.642090972214383,0.015409027785615592,0.015409027785615592,18.10685419076448,0.14134580923552065,0.14134580923552065,22.280072416113224,0.21612758388677733,0.21612758388677733,49.559077501929075,3.2230224980709252,3.2230224980709252,3.2230224980709252,0.8989762297447097,3.2230224980709252,0.5265995352319053,1.2636561866253466,3
19.6803,26.1334,47.9709,25.1259,11.2459,10.6531,14.9109,48.4915,False,False,False,False,False,False,False,False,False,False,False,False,False,0,False,0.5928000000000004,-3.664999999999999,-37.2456,-4.2578,-37.8384,-33.580600000000004,12.269966666666667,11.2459,2.3062414473192807,21.32535,13.0784,18.20839647882262,37.8384,19.530033333333336,37.8384,514.31315202,656.6251950600001,753.0704948187014,11.189527011972094,0.056372988027906246,0.056372988027906246,10.68576114302619,-0.032661143026189166,0.032661143026189166,14.928294668728523,-0.01739466872852269,0.01739466872852269,50.663268192404395,-2.171768192404393,2.171768192404393,2.171768192404393,0.5695492480467528,2.171768192404393,0.6371255959279161,1.774338158886884,4
28.9539,53.4652,32.5587,57.3032,9.9563,16.426,22.727,59.2031,False,False,False,False,False,False,False,False,False,False,False,False,False,0,False,-6.469699999999998,-12.7707,-49.2468,-6.301000000000002,-42.777100000000004,-36.4761,16.369766666666667,16.426,6.385535706840368,27.0781,19.5765,22.04216388243223,49.2468,25.67356666666667,49.2468,1548.0260542800002,3063.72704864,541.5465496160961,17.515982844152266,-7.559682844152265,7.559682844152265,15.993284913329669,0.43271508667032954,0.43271508667032954,22.629254006552994,0.09774599344700619,0.09774599344700619,48.26588761121082,10.937212388789177,10.937212388789177,10.937212388789177,4.7568390782646945,10.937212388789177,0.17370643618918627,1.8186941407653636,3
28.0795,87.7125,35.8628,8.9414,18.1591,18.0504,22.5456,39.2104,False,False,False,False,False,False,False,False,False,False,False,False,False,0,False,0.10869999999999891,-4.386500000000002,-21.0513,-4.4952000000000005,-21.16,-16.6648,19.58503333333333,18.1591,2.564501932799688,24.491374999999998,20.35235,10.03360358873288,21.16,11.311083333333334,21.16,2462.9231437500002,784.2725475000001,320.1310736632665,18.418174414184943,-0.25907441418494415,0.25907441418494415,18.28959638122766,-0.23919638122766074,0.23919638122766074,23.015188332261264,-0.46958833226126373,0.46958833226126373,49.15616909744565,-9.945769097445648,9.945769097445648,9.945769097445648,2.7284070562798792,9.945769097445648,0.26821105767291875,0.863977272008096,1
13.4852,26.4721,36.3935,26.4129,8.1837,8.2053,10.4649,77.6793,False,False,False,False,False,False,False,False,False,False,False,False,False,0,False,-0.021599999999999397,-2.2812,-69.4956,-2.2596000000000007,-69.474,-67.2144,8.9513,8.2053,1.3108605417816193,26.1333,9.3351,34.38066413320138,69.4956,35.1244,69.4956,356.98156292000004,699.2049300900001,509.4116033818234,8.229244977605166,-0.04554497760516618,0.04554497760516618,8.21255722364194,-0.007257223641941479,0.007257223641941479,10.80755883163746,-0.34265883163745947,0.34265883163745947,50.792143325538376,26.88715667446162,26.88715667446162,26.88715667446162,6.820654426836548,26.88715667446162,0.12786653717475402,2.659272782513964,4
31.005,101.7031,29.9077,29.4333,20.8706,20.494,25.705,51.6998,False,False,False,False,False,False,False,False,False,False,False,False,False,0,False,0.3765999999999998,-4.834399999999999,-30.829200000000004,-5.2109999999999985,-31.205800000000004,-25.994800000000005,22.35653333333333,20.8706,2.905964324167337,29.692349999999998,23.287799999999997,14.862253432886057,31.205800000000004,16.40863333333333,31.205800000000004,3153.3046155,2993.45785323,304.8579340395785,20.831216886137955,0.03938311386204418,0.03938311386204418,20.472724187969,0.02127581203099993,0.02127581203099993,25.86207506757567,-0.15707506757567202,0.15707506757567202,48.075013745471296,3.6247862545287077,3.6247862545287077,3.6247862545287077,0.960630061999356,3.6247862545287077,0.51004012403046,1.050970687409152,1
30.6434,53.8376,32.1864,19.2467,17.7871,16.0427,22.9994,67.4393,False,False,False,False,False,False,False,False,False,False,False,False,False,0,False,1.7443999999999988,-5.212300000000003,-49.65220000000001,-6.956700000000001,-51.39660000000001,-44.4399,18.943066666666667,17.7871,3.6195459554111675,31.067125,20.393250000000002,24.42755078108528,51.39660000000001,26.56701666666667,51.39660000000001,1649.76711184,1036.19613592,569.182027211089,17.897644301873694,-0.1105443018736949,0.1105443018736949,16.27236794063124,-0.2296679406312414,0.2296679406312414,23.130323346605095,-0.13092334660509408,0.13092334660509408,48.933471587390024,18.50582841260998,18.50582841260998,18.50582841260998,4.744241000430002,18.50582841260998,0.17408740335322664,1.6543720558719046,3
8.1937,31.9047,40.42,53.7509,6.1854,7.2116,7.7697,55.6906,False,False,False,False,False,False,False,False,False,False,False,False,False,0,False,-1.0262000000000002,-1.5843000000000007,-49.5052,-0.5581000000000005,-48.479000000000006,-47.9209,7.0555666666666665,7.2116,0.8035928218527925,19.214325000000002,7.4906500000000005,24.326366856749626,49.5052,24.845616666666672,49.5052,261.41754039,1714.90633923,256.8178804947608,6.3146168920081385,-0.1292168920081389,0.1292168920081389,7.205800642238498,0.0057993577615018665,0.0057993577615018665,8.126190393901197,-0.35649039390119697,0.35649039390119697,50.75599472056765,4.934605279432354,4.934605279432354,4.934605279432354,1.356527980775798,4.934605279432354,0.4243531195716113,2.576472201614055,4
22.2523,57.734,28.2572,33.8496,14.4608,13.6746,18.2936,45.7141,False,False,False,False,False,False,False,False,False,False,False,False,False,0,False,0.7862000000000009,-3.8328000000000007,-31.253300000000003,-4.6190000000000015,-32.039500000000004,-27.4205,15.476333333333335,14.4608,2.471289382758186,23.035775,16.377200000000002,15.252938975461964,32.039500000000004,16.65855,32.039500000000004,1284.7142882,1954.2728064000003,385.4279306079727,14.246337639786251,0.21446236021374965,0.21446236021374965,13.700031616757434,-0.025431616757433773,0.025431616757433773,18.063246762120382,0.23035323787961914,0.23035323787961914,49.19952884141004,-3.485428841410041,3.485428841410041,3.485428841410041,0.9889190140652109,3.485428841410041,0.502785680527067,1.3908577458940514,4
29.6916,34.0954,36.4183,7.569,16.4078,14.5572,21.9698,77.4425,False,False,False,False,False,False,False,False,False,False,False,False,False,0,False,1.8506000000000018,-5.561999999999998,-61.034699999999994,-7.412599999999999,-62.885299999999994,-55.472699999999996,17.644933333333334,16.4078,3.8580479330010053,32.594325,19.1888,30.06426894808021,62.885299999999994,32.36965,62.885299999999994,1012.34697864,258.06808259999997,870.8386260789943,16.21787837434764,0.18992162565236015,0.18992162565236015,14.303879873036104,0.25332012696389583,0.25332012696389583,21.40173306355068,0.5680669364493198,0.5680669364493198,49.64152390304205,27.800976096957946,27.800976096957946,27.800976096957946,7.2030711965058805,27.800976096957946,0.12190556147140993,1.9293321983712812,3
21.452,28.3591,30.3015,6.641,11.9595,10.8367,15.791,59.1218,False,False,False,False,False,False,False,False,False,False,False,False,False,0,False,1.1227999999999998,-3.8315,-47.1623,-4.9543,-48.2851,-43.330799999999996,12.8624,11.9595,2.5976322738216817,24.42725,13.875250000000001,23.22674071790243,48.2851,24.781133333333333,48.2851,608.3594132000001,188.3327831,756.441228233185,11.92074044007442,0.038759559925580334,0.038759559925580334,10.764035037668382,0.07266496233161845,0.07266496233161845,15.68329202766442,0.10770797233558049,0.10770797233558049,50.26426619316994,8.857533806830062,8.857533806830062,8.857533806830062,2.2691665753557104,8.857533806830062,0.3058883592957304,1.976689157932572,4
16.0857,15.5071,28.7113,49.5399,8.8379,7.913,11.7744,40.6311,False,False,False,False,False,False,False,False,False,False,False,False,False,0,False,0.9248999999999992,-2.9365000000000006,-31.793200000000006,-3.8613999999999997,-32.71810000000001,-28.856700000000004,9.508433333333334,8.8379,2.0161383145343312,17.2891,10.306149999999999,15.648161902068031,32.71810000000001,16.84846666666667,32.71810000000001,249.44255846999997,768.22018329,1037.3112720552056,9.137241257033075,-0.2993412570330758,0.2993412570330758,8.133091576612657,-0.22009157661265633,0.22009157661265633,12.23444928008885,-0.4600492800888496,0.4600492800888496,49.89345589931892,-9.26235589931892,9.26235589931892,9.26235589931892,2.5604595032633752,9.26235589931892,0.28086262435605286,1.8924108875471326,4
22.5775,45.7229,27.6436,22.427,,12.7552,17.5525,48.2208,True,False,False,False,False,False,False,False,False,False,False,False,False,1,True,,,,-4.797299999999998,-35.465599999999995,-30.6683,15.153849999999998,15.153849999999998,3.392203361386223,26.176166666666663,17.5525,19.24130754193522,35.465599999999995,23.64373333333333,35.465599999999995,1032.30877475,1025.4274783,493.7896559952111,13.60353834337134,,,12.676234461503974,0.07896553849602661,0.07896553849602661,17.491724603954808,0.06077539604519089,0.06077539604519089,49.530812010846724,-1.3100120108467266,1.3100120108467266,1.3100120108467266,0.48325098179598136,1.3100120108467266,0.6741947332400609,1.354880831208734,4
31.7367,93.174,36.9449,26.5721,21.0587,20.5685,26.6096,49.686,False,False,False,False,False,False,False,False,False,False,False,False,False,0,False,0.4902000000000015,-5.550899999999999,-28.627299999999998,-6.0411,-29.1175,-23.0764,22.7456,21.0587,3.3552862783971205,29.4807,23.83415,13.745966149383607,29.1175,15.4839,29.1175,2957.0352858,2475.8288454,340.61751769619013,20.688022336942627,0.37067766305737493,0.37067766305737493,20.202876468542748,0.3656235314572527,0.3656235314572527,25.95366062334853,0.655939376651471,0.655939376651471,48.41092367652928,1.2750763234707208,1.2750763234707208,1.2750763234707208,0.6668292236592048,1.2750763234707208,0.5999414851898812,0.9876797404133076,1
17.3189,39.7274,22.4561,25.1758,10.7576,10.0099,13.8466,61.3193,False,False,False,False,False,False,False,False,False,False,False,False,False,0,False,0.7477,-3.0890000000000004,-50.5617,-3.8367000000000004,-51.3094,-47.472699999999996,11.538033333333333,10.7576,2.033930643688062,23.98335,12.3021,24.94597249343736,51.3094,26.169533333333334,51.3094,688.0348678600001,1000.1690769200001,435.9433449097234,10.769963445837904,-0.012363445837904052,0.012363445837904052,10.206427612909414,-0.19652761290941356,0.19652761290941356,13.765364485735812,0.08123551426418807,0.08123551426418807,49.834888440776204,11.484411559223794,11.484411559223794,11.484411559223794,2.943634533058825,11.484411559223794,0.2535731928547557,2.139374966643539,4
22.1475,17.4918,48.452,25.6791,11.9534,10.9397,16.1779,39.0296,False,False,False,False,False,False,False,False,False,False,False,False,False,0,False,1.0137,-4.224500000000001,-27.0762,-5.238200000000001,-28.0899,-22.8517,13.023666666666665,11.9534,2.7782706605608705,19.52515,14.065650000000002,13.199356071793806,28.0899,14.749033333333335,28.0899,387.39964050000003,449.17368138,1266.1639933203023,11.905758574921856,0.04764142507814384,0.04764142507814384,10.825879524518312,0.11382047548168828,0.11382047548168828,16.118105988857884,0.05979401114211669,0.05979401114211669,50.536002419321704,-11.506402419321702,11.506402419321702,11.506402419321702,2.9319145827559128,11.506402419321702,0.25432902443651034,1.4386514630353862,4
17.225,17.998,31.2125,18.4846,13.2507,2.3372,12.8889,33.3767,False,False,False,False,False,False,False,False,False,False,False,False,False,0,False,10.913499999999999,0.36180000000000057,-20.125999999999998,-10.5517,-31.0395,-20.4878,9.492266666666668,12.8889,6.199109537936343,15.463375,13.0698,12.970576122741555,31.0395,15.58005,31.0395,310.01555,332.6858308,957.050251666712,9.458228485217715,3.792471514782285,3.792471514782285,8.553377803511177,-6.216177803511177,6.216177803511177,12.628951146849557,0.25994885315044236,0.25994885315044236,50.53482655968272,-17.15812655968272,17.15812655968272,17.15812655968272,6.8566811827816565,17.15812655968272,0.12728020607372414,2.007290124380917,4
13.3577,103.8261,34.66,27.5427,12.3709,14.5408,24.5374,70.1512,False,False,False,False,False,False,False,False,False,False,False,False,False,0,False,-2.1699,-12.166500000000001,-57.780300000000004,-9.9966,-55.6104,-45.6138,17.1497,14.5408,6.489275766216135,30.400075,19.5391,27.025239139413735,57.780300000000004,30.556250000000002,57.780300000000004,1386.8778959699998,2859.65112447,128.6545359351323,12.449061491107432,-0.07816149110743176,0.07816149110743176,14.685933607670632,-0.14513360767063155,0.14513360767063155,14.537614569053792,9.99978543094621,9.99978543094621,49.8766251152556,20.274574884744403,20.274574884744403,20.274574884744403,7.624413853617169,20.274574884744403,0.1159499088254664,1.9006624488056532,2
26.0234,20.5917,25.5081,18.3233,14.0169,19.2132,18.5738,72.7639,False,False,False,False,False,False,False,False,False,False,False,False,False,0,False,-5.196300000000001,-4.556899999999999,-58.74700000000001,0.639400000000002,-53.550700000000006,-54.19010000000001,17.267966666666666,18.5738,2.8335991147890582,31.14195,18.8935,27.844254525784432,58.74700000000001,29.48006666666667,58.74700000000001,535.8660457799999,377.30789661,1263.7804242581117,13.821226661138365,0.19567333886163496,0.19567333886163496,11.63221580807735,7.580984191922651,7.580984191922651,18.398030208822192,0.17576979117780667,0.17576979117780667,49.50414765105032,23.25975234894969,23.25975234894969,23.25975234894969,7.803044917727945,23.25975234894969,0.11359705753473524,1.8864259025443486,3
25.3769,64.1776,55.0,36.5896,16.4129,16.417,21.1623,46.4387,False,False,False,False,False,False,False,False,False,False,False,False,False,0,False,-0.004100000000001103,-4.749399999999998,-30.025799999999997,-4.745299999999997,-30.021699999999996,-25.2764,17.9974,16.417,2.7408845670695423,25.107725,18.78965,14.395665501433639,30.025799999999997,15.80378333333333,30.025799999999997,1628.62853744,2348.23271296,395.41671932002447,16.173653608872122,0.23924639112787816,0.23924639112787816,16.206556412675504,0.21044358732449808,0.21044358732449808,20.769050103086037,0.39324989691396084,0.39324989691396084,49.7216226693385,-3.282922669338504,3.282922669338504,3.282922669338504,1.0314656361762102,3.282922669338504,0.49225543479154354,1.195878481272803,3
22.0135,69.1617,44.4028,12.3592,14.6651,15.0965,18.624,64.6883,False,False,False,False,False,False,False,False,False,False,False,False,False,0,False,-0.4314,-3.958899999999998,-50.023199999999996,-3.527499999999998,-49.5918,-46.0643,16.128533333333333,15.0965,2.1718752043644978,28.268475,16.86025,24.344556460993495,50.023199999999996,25.599516666666663,50.023199999999996,1522.49108295,854.7832826399999,318.29027940460116,14.530333909441838,0.1347660905581627,0.1347660905581627,14.9203144133558,0.17618558664420014,0.17618558664420014,18.318367472494813,0.30563252750518544,0.30563252750518544,50.137893620115555,14.550406379884443,14.550406379884443,14.550406379884443,3.7917476461479978,14.550406379884443,0.20869212526329145,1.7695748463350618,4
21.9062,62.304,32.0312,24.7918,14.2662,14.1283,18.2479,36.3827,False,False,False,False,False,False,False,False,False,False,False,False,False,0,False,0.13790000000000013,-3.981700000000002,-22.116500000000002,-4.119600000000002,-22.2544,-18.1348,15.547466666666667,14.2662,2.3396600700386667,20.756275000000002,16.25705,10.591320810416738,22.2544,11.790816666666666,22.2544,1364.8438847999998,1544.6283071999999,351.60176688466754,14.23022733253262,0.03597266746738015,0.03597266746738015,14.011552105435733,0.11674789456426637,0.11674789456426637,17.96348579776781,0.2844142022321918,0.2844142022321918,49.51379019742581,-13.131090197425813,13.131090197425813,13.131090197425813,3.392056240422413,13.131090197425813,0.22768378756093147,1.072176451614535,4
29.6718,78.684,39.5392,15.528,18.6499,18.1576,23.9128,45.0982,False,False,False,False,False,False,False,False,False,False,False,False,False,0,False,0.4923000000000002,-5.262900000000002,-26.4483,-5.755200000000002,-26.9406,-21.185399999999998,20.240099999999998,18.6499,3.1901620319350563,26.454625,21.28135,12.699056648527087,26.9406,14.347450000000002,26.9406,2334.6959112,1221.805152,377.10076037049964,18.768322829792748,-0.11842282979274898,0.11842282979274898,18.2480884202637,-0.09048842026369996,0.09048842026369996,23.75239648262383,0.16040351737617087,0.16040351737617087,49.0923230705947,-3.9941230705947035,3.9941230705947035,3.9941230705947035,1.0908594595068308,3.9941230705947035,0.47827222219702376,1.0183697488171732,3
21.9239,53.253,38.5191,9.8962,17.3202,7.0374,17.6327,39.7699,False,False,False,False,False,False,False,False,False,False,False,False,False,0,False,10.2828,-0.3125,-22.4497,-10.5953,-32.7325,-22.1372,13.996766666666666,17.3202,6.029013382248652,20.44005,17.47645,13.794791361114044,32.7325,16.418333333333337,32.7325,1167.5134467,527.0023386,411.69316063073245,13.571739366830283,3.7484606331697172,3.7484606331697172,13.330192539912924,-6.292792539912924,6.292792539912924,17.366616977405133,0.2660830225948665,0.2660830225948665,50.16693316675887,-10.397033166758867,10.397033166758867,10.397033166758867,5.1760923406090935,10.397033166758867,0.1619146775744902,1.6013896241009078,4
28.8941,48.0674,24.3217,27.9187,16.9022,14.9453,22.1869,31.0964,False,False,False,False,False,False,False,False,False,False,False,False,False,0,False,1.956900000000001,-5.284700000000001,-14.194199999999999,-7.241600000000002,-16.1511,-8.909499999999998,18.011466666666667,16.9022,3.746070880713997,21.282700000000002,19.54455,7.222135056892802,16.1511,8.956333333333333,16.1511,1388.86426234,1341.97932038,601.1162240694891,16.829941375410428,0.07225862458957266,0.07225862458957266,15.000164853804327,-0.05486485380432704,0.05486485380432704,21.756244187266265,0.4306558127337361,0.4306558127337361,48.68907650572352,-17.59267650572352,17.59267650572352,17.59267650572352,4.537613949212789,17.59267650572352,0.18058319145598026,0.7588836196142313,3
11.2378,16.8026,28.0457,14.052,6.7369,6.2907,9.02,61.471,False,False,False,False,False,False,False,False,False,False,False,False,False,0,False,0.44620000000000015,-2.2830999999999992,-54.7341,-2.7292999999999994,-55.180299999999995,-52.45099999999999,7.3492,6.7369,1.4640536499732513,20.879649999999998,7.87845,27.087289962945103,55.180299999999995,27.970666666666663,55.180299999999995,188.82425828,236.11013520000003,668.8127618268827,6.457150838642983,0.27974916135701733,0.27974916135701733,6.2422442158240825,0.04845578417591767,0.04845578417591767,8.575238818310384,0.444761181689616,0.444761181689616,51.082754999329566,10.38824500067043,10.38824500067043,10.38824500067043,2.7903027819732453,10.38824500067043,0.2638311653506996,2.6427777080661277,4
31.8763,87.9656,35.5841,42.6868,20.5022,19.7731,25.75,52.2359,False,False,False,False,False,False,False,False,False,False,False,False,False,0,False,0.729099999999999,-5.247800000000002,-31.733700000000002,-5.9769000000000005,-32.4628,-26.4859,22.008433333333333,20.5022,3.260734203110296,29.5653,23.1261,15.34643911900521,32.4628,17.106033333333333,32.4628,2804.01785528,3754.9699740799997,362.3722952640242,20.656517951435966,-0.15431795143596716,0.15431795143596716,19.90324728283938,-0.13014728283938126,0.13014728283938126,26.029433941416116,-0.27943394141611577,0.27943394141611577,48.051573540994575,4.184326459005426,4.184326459005426,4.184326459005426,1.1870564086742226,4.184326459005426,0.4572355774793173,1.098003031255211,1
29.1316,87.2646,32.8035,33.0805,21.8279,24.0598,24.2703,61.1365,False,False,False,False,False,False,False,False,False,False,False,False,False,0,False,-2.2318999999999996,-2.4423999999999992,-39.3086,-0.2104999999999997,-37.0767,-36.8662,23.385999999999996,24.0598,1.3534527217453882,32.82362499999999,24.16505,18.907572171200794,39.3086,19.689383333333335,39.3086,2542.1574213599997,2886.7566003,333.83063305961025,19.18077567555769,2.6471243244423093,2.6471243244423093,18.723592693948078,5.3362073060519215,5.3362073060519215,24.026534772941204,0.24376522705879466,0.24376522705879466,48.4248451698335,12.711654830166495,12.711654830166495,12.711654830166495,5.23468792192988,12.711654830166495,0.16039295190423272,1.1975699827273854,1
28.7022,49.8082,35.574,32.2327,16.4982,15.1114,21.3608,42.7087,False,False,False,False,False,False,False,False,False,False,False,False,False,0,False,1.386800000000001,-4.8626000000000005,-26.2105,-6.249400000000001,-27.5973,-21.3479,17.6568,16.4982,3.2818463644722926,23.919775,18.9295,12.809362478639079,27.5973,14.609083333333333,27.5973,1429.60491804,1605.45276814,576.254396614534,16.90046731211608,-0.4022673121160807,0.4022673121160807,15.478436631322824,-0.36703663132282394,0.36703663132282394,21.919557184463528,-0.5587571844635271,0.5587571844635271,48.987560215896806,-6.278860215896806,6.278860215896806,6.278860215896806,1.9017303359498094,6.278860215896806,0.34462196145896334,1.1537436477794427,3
28.9134,69.877,35.6098,49.2626,18.3843,17.4357,23.2013,41.1466,False,False,False,False,False,False,False,False,False,False,False,False,False,0,False,0.948599999999999,-4.817,-22.7623,-5.765599999999999,-23.7109,-17.9453,19.673766666666666,18.3843,3.091533446905165,25.041975,20.7928,11.029159632953304,23.7109,12.658283333333332,23.7109,2020.3816517999999,3442.3227002,413.7755751140468,18.311521131033437,0.07277886896656227,0.07277886896656227,17.400786195831053,0.03491380416894785,0.03491380416894785,23.31966711182973,-0.11836711182973048,0.11836711182973048,48.375538161294536,-7.228938161294536,7.228938161294536,7.228938161294536,1.8637494865649442,7.228938161294536,0.34919255496733265,0.9468458670508747,3
29.5815,96.4859,33.6394,22.865,19.5361,19.4533,24.3634,21.8384,False,False,False,False,False,False,False,False,False,False,False,False,False,0,False,0.08280000000000243,-4.8272999999999975,-2.302299999999999,-4.9101,-2.3851000000000013,2.5249999999999986,21.1176,19.5361,2.8112501116051547,21.297800000000002,20.68725,2.323497282115905,4.9101,2.8387666666666664,4.9101,2854.1976508499997,2206.1501034999997,306.5888065936259,19.786307344526936,-0.2502073445269346,0.2502073445269346,19.6011307543721,-0.14783075437210158,0.14783075437210158,24.619622630656732,-0.25622263065673323,0.25622263065673323,48.53800931023734,-26.699609310237342,26.699609310237342,26.699609310237342,6.838467509948278,26.699609310237342,0.12757595776608616,0.23054483066568815,1
26.7868,108.7878,45.2297,26.2494,19.1576,20.2134,23.4315,52.4351,False,False,False,False,False,False,False,False,False,False,False,False,False,0,False,-1.0558000000000014,-4.273900000000001,-33.2775,-3.2180999999999997,-32.2217,-29.0036,20.934166666666666,20.2134,2.226248805352478,28.809399999999997,21.82245,15.85500938862331,33.2775,17.1751,33.2775,2914.07704104,2855.6144773200003,246.22979357705609,19.178055824624714,-0.02045582462471529,0.02045582462471529,20.078255739514418,0.13514426048558192,0.13514426048558192,23.603424015302267,-0.17192401530226675,0.17192401530226675,48.99235403367696,3.442745966323038,3.442745966323038,3.442745966323038,0.9425675166839005,3.442745966323038,0.514782622179882,1.1550913399476077,1
12.2535,84.2097,34.1778,23.3351,10.7455,12.535,12.8661,49.7019,False,False,False,False,False,False,False,False,False,False,False,False,False,0,False,-1.7895000000000003,-2.1205999999999996,-38.9564,-0.3310999999999993,-37.1669,-36.835800000000006,12.048866666666667,12.535,1.1408243963613913,21.462125,12.70055,18.849545971609857,38.9564,19.533383333333333,38.9564,1031.86355895,1965.04177047,145.51172305426536,10.784881489982975,-0.03938148998297564,0.03938148998297564,12.588319502659095,-0.05331950265909491,0.05331950265909491,12.78027114812579,0.08582885187420963,0.08582885187420963,50.26701044903681,-0.5651104490368084,0.5651104490368084,0.5651104490368084,0.18591007338827215,0.5651104490368084,0.8432342573352909,1.8151223072634666,4
10.6599,55.4415,45.4533,57.3204,8.7772,10.33,10.7495,50.0292,False,False,False,False,False,True,False,False,False,False,False,False,False,0,False,-1.5527999999999995,-1.9722999999999988,-41.252,-0.4194999999999993,-39.699200000000005,-39.279700000000005,9.952233333333332,10.33,1.0390007523256817,19.971474999999998,10.53975,20.05643278375212,41.252,20.69591666666667,41.252,591.00084585,3177.9289565999998,192.27290165798152,8.848721946438799,-0.07152194643879817,0.07152194643879817,10.24726563122729,0.08273436877271045,0.08273436877271045,11.004519221708978,-0.25501922170897906,0.25501922170897906,50.37206694732911,-0.3428669473291066,0.3428669473291066,0.3428669473291066,0.18803562106239857,0.3428669473291066,0.8417256034004703,2.06554495071348,4
10.2322,24.649,29.244,29.8759,6.378,6.8095,8.3687,35.6748,False,False,False,False,False,False,False,False,False,False,False,False,False,0,False,-0.4314999999999998,-1.9907000000000004,-29.296799999999998,-1.5592000000000006,-28.865299999999998,-27.306099999999997,7.1854000000000005,6.8095,1.047233130682944,14.307749999999999,7.5891,14.270340205358337,29.296799999999998,14.908266666666664,29.296799999999998,252.21349780000003,736.4110591000001,415.11606348490267,6.595880672466803,-0.2178806724668032,0.2178806724668032,6.733661402728201,0.0758385972717992,0.0758385972717992,8.57710346021883,-0.20840346021882894,0.20840346021882894,50.782529581226186,-15.107729581226188,15.107729581226188,15.107729581226188,3.902463077795905,15.107729581226188,0.2039790986961577,2.0476161188054594,4
29.9458,73.9712,26.1227,21.0852,18.5312,17.6543,23.3809,46.6224,False,False,False,False,False,False,False,False,False,False,False,False,False,0,False,0.8768999999999991,-4.849700000000002,-28.0912,-5.726600000000001,-28.9681,-23.2415,19.85546666666667,18.5312,3.084436503371943,26.5472,20.956049999999998,13.618358162666551,28.9681,15.292333333333337,28.9681,2215.12676096,1559.6975462399998,404.8304739100523,18.68707141421641,-0.15587141421640993,0.15587141421640993,17.561046810706166,0.09325318929383286,0.09325318929383286,23.62833960801419,-0.24743960801419007,0.24743960801419007,48.52494222666252,-1.9025422266625185,1.9025422266625185,1.9025422266625185,0.5997766095467378,1.9025422266625185,0.6250872740809283,1.0911918804273595,3
16.3503,36.5196,38.889,45.5942,10.4687,9.9585,24.1552,37.4683,False,False,False,False,False,False,False,False,False,False,False,False,False,0,False,0.5101999999999993,-13.6865,-26.9996,-14.1967,-27.5098,-13.313099999999999,14.8608,10.4687,8.053227895074125,20.512675,17.31195,13.07712062149641,27.5098,16.035983333333334,27.5098,597.10641588,1665.0819463199998,447.7128863095745,10.391785362570284,0.07691463742971649,0.07691463742971649,10.299490394521415,-0.34099039452141433,0.34099039452141433,13.499591804153024,10.655608195846977,10.655608195846977,50.08496932582281,-12.616669325822812,12.616669325822812,12.616669325822812,5.92254563840523,12.616669325822812,0.14445553012350718,1.3411116097185716,4
14.8769,107.2819,28.9216,39.1291,13.3181,15.2609,15.5173,60.8696,False,False,False,False,False,False,False,False,False,False,False,False,False,0,False,-1.9428,-2.199200000000001,-47.5515,-0.25640000000000107,-45.6087,-45.3523,14.698766666666666,15.2609,1.2025454558283168,26.241475,15.3891,23.106287882792856,47.5515,23.818483333333333,47.5515,1596.02209811,4197.84419329,138.671095620874,13.499371776188728,-0.18127177618872814,0.18127177618872814,15.419788789563077,-0.15888878956307728,0.15888878956307728,15.81198530465122,-0.2946853046512192,0.2946853046512192,49.24289478029757,11.62670521970243,11.62670521970243,11.62670521970243,3.0653877725263636,11.62670521970243,0.24597899535142437,1.8120735164187542,2
10.5874,42.421,34.8628,33.0266,7.567,8.2445,9.545,51.1579,False,False,False,False,False,False,False,False,False,False,False,False,False,0,False,-0.6775000000000002,-1.9779999999999998,-43.5909,-1.3004999999999995,-42.913399999999996,-41.612899999999996,8.452166666666667,8.2445,1.0052189230875697,19.1286,8.89475,21.36863491834079,43.5909,22.012199999999996,43.5909,449.1280954,1401.0213986,249.5791590063509,7.792790203797594,-0.22579020379759385,0.22579020379759385,8.571123824098494,-0.326623824098494,0.326623824098494,9.801043747497229,-0.2560437474972286,0.2560437474972286,50.684429678377455,0.47347032162254266,0.47347032162254266,0.47347032162254266,0.32048202425396477,0.47347032162254266,0.7572992147053057,2.2788325968274745,4
30.1259,65.5198,38.2584,11.9638,18.4846,17.4073,23.6323,39.9026,False,False,False,False,False,False,False,False,False,False,False,False,False,0,False,1.077300000000001,-5.1477,-21.418,-6.225000000000001,-22.4953,-16.2703,19.8414,18.4846,3.326910868959372,24.8567,21.05845,10.391911613365464,22.4953,12.1056,22.4953,1973.8429428200002,783.8657832400002,459.7983419060586,18.215949628234988,0.2686503717650126,0.2686503717650126,17.21676135924269,0.19053864075731042,0.19053864075731042,23.32566267859537,0.3066373214046294,0.3066373214046294,49.22758597978636,-9.324985979786362,9.324985979786362,9.324985979786362,2.5227030784283286,9.324985979786362,0.28387291739789633,0.9049990928002942,3
8.0832,102.2184,27.279,41.7623,9.837,12.5588,11.2025,50.148,False,False,False,False,False,False,False,False,False,False,False,False,False,0,False,-2.7218,-1.3655000000000008,-40.31100000000001,1.3562999999999992,-37.589200000000005,-38.9455,11.199433333333333,11.2025,1.3609025914198758,20.936575,11.88065,19.505958455196026,40.31100000000001,20.381550000000004,40.31100000000001,826.25177088,4268.87548632,79.07773169236343,9.982827226471738,-0.14582722647173796,0.14582722647173796,12.610644843124456,-0.051844843124456474,0.051844843124456474,11.175168064295036,0.027331935704964394,0.027331935704964394,49.80441115553151,0.343588844468492,0.343588844468492,0.343588844468492,0.1421482124424127,0.343588844468492,0.8755431117486603,1.9253856347632627,2
28.6141,92.9727,24.1137,57.8035,1.0,18.8709,24.1812,38.1393,False,False,False,False,False,False,False,False,False,False,False,False,False,0,False,-17.8709,-23.1812,-37.1393,-5.310300000000002,-19.2684,-13.958099999999998,14.684033333333332,18.8709,12.144521304824384,20.547849999999997,21.526049999999998,15.357852999361596,37.1393,19.4547,37.1393,2660.3301350700003,5374.14746445,307.7688065670023,19.527756857032106,-18.527756857032106,18.527756857032106,18.96189671367447,-0.09099671367447115,0.09099671367447115,24.265502937366445,-0.08430293736644501,0.08430293736644501,47.55977389834896,-9.420473898348959,9.420473898348959,18.527756857032106,7.030882601605495,18.527756857032106,0.12451931495052423,1.807453428240216,1
14.0411,33.1688,32.8892,5.0829,8.7505,8.8766,11.533,55.739,False,False,False,False,False,False,False,False,False,False,False,False,False,0,False,-0.1260999999999992,-2.782499999999999,-46.988499999999995,-2.6563999999999997,-46.862399999999994,-44.205999999999996,9.720033333333333,8.8766,1.5713406388601205,21.224775,10.204799999999999,23.045225048496125,46.988499999999995,23.93698333333333,46.988499999999995,465.72643767999995,168.59369352,423.32239233183225,8.608760023509724,0.14173997649027648,0.14173997649027648,8.678768254797044,0.1978317452029561,0.1978317452029561,11.115640164819778,0.41735983518022124,0.41735983518022124,51.015861089138845,4.723138910861152,4.723138910861152,4.723138910861152,1.3700176169336515,4.723138910861152,0.42193779187760144,2.213850458320308,4
11.1801,81.6207,24.0033,51.6781,10.9195,12.251,12.6476,57.4131,False,False,False,False,False,False,False,False,False,False,False,False,False,0,False,-1.3315000000000001,-1.7281000000000013,-46.4936,-0.3966000000000012,-45.1621,-44.7655,11.939366666666666,12.251,0.9052175999909272,23.3078,12.449300000000001,22.748876567572882,46.4936,23.312900000000003,46.4936,912.52758807,4218.00269667,136.9762649700058,10.447404715624987,0.4720952843750119,0.4720952843750119,11.91377809083807,0.3372219091619293,0.3372219091619293,12.289621161237132,0.3579788387628682,0.3579788387628682,49.411134613931516,8.001965386068484,8.001965386068484,8.001965386068484,2.2923153545920734,8.001965386068484,0.3037376108595474,1.9947648449167896,4
16.2927,22.5266,18.0,56.5085,9.3918,8.2446,12.2663,53.6154,False,False,False,False,False,False,False,False,False,False,False,False,False,0,False,1.1471999999999998,-2.8744999999999994,-44.223600000000005,-4.021699999999999,-45.3708,-41.3491,9.967566666666668,9.3918,2.0717500243353038,20.879525,10.829049999999999,21.88937575132055,45.3708,23.164483333333333,45.3708,367.01913582,1272.9443760999998,723.2646190438776,9.691895841470705,-0.30009584147070534,0.30009584147070534,8.516959950377132,-0.27235995037713145,0.27235995037713145,12.700116646000605,-0.4338166460006061,0.4338166460006061,49.26842383639825,4.346976163601752,4.346976163601752,4.346976163601752,1.3383121503625488,4.346976163601752,0.42765889911017774,2.1729794269843654,4
26.1926,94.0394,24.7273,10.6431,17.7601,8.933,21.8885,29.1698,False,False,False,False,False,False,False,False,False,False,False,False,False,0,False,8.827100000000002,-4.128399999999999,-11.409699999999997,-12.9555,-20.2368,-7.281299999999998,16.19386666666667,17.7601,6.618236940706591,19.43785,19.8243,8.443602209365384,20.2368,10.806466666666667,20.2368,2463.13638844,1000.8707381400001,278.5279065447135,17.86505281494494,-0.10495281494493724,0.10495281494493724,17.832040553594958,-8.899040553594958,8.899040553594958,21.998152647811366,-0.10965264781136597,0.10965264781136597,48.83171831695212,-19.66191831695212,19.66191831695212,19.66191831695212,7.193891083325846,19.66191831695212,0.12204213966609216,1.0411022612571548,1
22.3964,35.4825,35.1415,9.346,13.1843,12.0804,17.3384,57.9593,False,False,False,False,False,False,False,False,False,False,False,False,False,0,False,1.1039000000000012,-4.1541,-44.775,-5.258000000000001,-45.8789,-40.6209,14.201033333333333,13.1843,2.772535122109968,25.1406,15.26135,21.99593392925156,45.8789,23.631800000000002,45.8789,794.6802630000001,331.61944500000004,631.1954819430756,12.806708389848291,0.3775916101517094,0.3775916101517094,11.873020533539213,0.20737946646078598,0.20737946646078598,16.748146257173094,0.5902537428269063,0.5902537428269063,50.21052873679563,7.748771263204368,7.748771263204368,7.748771263204368,2.2309990206609425,7.748771263204368,0.3095017960715559,1.8248920770021095,4
9.3981,58.666,37.814,54.2995,7.9371,9.6094,9.7017,51.1548,False,False,False,False,False,False,False,False,False,False,False,False,False,0,False,-1.6723000000000008,-1.7646000000000006,-43.2177,-0.09229999999999983,-41.5454,-41.4531,9.082733333333335,9.6094,0.9932203297019923,19.60075,9.655550000000002,21.051659225581247,43.2177,21.624233333333336,43.2177,551.3489345999999,3185.534467,160.19667947419637,8.37377880724991,-0.43667880724990926,0.43667880724990926,9.814227512209177,-0.20482751220917628,0.20482751220917628,10.205882368710652,-0.5041823687106515,0.5041823687106515,50.25101415083461,0.903785849165395,0.903785849165395,0.903785849165395,0.512368634333783,0.903785849165395,0.6612144534725242,2.204899197786208,4
16.714,29.6168,30.5975,6.9082,9.8028,9.156,12.851,54.5636,False,False,False,False,False,False,False,False,False,False,False,False,False,0,False,0.6467999999999989,-3.0482000000000014,-44.7608,-3.6950000000000003,-45.4076,-41.7126,10.603266666666668,9.8028,1.973275554334299,21.59335,11.3269,22.03913801180376,45.4076,23.211833333333335,45.4076,495.0151952,204.59877776000002,564.3416694775703,9.716051772854895,0.08674822714510455,0.08674822714510455,9.24398478017873,-0.08798478017872924,0.08798478017872924,12.677620633813978,0.17337936618602257,0.17337936618602257,50.68899874452925,3.8746012554707505,3.8746012554707505,3.8746012554707505,1.0556784072451517,3.8746012554707505,0.4864574130250832,2.1028501354119973,4
