Test_ID,Applied_Voltage_kV,Load_Current_A,Ambient_Temperature_C,Test_Duration_min,Sensor_S1,Sensor_S2,Sensor_S3,Sensor_S4,Reference_Parameter,Validity_Label,Sensor_S1_Expected,Sensor_S1_Residual,Sensor_S1_AbsResidual,Sensor_S2_Expected,Sensor_S2_Residual,Sensor_S2_AbsResidual,Sensor_S3_Expected,Sensor_S3_Residual,Sensor_S3_AbsResidual,Sensor_S4_Expected,Sensor_S4_Residual,Sensor_S4_AbsResidual,p1_max_abs_residual,p1_mean_abs_residual,p1_residual_error,p1_consistency_index,p1_sensor_disagreement_index,p1_regime_cluster
TRN-0889,16.7196,93.1228,33.3421,19.9546,13.6343,15.1361,16.5062,62.9115,34.8501,Valid,13.382705676978931,0.25159432302106843,0.25159432302106843,14.833459332488696,0.30264066751130514,0.30264066751130514,16.05484401646555,0.45135598353444806,0.45135598353444806,49.80627180301347,13.105228196986523,13.105228196986523,13.105228196986523,3.5277047927633363,13.105228196986523,0.2208624558735162,1.821907650875595,2
TRN-0820,21.4477,82.523,34.4915,47.0553,15.6466,15.9849,19.3289,39.8667,30.4762,Valid,15.392954507884394,0.2536454921156057,0.2536454921156057,15.837314833336618,0.14758516666338117,0.14758516666338117,19.048764250075628,0.28013574992437285,0.28013574992437285,48.93113633620836,-9.06443633620836,9.06443633620836,9.06443633620836,2.43645068622793,9.06443633620836,0.29099791945440795,1.0666459386478535,4
TRN-0411,19.2432,107.3619,29.4673,5.2763,15.108,16.6481,18.3834,44.539,46.8046,Valid,15.202748546108243,-0.09474854610824224,0.09474854610824224,16.665029284186986,-0.016929284186986138,0.016929284186986138,18.11434522975223,0.26905477024777014,0.26905477024777014,49.60801453738419,-5.0690145373841915,5.0690145373841915,5.0690145373841915,1.3624367844817975,5.0690145373841915,0.4232917496750504,1.2434074289696484,2
TRN-0754,22.7191,69.969,26.9695,20.3051,14.9296,14.7026,18.6269,44.2673,23.7153,Valid,14.983998633206848,-0.05439863320684779,0.05439863320684779,14.742739887543268,-0.04013988754326725,0.04013988754326725,18.737536560817386,-0.11063656081738671,0.11063656081738671,49.277246196561165,-5.009946196561167,5.009946196561167,5.009946196561167,1.303780319532167,5.009946196561167,0.43406916515506644,1.2781081818342952,4
TRN-0707,13.5008,108.8999,35.5415,29.1939,12.6845,15.2455,14.6132,44.072,48.5994,Valid,12.818712284227347,-0.1342122842273472,0.1342122842273472,15.208226939079502,0.03727306092049787,0.03727306092049787,14.917609278691682,-0.304409278691681,0.304409278691681,49.802852034660326,-5.730852034660323,5.730852034660323,5.730852034660323,1.5516866646249623,5.730852034660323,0.39189764709883623,1.4495139654407239,2
TRN-0140,13.4841,75.9719,25.2769,59.8003,11.3356,12.4198,13.764,,22.9154,Valid,11.341103893781645,-0.005503893781645175,0.005503893781645175,12.341365047032705,0.07843495296729586,0.07843495296729586,13.651704525810393,0.11229547418960628,0.11229547418960628,49.12712728844647,,,0.11229547418960628,0.06541144031284911,0.11229547418960628,0.9386045260658721,0.1941713933287366,4
TRN-0881,21.5217,69.0397,30.813,17.2425,14.6484,14.5557,18.4782,54.8324,24.2957,Valid,14.326145552205421,0.32225444779457924,0.32225444779457924,14.346659843474319,0.2090401565256812,0.2090401565256812,17.910805589098644,0.5673944109013576,0.5673944109013576,49.5994907944135,5.232909205586502,5.232909205586502,5.232909205586502,1.58289955520203,5.232909205586502,0.38716178412202396,1.571547662316658,4
TRN-0381,27.5517,31.9359,38.4775,36.8148,15.6381,13.8904,20.6009,46.5897,20.8262,Valid,15.41906958049331,0.219030419506689,0.219030419506689,13.696179251429383,0.19422074857061666,0.19422074857061666,20.398964227316572,0.20193577268342722,0.20193577268342722,49.28818694051213,-2.698486940512126,2.698486940512126,2.698486940512126,0.8284184703182147,2.698486940512126,0.5469207493982282,1.352340395086226,3
TRN-0095,27.0232,98.1134,49.9673,29.2064,18.5386,19.0188,22.7145,43.2755,51.1599,Valid,18.744025882601534,-0.20542588260153494,0.20542588260153494,19.431170863227102,-0.41237086322710326,0.41237086322710326,23.3337256103291,-0.6192256103290994,0.6192256103290994,49.18789994629721,-5.9123999462972066,5.9123999462972066,5.9123999462972066,1.787355575613736,5.9123999462972066,0.3587629826452315,0.9555774628518098,1
TRN-0135,23.8796,37.0768,27.7869,13.8211,4.7556,12.2665,17.5003,34.8471,18.4965,Invalid,13.650517181148846,-8.894917181148845,8.894917181148845,12.324053352324805,-0.05755335232480441,0.05755335232480441,17.774340720507958,-0.27404072050795847,0.27404072050795847,49.70046645113769,-14.853366451137695,14.853366451137695,14.853366451137695,6.019969426279825,14.853366451137695,0.14245076285609148,1.7351419657676839,4
TRN-0633,27.3166,35.2106,18.0,41.4065,15.4562,13.3195,20.1433,61.2734,18.9191,Valid,15.51278590203199,-0.056585902031988766,0.056585902031988766,13.276584071878927,0.042915928121072255,0.042915928121072255,20.239525786404446,-0.09622578640444601,0.09622578640444601,48.45397329615158,12.819426703848421,12.819426703848421,12.819426703848421,3.253788580101482,12.819426703848421,0.23508455607733642,1.740732848823386,3
TRN-0138,17.7127,48.0925,30.733,23.2218,11.7089,11.4861,14.8118,65.0676,17.5449,Valid,11.409393635579482,0.2995063644205178,0.2995063644205178,11.300576470536594,0.18552352946340633,0.18552352946340633,14.500034682002216,0.31176531799778395,0.31176531799778395,50.041484435294684,15.026115564705314,15.026115564705314,15.026115564705314,3.9557276941467556,15.026115564705314,0.20178671261157205,2.0793321797334046,4
TRN-0591,10.2728,88.373,37.5953,58.4948,10.6857,12.8873,12.4997,83.903,31.5651,Valid,10.483540713147814,0.20215928685218643,0.20215928685218643,12.66610226419981,0.22119773580019064,0.22119773580019064,12.303459999560616,0.19624000043938494,0.19624000043938494,49.747552879900574,34.15544712009943,34.15544712009943,34.15544712009943,8.693761035797799,34.15544712009943,0.10315913465445765,2.441070169685972,2
TRN-0262,30.7232,28.9017,38.9336,45.1598,17.0465,14.7144,22.609,53.4406,22.15,Valid,16.875637238488725,0.17086276151127677,0.17086276151127677,14.62135114731141,0.09304885268858953,0.09304885268858953,22.44701706966727,0.16198293033273004,0.16198293033273004,48.86267972926423,4.577920270735774,4.577920270735774,4.577920270735774,1.2509537038170926,4.577920270735774,0.44425613832227345,1.4368242659762211,3
TRN-0729,27.8122,59.7061,25.295,56.0876,17.8995,16.2175,22.741,53.7565,22.7879,Valid,17.287182890752433,0.6123171092475665,0.6123171092475665,15.885145911954519,0.3323540880454825,0.3323540880454825,22.09070106088604,0.6502989391139593,0.6502989391139593,48.07438939931837,5.682110600681632,5.682110600681632,5.682110600681632,1.8192701842721601,5.682110600681632,0.35470172585043175,1.3574707267236297,3
TRN-0307,30.2039,105.7357,25.4332,14.8461,20.5299,20.3649,25.1377,39.4088,47.2164,Valid,20.489804355757887,0.04009564424211476,0.04009564424211476,20.270119603328645,0.09478039667135363,0.09478039667135363,25.25446067563346,-0.11676067563346137,0.11676067563346137,48.26919998731543,-8.860399987315432,8.860399987315432,8.860399987315432,2.2780091759655905,8.860399987315432,0.30506320950289406,0.7224452951754976,1
TRN-0091,13.8779,70.3753,33.7208,28.7584,10.7783,12.0405,12.8023,60.3125,23.2446,Valid,10.8656580078067,-0.08735800780670111,0.08735800780670111,12.007932085226331,0.032567914773668605,0.032567914773668605,13.233823179886496,-0.43152317988649536,0.43152317988649536,50.13306161681889,10.179438383181107,10.179438383181107,10.179438383181107,2.682721871411993,10.179438383181107,0.2715382901333762,2.065352675036619,4
TRN-0542,29.8252,29.6371,52.0927,40.8807,16.4051,14.7736,21.9869,50.5573,29.9678,Valid,16.452126674362525,-0.047026674362523835,0.047026674362523835,14.75779833968943,0.015801660310570398,0.015801660310570398,21.98729080104871,-0.0003908010487130298,0.0003908010487130298,49.49324468794847,1.0640553120515293,1.0640553120515293,1.0640553120515293,0.28181861194333413,1.0640553120515293,0.7801415821883911,1.3799724535382432,3
TRN-0937,18.9717,104.0403,31.8576,48.305,15.2581,16.7679,18.2016,48.5457,45.3832,Valid,15.401623663662932,-0.1435236636629309,0.1435236636629309,16.733120128598685,0.03477987140131589,0.03477987140131589,18.491734438560762,-0.29013443856076293,0.29013443856076293,48.80381261799551,-0.2581126179955149,0.2581126179955149,0.29013443856076293,0.18163764790513115,0.29013443856076293,0.8462831239109994,1.3480398658180435,2
TRN-0092,22.8334,18.3011,31.7408,26.9067,12.3229,10.8597,16.5175,28.9254,17.4823,Valid,12.271523457389524,0.05137654261047686,0.05137654261047686,10.607420322862156,0.25227967713784416,0.25227967713784416,16.425505789280198,0.0919942107198004,0.0919942107198004,49.85067505719926,-20.92527505719926,20.92527505719926,20.92527505719926,5.330231371916845,20.92527505719926,0.15797210895582034,1.0530015501517365,4
TRN-0268,31.5596,18.2128,38.845,24.4453,16.4547,13.878,22.1,70.4553,20.7222,Valid,16.442291668748602,0.012408331251396731,0.012408331251396731,13.824006029127643,0.05399397087235691,0.05399397087235691,22.12990071402658,-0.0299007140265779,0.0299007140265779,49.35614969836266,21.099150301637337,21.099150301637337,21.099150301637337,5.298863329446917,21.099150301637337,0.15875880261205902,1.8415884898156076,3
TRN-0782,16.2048,93.1196,42.8621,12.8741,13.1151,14.8764,15.7166,32.2974,36.8118,Valid,13.064423463300688,0.050676536699311825,0.050676536699311825,14.899382093714108,-0.02298209371410742,0.02298209371410742,15.719568975324266,-0.002968975324266765,0.002968975324266765,50.34382156654516,-18.046421566545156,18.046421566545156,18.046421566545156,4.53076229307071,18.046421566545156,0.1808069027397658,1.0095211480636808,2
TRN-0919,22.6926,50.8001,43.6073,31.9818,14.0837,13.6443,18.1982,49.2786,21.2594,Valid,14.074408230383675,0.009291769616325496,0.009291769616325496,13.739276610409997,-0.09497661040999716,0.09497661040999716,18.158468069321607,0.03973193067839276,0.03973193067839276,49.8146781486745,-0.5360781486745054,0.5360781486745054,0.5360781486745054,0.1700196148448052,0.5360781486745054,0.8546865260311408,1.4971633795088566,4
TRN-0053,26.4931,101.8024,42.852,30.4912,18.56,19.2644,22.9828,68.2684,48.1264,Valid,18.698177342781303,-0.13817734278130445,0.13817734278130445,19.344109535132297,-0.07970953513229873,0.07970953513229873,23.108108014728174,-0.12530801472817288,0.12530801472817288,48.91820530743498,19.35019469256502,19.35019469256502,19.35019469256502,4.923347396301699,19.35019469256502,0.16882345962425907,1.540442487831166,1
TRN-0408,31.1979,55.0224,21.7758,25.6304,18.3841,16.3698,23.7608,30.0802,22.1385,Valid,18.290753835813106,0.09334616418689379,0.09334616418689379,16.285980310085243,0.0838196899147583,0.0838196899147583,23.527964729315368,0.23283527068463172,0.23283527068463172,48.36353915426179,-18.283339154261785,18.283339154261785,18.283339154261785,4.673335069762017,18.283339154261785,0.17626316579287596,0.6190150362989127,3
TRN-0501,14.229,84.784,39.199,37.0993,11.9475,13.5096,14.4506,42.1564,30.3824,Valid,11.936188265051303,0.011311734948696639,0.011311734948696639,13.598415335709815,-0.08881533570981404,0.08881533570981404,14.370693056050037,0.0799069439499629,0.0799069439499629,49.95250307665152,-7.796103076651519,7.796103076651519,7.796103076651519,1.9940342728149982,7.796103076651519,0.3339975126803734,1.4724531323913224,4
TRN-0311,20.0873,84.2981,33.9545,11.1637,14.4518,15.2547,17.5092,45.2027,29.9962,Valid,14.411278097620869,0.04052190237913145,0.04052190237913145,15.193893018099788,0.060806981900212165,0.060806981900212165,17.67202928064865,-0.16282928064865132,0.16282928064865132,49.80924481941334,-4.606544819413337,4.606544819413337,4.606544819413337,1.217675746085333,4.606544819413337,0.45092254887361766,1.3309421799372507,4
TRN-0562,30.7015,55.1126,37.3272,53.9099,18.3063,16.9658,23.7367,31.425,23.8068,Valid,18.41348267457179,-0.10718267457178854,0.10718267457178854,16.861064760241497,0.1047352397585044,0.1047352397585044,23.846865296405223,-0.11016529640522421,0.11016529640522421,48.33016024605712,-16.905160246057118,16.905160246057118,16.905160246057118,4.306810864198159,16.905160246057118,0.18843709067274186,0.6395482045216702,3
TRN-0126,27.1839,35.792,32.8674,28.726,15.6886,13.7668,20.7464,46.0688,20.623,Valid,15.351576315704907,0.337023684295092,0.337023684295092,13.647576104991563,0.119223895008437,0.119223895008437,20.15457734283381,0.5918226571661904,0.5918226571661904,49.26140781569063,-3.1926078156906286,3.1926078156906286,3.1926078156906286,1.060169513040087,3.1926078156906286,0.4853969509161171,1.342132970135028,3
TRN-0676,28.9435,99.9672,33.2564,54.1579,20.242,19.9359,25.0693,38.6309,45.2288,Valid,20.041740584052214,0.2002594159477873,0.2002594159477873,19.93075007301657,0.005149926983431641,0.005149926983431641,24.873902926080167,0.19539707391983185,0.19539707391983185,47.854882100371036,-9.223982100371039,9.223982100371039,9.223982100371039,2.4061971293055224,9.223982100371039,0.2935825385431778,0.7198819693922128,1
TRN-0360,31.1338,64.9587,39.5961,9.0647,18.6229,17.3282,24.1833,48.479,28.4009,Valid,18.637032893411547,-0.014132893411545666,0.014132893411545666,17.535772020895536,-0.20757202089553672,0.20757202089553672,23.92159102826897,0.2617089717310286,0.2617089717310286,49.25228931660841,-0.7732893166084125,0.7732893166084125,0.7732893166084125,0.31417580066163087,0.7732893166084125,0.7609332020088508,1.147217139978257,3
TRN-0367,24.0314,97.8945,45.1767,31.2893,17.3437,18.1727,21.6014,52.8876,45.131,Valid,17.311715525066287,0.03198447493371148,0.03198447493371148,18.2424273391128,-0.06972733911280216,0.06972733911280216,21.35769775983765,0.24370224016235298,0.24370224016235298,49.25016362569904,3.637436374300961,3.637436374300961,3.637436374300961,0.9957126071274569,3.637436374300961,0.5010741508715311,1.292441537436694,2
TRN-0405,24.6143,33.6779,42.1612,26.794,14.0177,13.065,18.7117,,20.1763,Valid,13.989608433576867,0.028091566423132264,0.028091566423132264,12.860504926068648,0.20449507393135136,0.20449507393135136,18.46119462256281,0.2505053774371895,0.2505053774371895,49.88859831333442,,,0.2505053774371895,0.16103067259722437,0.2505053774371895,0.861303687837119,0.3699161666604433,4
TRN-0868,28.3339,101.6303,50.6215,7.7931,19.0319,19.8449,23.5519,54.1915,55.1412,Valid,19.315642727645997,-0.28374272764599695,0.28374272764599695,20.020984860208905,-0.17608486020890624,0.17608486020890624,24.02271124667319,-0.47081124667318974,0.47081124667318974,49.524897342069,4.666602657930994,4.666602657930994,4.666602657930994,1.3993103731147718,4.666602657930994,0.4167864279692191,1.2059518999446406,1
TRN-0020,9.4876,21.4776,37.3279,15.6388,6.1571,6.5039,8.2616,52.9346,13.5381,Valid,5.90551209786826,0.25158790213173976,0.25158790213173976,6.344247650569076,0.15965234943092366,0.15965234943092366,7.804808544557764,0.45679145544223587,0.45679145544223587,51.483031139471,1.451568860529001,1.451568860529001,1.451568860529001,0.579900141883475,1.451568860529001,0.6329513957811611,2.5334009231864068,4
TRN-0316,22.2248,47.0868,39.5367,20.27,13.0209,12.675,16.6458,61.0745,19.7399,Valid,13.500232583429822,-0.479332583429823,0.479332583429823,13.032186203011323,-0.357186203011322,0.357186203011322,17.435991943552008,-0.7901919435520064,0.7901919435520064,50.01335074406993,11.061149255930069,11.061149255930069,11.061149255930069,3.171964996480805,11.061149255930069,0.2396952037813199,1.8720270626741022,4
TRN-0067,30.9408,29.3598,18.0356,35.4607,16.7021,13.7519,21.9045,43.0005,19.7801,Valid,16.861716610327058,-0.1596166103270562,0.1596166103270562,13.983878039112225,-0.23197803911222614,0.23197803911222614,22.20864195493323,-0.3041419549332325,0.3041419549332325,48.31810291706343,-5.317602917063425,5.317602917063425,5.317602917063425,1.503334880358985,5.317602917063425,0.39946712996568695,1.2268831565418443,3
TRN-0317,25.933,70.3816,24.6378,10.6208,16.6609,15.9391,20.9687,48.0101,24.0015,Valid,16.433896948253714,0.2270030517462871,0.2270030517462871,15.73190224281136,0.20719775718863964,0.20719775718863964,20.661396680587586,0.3073033194124122,0.3073033194124122,49.11018187834344,-1.1000818783434383,1.1000818783434383,1.1000818783434383,0.4603965016726943,1.1000818783434383,0.6847455460586424,1.2629008167449047,3
TRN-0087,17.6142,31.0902,47.58,51.1189,10.8589,10.9508,3.2181,51.1091,20.3176,Invalid,10.777124281463953,0.08177571853604704,0.08177571853604704,10.60120546284754,0.34959453715245914,0.34959453715245914,14.243371253790357,-11.025271253790358,11.025271253790358,50.21150496524867,0.8975950347513262,0.8975950347513262,11.025271253790358,3.0885591360575475,11.025271253790358,0.24458494220637947,2.5160454307725004,4
TRN-0801,11.2999,91.5588,48.8199,21.2042,10.7983,13.3691,12.9707,43.4485,39.321,Valid,10.727225824186835,0.07107417581316433,0.07107417581316433,13.332493901573242,0.03660609842675733,0.03660609842675733,12.662577413403103,0.3081225865968982,0.3081225865968982,50.835401845112536,-7.386901845112533,7.386901845112533,7.386901845112533,1.9506761764873382,7.386901845112533,0.33890536954497663,1.6206259499093152,2
TRN-0012,30.2939,43.3171,28.5824,30.3499,17.0338,15.1496,22.2573,38.2619,21.3846,Valid,17.275329550992375,-0.24152955099237516,0.24152955099237516,15.238307302748309,-0.0887073027483094,0.0887073027483094,22.519848087489777,-0.2625480874897761,0.2625480874897761,48.70849282904075,-10.446592829040753,10.446592829040753,10.446592829040753,2.7598444425678035,10.446592829040753,0.2659684503641447,0.9972660972761941,3
TRN-0578,30.4866,60.5018,36.4074,15.0767,18.0583,16.8822,23.2278,38.5682,23.1545,Valid,18.146630102371603,-0.08833010237160366,0.08833010237160366,16.883070988060894,-0.0008709880608925857,0.0008709880608925857,23.340297928775424,-0.11249792877542575,0.11249792877542575,49.11549543324824,-10.547295433248244,10.547295433248244,10.547295433248244,2.6872486131140416,10.547295433248244,0.2712049294542839,0.896703562066619,3
TRN-0859,16.4487,20.9785,23.3935,58.5618,9.8089,8.7051,12.9031,61.0478,15.4105,Valid,9.713220563641784,0.09567943635821585,0.09567943635821585,8.629691704071158,0.0754082959288418,0.0754082959288418,12.82162347769633,0.08147652230367086,0.08147652230367086,49.4150193260439,11.632780673956105,11.632780673956105,11.632780673956105,2.9713362321367085,11.632780673956105,0.2518044158305799,2.2643263489923857,4
TRN-0533,17.5311,72.927,28.746,36.0802,12.6016,13.0752,,56.541,23.5153,Invalid,12.842502234751791,-0.2409022347517915,0.2409022347517915,13.391098783491392,-0.31589878349139155,0.31589878349139155,15.789513368411901,,,49.43460129014569,7.106398709854304,7.106398709854304,7.106398709854304,2.554399909365829,7.106398709854304,0.28134144314065623,1.6032799698070357,4
TRN-0967,26.4104,30.8751,38.339,14.2777,14.5452,13.0594,19.2013,49.5647,19.7664,Valid,14.54483523056966,0.00036476943033925124,0.00036476943033925124,13.01466243773905,0.04473756226095027,0.04473756226095027,19.243191902884824,-0.04189190288482436,0.04189190288482436,49.89649919025202,-0.33179919025202054,0.33179919025202054,0.33179919025202054,0.1046983562070336,0.33179919025202054,0.9052244844769083,1.5152042157237933,3
TRN-0788,20.1531,58.459,22.9316,43.5898,13.2875,12.8528,16.6355,61.1192,18.6948,Valid,13.385147764561328,-0.09764776456132829,0.09764776456132829,12.948303938367088,-0.09550393836708793,0.09550393836708793,16.829499143990944,-0.19399914399094342,0.19399914399094342,48.98209728143098,12.137102718569018,12.137102718569018,12.137102718569018,3.1310633913720944,12.137102718569018,0.24206842288804944,1.85827542874039,4
TRN-0700,24.4753,49.2252,36.9219,22.1919,14.2996,13.6599,18.5642,60.5208,20.5104,Valid,14.71928480621631,-0.4196848062163099,0.4196848062163099,13.924627712692805,-0.26472771269280493,0.26472771269280493,19.002177112772806,-0.43797711277280627,0.43797711277280627,49.64980225972554,10.870997740274461,10.870997740274461,10.870997740274461,2.9983468429890956,10.870997740274461,0.2501033650328387,1.751080438105484,4
TRN-0151,25.549,19.7697,34.1753,21.4309,13.6684,11.704,18.6616,46.3824,18.466,Valid,13.596605387522983,0.07179461247701724,0.07179461247701724,11.702315539937523,0.0016844600624779105,0.0016844600624779105,18.201709011360986,0.4598909886390139,0.4598909886390139,49.79224310095386,-3.4098431009538643,3.4098431009538643,3.4098431009538643,0.9858032905330933,3.4098431009538643,0.5035745507962915,1.5341634773499155,3
TRN-0236,22.9858,28.4295,35.2647,27.6778,12.9089,11.5537,17.0815,35.1347,18.4935,Valid,12.917916500208387,-0.009016500208387512,0.009016500208387512,11.638851990512258,-0.08515199051225864,0.08515199051225864,17.077953170379374,0.003546829620624692,0.003546829620624692,49.83324029245854,-14.698540292458539,14.698540292458539,14.698540292458539,3.6990639031999524,14.698540292458539,0.212808342384751,1.230117722177331,4
TRN-0130,27.9593,15.8726,33.4249,45.782,14.8659,12.4537,20.2947,51.5568,19.0968,Valid,14.827439420137082,0.0384605798629174,0.0384605798629174,12.389055700114179,0.06464429988582054,0.06464429988582054,19.95522642403493,0.33947357596506933,0.33947357596506933,49.05042658175027,2.50637341824973,2.50637341824973,2.50637341824973,0.7372379684908843,2.50637341824973,0.5756263782725672,1.577196753006974,3
TRN-0558,10.8607,21.0036,44.5708,31.3091,6.8793,7.0831,9.3319,47.3849,15.0884,Valid,6.7350077877292,0.14429221227080014,0.14429221227080014,7.144445321247359,-0.0613453212473587,0.0613453212473587,9.009278649125879,0.3226213508741207,0.3226213508741207,51.27104252508294,-3.8861425250829384,3.8861425250829384,3.8861425250829384,1.1036003523688045,3.8861425250829384,0.47537546705291644,2.2923619439031886,4
TRN-0335,19.3366,109.2824,43.2863,42.829,15.6796,17.4192,19.0115,46.0047,53.154,Valid,15.817435672154879,-0.13783567215487835,0.13783567215487835,17.623096702716182,-0.20389670271618243,0.20389670271618243,19.034432407700457,-0.02293240770045557,0.02293240770045557,49.23535331823639,-3.230653318236392,3.230653318236392,3.230653318236392,0.8988295252019771,3.230653318236392,0.5266402205820087,1.2363079095722735,2
TRN-0747,8.1623,16.276,27.7498,24.8249,4.8959,4.9854,6.5243,58.8781,11.9183,Valid,5.076736581296046,-0.18083658129604618,0.18083658129604618,5.216473391743306,-0.23107339174330566,0.23107339174330566,6.721990605685999,-0.19769060568599883,0.19769060568599883,51.12213327043532,7.755966729564683,7.755966729564683,7.755966729564683,2.0913918270725085,7.755966729564683,0.3234788910427384,2.8681996935858924,4
TRN-0065,29.5509,88.0838,38.0994,34.3734,19.4764,19.0039,24.1937,67.1977,37.4703,Valid,19.45021902515323,0.02618097484677051,0.02618097484677051,19.11862513755314,-0.11472513755313685,0.11472513755313685,24.422377676261394,-0.22867767626139468,0.22867767626139468,48.53492305689471,18.662776943105285,18.662776943105285,18.662776943105285,4.758090182941647,18.662776943105285,0.17366869365167323,1.484350637020802,1
TRN-0257,30.6035,29.4846,36.2652,41.0898,16.7405,14.3861,22.2693,,21.5145,Valid,16.79838409481704,-0.05788409481704093,0.05788409481704093,14.50927342102845,-0.12317342102844897,0.12317342102844897,22.30135607045076,-0.03205607045075709,0.03205607045075709,48.863404157005974,,,0.12317342102844897,0.071037862098749,0.12317342102844897,0.9336738087302096,0.4429101618793792,3
TRN-0443,9.6318,92.6893,34.5091,30.5353,10.1782,12.5837,11.7777,64.1771,32.9683,Valid,10.078357710858114,0.0998422891418862,0.0998422891418862,12.473212144297312,0.11048785570268826,0.11048785570268826,11.615969068070608,0.16173093192939092,0.16173093192939092,50.26768554403739,13.909414455962605,13.909414455962605,13.909414455962605,3.5703688831841425,13.909414455962605,0.21880071949538288,2.1880341672547123,2
TRN-0507,10.6681,75.8719,33.3623,5.2737,9.6188,11.4513,11.3341,67.399,23.1349,Valid,9.347497966604351,0.2713020333956493,0.2713020333956493,11.152326932630965,0.29897306736903495,0.29897306736903495,11.041010929260686,0.29308907073931323,0.29308907073931323,50.87266195786189,16.526338042138114,16.526338042138114,16.526338042138114,4.3474255534105275,16.526338042138114,0.1870058760074203,2.3157644982267107,4
TRN-0943,24.4524,69.9741,29.5096,22.3974,15.7061,15.1518,19.6866,30.7207,25.1708,Valid,15.845821210802782,-0.139721210802783,0.139721210802783,15.44174190860028,-0.28994190860028013,0.28994190860028013,19.92640763069082,-0.239807630690823,0.239807630690823,49.161468131783835,-18.440768131783834,18.440768131783834,18.440768131783834,4.77755972046943,18.440768131783834,0.1730834553656071,0.7663251840516315,4
TRN-0438,9.2579,44.797,28.7596,5.9031,6.9661,7.9532,8.5018,71.9907,13.9035,Valid,6.95522987982705,0.010870120172949527,0.010870120172949527,7.886087449250011,0.06711255074998856,0.06711255074998856,8.548695071033215,-0.046895071033215885,0.046895071033215885,51.16437346054612,20.82632653945388,20.82632653945388,20.82632653945388,5.237801070352509,20.82632653945388,0.1603129033326945,2.726059994231324,4
TRN-0323,23.8319,94.5641,40.9548,12.1292,23.0025,17.4622,20.4693,53.8698,40.1544,Invalid,16.799262315996472,6.203237684003529,6.203237684003529,17.592185193745074,-0.12998519374507467,0.12998519374507467,20.707172343212605,-0.23787234321260442,0.23787234321260442,49.57907951361838,4.290720486381616,4.290720486381616,6.203237684003529,2.715453926835706,6.203237684003529,0.269146117726632,1.2685150601234245,2
TRN-0541,29.5137,89.7528,32.8875,44.0727,19.4791,18.9202,24.4323,46.1615,36.989,Valid,19.63207566040802,-0.15297566040802124,0.15297566040802124,19.16337348634265,-0.24317348634264846,0.24317348634264846,24.57434039251818,-0.14204039251817946,0.14204039251817946,48.12327418336283,-1.9617741833628344,1.9617741833628344,1.9617741833628344,0.6249909306579209,1.9617741833628344,0.61538804994753,0.9997436535914094,1
TRN-0513,8.5988,18.8074,39.8048,25.8064,5.467,6.0593,7.4333,30.0082,13.1153,Valid,5.454653427878663,0.01234657212133694,0.01234657212133694,5.976382622826773,0.082917377173227,0.082917377173227,7.2883008605905975,0.14499913940940257,0.14499913940940257,51.456151649875586,-21.447951649875588,21.447951649875588,21.447951649875588,5.422053684644888,21.447951649875588,0.1557134289286614,2.0046789893121693,4
TRN-0830,29.6897,109.4003,33.5982,31.3241,20.6293,20.8849,25.3653,48.7288,53.7412,Valid,20.651324261091947,-0.02202426109194633,0.02202426109194633,20.805197641024996,0.07970235897500189,0.07970235897500189,25.461817841452508,-0.0965178414525063,0.0965178414525063,48.1995901079028,0.5292098920971995,0.5292098920971995,0.5292098920971995,0.1818635884041635,0.5292098920971995,0.8461213373620142,0.9722308961446897,1
TRN-0124,28.7059,44.4546,28.3929,31.8519,16.5947,25.0,21.7478,58.4106,20.567,Invalid,16.59224594378785,0.0024540562121480036,0.0024540562121480036,14.7924093104536,10.2075906895464,10.2075906895464,21.566985494271012,0.18081450572898916,0.18081450572898916,48.801769468533955,9.608830531466047,9.608830531466047,10.2075906895464,4.999922445738396,10.2075906895464,0.16666882097955724,1.3737929058749532,3
TRN-0434,18.3304,91.2825,54.8353,42.0785,14.206,15.9913,17.3458,,51.9073,Valid,14.347218042255907,-0.1412180422559075,0.1412180422559075,16.11107448023231,-0.11977448023231041,0.11977448023231041,17.617923542860233,-0.272123542860232,0.272123542860232,49.94526838008948,,,0.272123542860232,0.17770535511614996,0.272123542860232,0.8491088162721108,0.1981232619728656,2
TRN-0742,31.1274,41.4679,25.8498,14.7618,17.5962,15.2001,23.0903,49.2011,21.1804,Valid,17.385590916747475,0.2106090832525247,0.2106090832525247,15.149132609172336,0.050967390827665326,0.050967390827665326,22.68771413120802,0.40258586879198077,0.40258586879198077,48.90018347941724,0.30091652058275997,0.30091652058275997,0.40258586879198077,0.2412697158637327,0.40258586879198077,0.8056266798583368,1.2941947367028732,3
TRN-0351,8.8242,109.9343,21.3625,17.1093,10.3528,12.9679,11.602,47.0632,43.8924,Valid,10.464899426369058,-0.11209942636905801,0.11209942636905801,13.121780418105324,-0.1538804181053237,0.1538804181053237,11.571947203671026,0.03005279632897384,0.03005279632897384,49.98870991524344,-2.9255099152434383,2.9255099152434383,2.9255099152434383,0.8053856390116985,2.9255099152434383,0.5538982798973734,1.7910583204876345,2
TRN-0736,29.5104,28.1679,36.3961,51.5832,16.1474,13.8079,21.6011,49.2212,20.9866,Valid,16.324632970462037,-0.17723297046203612,0.17723297046203612,14.113300052473447,-0.3054000524734466,0.3054000524734466,21.69649783816689,-0.09539783816689251,0.09539783816689251,48.75097179320862,0.4702282067913828,0.4702282067913828,0.4702282067913828,0.2620647669734395,0.4702282067913828,0.7923523627064737,1.4056014806459054,3
TRN-0518,30.191,68.5258,29.2458,38.1312,11.105,17.2072,23.2016,42.7267,26.6751,Invalid,18.71049366670425,-7.605493666704248,7.605493666704248,17.429275693776027,-0.2220756937760271,0.2220756937760271,23.828853388905436,-0.6272533889054372,0.6272533889054372,48.29535970241272,-5.568659702412717,5.568659702412717,7.605493666704248,3.5058706129496073,7.605493666704248,0.22193269312395672,1.3421697286539318,3
TRN-0097,24.0983,15.5749,32.5565,32.3226,12.5641,10.8077,5.4559,72.9077,17.5511,Invalid,12.79435644176673,-0.23025644176673055,0.23025644176673055,10.885880032065975,-0.07818003206597446,0.07818003206597446,17.20848902935125,-11.752589029351249,11.752589029351249,49.673660173627766,23.23403982637224,23.23403982637224,23.23403982637224,8.823766332389049,23.23403982637224,0.10179395215285106,2.65204731016055,4
TRN-0220,12.1699,57.0484,31.2917,52.7784,9.5998,10.3563,11.9747,50.9553,17.0452,Valid,9.589911359185084,0.009888640814915917,0.009888640814915917,10.41381719728332,-0.05751719728332105,0.05751719728332105,11.823891396925687,0.15080860307431365,0.15080860307431365,49.8193550666514,1.135944933348604,1.135944933348604,1.135944933348604,0.33853984363028866,1.135944933348604,0.7470827295569133,1.995773961726291,4
TRN-0713,11.9594,108.4812,34.5381,58.1279,12.1882,14.8651,14.0675,69.0032,47.8264,Valid,12.395776998887147,-0.20757699888714676,0.20757699888714676,14.85453126760857,0.010568732391430302,0.010568732391430302,14.348019174350124,-0.28051917435012363,0.28051917435012363,49.27513551666889,19.728064483331117,19.728064483331117,19.728064483331117,5.0566823472399545,19.728064483331117,0.16510689229982525,2.063672927364452,2
TRN-0890,27.1695,81.7422,25.519,26.4742,17.8631,17.0967,22.0936,62.1795,29.1343,Valid,17.844370072937444,0.018729927062555163,0.018729927062555163,17.28696789604176,-0.1902678960417603,0.1902678960417603,22.288680509032037,-0.19508050903203866,0.19508050903203866,48.55461208032929,13.624887919670705,13.624887919670705,13.624887919670705,3.507241562951765,13.624887919670705,0.2218651887264516,1.512427689864898,3
TRN-0531,20.7203,99.2481,31.085,54.7814,16.2072,17.0458,19.816,39.6731,41.019,Valid,16.05328953388713,0.15391046611286896,0.15391046611286896,16.961782817937568,0.08401718206243203,0.08401718206243203,19.485018609676118,0.3309813903238812,0.3309813903238812,48.525824752880915,-8.852724752880917,8.852724752880917,8.852724752880917,2.355408447845025,8.852724752880917,0.29802631052033,1.0120922376818133,2
TRN-0369,24.5577,62.3376,30.1652,56.576,15.5392,14.881,19.6012,46.2767,24.6977,Valid,15.880454709170596,-0.3412547091705971,0.3412547091705971,15.142966021341419,-0.26196602134141855,0.26196602134141855,20.17331699123417,-0.5721169912341715,0.5721169912341715,48.504009908968094,-2.2273099089680954,2.2273099089680954,2.2273099089680954,0.8506619076785706,2.2273099089680954,0.5403472108281397,1.304104108345187,4
TRN-0781,17.8894,74.0111,26.7258,14.7152,12.9996,13.5775,15.9195,62.4277,23.4299,Valid,12.81883945808099,0.1807605419190086,0.1807605419190086,13.3599559468072,0.21754405319280146,0.21754405319280146,15.709480644287037,0.21001935571296215,0.21001935571296215,49.79033686687016,12.637363133129838,12.637363133129838,12.637363133129838,3.3114217709886526,12.637363133129838,0.23194204907739516,1.8843330346419143,4
TRN-0928,25.7367,90.4034,33.5964,54.4149,17.8868,17.9832,22.3347,46.1552,36.6371,Valid,17.97570914676522,-0.08890914676521788,0.08890914676521788,18.023369146000853,-0.04016914600085286,0.04016914600085286,22.328773688859936,0.005926311140065366,0.005926311140065366,48.25886497188776,-2.10366497188776,2.10366497188776,2.10366497188776,0.559667393948474,2.10366497188776,0.6411623426122842,1.0834962151185599,1
TRN-0194,15.343,109.4771,33.6951,57.5039,14.2222,16.389,16.6468,72.3277,50.4105,Valid,14.068788674708276,0.1534113252917244,0.1534113252917244,16.07685784060846,0.3121421593915379,0.3121421593915379,16.573511007840878,0.07328899215912088,0.07328899215912088,48.93859642332977,23.389103576670223,23.389103576670223,23.389103576670223,5.981986513378152,23.389103576670223,0.1432257134962814,1.9435594912905167,2
TRN-0743,16.6379,22.9675,37.3504,24.5539,9.2704,8.9039,12.3042,61.3833,15.879,Invalid,9.530691886990596,-0.26029188699059524,0.26029188699059524,9.020235678128639,-0.11633567812863888,0.11633567812863888,12.662680884489129,-0.3584808844891292,0.3584808844891292,50.616129685831744,10.767170314168254,10.767170314168254,10.767170314168254,2.8755696909441544,10.767170314168254,0.25802658183044647,2.2851447347451344,4
TRN-0294,31.8012,33.9683,33.232,36.4063,17.3683,15.0914,22.6319,49.1939,21.8126,Valid,17.562007080207273,-0.1937070802072718,0.1937070802072718,15.166846723754253,-0.07544672375425243,0.07544672375425243,23.189087913745837,-0.5571879137458353,0.5571879137458353,48.701773483701075,0.49212651629892434,0.49212651629892434,0.5571879137458353,0.32961705850157097,0.5571879137458353,0.7520962472660834,1.3080432819353478,3
TRN-0304,23.6657,17.7618,19.2181,49.6166,12.9498,16.1247,17.0497,54.4657,17.0368,Invalid,12.893369571736761,0.05643042826323885,0.05643042826323885,10.642592662828157,5.482107337171843,5.482107337171843,17.15499037070812,-0.10529037070811853,0.10529037070811853,48.839796399314146,5.625903600685852,5.625903600685852,5.625903600685852,2.8174329342072633,5.625903600685852,0.26195614100753345,1.650896700007973,4
TRN-0382,14.1328,104.1859,27.4694,17.0621,12.7062,14.6844,14.7467,55.5636,41.6252,Valid,12.707478338067316,-0.0012783380673155875,0.0012783380673155875,14.664922468820404,0.019477531179596497,0.019477531179596497,14.805672076669378,-0.058972076669377316,0.058972076669377316,49.78048319780185,5.783116802198151,5.783116802198151,5.783116802198151,1.4657111870286101,5.783116802198151,0.40556250272161204,1.7546361375847563,2
TRN-0417,26.973,68.6493,28.7009,27.9014,17.2997,16.4962,21.6952,57.9395,25.9572,Valid,17.048455852031044,0.2512441479689578,0.2512441479689578,16.22212554028077,0.2740744597192304,0.2740744597192304,21.5758187979562,0.11938120204380098,0.11938120204380098,48.79524352990918,9.144256470090824,9.144256470090824,9.144256470090824,2.447239069955703,9.144256470090824,0.2900872204412704,1.461449922172704,3
TRN-0297,26.5298,89.9603,18.0,53.9437,18.1662,17.589,22.426,33.5126,31.7561,Valid,18.30530557844452,-0.13910557844452143,0.13910557844452143,17.756894191837546,-0.16789419183754717,0.16789419183754717,22.62994620182416,-0.2039462018241629,0.2039462018241629,47.6539483078599,-14.1413483078599,14.1413483078599,14.1413483078599,3.663073569991533,14.1413483078599,0.21445083054990613,0.694642082826938,1
TRN-0622,21.0295,23.2536,34.0265,49.4829,5.4912,11.0359,16.266,51.2347,17.9097,Invalid,11.948189203762762,-6.456989203762762,6.456989203762762,10.669666380203028,0.3662336197969722,0.3662336197969722,15.887455762540656,0.3785442374593426,0.3785442374593426,49.544271298148885,1.6904287018511113,1.6904287018511113,6.456989203762762,2.223048940717547,6.456989203762762,0.310265223517633,2.1775402057222943,4
TRN-0563,16.5004,76.4705,23.6697,55.7837,12.9151,13.4514,15.6811,38.7838,23.4619,Valid,12.768865265387962,0.1462347346120385,0.1462347346120385,13.341057910300536,0.11034208969946313,0.11034208969946313,15.550882928773133,0.130217071226868,0.130217071226868,48.87764158018527,-10.09384158018527,10.09384158018527,10.09384158018527,2.62015886893091,10.09384158018527,0.2762309711273295,1.2801306026466928,4
TRN-0920,28.0007,43.5856,29.5635,31.3067,16.4039,14.665,21.3004,,20.6462,Valid,16.200433875917785,0.20346612408221532,0.20346612408221532,14.50760972707689,0.15739027292310936,0.15739027292310936,21.07146863830039,0.22893136169960826,0.22893136169960826,48.92892430179661,,,0.22893136169960826,0.196595919568311,0.22893136169960826,0.8357040030361831,0.38011179444151766,3
TRN-0568,17.0624,18.7827,25.3896,23.4091,9.6033,8.647,12.7841,69.2815,14.8344,Valid,9.473607524350948,0.12969247564905295,0.12969247564905295,8.419415050977165,0.22758494902283566,0.22758494902283566,12.572202908418161,0.21189709158183945,0.21189709158183945,50.228152798712415,19.05334720128758,19.05334720128758,19.05334720128758,4.905630429385327,19.05334720128758,0.16932993216510545,2.4177413878591976,4
TRN-0227,10.4857,104.8969,33.4685,24.2937,10.7743,13.447,12.3912,44.9239,42.3603,Valid,11.087401529080058,-0.3131015290800576,0.3131015290800576,13.71771357950572,-0.2707135795057205,0.2707135795057205,12.66007071323687,-0.2688707132368702,0.2688707132368702,50.157839827295014,-5.233939827295011,5.233939827295011,5.233939827295011,1.5216564122794147,5.233939827295011,0.3965647322650371,1.675304931144897,2
TRN-0581,31.4401,34.7442,44.4525,37.6516,17.718,15.566,23.4067,53.4032,23.1496,Valid,17.461552852650172,0.256447147349828,0.256447147349828,15.477521808425559,0.08847819157444192,0.08847819157444192,23.14545300319915,0.26124699680084973,0.26124699680084973,49.09282024197567,4.310379758024325,4.310379758024325,4.310379758024325,1.2291380234373612,4.310379758024325,0.4486038950867593,1.3747241673792399,3
TRN-0320,26.2045,71.2287,39.427,5.5082,16.4818,16.3147,20.7495,74.076,28.4389,Valid,16.57115682585074,-0.08935682585073934,0.08935682585073934,16.32732150797657,-0.012621507976572133,0.012621507976572133,20.97221790919138,-0.22271790919137757,0.22271790919137757,49.708034485139635,24.36796551486036,24.36796551486036,24.36796551486036,6.173165439469762,24.36796551486036,0.13940846735495335,1.810386356463194,3
TRN-0167,9.1955,28.8878,39.9113,21.6789,6.0801,0.0631,7.9135,42.5394,14.3812,Invalid,6.2492478532657465,-0.16914785326574666,0.16914785326574666,7.006207743842371,-6.94310774384237,6.94310774384237,8.107948265562957,-0.1944482655629569,0.1944482655629569,51.38663558058003,-8.847235580580026,8.847235580580026,8.847235580580026,4.038484860812775,8.847235580580026,0.19847236374124713,3.002063391602325,4
TRN-0450,12.2914,80.6737,25.0689,28.09,10.7961,12.1847,12.857,26.3365,23.8166,Valid,10.65156771073817,0.1445322892618286,0.1445322892618286,12.050484213125351,0.1342157868746483,0.1342157868746483,12.599034052887646,0.25796594711235343,0.25796594711235343,49.87736224550444,-23.540862245504442,23.540862245504442,23.540862245504442,6.019394067188318,23.540862245504442,0.1424624391262534,0.9997950923162193,4
TRN-0287,24.9197,109.5992,39.1933,44.5793,18.6125,19.6007,22.8927,62.0009,54.3793,Valid,18.533924521608487,0.0785754783915138,0.0785754783915138,19.464703289665515,0.13599671033448502,0.13599671033448502,22.653785101403365,0.2389148985966365,0.2389148985966365,48.53830702003371,13.462592979966288,13.462592979966288,13.462592979966288,3.479020016822231,13.462592979966288,0.22326312368424703,1.4097803176492876,2
TRN-0650,9.3389,69.1289,34.8242,7.8153,8.6751,10.3544,10.3503,43.2764,21.5834,Valid,8.368401874657962,0.306698125342038,0.306698125342038,10.189010969211028,0.1653890307889725,0.1653890307889725,9.903620636946219,0.4466793630537822,0.4466793630537822,51.0629973893406,-7.786597389340599,7.786597389340599,7.786597389340599,2.176340977131348,7.786597389340599,0.3148276608839178,1.9049320471304325,4
TRN-0901,24.5837,32.3434,44.0985,18.3583,13.6707,12.6833,18.0113,56.004,20.0391,Valid,13.804042616630882,-0.1333426166308822,0.1333426166308822,12.726681242257708,-0.04338124225770912,0.04338124225770912,18.2632783980963,-0.25197839809630196,0.25197839809630196,50.15999443872367,5.844005561276326,5.844005561276326,5.844005561276326,1.5681769545653048,5.844005561276326,0.3893812683827553,1.7264515239414748,4
TRN-0031,31.5827,42.3262,21.2104,46.5375,18.086,15.3435,23.7902,63.3815,21.3218,Valid,18.021621235923526,0.0643787640764728,0.0643787640764728,15.502190971989586,-0.1586909719895857,0.1586909719895857,23.47974980319938,0.3104501968006197,0.3104501968006197,47.985395218748614,15.396104781251388,15.396104781251388,15.396104781251388,3.9824061785295166,15.396104781251388,0.2007062379436787,1.5932837838151581,3
TRN-0199,20.0134,74.4171,30.5929,34.5742,14.1476,14.6017,17.3784,29.7774,25.6966,Valid,14.102802642915421,0.04479735708457966,0.04479735708457966,14.422220730958568,0.17947926904143152,0.17947926904143152,17.471985010962143,-0.09358501096214411,0.09358501096214411,49.28911051906427,-19.511710519064273,19.511710519064273,19.511710519064273,4.957393039038108,19.511710519064273,0.1678586578805722,0.8236490967541855,4
TRN-0630,24.2394,42.3827,37.0505,29.3917,14.3383,13.4411,18.6192,44.5871,20.1279,Valid,14.313578042961545,0.024721957038455145,0.024721957038455145,13.328054798969205,0.11304520103079518,0.11304520103079518,18.628413350247293,-0.009213350247293306,0.009213350247293306,49.59154072204152,-5.004440722041522,5.004440722041522,5.004440722041522,1.2878553075895165,5.004440722041522,0.4370905785355804,1.36926951410188,4
TRN-0605,13.0001,85.6198,45.944,9.1593,11.1971,13.4391,13.1292,44.0425,32.9308,Valid,11.070118107643541,0.12698189235645962,0.12698189235645962,13.221696245081299,0.2174037549187009,0.2174037549187009,13.24637267573451,-0.1171726757345084,0.1171726757345084,50.90902061462075,-6.866520614620754,6.866520614620754,6.866520614620754,1.8320197344076057,6.866520614620754,0.3531048840693115,1.6059761436359357,2
TRN-0704,24.0661,67.4291,32.3245,15.834,15.4074,15.0642,30.0999,60.9044,25.2527,Invalid,15.445821871778161,-0.038421871778160366,0.038421871778160366,15.126269073019065,-0.06206907301906561,0.06206907301906561,19.478256194414286,10.621643805585716,10.621643805585716,49.4681162790312,11.436283720968802,11.436283720968802,11.436283720968802,5.539604617837936,11.436283720968802,0.15291444337052457,1.5094412934775399,4
TRN-0614,20.2532,103.5468,45.9658,19.1421,15.4626,17.1631,18.7869,44.9124,48.5665,Valid,15.664726504915208,-0.20212650491520812,0.20212650491520812,17.336975619837354,-0.17387561983735367,0.17387561983735367,18.99876574834527,-0.2118657483452715,0.2118657483452715,49.83033384891372,-4.917933848913719,4.917933848913719,4.917933848913719,1.3764504305028882,4.917933848913719,0.42079564848671674,1.2229343481196582,2
TRN-0315,17.4271,55.0366,20.4553,35.888,11.7702,11.6673,14.6101,43.8198,17.1108,Valid,11.791137283191347,-0.020937283191345912,0.020937283191345912,11.570208293207903,0.09709170679209578,0.09709170679209578,14.738615311209614,-0.12851531120961468,0.12851531120961468,49.35193207499199,-5.532132074991992,5.532132074991992,5.532132074991992,1.444669094046262,5.532132074991992,0.4090533162281129,1.570954215741936,4
TRN-0018,9.606,80.1658,36.9003,58.9581,7.4058,5.6122,11.8582,50.8925,26.5112,Invalid,9.714454133090367,-2.308654133090367,2.308654133090367,11.720858134670381,-6.108658134670382,6.108658134670382,11.46505560538376,0.3931443946162396,0.3931443946162396,49.86327749892904,1.0292225010709615,1.0292225010709615,6.108658134670382,2.4599197908619876,6.108658134670382,0.2890240411471692,2.390447564523311,4
TRN-0669,19.456,70.6109,26.7711,19.4439,13.949,13.9951,17.503,32.6376,22.7601,Valid,13.44029711972897,0.5087028802710307,0.5087028802710307,13.65504231635756,0.34005768364244027,0.34005768364244027,16.634949914184986,0.868050085815014,0.868050085815014,49.58113691148442,-16.943536911484422,16.943536911484422,16.943536911484422,4.665086890303227,16.943536911484422,0.17651979914229954,0.9573496690902731,4
TRN-0168,15.3642,103.1518,32.9891,37.3924,13.7518,15.742,16.2821,60.6418,43.7129,Invalid,13.490718122170962,0.2610818778290369,0.2610818778290369,15.353226449485204,0.3887735505147969,0.3887735505147969,15.94482462156303,0.33727537843697064,0.33727537843697064,49.42428500708634,11.217514992913664,11.217514992913664,11.217514992913664,3.051161449923617,11.217514992913664,0.24684279122444122,1.76248809643956,2
TRN-0397,12.6677,60.0778,26.2891,30.817,10.0417,10.7811,12.4172,51.166,16.9303,Valid,9.729498400332766,0.31220159966723493,0.31220159966723493,10.495434297206632,0.2856657027933682,0.2856657027933682,11.885571294841595,0.5316287051584041,0.5316287051584041,50.049615748539686,1.1163842514603104,1.1163842514603104,1.1163842514603104,0.5614700647698294,1.1163842514603104,0.6404221397272872,1.948879487771254,4
TRN-0324,18.6204,80.1765,35.0088,24.0491,13.5275,14.4397,16.6685,,28.5561,Valid,13.632593849277463,-0.10509384927746268,0.10509384927746268,14.480632218262748,-0.040932218262748066,0.040932218262748066,16.73541443560795,-0.06691443560794852,0.06691443560794852,49.741209740826875,,,0.10509384927746268,0.07098016771605309,0.10509384927746268,0.9337241063320306,0.2111089031141645,4
TRN-0154,15.6191,87.307,31.2849,31.8206,12.6735,13.9206,15.2714,60.0861,24.836,Invalid,12.67025171031025,0.0032482896897505498,0.0032482896897505498,13.994880693604951,-0.07428069360495115,0.07428069360495115,15.219419476478627,0.05198052352137239,0.05198052352137239,49.636369065034955,10.449730934965046,10.449730934965046,10.449730934965046,2.64481011044528,10.449730934965046,0.27436271566911113,1.86019960051648,2
TRN-0666,8.1382,65.7363,39.0356,11.4716,7.6017,9.7427,9.234,32.6448,21.455,Valid,7.653040665917619,-0.051340665917618544,0.051340665917618544,9.651914514665378,0.09078548533462083,0.09078548533462083,9.065220353298393,0.16877964670160672,0.16877964670160672,51.27705135243501,-18.632251352435013,18.632251352435013,18.632251352435013,4.735789287597215,18.632251352435013,0.17434392197118367,1.6914373479059908,4
TRN-0826,28.4712,27.8256,35.3796,21.3808,15.2771,13.2259,19.943,48.6539,20.0595,Valid,15.447172966106839,-0.1700729661068383,0.1700729661068383,13.434521375574397,-0.2086213755743973,0.2086213755743973,20.509286476681634,-0.5662864766816327,0.5662864766816327,49.480374181621485,-0.8264741816214851,0.8264741816214851,0.8264741816214851,0.44286374999608835,0.8264741816214851,0.6930661332386451,1.4594447741162353,3
TRN-0131,18.5812,92.627,32.678,29.3111,14.2849,15.4514,17.3894,51.1103,34.9359,Valid,14.360115480736244,-0.07521548073624373,0.07521548073624373,15.49379779659028,-0.04239779659028109,0.04239779659028109,17.380795108868462,0.008604891131536618,0.008604891131536618,49.41148179460671,1.6988182053932945,1.6988182053932945,1.6988182053932945,0.456259093462839,1.6988182053932945,0.6866909909706381,1.4994659801026184,2
TRN-0206,15.64,43.7312,36.5787,24.7762,10.3069,10.4717,13.1759,67.9744,17.0176,Valid,10.198743708947964,0.10815629105203683,0.10815629105203683,10.414088525282157,0.057611474717843336,0.057611474717843336,13.033471871941735,0.1424281280582651,0.1424281280582651,50.44966829785535,17.524731702144656,17.524731702144656,17.524731702144656,4.4582318989932,17.524731702144656,0.18320951152413573,2.26304717776914,4
TRN-0641,24.5801,94.9394,27.697,34.8704,17.3518,17.6709,21.5468,56.5225,37.4487,Valid,17.430518505918954,-0.07871850591895324,0.07871850591895324,17.652617163703113,0.018282836296886984,0.018282836296886984,21.418993976222545,0.1278060237774561,0.1278060237774561,48.53945895336838,7.9830410466316195,7.9830410466316195,7.9830410466316195,2.051962103156229,7.9830410466316195,0.3276580659261254,1.3854449879938497,2
TRN-0478,22.1023,75.3986,39.5437,15.7804,15.0451,15.3171,18.7467,40.8439,29.3263,Valid,14.95108167885778,0.09401832114222053,0.09401832114222053,15.35390950556554,-0.036809505565539524,0.036809505565539524,18.681020609789382,0.06567939021061875,0.06567939021061875,49.81588187843597,-8.971981878435969,8.971981878435969,8.971981878435969,2.292122273838587,8.971981878435969,0.30375542486579893,1.1472144737175614,4
TRN-0026,23.3843,84.4197,26.1531,13.7255,16.0969,15.9865,19.9008,42.4546,28.9849,Valid,16.022463011260662,0.07443698873933968,0.07443698873933968,16.11659558685146,-0.1300955868514606,0.1300955868514606,19.767018329314364,0.13378167068563585,0.13378167068563585,49.175608373586854,-6.721008373586855,6.721008373586855,6.721008373586855,1.7648306549658228,6.721008373586855,0.36168580459129834,1.1210684078711683,4
TRN-0363,12.5154,100.0179,26.6011,17.9126,11.5718,13.6642,13.2085,54.963,36.6662,Valid,11.708729396638276,-0.1369293966382763,0.1369293966382763,13.731413161425346,-0.06721316142534661,0.06721316142534661,13.553597857009049,-0.3450978570090477,0.3450978570090477,49.92470503421102,5.038294965788978,5.038294965788978,5.038294965788978,1.3968838452154122,5.038294965788978,0.41720836910648385,1.858145498746675,2
TRN-0430,20.7575,53.4003,34.8645,24.8433,12.9698,12.7579,16.7595,48.1514,19.0719,Valid,13.191046980902405,-0.22124698090240535,0.22124698090240535,12.949959248048804,-0.19205924804880503,0.19205924804880503,16.813005875895584,-0.053505875895584865,0.053505875895584865,49.814165234274455,-1.6627652342744526,1.6627652342744526,1.6627652342744526,0.532394334780312,1.6627652342744526,0.652573542790709,1.5619607708147432,4
TRN-0936,10.8932,25.4503,34.2131,51.1712,7.0372,7.1364,9.181,62.3112,14.5568,Valid,7.2168932582346965,-0.17969325823469617,0.17969325823469617,7.371053275104918,-0.23465327510491818,0.23465327510491818,9.445481270421261,-0.26448127042126224,0.26448127042126224,50.41799142752704,11.893208572472957,11.893208572472957,11.893208572472957,3.1430090940584585,11.893208572472957,0.24137045738907806,2.580912064832377,4
TRN-0129,21.1678,103.3248,40.2966,38.4533,16.1599,17.4796,19.4539,,47.0142,Valid,16.312918321193266,-0.1530183211932652,0.1530183211932652,17.617850273324606,-0.13825027332460493,0.13825027332460493,19.823840727268745,-0.3699407272687445,0.3699407272687445,49.12401877415009,,,0.3699407272687445,0.22040310726220488,0.3699407272687445,0.8194013879916721,0.18612472390651727,2
TRN-0688,20.0467,29.4538,26.8279,33.6621,11.6891,10.7337,15.4426,54.0091,16.7953,Valid,11.620702164368359,0.06839783563164126,0.06839783563164126,10.490431373214115,0.2432686267858859,0.2432686267858859,15.21686909892808,0.22573090107191973,0.22573090107191973,49.663103171663664,4.345996828336332,4.345996828336332,4.345996828336332,1.2208485479564448,4.345996828336332,0.4502783410963204,1.884108480978517,4
TRN-0157,22.4119,20.8205,26.7832,21.6598,11.8651,10.3674,15.741,52.7544,16.6935,Valid,12.138977473209406,-0.2738774732094065,0.2738774732094065,10.471972442686893,-0.10457244268689259,0.10457244268689259,16.13356186100214,-0.3925618610021395,0.3925618610021395,49.80357400629506,2.950825993704939,2.950825993704939,2.950825993704939,0.9304594426508443,2.950825993704939,0.5180114007610709,1.8687517869357553,4
TRN-0422,29.5699,19.6229,39.3521,44.9731,15.9528,13.5415,21.3873,41.892,20.6111,Valid,15.807369875943802,0.14543012405619749,0.14543012405619749,13.44702715450016,0.0944728454998387,0.0944728454998387,21.242710367211046,0.14458963278895354,0.14458963278895354,49.08804114516983,-7.196041145169829,7.196041145169829,7.196041145169829,1.8951334368787047,7.196041145169829,0.3454072227766185,1.2223515214019847,3
TRN-0561,21.2552,28.753,28.5431,55.9749,14.8131,15.3306,16.1621,58.7379,17.9232,Invalid,12.429527744860406,2.383572255139594,2.383572255139594,11.094264294595213,4.236335705404787,4.236335705404787,16.344409427447964,-0.18230942744796508,0.18230942744796508,49.128094480024565,9.609805519975438,9.609805519975438,9.609805519975438,4.103005726991946,9.609805519975438,0.19596293900094583,1.6726289448566856,4
TRN-0281,20.3633,63.1516,37.9498,43.269,14.0488,13.9778,17.9825,33.7963,25.6006,Valid,13.7622705018203,0.28652949817969997,0.28652949817969997,13.89703958859083,0.08076041140916956,0.08076041140916956,17.369652680796275,0.6128473192037269,0.6128473192037269,49.44607786910033,-15.649777869100326,15.649777869100326,15.649777869100326,4.157478774473231,15.649777869100326,0.19389318768493372,0.9933408048373644,4
TRN-0108,18.4548,83.0207,37.7378,7.6421,13.5164,7.7951,16.5216,45.0359,30.0347,Invalid,13.519526283439104,-0.0031262834391032612,0.0031262834391032612,14.611964405783148,-6.816864405783148,6.816864405783148,16.537639029415132,-0.01603902941513269,0.01603902941513269,50.18313442378019,-5.147234423780191,5.147234423780191,6.816864405783148,2.9958160356043937,6.816864405783148,0.25026177158547375,1.797573617360597,4
TRN-0332,19.9914,90.3498,42.0529,54.2919,15.1578,16.3139,18.691,51.4997,37.3545,Valid,15.221093510273777,-0.06329351027377683,0.06329351027377683,16.301537844361526,0.012362155638474093,0.012362155638474093,18.694726468563683,-0.003726468563684193,0.003726468563684193,49.085185075853275,2.4145149241467223,2.4145149241467223,2.4145149241467223,0.6234742646556644,2.4145149241467223,0.6159629516591678,1.4299046924311476,2
TRN-0185,13.0874,48.0294,42.0912,28.1127,9.6031,10.4584,12.469,52.8484,46.1158,Invalid,9.25605571686743,0.3470442831325702,0.3470442831325702,10.100926748659695,0.35747325134030383,0.35747325134030383,11.707107965858487,0.7618920341415123,0.7618920341415123,50.75660297646627,2.0917970235337293,2.0917970235337293,2.0917970235337293,0.8895516480370289,2.0917970235337293,0.5292260738354813,2.026040613762598,4
TRN-0746,11.5123,78.7144,35.2434,11.023,9.9073,11.8385,11.9057,50.1068,25.1387,Valid,9.980919779882914,-0.07361977988291457,0.07361977988291457,11.7947310520695,0.043768947930500346,0.043768947930500346,11.843494714828836,0.06220528517116364,0.06220528517116364,50.703647741116406,-0.5968477411164059,0.5968477411164059,0.5968477411164059,0.19411043852524612,0.5968477411164059,0.837443479042879,1.91978494320685,4
TRN-0656,12.9859,56.5878,41.075,23.6554,9.7232,10.5824,12.1611,23.4386,17.7576,Valid,9.625525631733804,0.0976743682661958,0.0976743682661958,10.721414086557646,-0.1390140865576459,0.1390140865576459,11.979935789208813,0.18116421079118616,0.18116421079118616,50.735448482061294,-27.296848482061293,27.296848482061293,27.296848482061293,6.928675286919081,27.296848482061293,0.12612447398997712,0.9813302271303601,4
TRN-0270,18.3775,49.9777,28.7527,20.261,11.6306,11.4468,14.7626,43.6153,17.1733,Valid,11.795248838395649,-0.16464883839564948,0.16464883839564948,11.601785076008499,-0.15498507600849898,0.15498507600849898,14.953725777908083,-0.19112577790808238,0.19112577790808238,49.95588571008029,-6.3405857100802905,6.3405857100802905,6.3405857100802905,1.7128363505981303,6.3405857100802905,0.36861788577092697,1.5796877159925917,4
TRN-0462,9.376,27.3945,36.0394,38.8804,6.3963,7.0118,8.4734,42.8012,14.3644,Valid,6.45187281481987,-0.055572814819869976,0.055572814819869976,6.964855120923149,0.04694487907685119,0.04694487907685119,8.381248772719374,0.09215122728062575,0.09215122728062575,50.871006774347684,-8.069806774347683,8.069806774347683,8.069806774347683,2.066118923881257,8.069806774347683,0.3261452098975165,2.2512899113426545,4
TRN-0245,12.2692,79.2162,37.8168,33.9754,10.6367,12.3656,12.7798,33.0432,26.8149,Valid,10.647797772369117,-0.011097772369117465,0.011097772369117465,12.377352166352093,-0.01175216635209253,0.01175216635209253,12.757593490857957,0.02220650914204292,0.02220650914204292,50.21293448579275,-17.169734485792752,17.169734485792752,17.169734485792752,4.303697733414001,17.169734485792752,0.18854769827847975,1.302223861153465,4
TRN-0986,16.4933,30.86,41.2013,54.7611,10.5093,10.1223,13.7721,54.7129,17.9657,Valid,10.259843660914592,0.2494563390854072,0.2494563390854072,10.020993577755988,0.10130642224401143,0.10130642224401143,13.487420862871087,0.28467913712891324,0.28467913712891324,50.0124075460815,4.7004924539185,4.7004924539185,4.7004924539185,1.333983588094208,4.7004924539185,0.42845202729833265,2.001448887660037,4
TRN-0905,20.6906,44.6437,44.5003,38.915,12.5439,12.4742,16.1979,53.5546,20.3892,Valid,12.855465299326394,-0.3115652993263929,0.3115652993263929,12.612344010342758,-0.13814401034275825,0.13814401034275825,16.67691125322721,-0.4790112532272097,0.4790112532272097,49.943410802306886,3.6111891976931147,3.6111891976931147,3.6111891976931147,1.134977440147369,3.6111891976931147,0.4683890242563753,1.733887203885085,4
TRN-0355,12.6951,77.0043,34.7021,7.1159,10.4104,11.9463,12.3935,66.5491,24.5341,Valid,10.408114561470498,0.002285438529501249,0.002285438529501249,12.00799827145846,-0.061698271458459075,0.061698271458459075,12.457940571095872,-0.0644405710958722,0.0644405710958722,50.681105201477905,15.86799479852209,15.86799479852209,15.86799479852209,3.999104769901481,15.86799479852209,0.20003581561658437,2.2167449462158393,4
TRN-0684,28.7954,59.5556,32.8725,33.6192,17.5358,16.2295,22.6425,49.5823,22.6681,Valid,17.496021271214715,0.03977872878528288,0.03977872878528288,16.26309105941492,-0.03359105941491691,0.03359105941491691,22.451104820202996,0.19139517979700216,0.19139517979700216,48.74758074702218,0.8347192529778198,0.8347192529778198,0.8347192529778198,0.27487105524375544,0.8347192529778198,0.7843930536243918,1.2587133105022787,3
TRN-0433,14.1649,48.5547,35.8988,14.1726,9.8755,10.08,12.6932,52.2889,17.3311,Valid,9.629406439534034,0.2460935604659671,0.2460935604659671,10.200948439342831,-0.12094843934283084,0.12094843934283084,12.13599756303637,0.5572024369636299,0.5572024369636299,50.742315200941796,1.546584799058202,1.546584799058202,1.546584799058202,0.6177073089576575,1.546584799058202,0.6181587945252799,1.997390085243715,4
TRN-0205,11.8979,97.544,25.2669,56.4937,11.918,13.5932,14.1341,49.7389,35.013,Valid,11.730244904192283,0.18775509580771654,0.18775509580771654,13.59461216483486,-0.0014121648348606186,0.0014121648348606186,13.632969428609382,0.5011305713906182,0.5011305713906182,49.11032778240118,0.6285722175988226,0.6285722175988226,0.6285722175988226,0.3297175124080045,0.6285722175988226,0.7520394299305615,1.6925086570070969,2
TRN-0806,25.4865,99.3398,44.008,55.3353,18.2879,18.9374,22.9072,48.9598,46.4182,Valid,18.374079521441885,-0.08617952144188479,0.08617952144188479,19.03613437890457,-0.09873437890457026,0.09873437890457026,22.74485192231183,0.1623480776881685,0.1623480776881685,48.529759925110135,0.43004007488986673,0.43004007488986673,0.43004007488986673,0.19432551323112257,0.43004007488986673,0.8372926718232827,1.1246215820469154,1
TRN-0177,8.8071,96.5473,34.9594,44.9813,10.2865,12.7489,11.7695,36.0828,36.0541,Valid,10.066530458557903,0.21996954144209724,0.21996954144209724,12.653082174233846,0.09581782576615439,0.09581782576615439,11.507638242388149,0.26186175761185204,0.26186175761185204,49.99841216914434,-13.915612169144339,13.915612169144339,13.915612169144339,3.6233153234911106,13.915612169144339,0.21629500261835702,1.4556141865998267,2
TRN-0744,28.2125,108.5078,19.6145,8.0209,19.8403,20.0427,24.2394,52.7439,48.0361,Valid,19.596632085150915,0.2436679148490839,0.2436679148490839,19.57217179657478,0.4705282034252214,0.4705282034252214,23.920491511280066,0.31890848871993427,0.31890848871993427,48.367710316934584,4.376189683065412,4.376189683065412,4.376189683065412,1.352323572514913,4.376189683065412,0.4251115840032506,1.1261959602739333,1
TRN-0295,28.491,65.9864,38.1329,46.6129,18.1348,17.2158,23.268,39.7368,29.2011,Valid,17.86581854947607,0.26898145052392763,0.26898145052392763,16.982729100942663,0.23307089905733847,0.23307089905733847,22.840956898293022,0.42704310170697823,0.42704310170697823,48.60355937798724,-8.866759377987236,8.866759377987236,8.866759377987236,2.44896370731887,8.866759377987236,0.2899421637513758,0.9159025672601333,3
TRN-0948,27.7984,49.1388,26.1832,34.6076,16.6847,14.9078,21.5841,60.4037,21.0112,Valid,16.44412625877799,0.2405737412220077,0.2405737412220077,14.828823922153505,0.07897607784649452,0.07897607784649452,21.22698673523351,0.35711326476648964,0.35711326476648964,48.69557443247744,11.708125567522558,11.708125567522558,11.708125567522558,3.0961971628393874,11.708125567522558,0.24412887374464748,1.6022455998987148,3
TRN-0844,21.372,93.2079,34.9139,44.387,15.903,16.6672,19.6773,49.3534,37.785,Valid,15.915391445489934,-0.012391445489933872,0.012391445489933872,16.708464087153608,-0.041264087153606965,0.041264087153606965,19.488869710320913,0.18843028967908637,0.18843028967908637,48.89552765133378,0.4578723486662213,0.4578723486662213,0.4578723486662213,0.17498954274721212,0.4578723486662213,0.8510714041436712,1.3169326976699234,2
TRN-0035,21.0816,84.4086,44.5723,45.0304,15.2472,16.1899,18.847,46.072,34.834,Valid,15.311056724447447,-0.06385672444744728,0.06385672444744728,16.176026336050477,0.01387366394952494,0.01387366394952494,18.990772346309917,-0.1437723463099161,0.1437723463099161,49.342694656905834,-3.2706946569058317,3.2706946569058317,3.2706946569058317,0.87304934790318,3.2706946569058317,0.5338887633256799,1.2796195447430752,4
TRN-0971,10.7856,47.0839,39.4542,52.5867,8.5482,9.3426,10.8938,58.0583,16.9186,Valid,8.383424101692945,0.1647758983070542,0.1647758983070542,9.34921550983299,-0.006615509832990085,0.006615509832990085,10.527217679286318,0.36658232071368246,0.36658232071368246,50.34528644376058,7.713013556239424,7.713013556239424,7.713013556239424,2.062746821273288,7.713013556239424,0.32650429772849004,2.28044329222387,4
TRN-0455,25.6612,102.5107,36.9688,45.8239,18.5978,19.1275,22.9467,48.6426,46.962,Valid,18.510731747116445,0.08706825288355446,0.08706825288355446,19.059124090644886,0.06837590935511528,0.06837590935511528,22.77914391527799,0.16755608472200834,0.16755608472200834,48.44196266389989,0.20063733610010814,0.20063733610010814,0.20063733610010814,0.13090939576519656,0.20063733610010814,0.8842441346270533,1.0993879685282777,1
TRN-0792,14.0843,67.8778,45.1334,50.613,11.2984,12.3105,14.1442,31.1149,26.6744,Valid,11.101587490177463,0.1968125098225375,0.1968125098225375,12.419201999638908,-0.10870199963890848,0.10870199963890848,13.729488120286693,0.41471187971330714,0.41471187971330714,50.05989547722843,-18.94499547722843,18.94499547722843,18.94499547722843,4.916305466600797,18.94499547722843,0.16902440309163894,1.1509838235558902,4
TRN-0662,8.1213,69.3968,29.281,41.901,8.2046,10.0533,9.4808,46.976,19.9671,Valid,8.19372596049505,0.010874039504949806,0.010874039504949806,9.904240496717579,0.14905950328242135,0.14905950328242135,9.606966510591903,-0.12616651059190254,0.12616651059190254,50.22515912879749,-3.249159128797494,3.249159128797494,3.249159128797494,0.883814795544192,3.249159128797494,0.5308377460275348,2.075702866663258,4
TRN-0266,15.9753,99.6298,30.1634,13.0101,13.3042,14.9661,15.6586,44.586,38.6543,Valid,13.297474586809969,0.006725413190030949,0.006725413190030949,14.967155936938392,-0.0010559369383909,0.0010559369383909,15.743863313206536,-0.08526331320653568,0.08526331320653568,49.84524954830318,-5.259249548303181,5.259249548303181,5.259249548303181,1.3380735529095347,5.259249548303181,0.4277025411606853,1.4136280270878565,2
TRN-0326,30.0836,84.8342,42.2461,45.3787,19.8302,19.4816,24.9872,63.2539,37.3695,Valid,19.662965108855836,0.16723489114416523,0.16723489114416523,19.253778552994127,0.2278214470058728,0.2278214470058728,24.833144470819708,0.15405552918029386,0.15405552918029386,48.42430108526156,14.82959891473844,14.82959891473844,14.82959891473844,3.844677695517193,14.82959891473844,0.20641207998734476,1.372678669735092,3
TRN-0173,8.8793,48.0957,34.4588,23.3188,7.1496,8.3093,8.9484,47.6605,15.0183,Valid,7.169420098016094,-0.01982009801609319,0.01982009801609319,8.366105506241057,-0.05680550624105685,0.05680550624105685,8.811916849951345,0.13648315004865452,0.13648315004865452,50.97908232632941,-3.3185823263294125,3.3185823263294125,3.3185823263294125,0.8829227701588043,3.3185823263294125,0.53108922779433,2.2484869811555335,4
TRN-0473,21.7807,79.7624,44.4431,34.0606,15.1516,16.0863,18.7589,49.0243,32.4963,Valid,15.260595671666604,-0.1089956716666034,0.1089956716666034,15.925794649556467,0.1605053504435343,0.1605053504435343,19.038173098094404,-0.2792730980944036,0.2792730980944036,49.566639974476956,-0.5423399744769597,0.5423399744769597,0.5423399744769597,0.27277852367037525,0.5423399744769597,0.7856826473754835,1.3683017585941748,4
TRN-0759,14.1698,79.0463,27.4585,28.9708,11.6621,12.8104,14.0205,55.029,24.5945,Valid,11.478473539835797,0.18362646016420392,0.18362646016420392,12.645993235991389,0.16440676400861065,0.16440676400861065,13.78039088337407,0.2401091166259306,0.2401091166259306,49.787492734247365,5.241507265752638,5.241507265752638,5.241507265752638,1.4574124016378458,5.241507265752638,0.4069321044092998,1.8548312248107504,4
TRN-0090,25.4547,40.4219,23.6058,25.1758,14.7793,13.0121,19.0257,45.9565,18.5905,Valid,14.721005821332852,0.05829417866714692,0.05829417866714692,13.11570770534244,-0.1036077053424389,0.1036077053424389,19.094221322104328,-0.06852132210432771,0.06852132210432771,49.12259902289927,-3.1660990228992745,3.1660990228992745,3.1660990228992745,0.849130557253297,3.1660990228992745,0.5407946973119099,1.4204207143322178,3
TRN-0346,13.4272,55.4707,35.9373,17.5331,9.7561,10.4939,12.1206,55.9888,17.4079,Invalid,9.696393954739511,0.05970604526048895,0.05970604526048895,10.562558759133646,-0.06865875913364583,0.06865875913364583,12.052537258160445,0.06806274183955452,0.06806274183955452,50.66187346338258,5.326926536617421,5.326926536617421,5.326926536617421,1.3808385207127776,5.326926536617421,0.42002008590680023,2.0929376646117266,4
TRN-0250,19.19,70.3763,45.3644,54.5215,13.7609,14.6353,17.4645,53.9176,29.2459,Valid,13.74056086089934,0.020339139100659764,0.020339139100659764,14.437628013080305,0.1976719869196959,0.1976719869196959,17.2322070368392,0.23229296316080195,0.23229296316080195,49.487024163577146,4.430575836422854,4.430575836422854,4.430575836422854,1.2202199814010029,4.430575836422854,0.4504058194129845,1.6098363632828527,4
TRN-0585,19.7951,57.3239,36.9512,42.1921,13.0019,13.2516,16.721,24.2143,20.122,Valid,13.153281917754178,-0.15138191775417909,0.15138191775417909,13.16492460153839,0.08667539846160999,0.08667539846160999,16.684353955383365,0.03664604461663501,0.03664604461663501,49.55020478768532,-25.335904787685315,25.335904787685315,25.335904787685315,6.402652037129435,25.335904787685315,0.1350867222968615,0.6675156171769003,4
TRN-0057,30.1846,57.0555,30.0486,29.5513,18.1997,16.6974,23.4507,84.119,22.705,Valid,17.97375891271322,0.22594108728678108,0.22594108728678108,16.406284371745663,0.29111562825433523,0.29111562825433523,23.1310239131534,0.3196760868466022,0.3196760868466022,48.63814734431156,35.48085265568844,35.48085265568844,35.48085265568844,9.079396364519038,35.48085265568844,0.09921229048201215,1.8929766393358625,3
TRN-0187,31.0442,84.7434,25.919,22.4294,19.9745,19.1135,25.0038,51.3905,32.1574,Valid,19.825388391828533,0.14911160817146651,0.14911160817146651,18.85985169244178,0.253648307558219,0.253648307558219,24.891744212517743,0.1120557874822552,0.1120557874822552,48.270372907861116,3.120127092138887,3.120127092138887,3.120127092138887,0.9087356988377069,3.120127092138887,0.5239070032634343,1.117989122839042,3
TRN-0557,15.5447,29.2815,39.9119,30.1967,0.1218,9.5419,12.5008,57.9382,16.9847,Invalid,9.424068927299173,-9.302268927299172,9.302268927299172,9.308053326113374,0.23384667388662628,0.23384667388662628,12.385130834395653,0.1156691656043467,0.1156691656043467,50.61301922521351,7.325180774786489,7.325180774786489,9.302268927299172,4.244241385394158,9.302268927299172,0.19068534922612831,2.887112226123601,4
TRN-0098,21.2152,65.8614,33.6448,35.9575,14.2849,14.3922,18.1252,58.3774,24.619,Valid,14.22885579136987,0.056044208630130044,0.056044208630130044,14.221380312810972,0.17081968718902907,0.17081968718902907,17.888314300691995,0.2368856993080044,0.2368856993080044,49.3487338608289,9.0286661391711,9.0286661391711,9.0286661391711,2.373103933574566,9.0286661391711,0.2964628483713142,1.676843848444577,4
TRN-0734,30.9058,62.5443,43.9515,46.107,18.7959,17.6931,16.8485,56.4007,30.8448,Invalid,18.83874875660327,-0.04284875660327003,0.04284875660327003,17.707665841536304,-0.014565841536303026,0.014565841536303026,24.299286551386565,-7.450786551386564,7.450786551386564,48.63526350088222,7.765436499117783,7.765436499117783,7.765436499117783,3.81840941216098,7.765436499117783,0.20753736647536472,1.4416925221326675,3
TRN-0718,11.7229,106.4226,33.7749,44.7718,11.9335,,13.9352,52.3137,45.356,Invalid,12.00925670005716,-0.07575670005715907,0.07575670005715907,14.459637208498807,,,13.870025371143392,0.06517462885660841,0.06517462885660841,49.58699827796015,2.7267017220398486,2.7267017220398486,2.7267017220398486,0.9558776836512054,2.7267017220398486,0.5112794160692165,1.5494606652671192,2
TRN-0389,14.6259,73.7701,26.7014,45.617,11.3153,12.2835,13.6233,67.4187,22.432,Valid,11.60250689768725,-0.28720689768725016,0.28720689768725016,12.473922179004777,-0.1904221790047771,0.1904221790047771,14.073907842437553,-0.45060784243755236,0.45060784243755236,49.40936306562573,18.009336934374268,18.009336934374268,18.009336934374268,4.734393463375962,18.009336934374268,0.17438635949673362,2.144608166371753,4
TRN-0680,20.7467,66.0727,27.8669,12.5571,13.8576,13.7229,16.9478,56.1486,22.4213,Valid,13.730236457672572,0.1273635423274282,0.1273635423274282,13.692622175631364,0.030277824368635464,0.030277824368635464,17.151560242452064,-0.2037602424520628,0.2037602424520628,49.70266901212858,6.445930987871421,6.445930987871421,6.445930987871421,1.7018331492548868,6.445930987871421,0.3701190801792408,1.685617381696345,4
TRN-0709,29.2852,102.7158,48.2417,54.5325,20.3658,20.6792,25.271,68.8564,54.4227,Valid,20.38295292755104,-0.017152927551041586,0.017152927551041586,20.764901319035936,-0.08570131903593392,0.08570131903593392,25.414283696229322,-0.14328369622932158,0.14328369622932158,48.31147185924999,20.544928140750002,20.544928140750002,20.544928140750002,5.197766520891575,20.544928140750002,0.1613484465136234,1.4349256401674777,1
TRN-0406,25.1233,40.9434,43.4653,22.5027,22.7285,13.9656,19.5208,49.8444,21.013,Invalid,14.586374960046962,8.142125039953038,8.142125039953038,13.658092105221822,0.30750789477817797,0.30750789477817797,19.096603823673437,0.42419617632656426,0.42419617632656426,49.90338678336266,-0.05898678336266272,0.05898678336266272,8.142125039953038,2.233203973605111,8.142125039953038,0.30929072466930463,1.353159467143582,3
TRN-0496,13.5539,39.9312,20.6458,47.9961,8.8443,8.5335,10.9148,48.4001,15.0114,Valid,9.238941919353378,-0.39464191935337745,0.39464191935337745,9.058561135504943,-0.5250611355049433,0.5250611355049433,11.67565997370218,-0.7608599737021802,0.7608599737021802,49.61057035504074,-1.2104703550407407,1.2104703550407407,1.2104703550407407,0.7227583459003104,1.2104703550407407,0.5804644640844284,2.0792893825412944,4
TRN-0500,18.4778,63.4249,40.0174,37.7434,12.4168,13.2615,15.4617,34.8244,25.4269,Valid,12.808391165789292,-0.39159116578929165,0.39159116578929165,13.287175963044385,-0.02567596304438524,0.02567596304438524,16.0951543401916,-0.633454340191598,0.633454340191598,49.81024526846348,-14.985845268463486,14.985845268463486,14.985845268463486,4.0091416843721905,14.985845268463486,0.1996349999681298,1.1798994371577014,4
TRN-0238,24.5424,90.2796,44.3099,53.5612,17.2203,17.7766,21.3428,43.8869,39.469,Valid,17.399492063127322,-0.17919206312732072,0.17919206312732072,17.935422161483807,-0.15882216148380834,0.15882216148380834,21.66031695505492,-0.31751695505491995,0.31751695505491995,48.76450550502041,-4.877605505020412,4.877605505020412,4.877605505020412,1.3832841711716153,4.877605505020412,0.41958907464585016,1.0642519793140826,2
TRN-0494,16.9402,91.4089,28.7547,32.746,13.7494,14.6965,16.65,55.3822,32.4537,Valid,13.539224450176551,0.21017554982344855,0.21017554982344855,14.726711898656776,-0.030211898656775205,0.030211898656775205,16.264202826683558,0.3857971733164405,0.3857971733164405,49.361529090723266,6.020670909276731,6.020670909276731,6.020670909276731,1.6617138827683489,6.020670909276731,0.3756977812205486,1.6573873680384608,2
TRN-0597,11.0549,38.0733,34.939,28.6861,7.5375,8.2343,9.2702,52.9228,15.2692,Valid,7.726242927880549,-0.1887429278805497,0.1887429278805497,8.329290739436535,-0.09499073943653613,0.09499073943653613,9.8214443415744,-0.5512443415743995,0.5512443415743995,50.78732291653774,2.1354770834622627,2.1354770834622627,2.1354770834622627,0.742613773088437,2.1354770834622627,0.5738506233815073,2.3285008986101943,4
TRN-0749,16.9551,49.3238,37.9182,46.079,11.5897,11.7664,14.8056,46.527,18.7843,Valid,11.393747644859594,0.1959523551404061,0.1959523551404061,11.568120874633815,0.1982791253661862,0.1982791253661862,14.519990061658492,0.2856099383415085,0.2856099383415085,49.84552973216202,-3.3185297321620197,3.3185297321620197,3.3185297321620197,0.9995927877525301,3.3185297321620197,0.5001018237938154,1.6501508937315632,4
TRN-0973,28.9136,58.5679,27.1528,37.1643,17.6326,16.1946,22.4584,51.0747,22.3777,Valid,17.53235956005837,0.10024043994162923,0.10024043994162923,16.067379379762514,0.12722062023748748,0.12722062023748748,22.468333930390457,-0.009933930390456425,0.009933930390456425,48.46851895585877,2.6061810441412305,2.6061810441412305,2.6061810441412305,0.7108940086777009,2.6061810441412305,0.5844897433318328,1.2995525163202726,3
TRN-0995,14.8736,90.321,43.7769,6.3052,12.5782,14.5,15.1172,,35.587,Valid,12.19348422860007,0.3847157713999305,0.3847157713999305,14.174766587166593,0.32523341283340734,0.32523341283340734,14.623033180910134,0.49416681908986604,0.49416681908986604,50.6731844153524,,,0.49416681908986604,0.40137200110773463,0.49416681908986604,0.7135863990500279,0.180517179230073,2
TRN-0420,16.7887,100.0701,39.1768,10.3787,13.9253,15.7353,16.7186,56.4779,42.4476,Valid,13.69415065653256,0.23114934346743965,0.23114934346743965,15.551800004180722,0.1834999958192789,0.1834999958192789,16.35788822207842,0.3607117779215798,0.3607117779215798,50.14041590342566,6.337484096574336,6.337484096574336,6.337484096574336,1.7782113034456586,6.337484096574336,0.35994382384081314,1.6548233793006493,2
TRN-0621,20.8151,108.1273,37.7482,18.9016,16.2126,17.5534,19.6291,65.7172,50.4377,Valid,16.17345884135524,0.03914115864475676,0.03914115864475676,17.65489882495003,-0.10149882495003126,0.10149882495003126,19.488492726123535,0.14060727387646565,0.14060727387646565,49.445883357563204,16.2713166424368,16.2713166424368,16.2713166424368,4.138140974977014,16.2713166424368,0.19462292001524417,1.6624507586703445,2
TRN-0128,26.0646,105.4747,36.4848,29.7454,18.6229,19.0469,22.9939,59.9133,49.6719,Valid,18.677245137427285,-0.05434513742728342,0.05434513742728342,19.297374137605786,-0.2504741376057851,0.2504741376057851,22.923928125407784,0.06997187459221621,0.06997187459221621,48.71043888985089,11.202861110149108,11.202861110149108,11.202861110149108,2.894413064943598,11.202861110149108,0.25677810322734285,1.3697599476649949,1
TRN-0436,12.9292,15.0079,18.0,47.765,7.7726,6.8596,10.0741,61.009,13.2914,Valid,7.556395968824081,0.21620403117591902,0.21620403117591902,6.641196182198591,0.21840381780140916,0.21840381780140916,10.005957144250754,0.06814285574924561,0.06814285574924561,49.85110531659563,11.157894683404372,11.157894683404372,11.157894683404372,2.915161347032736,11.157894683404372,0.2554173152424205,2.526940918626701,4
TRN-0733,11.1191,95.9778,32.2408,9.3445,10.3419,12.6769,11.9418,52.1243,34.3407,Valid,10.720844080957143,-0.37894408095714205,0.37894408095714205,13.01309046784681,-0.3361904678468104,0.3361904678468104,12.37736393113183,-0.43556393113182956,0.43556393113182956,50.48349469135381,1.6408053086461862,1.6408053086461862,1.6408053086461862,0.6978759471454921,1.6408053086461862,0.5889711799505865,1.919156170975142,2
TRN-0451,15.2425,33.3987,35.7329,11.8259,9.3907,9.3412,12.0736,32.7026,16.184,Valid,9.282775769573313,0.10792423042668808,0.10792423042668808,9.262316805789395,0.07888319421060608,0.07888319421060608,12.0484163940566,0.025183605943400522,0.025183605943400522,50.85442496364181,-18.151824963641815,18.151824963641815,18.151824963641815,4.590953998555627,18.151824963641815,0.17886035196468097,1.4713956352681719,4
TRN-0061,30.0389,73.7471,41.4148,46.8461,19.0801,18.3148,24.107,44.198,31.9481,Valid,19.04566086090775,0.03443913909225316,0.03443913909225316,18.28352881584417,0.03127118415583041,0.03127118415583041,24.27098365912743,-0.16398365912743174,0.16398365912743174,48.48744605538451,-4.289446055384509,4.289446055384509,4.289446055384509,1.1297850094400061,4.289446055384509,0.4695309599643273,0.9794972447477263,3
TRN-0051,31.1752,99.3175,25.9078,5.095,20.6205,20.1688,25.4065,34.0022,42.1474,Valid,20.487644860101497,0.13285513989850273,0.13285513989850273,19.993398229964086,0.17540177003591495,0.17540177003591495,25.417804626624985,-0.011304626624983882,0.011304626624983882,48.48180595373913,-14.479605953739132,14.479605953739132,14.479605953739132,3.6997918725746333,14.479605953739132,0.2127753796578616,0.5522423392713072,1
TRN-0093,20.1057,35.7746,27.7187,59.2091,12.5668,11.4561,16.472,51.154,18.1969,Valid,12.301688651770732,0.26511134822926863,0.26511134822926863,11.293730488674163,0.16236951132583677,0.16236951132583677,15.986638184715051,0.4853618152849499,0.4853618152849499,49.05671221597523,2.097287784024772,2.097287784024772,2.097287784024772,0.7525326147162068,2.097287784024772,0.5706027902721418,1.7326070547024333,4
TRN-0457,14.4873,100.0648,36.7584,54.3708,12.7881,14.6488,15.1889,44.7178,41.1164,Valid,13.105000606022088,-0.316900606022088,0.316900606022088,15.053613353582536,-0.40481335358253645,0.40481335358253645,15.539842839911351,-0.350942839911351,0.350942839911351,49.295988512654546,-4.578188512654549,4.578188512654549,4.578188512654549,1.412711328042631,4.578188512654549,0.41447146551563363,1.462256439049254,2
TRN-0939,22.3374,56.6306,28.9941,18.4958,13.9008,13.3433,17.7527,49.9282,19.3513,Valid,14.045577708221822,-0.144777708221822,0.144777708221822,13.528355316892304,-0.1850553168923046,0.1850553168923046,17.826840085685852,-0.07414008568585118,0.07414008568585118,49.568272390424994,0.3599276095750028,0.3599276095750028,0.3599276095750028,0.19097518009374514,0.3599276095750028,0.8396480604417693,1.5416332718953818,4
TRN-0872,26.9568,40.5601,40.3636,25.9641,,14.5565,20.7849,74.7142,21.4579,Invalid,15.4833108688521,,,14.18992432470082,0.36657567529917934,0.36657567529917934,20.28664440098655,0.49825559901345073,0.49825559901345073,49.55440826153145,25.159791738468556,25.159791738468556,25.159791738468556,8.674874337593728,25.159791738468556,0.10336051561045013,1.6398352360528943,3
TRN-0652,27.089,62.907,40.7783,13.492,16.8702,0.0,21.7538,66.6104,28.0562,Invalid,16.633380412646332,0.23681958735366848,0.23681958735366848,16.03852647172627,-16.03852647172627,16.03852647172627,21.2797610181891,0.47403898181089943,0.47403898181089943,49.58888294985317,17.021517050146826,17.021517050146826,17.021517050146826,8.442725522759417,17.021517050146826,0.10590162740511103,2.53188594912464,3
TRN-0084,16.1984,104.131,47.1348,13.1686,13.8563,16.0643,16.4932,45.0811,49.5151,Valid,13.678616466797386,0.17768353320261276,0.17768353320261276,15.970712515877407,0.0935874841225921,0.0935874841225921,16.31369985195449,0.17950014804551273,0.17950014804551273,50.36812367382422,-5.287023673824223,5.287023673824223,5.287023673824223,1.434448709798735,5.287023673824223,0.4107706175837542,1.3650940696829792,2
TRN-0461,10.4319,41.9366,32.0292,45.3324,7.5731,8.4603,9.6327,36.0315,15.0741,Valid,7.833061597104786,-0.2599615971047857,0.2599615971047857,8.490613243257393,-0.030313243257392486,0.030313243257392486,9.83985197498501,-0.2071519749850097,0.2071519749850097,50.33303361928049,-14.301533619280491,14.301533619280491,14.301533619280491,3.6997401086569197,14.301533619280491,0.21277772321026864,1.8450235697832202,4
TRN-0615,28.5161,46.13,36.8821,25.4588,16.5328,15.279,21.4779,48.4752,21.8358,Valid,16.52957231710533,0.0032276828946713465,0.0032276828946713465,15.086029664696678,0.19297033530332186,0.19297033530332186,21.524295603516975,-0.046395603516973694,0.046395603516973694,49.239948433440304,-0.7647484334403032,0.7647484334403032,0.7647484334403032,0.2518355137888175,0.7647484334403032,0.798826993630649,1.3048187322667315,3
TRN-0828,12.2969,56.5112,39.2929,28.3125,9.4048,10.5472,11.7256,,17.4859,Valid,9.342741505547151,0.062058494452848834,0.062058494452848834,10.459364687897915,0.08783531210208473,0.08783531210208473,11.582465411667794,0.14313458833220594,0.14313458833220594,50.63409886370718,,,0.14313458833220594,0.0976761316290465,0.14313458833220594,0.9110155274269409,0.21978916983372815,4
TRN-0082,24.2607,41.2419,35.6057,24.8717,14.0427,13.1631,18.3995,59.6223,20.2629,Valid,14.205324177476564,-0.1626241774765642,0.1626241774765642,13.153803841489744,0.009296158510256447,0.009296158510256447,18.49650770314186,-0.09700770314185903,0.09700770314185903,49.65098084234432,9.971319157655685,9.971319157655685,9.971319157655685,2.5600617991960912,9.971319157655685,0.28089400027432476,1.7660454990722971,4
TRN-0969,30.7801,21.4751,27.9207,33.4875,16.1614,13.5707,21.6122,,19.9597,Valid,16.33955574979273,-0.17815574979272952,0.17815574979272952,13.558813746965866,0.011886253034134597,0.011886253034134597,21.80060981406973,-0.188409814069729,0.188409814069729,48.80911690428151,,,0.188409814069729,0.1261506056321977,0.188409814069729,0.8879806972519636,0.4698571390453435,3
TRN-0675,30.2286,45.8892,26.7456,33.7286,17.466,15.4147,22.8149,43.5912,21.585,Valid,17.423379177220326,0.04262082277967494,0.04262082277967494,15.404020897203933,0.010679102796066431,0.010679102796066431,22.636741422916334,0.17815857708366778,0.17815857708366778,48.54749021863192,-4.956290218631921,4.956290218631921,4.956290218631921,1.2969371803228325,4.956290218631921,0.43536236365830905,1.1351554747839694,3
TRN-0458,20.8054,64.9584,26.8743,57.8686,14.1824,22.0046,17.7369,45.5514,23.0209,Invalid,14.232032220726968,-0.04963222072696816,0.04963222072696816,13.973412972569063,8.031187027430937,8.031187027430937,17.848755995782433,-0.11185599578243455,0.11185599578243455,48.67511039531854,-3.1237103953185397,3.1237103953185397,8.031187027430937,2.8290964098147198,8.031187027430937,0.261158219322137,1.2613779455290124,4
TRN-0190,15.2603,79.1605,29.4847,21.3996,11.7469,12.7595,14.0645,19.9086,24.475,Valid,11.922182743708543,-0.1752827437085429,0.1752827437085429,13.033017104123394,-0.27351710412339436,0.27351710412339436,14.396539928845232,-0.3320399288452318,0.3320399288452318,49.924509834582004,-30.015909834582004,30.015909834582004,30.015909834582004,7.699187402814793,30.015909834582004,0.11495326559770748,0.5582602051931325,4
TRN-0202,25.3237,106.6343,38.858,25.9433,1.0,19.0542,22.2274,54.544,50.9883,Invalid,18.343362701543498,-17.343362701543498,17.343362701543498,19.1830345518511,-0.12883455185109938,0.12883455185109938,22.46732966171002,-0.23992966171002195,0.23992966171002195,48.9328522434431,5.611147756556896,5.611147756556896,17.343362701543498,5.830818667915379,17.343362701543498,0.14639533687185094,2.21197608402072,1
TRN-0068,12.3176,57.5176,21.598,48.011,9.8896,10.3904,12.1167,36.3548,16.2433,Valid,9.616928387424474,0.2726716125755253,0.2726716125755253,10.153782438484905,0.23661756151509472,0.23661756151509472,11.752036594368736,0.36466340563126387,0.36466340563126387,49.565593907339945,-13.210793907339948,13.210793907339948,13.210793907339948,3.521186621765458,13.210793907339948,0.22118087211571782,1.539758963944662,4
TRN-0214,27.8415,15.6042,28.6918,50.5509,14.726,12.1316,19.753,57.192,19.1633,Valid,14.805890480391104,-0.07989048039110358,0.07989048039110358,12.214781357576797,-0.08318135757679634,0.08318135757679634,19.885999106987605,-0.13299910698760442,0.13299910698760442,48.79279358415732,8.399206415842677,8.399206415842677,8.399206415842677,2.1738193401995454,8.399206415842677,0.315077795176939,1.7363874367742476,3
TRN-0477,10.8498,54.5137,33.8139,24.3945,8.3735,9.3847,10.2987,66.5264,15.9991,Valid,8.482826578289362,-0.10932657828936243,0.10932657828936243,9.580648842868369,-0.19594884286836844,0.19594884286836844,10.417142436269831,-0.11844243626983086,0.11844243626983086,50.68244177240714,15.843958227592857,15.843958227592857,15.843958227592857,4.066919021255105,15.843958227592857,0.1973585912474864,2.459329518285144,4
TRN-0394,17.3998,27.4014,32.6194,7.1219,10.1519,9.3392,13.4439,43.0775,16.065,Valid,9.928773788608542,0.22312621139145783,0.22312621139145783,9.35971082554994,-0.020510825549939327,0.020510825549939327,13.040820207192557,0.40307979280744277,0.40307979280744277,50.7165529267818,-7.639052926781801,7.639052926781801,7.639052926781801,2.0714424391326602,7.639052926781801,0.32557992533384034,1.7754070578354573,4
TRN-0530,18.4973,100.7009,36.7309,6.1492,14.4387,16.0742,17.2039,51.6816,42.1886,Valid,14.496877537923384,-0.05817753792338287,0.05817753792338287,16.081816645472536,-0.0076166454725346,0.0076166454725346,17.40142949233651,-0.19752949233651051,0.19752949233651051,49.984508471416824,1.6970915285831794,1.6970915285831794,1.6970915285831794,0.49010380107890184,1.6970915285831794,0.671094187717631,1.4987317708406693,2
TRN-0037,20.7384,99.3801,27.8355,9.009,15.4736,16.4851,18.3568,61.3818,39.6381,Valid,15.522848177222816,-0.04924817722281638,0.04924817722281638,16.484511556957067,0.000588443042932596,0.000588443042932596,18.731733396941017,-0.37493339694101735,0.37493339694101735,49.41828645619362,11.963513543806378,11.963513543806378,11.963513543806378,3.097070890253286,11.963513543806378,0.2440768116507202,1.6440212452686878,2
TRN-0267,12.3628,100.7801,22.3968,23.5885,11.9041,13.7706,13.9312,40.4923,36.3126,Invalid,11.73881465776241,0.16528534223759017,0.16528534223759017,13.657213823475097,0.11338617652490335,0.11338617652490335,13.533386427992063,0.3978135720079372,0.3978135720079372,49.65760552848565,-9.165305528485646,9.165305528485646,9.165305528485646,2.4604476548140193,9.165305528485646,0.2889799528129966,1.4276568374036682,2
TRN-0440,9.7342,73.9139,18.0,45.948,9.1737,10.3878,10.8464,53.3581,18.5615,Valid,9.250717296425842,-0.07701729642584176,0.07701729642584176,10.518808660847425,-0.13100866084742435,0.13100866084742435,10.808268508097399,0.038131491902600345,0.038131491902600345,49.54303618641956,3.815063813580437,3.815063813580437,3.815063813580437,1.015305315689076,3.815063813580437,0.49620273028361395,2.1098956092468972,4
TRN-0697,13.9074,63.999,35.716,17.3181,10.4776,11.3127,12.9265,53.7765,22.287,Valid,10.395171118895528,0.0824288811044731,0.0824288811044731,11.443311945526107,-0.13061194552610722,0.13061194552610722,12.77880819196606,0.14769180803394022,0.14769180803394022,50.522102605748245,3.254397394251754,3.254397394251754,3.254397394251754,0.9037825072290686,3.254397394251754,0.5252700853184576,1.9571597139400545,4
TRN-0974,18.163,28.358,31.2924,32.175,10.7058,9.9377,14.0611,50.49,16.6652,Valid,10.643248382625671,0.06255161737432857,0.06255161737432857,9.876207881084037,0.061492118915962735,0.061492118915962735,13.969013727573783,0.09208627242621681,0.09208627242621681,50.03705967653338,0.4529403234666205,0.4529403234666205,0.4529403234666205,0.16726758304578215,0.4529403234666205,0.856701594839697,1.903983630895089,4
TRN-0869,31.3848,62.2443,36.8918,34.7087,18.6216,17.3424,23.8142,52.9131,28.7862,Valid,18.907715729151587,-0.2861157291515859,0.2861157291515859,17.524628805956645,-0.18222880595664392,0.18222880595664392,24.329447674423253,-0.5152476744232537,0.5152476744232537,48.5982533631128,4.3148466368871965,4.3148466368871965,4.3148466368871965,1.32460971160467,4.3148466368871965,0.4301797394237433,1.2625885893272724,3
TRN-0025,16.5478,64.1575,36.9451,5.6956,11.3731,6.9911,14.1633,58.3087,22.9904,Invalid,11.537335799152906,-0.16423579915290532,0.16423579915290532,12.309994565848122,-5.3188945658481215,5.3188945658481215,14.328888915052943,-0.16558891505294326,0.16558891505294326,50.578074884685236,7.730625115314766,7.730625115314766,7.730625115314766,3.344836098842184,7.730625115314766,0.23015827921943496,2.2597853015492495,4
TRN-0523,11.8296,21.4584,32.3691,57.9892,25.0,7.3582,9.8972,38.2451,14.6204,Invalid,7.524848634753301,17.4751513652467,17.4751513652467,7.355368936975189,0.0028310630248107316,0.0028310630248107316,9.94384634511948,-0.046646345119480515,0.046646345119480515,50.16053599806186,-11.91543599806186,11.91543599806186,17.4751513652467,7.360016192863212,17.4751513652467,0.11961699318880278,1.5347424998639763,4
TRN-0172,28.6209,35.1609,28.1335,24.3318,15.7314,13.8399,20.6323,43.6457,19.8299,Valid,15.948954163185626,-0.21755416318562482,0.21755416318562482,13.901968993406099,-0.06206899340609873,0.06206899340609873,20.929916709389833,-0.29761670938983187,0.29761670938983187,49.06741536341057,-5.42171536341057,5.42171536341057,5.42171536341057,1.4997388073480313,5.42171536341057,0.4000417951909537,1.2703680175055039,3
TRN-0723,12.3018,61.145,38.4586,12.285,9.4748,10.5765,11.5015,53.5863,17.7216,Valid,9.409979841922473,0.06482015807752717,0.06482015807752717,10.690706909706387,-0.1142069097063878,0.1142069097063878,11.547615219569419,-0.046115219569419,0.046115219569419,50.907485384054645,2.678814615945356,2.678814615945356,2.678814615945356,0.7259892258246725,2.678814615945356,0.5793778924212015,2.0724428271180564,4
TRN-0041,15.098,38.9042,25.1113,36.8095,9.7416,9.5803,12.384,42.8213,16.1036,Valid,9.79829080878656,-0.05669080878655919,0.05669080878655919,9.552824685728307,0.02747531427169214,0.02747531427169214,12.500864335294583,-0.11686433529458284,0.11686433529458284,49.88383522173833,-7.0625352217383295,7.0625352217383295,7.0625352217383295,1.815891420022791,7.0625352217383295,0.35512732944507724,1.7840993440787558,4
TRN-0958,13.9218,61.6483,44.9454,43.3601,10.3708,11.515,12.7252,52.0169,19.7819,Valid,10.593453422853452,-0.2226534228534529,0.2226534228534529,11.766516268218297,-0.2515162682182961,0.2515162682182961,13.19836691726108,-0.4731669172610804,0.4731669172610804,50.295920675003586,1.7209793249964136,1.7209793249964136,1.7209793249964136,0.6670789833323107,1.7209793249964136,0.599851602712373,1.9229869716398662,4
TRN-0364,10.1665,93.6094,41.4084,43.4711,10.5852,13.1681,12.3919,36.9169,36.1226,Valid,10.548916950773394,0.03628304922660597,0.03628304922660597,13.0674172035773,0.10068279642270106,0.10068279642270106,12.297126177769353,0.09477382223064623,0.09477382223064623,50.16556957101459,-13.248669571014595,13.248669571014595,13.248669571014595,3.370102309723637,13.248669571014595,0.22882759467094477,1.4416057345158517,2
TRN-0553,12.9588,91.6201,24.6224,7.4809,11.674,13.1147,13.7081,50.501,29.8408,Valid,11.332054076461155,0.34194592353884445,0.34194592353884445,13.019843996370435,0.09485600362956426,0.09485600362956426,13.236759297431682,0.47134070256831784,0.47134070256831784,50.136082080288894,0.3649179197111039,0.3649179197111039,0.47134070256831784,0.3182651373619576,0.47134070256831784,0.7585727420518357,1.7450760602729234,2
TRN-0253,31.6361,32.2472,36.1817,55.1522,17.5824,15.0875,23.2255,71.4929,22.5182,Valid,17.613662801899956,-0.031262801899956116,0.031262801899956116,15.21814363786112,-0.13064363786111954,0.13064363786111954,23.332139266549643,-0.10663926654964229,0.10663926654964229,48.42567326264933,23.067226737350673,23.067226737350673,23.067226737350673,5.833943110915348,23.067226737350673,0.14632840569052655,1.771132271603508,3
TRN-0566,12.9328,79.8868,40.2712,33.5667,11.013,12.7045,13.3102,37.6164,27.8973,Valid,11.002393060876798,0.010606939123201542,0.010606939123201542,12.73879921126578,-0.03429921126578073,0.03429921126578073,13.243863698577183,0.0663363014228171,0.0663363014228171,50.24004028546852,-12.623640285468518,12.623640285468518,12.623640285468518,3.1837206843200794,12.623640285468518,0.23902169275971058,1.4256122449799808,4
TRN-0777,8.1947,107.2433,21.406,55.8882,10.373,13.0691,11.2021,49.4159,41.548,Valid,10.47291426971369,-0.09991426971369144,0.09991426971369144,13.008188033512045,0.06091196648795538,0.06091196648795538,11.652264316975302,-0.450164316975302,0.450164316975302,49.22179298311902,0.1941070168809773,0.1941070168809773,0.450164316975302,0.20127439251448154,0.450164316975302,0.8324492773935035,1.8578555781610642,2
TRN-0485,12.9139,39.8236,23.2491,24.6533,8.46,8.7627,10.6013,67.1814,14.2112,Valid,8.652579186829128,-0.19257918682912667,0.19257918682912667,8.712150602762883,0.05054939723711804,0.05054939723711804,10.911781631024288,-0.31048163102428816,0.31048163102428816,50.27662392188235,16.90477607811765,16.90477607811765,16.90477607811765,4.3645965733020455,16.90477607811765,0.18640730693090582,2.472338426094337,4
TRN-0076,19.98,51.4139,37.8555,12.2375,12.5667,12.777,25.0,21.6472,19.0336,Invalid,12.56252804207068,0.004171957929321124,0.004171957929321124,12.500650329019885,0.27634967098011387,0.27634967098011387,16.043769862586725,8.956230137413275,8.956230137413275,50.29002630162888,-28.642826301628876,28.642826301628876,28.642826301628876,9.469894516987896,28.642826301628876,0.09551194602557389,0.690825817804296,4
TRN-0234,31.8555,89.9514,38.7023,18.529,20.0978,19.7211,25.2735,50.7539,39.1209,Valid,20.474448112954782,-0.37664811295478273,0.37664811295478273,19.95811233602801,-0.23701233602800897,0.23701233602800897,25.76376119202368,-0.4902611920236808,0.4902611920236808,48.674200325532716,2.0796996744672853,2.0796996744672853,2.0796996744672853,0.7959053288684395,2.0796996744672853,0.5568222243819935,1.0715159408575188,1
TRN-0176,16.7604,61.6364,46.4971,55.1082,12.021,12.683,14.9245,41.1933,22.1887,Valid,12.098635729502947,-0.07763572950294595,0.07763572950294595,12.897111088917885,-0.21411108891788544,0.21411108891788544,15.2468460592873,-0.3223460592873,0.3223460592873,49.83142196591108,-8.638121965911083,8.638121965911083,8.638121965911083,2.3130537109048035,8.638121965911083,0.3018363380915118,1.4437830170656842,4
TRN-0931,19.7739,19.7536,27.0141,42.8943,11.0173,9.5235,14.5968,39.2832,16.1916,Valid,11.063646724807246,-0.04634672480724511,0.04634672480724511,9.657821533213733,-0.13432153321373264,0.13432153321373264,14.711442179985513,-0.11464217998551263,0.11464217998551263,49.59649805888178,-10.313298058881777,10.313298058881777,10.313298058881777,2.652152124222067,10.313298058881777,0.27381115736327843,1.5995358289425383,4
TRN-0945,26.7385,70.3804,36.3881,33.2994,17.2828,16.7397,21.7568,56.2922,47.492,Invalid,17.105856985809762,0.17694301419023972,0.17694301419023972,16.58000221505688,0.1596977849431198,0.1596977849431198,21.6862511480924,0.07054885190759919,0.07054885190759919,48.94867448783046,7.343525512169542,7.343525512169542,7.343525512169542,1.9376787908026252,7.343525512169542,0.34040481319156835,1.4116875702787703,3
TRN-0715,15.2056,97.2858,31.008,34.6975,12.7327,14.3418,14.9446,45.1902,36.8872,Valid,13.056002690668386,-0.32330269066838646,0.32330269066838646,14.714256606311466,-0.3724566063114665,0.3724566063114665,15.485989792608219,-0.5413897926082196,0.5413897926082196,49.49251586469232,-4.302315864692325,4.302315864692325,4.302315864692325,1.3848662385700994,4.302315864692325,0.41931072855455936,1.4887166902077231,2
TRN-0103,11.0967,57.7506,32.1577,49.6601,9.3504,10.2755,11.4103,47.7629,16.6986,Valid,9.077038812239383,0.27336118776061724,0.27336118776061724,10.103353307920186,0.1721466920798136,0.1721466920798136,11.122183205681573,0.28811679431842663,0.28811679431842663,50.009184858071805,-2.246284858071803,2.246284858071803,2.246284858071803,0.7449773830576651,2.246284858071803,0.5730733301813538,1.9498943770198507,4
TRN-0522,25.7619,69.1276,32.6964,18.6309,16.2873,15.9744,20.6953,56.4635,25.8008,Valid,16.388432218201977,-0.10113221820197893,0.10113221820197893,15.8926097458565,0.08179025414349894,0.08179025414349894,20.711980135138983,-0.016680135138983587,0.016680135138983587,49.24569826481884,7.217801735181162,7.217801735181162,7.217801735181162,1.8543510856664058,7.217801735181162,0.3503423264999406,1.4801279540386112,3
TRN-0612,22.9325,95.339,21.9622,58.4625,17.1118,17.1518,21.0356,37.9274,36.1073,Valid,16.931894802912737,0.17990519708726183,0.17990519708726183,17.134605934288153,0.01719406571184834,0.01719406571184834,20.67937399302737,0.35622600697262996,0.35622600697262996,47.96430531506016,-10.03690531506016,10.03690531506016,10.03690531506016,2.647557646207975,10.03690531506016,0.2741560509782776,0.8931181044388171,2
TRN-0706,12.8318,53.2613,36.8491,11.4673,9.0028,9.979,10.9948,42.5072,16.8909,Valid,9.217652272893947,-0.21485227289394615,0.21485227289394615,10.14659190930697,-0.16759190930697088,0.16759190930697088,11.470699039117802,-0.4758990391178024,0.4758990391178024,50.90623866748853,-8.399038667488533,8.399038667488533,8.399038667488533,2.314345472201813,8.399038667488533,0.30171869782049965,1.8489307409761953,4
TRN-0409,18.9372,42.7286,30.7494,59.6139,12.0414,11.6014,15.4897,71.2505,18.268,Valid,12.132831856595228,-0.09143185659522857,0.09143185659522857,11.580111465428152,0.021288534571848317,0.021288534571848317,15.613418644770347,-0.12371864477034755,0.12371864477034755,49.18554435870644,22.064955641293565,22.064955641293565,22.064955641293565,5.575348669307747,22.064955641293565,0.15208318984934985,2.1615313366981015,4
TRN-0741,10.1391,102.3696,30.4046,37.2094,10.9162,13.2917,12.6988,45.9982,39.7644,Valid,10.929933984869491,-0.013733984869491067,0.013733984869491067,13.395616908435068,-0.10391690843506751,0.10391690843506751,12.481124381044154,0.21767561895584642,0.21767561895584642,49.82462951583928,-3.82642951583928,3.82642951583928,3.82642951583928,1.0404390070249212,3.82642951583928,0.49009061116610303,1.6926373748054095,2
TRN-0162,13.1679,23.7918,20.5211,29.8586,8.0068,7.4467,10.4513,19.7703,13.4887,Valid,7.947532912999607,0.05926708700039285,0.05926708700039285,7.396861493393289,0.04983850660671063,0.04983850660671063,10.337097652211018,0.1142023477889822,0.1142023477889822,50.2171689109303,-30.4468689109303,30.4468689109303,30.4468689109303,7.667544213081596,30.4468689109303,0.11537293325723541,1.0792391659883254,4
TRN-0980,21.2551,92.5878,23.7463,51.8686,15.8742,16.2173,19.1395,77.3263,33.6704,Valid,15.898053632921439,-0.023853632921438717,0.023853632921438717,16.321894440441177,-0.1045944404411756,0.1045944404411756,19.37032270600732,-0.23082270600732002,0.23082270600732002,48.355925663407156,28.970374336592847,28.970374336592847,28.970374336592847,7.332411278990696,28.970374336592847,0.12001327905181487,1.9120526295892555,2
TRN-0072,11.3676,24.7966,47.8326,39.7456,7.1229,7.6559,9.5351,59.5152,17.8875,Valid,7.292479917681296,-0.16957991768129688,0.16957991768129688,7.817976203815968,-0.16207620381596843,0.16207620381596843,9.699049688932373,-0.16394968893237305,0.16394968893237305,51.11177500050592,8.403424999494078,8.403424999494078,8.403424999494078,2.224757702480929,8.403424999494078,0.31010081756860736,2.4999564590546917,4
TRN-0670,13.7125,49.7963,29.9628,30.9329,9.5133,9.9252,12.031,61.3026,16.1612,Valid,9.670665620704295,-0.1573656207042955,0.1573656207042955,10.102949640215337,-0.17774964021533712,0.17774964021533712,12.101916298822456,-0.0709162988224552,0.0709162988224552,50.19217332932708,11.110426670672915,11.110426670672915,11.110426670672915,2.8791145576037507,11.110426670672915,0.2577907883745849,2.2329677853717724,4
TRN-0884,14.7955,47.2573,38.2309,35.7656,9.9198,10.4887,12.5743,44.566,17.7695,Valid,10.119818754489595,-0.20001875448959439,0.20001875448959439,10.56790725118726,-0.07920725118725969,0.07920725118725969,12.854750445675307,-0.2804504456753083,0.2804504456753083,50.304254043964825,-5.738254043964822,5.738254043964822,5.738254043964822,1.5744826238292462,5.738254043964822,0.3884275585098396,1.7870647710526684,4
TRN-0765,25.7638,21.9445,30.2554,47.5049,13.902,20.392,18.6341,52.7792,18.6845,Invalid,14.123187220190376,-0.22118722019037662,0.22118722019037662,12.058258353360424,8.333741646639576,8.333741646639576,18.819737585197615,-0.18563758519761464,0.18563758519761464,49.03618276249042,3.7430172375095836,3.7430172375095836,8.333741646639576,3.1208959223842876,8.333741646639576,0.242665677278599,1.471125846133296,3
TRN-0208,27.5704,85.3055,24.6014,31.3391,18.2797,17.8617,22.6378,50.0485,31.0727,Valid,18.290122701214578,-0.010422701214579888,0.010422701214579888,17.74010990575472,0.12159009424527767,0.12159009424527767,22.79173914058218,-0.15393914058218172,0.15393914058218172,48.33961777061275,1.7088822293872497,1.7088822293872497,1.7088822293872497,0.49870854135732223,1.7088822293872497,0.667241142893827,1.1830366044539746,1
TRN-0116,17.1843,57.8166,30.8448,31.3097,11.8278,12.0699,14.9209,40.3349,18.4577,Valid,11.788083587800639,0.03971641219936117,0.03971641219936117,12.015529802098136,0.05437019790186426,0.05437019790186426,14.767518982638407,0.1533810173615926,0.1533810173615926,49.80962772311314,-9.47472772311314,9.47472772311314,9.47472772311314,2.4305488376439897,9.47472772311314,0.2914985465377527,1.4405976030888825,4
TRN-0807,13.7129,81.1031,27.6251,31.0034,11.2408,12.5312,13.2541,54.4976,25.0497,Valid,11.396665373317225,-0.1558653733172246,0.1558653733172246,12.685183550782076,-0.15398355078207615,0.15398355078207615,13.619782057025265,-0.3656820570252659,0.3656820570252659,49.76797789707457,4.7296221029254255,4.7296221029254255,4.7296221029254255,1.351288271012498,4.7296221029254255,0.4252987659268958,1.8905171488839947,4
TRN-0515,26.6475,106.3383,29.4929,14.2771,19.0362,19.4561,23.466,35.5775,48.7143,Valid,18.81230069844562,0.22389930155438265,0.22389930155438265,19.21642309627955,0.2396769037204507,0.2396769037204507,23.014531593845604,0.45146840615439743,0.45146840615439743,48.74341041787821,-13.165910417878209,13.165910417878209,13.165910417878209,3.52023875732686,13.165910417878209,0.221227252294826,0.6783680747507789,1
TRN-0771,10.5103,65.8953,33.8904,15.1601,8.8842,10.4931,10.7892,42.4119,20.7145,Valid,8.838687882235899,0.045512117764101134,0.045512117764101134,10.352561428281009,0.14053857171899153,0.14053857171899153,10.611116544221172,0.17808345577882712,0.17808345577882712,50.79610348264114,-8.38420348264114,8.38420348264114,8.38420348264114,2.187084406975765,8.38420348264114,0.3137663997261068,1.8478049404203234,4
TRN-0252,28.7185,102.2871,26.2899,33.8702,19.6977,19.5107,24.4223,43.589,44.555,Valid,19.81178307592465,-0.1140830759246505,0.1140830759246505,19.65364286524793,-0.14294286524793165,0.14294286524793165,24.43502298131873,-0.012722981318731286,0.012722981318731286,48.053197536193984,-4.464197536193986,4.464197536193986,4.464197536193986,1.1834866146713248,4.464197536193986,0.4579831143826488,0.8982786192169465,1
TRN-0762,25.9956,109.9526,44.171,32.6094,19.0835,20.0698,23.5018,26.7068,57.0971,Valid,18.935834452305862,0.14766554769413887,0.14766554769413887,19.923880626044323,0.1459193739556781,0.1459193739556781,23.236663555978076,0.26513644402192327,0.26513644402192327,48.874693217627275,-22.167893217627274,22.167893217627274,22.167893217627274,5.6816536458247535,22.167893217627274,0.1496635493258293,0.341232520242958,1
TRN-0722,13.5483,30.7805,39.3529,46.8138,8.7059,8.8392,11.4471,42.6593,16.6493,Valid,8.743054457739557,-0.0371544577395575,0.0371544577395575,8.868798305176545,-0.02959830517654538,0.02959830517654538,11.422743053135923,0.024356946864077855,0.024356946864077855,50.3933932183454,-7.7340932183454,7.7340932183454,7.7340932183454,1.9563007320313952,7.7340932183454,0.3382605799082081,1.8954735655367632,4
TRN-0309,17.304,91.7646,36.5064,53.8731,13.7505,15.1453,16.6453,74.8414,35.7241,Valid,13.994634021865057,-0.24413402186505628,0.24413402186505628,15.311132041777137,-0.1658320417771364,0.1658320417771364,16.947863473813698,-0.30256347381369864,0.30256347381369864,49.13044668272496,25.710953317275035,25.710953317275035,25.710953317275035,6.605870713682732,25.710953317275035,0.13147738604089473,2.0298923747580004,2
TRN-0454,18.7967,65.4734,40.9096,30.0071,13.0694,13.9466,16.4915,57.237,25.9462,Valid,12.984421230713465,0.08497876928653447,0.08497876928653447,13.533781626098703,0.41281837390129716,0.41281837390129716,16.289812907645043,0.2016870923549554,0.2016870923549554,49.96072046887141,7.276279531128594,7.276279531128594,7.276279531128594,1.9939409416678453,7.276279531128594,0.33400792449931443,1.7536473936949837,4
TRN-0312,11.6104,102.0657,46.6395,55.7037,11.7779,14.4485,13.6518,49.1068,46.3609,Valid,11.861932666708661,-0.08403266670866039,0.08403266670866039,14.556084362489768,-0.10758436248976899,0.10758436248976899,13.90917899840382,-0.25737899840382106,0.25737899840382106,49.85516209735369,-0.7483620973536915,0.7483620973536915,0.7483620973536915,0.2993395312389855,0.7483620973536915,0.7696217778015649,1.6779854231677593,2
TRN-0191,13.4092,41.696,35.3431,54.3964,9.4945,9.707,12.2115,45.3013,16.8215,Valid,9.362961630503465,0.13153836949653552,0.13153836949653552,9.68325191969556,0.023748080304439867,0.023748080304439867,11.944906398866983,0.26659360113301567,0.26659360113301567,49.97938504097298,-4.678085040972981,4.678085040972981,4.678085040972981,1.274991272976743,4.678085040972981,0.43956212574456893,1.867019907881629,4
TRN-0913,30.3803,53.4373,35.2678,10.1371,17.5759,16.0709,22.6921,36.9262,22.5101,Valid,17.64548743174761,-0.0695874317476104,0.0695874317476104,16.16826642736639,-0.09736642736638856,0.09736642736638856,22.83028579589256,-0.13818579589256075,0.13818579589256075,49.27102582349987,-12.344825823499868,12.344825823499868,12.344825823499868,3.162491369626607,12.344825823499868,0.2402407383464928,0.8944520964639093,3
TRN-0426,15.663,92.9721,42.0626,10.8552,12.5411,14.5453,14.8675,57.4867,36.7578,Valid,12.770810883788712,-0.2297108837887123,0.2297108837887123,14.65667860372843,-0.111378603728431,0.111378603728431,15.318824832992437,-0.4513248329924373,0.4513248329924373,50.411511483840016,7.075188516159983,7.075188516159983,7.075188516159983,1.966900709167391,7.075188516159983,0.33705206140202537,1.8079368757079601,2
TRN-0286,11.876,58.3091,18.0,17.1002,8.8853,9.7133,10.5956,51.7181,14.8376,Valid,9.077372970098931,-0.19207297009893054,0.19207297009893054,9.689205985496162,0.02409401450383797,0.02409401450383797,10.966812262074464,-0.3712122620744651,0.3712122620744651,50.152938386135524,1.5651616138644755,1.5651616138644755,1.5651616138644755,0.5381352151354273,1.5651616138644755,0.6501379008554548,2.117491596461059,4
TRN-0400,15.8294,42.461,36.6762,38.4979,10.6434,10.7181,13.7955,58.1528,17.266,Valid,10.382268771953866,0.26113122804613376,0.26113122804613376,10.492070166440245,0.22602983355975503,0.22602983355975503,13.314704321254355,0.4807956787456451,0.4807956787456451,50.14689525439066,8.005904745609342,8.005904745609342,8.005904745609342,2.243465371490219,8.005904745609342,0.30831221717053425,2.0366297916704177,4
TRN-0498,9.247,29.5362,30.9868,39.7963,6.3095,6.6922,8.0435,23.9261,14.0908,Valid,6.511922633407547,-0.20242263340754718,0.20242263340754718,6.948082601263393,-0.25588260126339346,0.25588260126339346,8.358131076296273,-0.31463107629627274,0.31463107629627274,50.66195542353474,-26.73585542353474,26.73585542353474,26.73585542353474,6.877197933625489,26.73585542353474,0.12694869526272637,1.5669179526338333,4
TRN-0379,27.3635,80.9819,24.8846,40.687,17.9053,17.2384,22.3222,41.2935,28.7559,Valid,18.063053591736246,-0.15775359173624537,0.15775359173624537,17.390573485858482,-0.15217348585848356,0.15217348585848356,22.597268319419626,-0.2750683194196277,0.2750683194196277,48.209346224798765,-6.915846224798763,6.915846224798763,6.915846224798763,1.8752104054532799,6.915846224798763,0.34780063333916217,0.9742906602143554,3
TRN-0120,27.6676,107.92,25.534,37.3577,19.7172,19.6141,,66.4597,49.6937,Invalid,19.65777797938506,0.05942202061493873,0.05942202061493873,19.77373399753148,-0.1596339975314791,0.1596339975314791,24.07762784608531,,,47.98470837250995,18.47499162749005,18.47499162749005,18.47499162749005,6.2313492152121555,18.47499162749005,0.13828678027280994,1.3284377701965846,1
TRN-0062,13.8465,88.0545,18.0,14.4881,11.694,12.8662,13.6891,56.6009,25.5005,Valid,11.635743832523508,0.058256167476493204,0.058256167476493204,12.872180979282861,-0.005980979282862009,0.005980979282862009,13.67112353075586,0.017976469244139537,0.017976469244139537,49.70653531282152,6.894364687178481,6.894364687178481,6.894364687178481,1.7441445757954939,6.894364687178481,0.3644122867360632,1.8938022718761702,2
TRN-0216,10.4524,20.9992,31.1693,8.7182,6.133,6.6738,8.1383,61.5106,13.2191,Valid,6.2524322397724,-0.11943223977239992,0.11943223977239992,6.381137191445371,0.29266280855462856,0.29266280855462856,8.223873884526807,-0.08557388452680748,0.08557388452680748,51.336336211965616,10.17426378803438,10.17426378803438,10.17426378803438,2.667983180222054,10.17426378803438,0.27262938537778725,2.68641576681017,4
TRN-0246,20.7832,99.3301,37.9236,7.0177,15.7143,16.9205,18.9945,72.4032,42.2102,Valid,15.532039569593978,0.18226043040602136,0.18226043040602136,16.801611811454144,0.11888818854585637,0.11888818854585637,18.845618608391845,0.14888139160815328,0.14888139160815328,49.8127833728545,22.5904166271455,22.5904166271455,22.5904166271455,5.760111659426383,22.5904166271455,0.14792655068139113,1.8281944399429375,2
TRN-0303,15.7997,94.2261,39.2941,32.7851,13.1259,14.9899,15.8749,46.3433,37.2738,Valid,13.161550077969252,-0.03565007796925279,0.03565007796925279,14.90895678008946,0.08094321991054088,0.08094321991054088,15.787965876838435,0.08693412316156568,0.08693412316156568,49.80444708426158,-3.461147084261583,3.461147084261583,3.461147084261583,0.9161686263257356,3.461147084261583,0.5218747380899904,1.470869674377455,2
TRN-0213,30.1751,79.3309,21.9507,18.1772,18.7655,17.5128,23.4268,32.0832,27.5048,Valid,19.052956163075155,-0.28745616307515576,0.28745616307515576,17.936761773246126,-0.42396177324612694,0.42396177324612694,23.94566644824603,-0.5188664482460297,0.5188664482460297,48.363331401212115,-16.280131401212117,16.280131401212117,16.280131401212117,4.377603946444857,16.280131401212117,0.185956424080115,0.6349564661480969,3
TRN-0156,19.8281,70.9773,33.1628,38.3599,14.1726,14.261,17.9427,42.5564,25.1633,Valid,13.872222925368167,0.3003770746318324,0.3003770746318324,14.180841621022068,0.08015837897793077,0.08015837897793077,17.273044455964882,0.6696555440351162,0.6696555440351162,49.350207910318474,-6.793807910318478,6.793807910318478,6.793807910318478,1.9609997269908392,6.793807910318478,0.3377237731177588,1.2766412009795267,4
TRN-0703,26.2089,54.974,41.1151,26.273,16.2704,15.1831,20.948,45.5269,21.8275,Valid,15.924157477076662,0.3462425229233368,0.3462425229233368,15.180954092003796,0.002145907996203178,0.002145907996203178,20.525912546919837,0.42208745308016304,0.42208745308016304,49.485681814723904,-3.9587818147239062,3.9587818147239062,3.9587818147239062,1.1823144246809023,3.9587818147239062,0.45822911157553287,1.239427483987287,3
TRN-0702,19.4301,32.991,28.6255,59.8097,12.1253,11.1045,15.7981,39.8642,18.0492,Valid,11.831615210915583,0.2936847890844163,0.2936847890844163,10.858056874890119,0.24644312510988087,0.24644312510988087,15.431141134091227,0.3669588659087726,0.3669588659087726,49.16744841801181,-9.303248418011812,9.303248418011812,9.303248418011812,2.5525837995287204,9.303248418011812,0.2814852671829045,1.4581782164864583,4
TRN-0784,15.8702,15.6296,39.2104,56.6342,9.2844,8.3762,12.6375,53.5794,15.9125,Valid,9.138960523652585,0.1454394763474145,0.1454394763474145,8.465522527009705,-0.08932252700970444,0.08932252700970444,12.338262878904636,0.2992371210953628,0.2992371210953628,50.12393721141062,3.4554627885893794,3.4554627885893794,3.4554627885893794,0.9973654782604653,3.4554627885893794,0.5006594991673304,2.155676000989061,4
TRN-0929,10.8657,63.1203,31.5599,52.7209,17.2812,10.3317,11.1108,76.6147,20.992,Invalid,9.297820929912676,7.983379070087322,7.983379070087322,10.486071256522203,-0.15437125652220374,0.15437125652220374,11.27904421336914,-0.16824421336914064,0.16824421336914064,49.8834323485615,26.7312676514385,26.7312676514385,26.7312676514385,8.759315547854293,26.7312676514385,0.10246620217335452,2.2987305879982425,4
TRN-0997,15.1471,61.1764,30.4936,18.3832,11.3087,11.8006,14.0115,64.296,18.0475,Valid,10.840682829200661,0.4680171707993388,0.4680171707993388,11.47450014244626,0.32609985755373927,0.32609985755373927,13.39966462739635,0.6118353726036503,0.6118353726036503,50.23245051671413,14.063549483285875,14.063549483285875,14.063549483285875,3.867375471060651,14.063549483285875,0.20544952941181047,2.0898817198406108,4
TRN-0368,26.4526,41.6867,25.0217,25.7021,15.4035,13.8786,20.0559,44.0599,19.4551,Valid,15.27873961954964,0.12476038045035942,0.12476038045035942,13.617926991951736,0.2606730080482649,0.2606730080482649,19.82950438273891,0.22639561726109036,0.22639561726109036,49.05554617572758,-4.995646175727579,4.995646175727579,4.995646175727579,1.4018687953718234,4.995646175727579,0.41634247546198466,1.2925895367713678,3
TRN-0015,9.8697,106.5144,35.524,34.3863,10.9308,13.743,12.4704,36.746,45.2592,Valid,11.00290509171718,-0.07210509171718016,0.07210509171718016,13.793864305430402,-0.05086430543040166,0.05086430543040166,12.525935680375827,-0.05553568037582757,0.05553568037582757,50.04619856545039,-13.300198565450387,13.300198565450387,13.300198565450387,3.369675910743449,13.300198565450387,0.2288499239820881,1.3974890323810023,2
TRN-0342,28.6801,34.5847,34.5762,26.7751,15.7586,14.168,20.6559,41.1764,20.871,Valid,15.9834682423302,-0.22486824233020108,0.22486824233020108,14.100595000455128,0.06740499954487156,0.06740499954487156,21.055165739877864,-0.3992657398778654,0.3992657398778654,49.24053281579396,-8.064132815793961,8.064132815793961,8.064132815793961,2.188917949386725,8.064132815793961,0.31358599244998275,1.1773632084241603,3
TRN-0435,16.7485,20.8459,32.3547,55.9328,10.1249,9.1295,13.6252,42.7239,16.4881,Valid,9.831325037022642,0.29357496297735786,0.29357496297735786,8.98646100649903,0.14303899350097105,0.14303899350097105,13.073431591661404,0.5517684083385959,0.5517684083385959,49.761568650291935,-7.037668650291934,7.037668650291934,7.037668650291934,2.0065127537772147,7.037668650291934,0.3326112615832598,1.7773982541029165,4
TRN-0219,31.6478,62.8966,31.4592,47.6283,19.2432,17.5298,24.8905,52.5683,27.1426,Valid,19.215583274516263,0.027616725483738946,0.027616725483738946,17.60735626288372,-0.07755626288371786,0.07755626288371786,24.675102130889886,0.21539786911011305,0.21539786911011305,48.091391438257,4.476908561743002,4.476908561743002,4.476908561743002,1.199369854805143,4.476908561743002,0.45467568713612144,1.2269258728564647,3
TRN-0863,10.732,30.3546,18.0,26.322,6.7881,6.7639,8.8119,71.1859,12.5632,Valid,7.0934419060050615,-0.3053419060050615,0.3053419060050615,7.000432442764543,-0.23653244276454366,0.23653244276454366,8.99319004470529,-0.18129004470529075,0.18129004470529075,50.3583746251552,20.827525374844804,20.827525374844804,20.827525374844804,5.387672442079925,20.827525374844804,0.15655154660284748,2.7545530810100796,4
TRN-0217,12.8841,56.0493,29.0429,48.7273,13.667,16.5939,12.7182,55.1213,17.1996,Invalid,9.827012868564406,3.839987131435594,3.839987131435594,10.469483446047624,6.124416553952377,6.124416553952377,12.146755570466624,0.5714444295333756,0.5714444295333756,49.77523017137456,5.3460698286254384,5.3460698286254384,6.124416553952377,3.9704794858866963,6.124416553952377,0.2011878336565768,1.728966761005353,4
TRN-0791,22.6952,45.442,31.1286,36.3539,13.5856,12.7301,17.5582,51.0872,19.3063,Valid,13.814334550074538,-0.22873455007453813,0.22873455007453813,12.923521736763883,-0.19342173676388263,0.19342173676388263,17.81851148355833,-0.2603114835583291,0.2603114835583291,49.33823288890817,1.7489671110918295,1.7489671110918295,1.7489671110918295,0.6078587203721448,1.7489671110918295,0.6219451916574774,1.615696694458386,4
TRN-0993,30.921,107.667,40.2538,39.6437,21.2226,21.4006,26.4027,52.0188,54.5231,Valid,21.255292941098674,-0.0326929410986736,0.0326929410986736,21.367964075382822,0.03263592461717835,0.03263592461717835,26.38745660512344,0.01524339487655979,0.01524339487655979,48.155807565038934,3.8629924349610647,3.8629924349610647,3.8629924349610647,0.9858911738883691,3.8629924349610647,0.5035522656772793,1.017679909098074,1
TRN-0481,28.8309,92.0524,22.5305,20.2385,19.4131,18.7107,24.0829,24.1901,34.7951,Valid,19.13422910276639,0.2788708972336096,0.2788708972336096,18.587444758922537,0.12325524107746233,0.12325524107746233,23.74044032442279,0.34245967557721,0.34245967557721,48.32294358716576,-24.13284358716576,24.13284358716576,24.13284358716576,6.21935735026351,24.13284358716576,0.1385164844296701,0.25368520422737695,1
TRN-0237,15.926,15.8727,28.8574,49.7271,9.1475,8.3813,12.2518,39.5061,15.0726,Valid,9.083069965281755,0.06443003471824582,0.06443003471824582,8.115157334325717,0.26614266567428224,0.26614266567428224,12.153542704577578,0.09825729542242101,0.09825729542242101,49.90510426656634,-10.399004266566337,10.399004266566337,10.399004266566337,2.7069585655953214,10.399004266566337,0.269762928909189,1.7968690690311022,4
TRN-0424,31.766,63.1176,34.6055,14.9161,18.9696,17.6123,24.3552,47.8771,27.2886,Valid,18.901672330198274,0.06792766980172615,0.06792766980172615,17.488426334170327,0.12387366582967374,0.12387366582967374,24.275925205607365,0.07927479439263507,0.07927479439263507,48.910160271868904,-1.033060271868905,1.033060271868905,1.033060271868905,0.326034100473235,1.033060271868905,0.7541284192036389,1.1125308599315678,3
TRN-0224,22.1138,69.3864,45.2051,24.9273,14.8369,14.9851,18.8101,50.5464,29.6462,Valid,14.740867764838038,0.09603223516196202,0.09603223516196202,15.107029677547212,-0.12192967754721273,0.12192967754721273,18.60534240988969,0.20475759011030803,0.20475759011030803,49.87720656871465,0.6691934312853505,0.6691934312853505,0.6691934312853505,0.2729782335262083,0.6691934312853505,0.7855593863769014,1.440210755270243,4
TRN-0024,17.4295,76.4987,41.6689,49.1177,12.8582,14.1314,15.8929,,28.5819,Valid,13.163107115532652,-0.30490711553265193,0.30490711553265193,14.183878402753711,-0.05247840275371196,0.05247840275371196,16.261206053297727,-0.3683060532977276,0.3683060532977276,49.57112541651108,,,0.3683060532977276,0.2418971905280305,0.3683060532977276,0.8052196330155312,0.21230323863820527,4
TRN-0761,8.4072,51.5741,32.3668,9.8077,7.052,8.3476,8.6095,67.879,14.9056,Valid,6.971618662599015,0.08038133740098452,0.08038133740098452,8.315687735216422,0.03191226478357834,0.03191226478357834,8.435905504594375,0.17359449540562544,0.17359449540562544,51.20906558558219,16.669934414417817,16.669934414417817,16.669934414417817,4.238955628002001,16.669934414417817,0.1908777380466903,2.647871640453273,4
TRN-0551,23.5579,70.8232,32.6027,43.3158,15.7487,24.8572,19.3857,22.1708,26.582,Invalid,15.714635445457494,0.03406455454250512,0.03406455454250512,15.482004488465718,9.375195511534281,9.375195511534281,19.75925624997477,-0.37355624997476866,0.37355624997476866,48.8813244177486,-26.7105244177486,26.7105244177486,26.7105244177486,9.123335183450038,26.7105244177486,0.09878167440655654,0.44343863205620476,4
TRN-0768,24.9567,103.8645,43.7261,16.1546,17.6763,,21.7368,53.8115,49.1874,Invalid,17.904893452553303,-0.22859345255330155,0.22859345255330155,18.893337899813254,,,21.993211027166936,-0.2564110271669371,0.2564110271669371,49.38339580518075,4.428104194819255,4.428104194819255,4.428104194819255,1.6377028915131646,4.428104194819255,0.3791177555355116,1.1628429096473751,2
TRN-0109,22.871,98.2611,23.1992,7.9469,16.5071,16.9606,20.0505,53.2645,37.4384,Valid,16.46727312614591,0.03982687385409278,0.03982687385409278,16.96963091555436,-0.009030915554362196,0.009030915554362196,19.989054063636964,0.06144593636303597,0.06144593636303597,49.09582490173776,4.168675098262241,4.168675098262241,4.168675098262241,1.069744706008433,4.168675098262241,0.48315137470675357,1.3769041700934064,2
TRN-0873,26.6998,56.1904,35.416,31.4179,16.3946,15.2187,21.3825,41.5613,21.7451,Valid,16.280304552491614,0.11429544750838616,0.11429544750838616,15.31545982787703,-0.09675982787702964,0.09675982787702964,20.91964179232593,0.4628582076740706,0.4628582076740706,49.11394768285187,-7.55264768285187,7.55264768285187,7.55264768285187,2.056640291477839,7.55264768285187,0.32715658521811714,1.1143568851595977,3
TRN-0589,23.5742,80.0256,28.2073,5.4162,15.6847,15.9431,19.5115,52.9688,22.5337,Invalid,15.775658744788021,-0.09095874478802202,0.09095874478802202,15.804246654480218,0.1388533455197809,0.1388533455197809,19.5647328129265,-0.05323281292649895,0.05323281292649895,49.46140715732234,3.5073928426776604,3.5073928426776604,3.5073928426776604,0.9476094364779906,3.5073928426776604,0.5134499665437932,1.432514306758338,4
TRN-0203,12.9827,26.2827,18.5198,33.0949,8.5219,-0.2015,11.2283,67.3265,13.8386,Invalid,8.031546677497696,0.4903533225023047,0.4903533225023047,7.507741016020615,-7.7092410160206155,7.7092410160206155,10.36793384579619,0.8603661542038115,0.8603661542038115,50.065396637785405,17.26110336221459,17.26110336221459,17.26110336221459,6.5802659637353305,17.26110336221459,0.13192149256821453,3.1091942882690162,4
TRN-0963,22.0301,29.581,24.2657,46.4353,12.6477,11.2868,16.7821,72.0159,17.5945,Valid,12.728875485159254,-0.08117548515925321,0.08117548515925321,11.214173359411673,0.07262664058832691,0.07262664058832691,16.684914307939962,0.09718569206003735,0.09718569206003735,49.10838689225845,22.90751310774155,22.90751310774155,22.90751310774155,5.7896252313872925,22.90751310774155,0.14728353420409254,2.154802863485556,4
TRN-0445,21.45,50.8455,34.0144,31.5401,13.5733,13.0423,17.1751,47.7971,19.8208,Valid,13.461027745417034,0.1122722545829653,0.1122722545829653,13.002635840109633,0.03966415989036598,0.03966415989036598,17.233732065668875,-0.058632065668874134,0.058632065668874134,49.60097782088209,-1.803877820882093,1.803877820882093,1.803877820882093,0.5036115752560746,1.803877820882093,0.665065377559157,1.5178783559040154,4
TRN-0935,9.4254,88.5794,30.4932,48.8792,9.996,12.1686,18.5332,39.0483,29.1563,Invalid,9.963871650966226,0.032128349033774484,0.032128349033774484,12.081191455489146,0.08740854451085411,0.08740854451085411,11.525672576243574,7.007527423756427,7.007527423756427,49.78569856360508,-10.737398563605083,10.737398563605083,10.737398563605083,4.466115720226535,10.737398563605083,0.18294526702017141,1.4572391842413939,2
TRN-0415,19.177,89.8922,38.4577,56.7523,15.2102,15.9875,18.729,36.1364,36.2324,Valid,14.828471500036759,0.3817284999632413,0.3817284999632413,15.887018464742605,0.100481535257396,0.100481535257396,18.140463305790874,0.5885366942091252,0.5885366942091252,48.98427087570251,-12.847870875702505,12.847870875702505,12.847870875702505,3.479654401283067,12.847870875702505,0.22323150636655786,0.9725975603492972,2
TRN-0209,29.9956,79.3101,32.0155,17.061,18.8294,18.2246,23.9815,35.0363,30.7826,Invalid,18.966260538462386,-0.13686053846238622,0.13686053846238622,18.185495765889883,0.03910423411011621,0.03910423411011621,23.92913833791915,0.0523616620808518,0.0523616620808518,48.75793210969273,-13.721632109692735,13.721632109692735,13.721632109692735,3.487489636086522,13.721632109692735,0.22284174028134052,0.6999636938357795,3
TRN-0544,27.3237,36.5954,27.8369,36.5974,15.3085,13.4413,19.8104,29.1183,20.0523,Valid,15.549348695223761,-0.24084869522376096,0.24084869522376096,13.670292737073359,-0.22899273707335865,0.22899273707335865,20.35160430569755,-0.5412043056975477,0.5412043056975477,48.889651313793266,-19.771351313793264,19.771351313793264,19.771351313793264,5.195599262946983,19.771351313793264,0.1614048871721801,0.8072757289207548,3
TRN-0111,20.1785,19.6058,37.9269,15.0994,11.127,10.1191,14.7335,33.4432,16.8476,Valid,10.93604722799797,0.19095277200203142,0.19095277200203142,9.897171149919059,0.22192885008094088,0.22192885008094088,14.650485949853485,0.08301405014651486,0.08301405014651486,50.55722126224546,-17.114021262245465,17.114021262245465,17.114021262245465,4.402479233618738,17.114021262245465,0.18510020247318393,1.3438862483874183,4
TRN-0526,31.4644,29.237,41.6587,52.351,17.3032,15.1398,22.8723,49.0786,22.4432,Valid,17.339382128601482,-0.03618212860148162,0.03618212860148162,15.054724684964969,0.08507531503503074,0.08507531503503074,23.092049796071077,-0.2197497960710777,0.2197497960710777,48.728193698910594,0.3504063010894072,0.3504063010894072,0.3504063010894072,0.1728533851992493,0.3504063010894072,0.8526214892836889,1.3004126484736567,3
TRN-0940,9.6406,56.2683,24.8761,48.8917,8.3068,9.0676,10.0189,32.4217,15.3632,Valid,8.276027413815058,0.03077258618494305,0.03077258618494305,9.234436728886486,-0.16683672888648537,0.16683672888648537,10.00558386686296,0.013316133137040609,0.013316133137040609,49.919997036961966,-17.498297036961965,17.498297036961965,17.498297036961965,4.427305621292609,17.498297036961965,0.1842534896278482,1.612631204459614,4
TRN-0838,31.932,79.8589,32.6147,44.5479,20.6119,19.6283,25.9704,14.6559,32.5568,Valid,20.253700422670168,0.358199577329831,0.358199577329831,19.155533555854,0.472766444146,0.472766444146,25.660490350145356,0.30990964985464586,0.30990964985464586,47.98936429810561,-33.33346429810561,33.33346429810561,33.33346429810561,8.618584992359022,33.33346429810561,0.10396539624013275,0.5596628716895765,3
TRN-0708,17.9052,36.8289,26.0267,32.4417,10.976,10.3199,14.1071,40.9626,16.3153,Valid,10.98278655283432,-0.0067865528343187265,0.0067865528343187265,10.339548874443711,-0.01964887444371044,0.01964887444371044,14.161539144194489,-0.05443914419448781,0.05443914419448781,49.777797032196446,-8.815197032196444,8.815197032196444,8.815197032196444,2.2240179009172403,8.815197032196444,0.3101719750735558,1.6050516960245473,4
TRN-0075,10.6255,33.6857,32.3691,40.2823,7.5093,7.9531,9.6454,54.134,14.8973,Valid,7.411340677245775,0.09795932275422459,0.09795932275422459,7.82526328780199,0.12783671219801018,0.12783671219801018,9.48169974777528,0.16370025222471973,0.16370025222471973,50.528377382502,3.6056226174979997,3.6056226174979997,3.6056226174979997,0.9987797261687386,3.6056226174979997,0.5003052547049796,2.353539493782578,4
TRN-0321,16.4319,106.2896,25.8871,25.654,14.4604,15.843,1.0,69.2522,44.1173,Invalid,14.028379885121074,0.43202011487892555,0.43202011487892555,15.661208445364293,0.18179155463570673,0.18179155463570673,16.520725750163216,-15.520725750163216,15.520725750163216,49.30198250049817,19.950217499501832,19.950217499501832,19.950217499501832,9.02118872979492,19.950217499501832,0.09978856071503851,2.7150023608819955,2
TRN-0867,12.4308,52.8897,31.9177,46.884,9.4185,10.1833,11.7055,,17.0184,Valid,9.416843978271979,0.0016560217280208178,0.0016560217280208178,10.12090324170711,0.06239675829288949,0.06239675829288949,11.701112742839186,0.004387257160814784,0.004387257160814784,49.99268868789849,,,0.06239675829288949,0.022813345727241696,0.06239675829288949,0.9776954946642576,0.21914995625625064,4
TRN-0416,16.6191,71.8971,38.4489,6.7605,12.0738,13.1961,14.7668,,25.4373,Valid,12.013550773970413,0.06024922602958682,0.06024922602958682,13.048554874155853,0.1475451258441467,0.1475451258441467,14.79171816661484,-0.024918166614840587,0.024918166614840587,50.5166575961824,,,0.1475451258441467,0.07757083949619137,0.1475451258441467,0.9280132343480463,0.2017897066019128,4
TRN-0188,26.6142,90.5936,48.4553,12.0777,17.7157,18.4443,22.0111,,43.1445,Valid,17.927403621642107,-0.21170362164210843,0.21170362164210843,18.457083673698378,-0.012783673698379516,0.012783673698379516,22.40513423708414,-0.3940342370841421,0.3940342370841421,49.63189339071476,,,0.3940342370841421,0.20617384414154336,0.3940342370841421,0.8290678867371054,0.22152225683083693,1
TRN-0050,11.9381,73.8834,36.8656,56.3173,10.3871,11.833,12.4416,62.0085,25.2323,Valid,10.457442394330322,-0.07034239433032141,0.07034239433032141,11.970655328413342,-0.1376553284133415,0.1376553284133415,12.626278185448612,-0.1846781854486128,0.1846781854486128,49.77506724422707,12.233432755772931,12.233432755772931,12.233432755772931,3.1565271659913017,12.233432755772931,0.2405854599440606,2.1359789734669117,4
TRN-0150,26.2178,25.4714,35.5228,48.3043,14.3505,12.58,19.1492,42.953,19.5769,Valid,14.55290143758872,-0.2024014375887191,0.2024014375887191,12.689907908224825,-0.10990790822482488,0.10990790822482488,19.36341049133242,-0.21421049133241965,0.21421049133241965,49.12351454508271,-6.17051454508271,6.17051454508271,6.17051454508271,1.6742585955571685,6.17051454508271,0.37393541584248136,1.3645766714581626,3
TRN-0142,21.3253,74.4008,46.0511,24.5985,14.5831,15.3581,18.2474,47.2732,31.2509,Valid,14.63590153727542,-0.052801537275419363,0.052801537275419363,15.284074455288076,0.07402554471192424,0.07402554471192424,18.345563351284536,-0.09816335128453701,0.09816335128453701,49.931825242606855,-2.6586252426068526,2.6586252426068526,2.6586252426068526,0.7209039189696833,2.6586252426068526,0.5810899661375091,1.3697661809158508,4
TRN-0133,8.076,29.8006,45.4033,12.3513,5.9675,7.1174,7.6489,60.1719,15.0277,Valid,5.658643857351798,0.30885614264820216,0.30885614264820216,6.792640672054739,0.3247593279452605,0.3247593279452605,7.341761072069796,0.3071389279302039,0.3071389279302039,51.877767735458455,8.294132264541545,8.294132264541545,8.294132264541545,2.3087216657663028,8.294132264541545,0.3022315265579763,2.679879079036914,4
TRN-0906,25.8413,81.9552,43.1604,47.0577,17.4843,17.531,22.1277,41.4904,34.7399,Valid,17.4857896584836,-0.0014896584835994986,0.0014896584835994986,17.58600372215352,-0.055003722153522006,0.055003722153522006,21.97512641985694,0.15257358014305922,0.15257358014305922,48.83919750459232,-7.348797504592319,7.348797504592319,7.348797504592319,1.889466116343125,7.348797504592319,0.346084695142779,0.9735481191774311,3
TRN-0894,9.8798,101.6812,38.8328,20.6455,10.6819,13.5792,12.2654,34.8847,41.2056,Valid,10.582860120908512,0.09903987909148881,0.09903987909148881,13.375864245466987,0.203335754533013,0.203335754533013,12.113104422852938,0.15229557714706132,0.15229557714706132,50.5170870657885,-15.6323870657885,15.6323870657885,15.6323870657885,4.021764569140016,15.6323870657885,0.19913319038197191,1.3556857435888245,2
TRN-0944,9.9425,82.4452,35.8081,40.7018,9.6835,11.9735,,50.8812,27.0719,Invalid,9.784387565129455,-0.10088756512945452,0.10088756512945452,11.839830843239241,0.1336691567607584,0.1336691567607584,11.490581726756993,,,50.172013946110056,0.7091860538899439,0.7091860538899439,0.7091860538899439,0.31458092526005227,0.7091860538899439,0.7606986993228877,1.7038339645177445,4
TRN-0030,31.3419,73.0867,33.8379,8.3587,19.2448,18.2686,24.291,54.3545,29.1257,Valid,19.169414129569535,0.07538587043046618,0.07538587043046618,18.10707354263333,0.16152645736666926,0.16152645736666926,24.378226200451817,-0.08722620045181628,0.08722620045181628,48.95825508376809,5.396244916231915,5.396244916231915,5.396244916231915,1.4300958611202166,5.396244916231915,0.4115064002203698,1.242638749974819,3
TRN-0302,24.9096,36.4844,36.5374,37.3227,14.063,13.0071,18.5927,61.9299,19.6812,Valid,14.403348569058172,-0.3403485690581718,0.3403485690581718,13.110652296313917,-0.10355229631391794,0.10355229631391794,18.893508378887365,-0.3008083788873641,0.3008083788873641,49.40137131894646,12.528528681053544,12.528528681053544,12.528528681053544,3.3183094813282494,12.528528681053544,0.2315721011483444,1.8188141690601056,4
TRN-0623,16.5307,105.1387,45.288,58.565,14.3957,16.4442,17.1558,35.4316,50.0012,Invalid,14.42889980433728,-0.03319980433728098,0.03319980433728098,16.499555406475956,-0.05535540647595738,0.05535540647595738,17.284421161660703,-0.12862116166070336,0.12862116166070336,49.26056750246716,-13.828967502467158,13.828967502467158,13.828967502467158,3.511535968735275,13.828967502467158,0.22165400141547165,1.0085854349425503,2
TRN-0230,17.355,73.8506,31.1921,18.0737,12.7189,13.471,15.6576,56.9299,24.5185,Valid,12.59903538681952,0.11986461318048036,0.11986461318048036,13.333133717188327,0.13786628281167346,0.13786628281167346,15.461234099804143,0.19636590019585753,0.19636590019585753,49.92372907631833,7.0061709236816725,7.0061709236816725,7.0061709236816725,1.865066929967421,7.0061709236816725,0.3490319857942624,1.7903278319421927,4
TRN-0060,19.2254,85.8028,25.5407,7.2014,14.0182,14.7872,17.1449,74.0543,28.3885,Valid,14.021421055210137,-0.003221055210136825,0.003221055210136825,14.720406714851675,0.06679328514832505,0.06679328514832505,17.023920708896657,0.12097929110334249,0.12097929110334249,49.6638524149999,24.390447585000096,24.390447585000096,24.390447585000096,6.145360304115475,24.390447585000096,0.13995095522671339,2.001125956463017,2
TRN-0546,23.5675,93.8871,42.115,39.0131,16.7881,17.4537,20.697,64.5418,40.7055,Valid,16.954686782704332,-0.16658678270433214,0.16658678270433214,17.709932139528526,-0.2562321395285245,0.2562321395285245,20.946475238470324,-0.2494752384703247,0.2494752384703247,49.0583934239149,15.483406576085095,15.483406576085095,15.483406576085095,4.038925184197069,15.483406576085095,0.1984550203555653,1.5987092134759238,2
TRN-0210,30.7343,45.0422,45.8651,6.7379,17.3434,15.8132,22.8473,36.1972,23.9181,Valid,17.326686671129675,0.016713328870324062,0.016713328870324062,15.888511219722913,-0.07531121972291288,0.07531121972291288,22.716748547612138,0.1305514523878628,0.1305514523878628,49.776909478819576,-13.579709478819574,13.579709478819574,13.579709478819574,3.4505713699501683,13.579709478819574,0.22469025140275342,0.8843274605932205,3
TRN-0893,14.6172,18.3131,44.6837,8.8063,8.0847,8.1434,10.6928,87.7375,16.0594,Valid,8.12607593569503,-0.0413759356950294,0.0413759356950294,8.026770376100364,0.1166296238996356,0.1166296238996356,10.955853348847429,-0.2630533488474285,0.2630533488474285,51.456599435901985,36.28090056409801,36.28090056409801,36.28090056409801,9.175489868135026,36.28090056409801,0.0982753668824871,2.778785408208938,4
TRN-0797,20.8602,47.6941,30.521,34.8513,12.9399,12.4513,,17.2785,18.6989,Invalid,13.037886957754298,-0.09798695775429778,0.09798695775429778,12.447746959319375,0.00355304068062523,0.00355304068062523,16.707227386525396,,,49.493603248065085,-32.215103248065084,32.215103248065084,32.215103248065084,10.772214415500002,32.215103248065084,0.08494578544911144,0.33938813299263915,4
TRN-0482,15.4736,30.7634,31.3967,13.3708,9.1938,9.1559,11.9994,33.9757,15.6428,Valid,9.260673940666951,-0.06687394066695163,0.06687394066695163,8.993055072711508,0.16284492728849287,0.16284492728849287,12.041972746856176,-0.042572746856176735,0.042572746856176735,50.67563124238187,-16.699931242381865,16.699931242381865,16.699931242381865,4.243055714298372,16.699931242381865,0.19072847104654894,1.543403761284132,4
TRN-0469,9.7518,38.6358,39.6464,44.0459,7.2393,8.3028,9.3167,22.5854,15.7717,Valid,7.319238254958993,-0.07993825495899287,0.07993825495899287,8.208143236693717,0.0946567633062827,0.0946567633062827,9.304965712636042,0.011734287363958984,0.011734287363958984,50.72699451309435,-28.141594513094347,28.141594513094347,28.141594513094347,7.081980954680896,28.141594513094347,0.12373204114281205,1.2938219686941976,4
TRN-0078,30.5467,109.1931,43.2382,33.7685,20.9985,21.4309,25.9315,77.0158,57.4073,Valid,21.094180424352256,-0.09568042435225621,0.09568042435225621,21.41336353848432,0.017536461515682333,0.017536461515682333,26.160911794537697,-0.22941179453769678,0.22941179453769678,48.40784330106556,28.607956698934437,28.607956698934437,28.607956698934437,7.237646344835018,28.607956698934437,0.12139389798240093,1.5413002107489822,1
TRN-0240,15.0667,104.1581,36.4027,33.943,13.3738,15.3232,15.8001,51.3264,44.9059,Valid,13.367146783379669,0.006653216620330582,0.006653216620330582,15.41552499961996,-0.09232499961995977,0.09232499961995977,15.786419421200804,0.013680578799196041,0.013680578799196041,49.63650088947577,1.6898991105242303,1.6898991105242303,1.6898991105242303,0.45063947639092916,1.6898991105242303,0.6893511560073611,1.584270420399831,2
TRN-0787,25.5006,45.3,39.6521,11.5301,14.4892,13.563,18.6989,53.7007,20.2559,Valid,14.873050561419921,-0.383850561419921,0.383850561419921,13.942517474862052,-0.3795174748620518,0.3795174748620518,19.3355882868972,-0.6366882868972006,0.6366882868972006,49.9296134652989,3.771086534701098,3.771086534701098,3.771086534701098,1.2927857144700678,3.771086534701098,0.43615065886396204,1.5982863031677668,3
TRN-0658,8.197,36.7874,36.1863,47.6958,6.2612,7.4791,8.1375,47.2552,14.6794,Valid,6.5081797404853745,-0.24697974048537485,0.24697974048537485,7.43404707061145,0.04505292938855021,0.04505292938855021,8.222154806419068,-0.08465480641906886,0.08465480641906886,50.68752135519819,-3.432321355198191,3.432321355198191,3.432321355198191,0.9522522078727962,3.432321355198191,0.5122288995076181,2.3718904882527947,4
TRN-0243,11.3687,28.3467,45.6981,56.6098,7.6108,8.0341,9.851,62.3478,16.775,Valid,7.685686785964672,-0.07488678596467135,0.07488678596467135,8.195225522656438,-0.16112552265643743,0.16112552265643743,10.119767455171424,-0.26876745517142275,0.26876745517142275,50.626145937404004,11.721654062595995,11.721654062595995,11.721654062595995,3.0566084565971314,11.721654062595995,0.2465113433300994,2.4924712904983326,4
TRN-0506,14.2378,29.0391,42.7409,35.8399,8.9455,8.8975,11.729,39.6624,16.2324,Valid,8.85316011233741,0.0923398876625896,0.0923398876625896,8.97423762550668,-0.07673762550667895,0.07673762550667895,11.648662445364996,0.08033755463500292,0.08033755463500292,50.710178899739205,-11.047778899739207,11.047778899739207,11.047778899739207,2.8242984918858696,11.047778899739207,0.26148586521730205,1.7774333120914967,4
TRN-0732,31.7669,86.9219,26.3532,49.2088,20.5981,19.391,25.9812,57.9927,33.7325,Valid,20.610726569253348,-0.012626569253349373,0.012626569253349373,19.53711824794729,-0.14611824794729245,0.14611824794729245,25.90236986146644,0.07883013853356147,0.07883013853356147,47.60504475063019,10.387655249369807,10.387655249369807,10.387655249369807,2.6563075512760026,10.387655249369807,0.27349996847256824,1.2455873944362772,1
TRN-0489,26.606,74.4996,26.1555,14.439,17.1607,16.5283,21.4351,37.1672,25.8404,Valid,17.032061646412256,0.12863835358774267,0.12863835358774267,16.395209576376608,0.1330904236233934,0.1330904236233934,21.380438164992466,0.054661835007532744,0.054661835007532744,48.972810698484764,-11.805610698484763,11.805610698484763,11.805610698484763,3.030500327675858,11.805610698484763,0.2481081549934121,0.8945107959208306,3
TRN-0842,8.4367,41.2956,39.4313,21.0233,6.7362,7.9235,8.6162,54.0452,14.9845,Valid,6.5609855713207565,0.17521442867924364,0.17521442867924364,7.7756101970641325,0.1478898029358673,0.1478898029358673,8.211201603201738,0.4049983967982609,0.4049983967982609,51.31877270887368,2.7264272911263205,2.7264272911263205,2.7264272911263205,0.8636324798849231,2.7264272911263205,0.5365864840806749,2.447403129338238,4
TRN-0988,21.9567,31.7733,22.7884,5.9133,12.9157,11.382,16.8997,47.4598,16.6707,Valid,12.332801236235543,0.5828987637644563,0.5828987637644563,10.98160636701084,0.4003936329891591,0.4003936329891591,16.07888482194274,0.8208151780572592,0.8208151780572592,49.93321788058347,-2.473417880583469,2.473417880583469,2.473417880583469,1.0693813638485858,2.473417880583469,0.48323620646714627,1.6277429795919658,4
TRN-0721,16.9431,86.3196,27.0104,38.5934,13.4948,14.3679,16.283,65.9021,28.9001,Valid,13.326487489159973,0.16831251084002652,0.16831251084002652,14.289993686695366,0.07790631330463427,0.07790631330463427,16.08813047410292,0.19486952589708295,0.19486952589708295,49.22641151350637,16.675688486493634,16.675688486493634,16.675688486493634,4.279194209133845,16.675688486493634,0.1894228475758367,1.9048915453497317,2
TRN-0646,25.9459,17.3392,44.559,44.8019,13.7463,11.9815,29.9373,48.0835,20.3064,Invalid,13.944338666893657,-0.19803866689365712,0.19803866689365712,12.165166826009203,-0.18366682600920292,0.18366682600920292,18.836468708778796,11.100831291221205,11.100831291221205,49.63133522469468,-1.5478352246946798,1.5478352246946798,11.100831291221205,3.257593002204686,11.100831291221205,0.23487449351832723,1.3919025830121725,3
TRN-0681,15.4946,24.9221,38.7031,11.3605,9.2215,9.0022,12.0966,51.5528,16.121,Valid,8.934646719668066,0.28685328033193436,0.28685328033193436,8.721362113328693,0.28083788667130705,0.28083788667130705,11.82161139112433,0.27498860887567034,0.27498860887567034,51.03807319912984,0.5147268008701573,0.5147268008701573,0.5147268008701573,0.33935164418726727,0.5147268008701573,0.7466299118233514,2.078855165442537,4
TRN-0137,22.2192,100.676,37.4391,56.4213,17.3095,10.6228,21.2274,45.9637,44.5411,Invalid,16.880904894340787,0.42859510565921255,0.42859510565921255,17.818641868329507,-7.195841868329508,7.195841868329508,20.629719794485048,0.5976802055149513,0.5976802055149513,48.55990249642006,-2.596202496420055,2.596202496420055,7.195841868329508,2.7045799189809316,7.195841868329508,0.26993613901440233,1.4861068943679918,2
TRN-0474,19.7376,68.2093,24.9525,24.924,13.4189,13.5545,16.9523,56.4578,21.7249,Valid,13.505455320619605,-0.08655532061960436,0.08655532061960436,13.53723703976142,0.01726296023858076,0.01726296023858076,16.765584163123886,0.1867158368761146,0.1867158368761146,49.396753313548295,7.061046686451704,7.061046686451704,7.061046686451704,1.8378952010465008,7.061046686451704,0.3523738296013329,1.7149783719522145,4
TRN-0793,29.9433,90.2695,38.0274,29.5678,,19.314,24.3668,51.4928,38.8282,Invalid,19.70251723307932,,,19.396450789091055,-0.0824507890910553,0.0824507890910553,24.707065409223862,-0.3402654092238606,0.3402654092238606,48.57868330643054,2.9141166935694613,2.9141166935694613,2.9141166935694613,1.1122776306281257,2.9141166935694613,0.47342261523767176,1.0143187771654816,1
TRN-0300,28.3887,54.9243,24.6385,26.9051,16.6301,15.3415,21.3679,23.2394,21.2878,Valid,16.953938396822373,-0.32383839682237436,0.32383839682237436,15.40866253507992,-0.06716253507991965,0.06716253507991965,21.753882356200435,-0.3859823562004365,0.3859823562004365,48.694254345667595,-25.454854345667595,25.454854345667595,25.454854345667595,6.557959408442581,25.454854345667595,0.13231084555481404,0.4125363970825399,3
TRN-0096,24.6363,36.24,34.7335,15.5026,13.896,12.6338,18.1854,56.9828,19.1808,Valid,13.9976330123237,-0.10163301232369903,0.10163301232369903,12.75140386422005,-0.1176038642200492,0.1176038642200492,18.333240506637207,-0.1478405066372055,0.1478405066372055,49.8470323734646,7.135767626535397,7.135767626535397,7.135767626535397,1.8757112524290878,7.135767626535397,0.3477400587959966,1.744340402233907,4
TRN-0399,10.3861,18.7855,32.6305,50.6218,6.3956,6.3908,8.4581,20.3764,13.2902,Valid,6.596502537395626,-0.2009025373956259,0.2009025373956259,6.574855563303979,-0.18405556330397932,0.18405556330397932,8.760106941167365,-0.30200694116736493,0.30200694116736493,50.49349218404532,-30.117092184045323,30.117092184045323,30.117092184045323,7.701014306478073,30.117092184045323,0.11492912949878507,1.3440926610499426,4
TRN-0392,10.1905,67.5579,25.3445,35.5989,9.0985,10.207,10.7316,48.0055,18.7934,Valid,9.006863941332279,0.09163605866772073,0.09163605866772073,10.284017037379174,-0.0770170373791732,0.0770170373791732,10.711962041054566,0.01963795894543452,0.01963795894543452,50.056481822390815,-2.050981822390817,2.050981822390817,2.050981822390817,0.5598182193457863,2.050981822390817,0.6411003459232683,1.9941406390147745,4
TRN-0922,29.8423,23.2777,32.2842,35.1458,16.0758,13.5681,21.498,52.7638,20.4154,Valid,16.013921867120214,0.06187813287978727,0.06187813287978727,13.541246512896086,0.026853487103913665,0.026853487103913665,21.358887938247623,0.13911206175237822,0.13911206175237822,48.991993150123015,3.771806849876988,3.771806849876988,3.771806849876988,0.9999126329032668,3.771806849876988,0.5000218427283512,1.508894503807008,3
TRN-0674,10.2641,67.6886,36.7714,5.0434,8.766,10.3713,10.3567,76.1003,21.7744,Valid,8.703546115803556,0.06245388419644371,0.06245388419644371,10.42541553891747,-0.05411553891747012,0.05411553891747012,10.411741610705459,-0.055041610705458766,0.055041610705458766,51.1234282849923,24.976871715007704,24.976871715007704,24.976871715007704,6.2871206872067695,24.976871715007704,0.13722841200580013,2.5506783791631253,4
TRN-0805,15.6191,87.307,31.2849,31.8206,12.6735,13.9206,15.2714,60.0861,30.0341,Invalid,12.67025171031025,0.0032482896897505498,0.0032482896897505498,13.994880693604951,-0.07428069360495115,0.07428069360495115,15.219419476478627,0.05198052352137239,0.05198052352137239,49.636369065034955,10.449730934965046,10.449730934965046,10.449730934965046,2.64481011044528,10.449730934965046,0.27436271566911113,1.86019960051648,2
TRN-0849,18.5832,83.5181,42.8469,19.2857,13.6044,14.8572,16.5177,38.1275,31.9025,Valid,13.753649692508361,-0.14924969250836106,0.14924969250836106,14.961473363247721,-0.10427336324772085,0.10427336324772085,16.892370233035713,-0.3746702330357117,0.3746702330357117,50.0884857424956,-11.960985742495602,11.960985742495602,11.960985742495602,3.147294757821849,11.960985742495602,0.24112103392554576,1.1803168066551442,4
TRN-0720,8.7305,38.7524,42.7652,39.973,6.9272,7.8504,8.7984,39.3478,15.6642,Valid,6.790811253444259,0.13638874655574096,0.13638874655574096,7.9298880590312635,-0.07948805903126388,0.07948805903126388,8.619384900759771,0.17901509924022996,0.17901509924022996,51.01857950725244,-11.67077950725244,11.67077950725244,11.67077950725244,3.016417853019919,11.67077950725244,0.2489780786249883,2.0609422438300014,4
TRN-0244,13.7541,79.6813,23.9523,25.6729,11.413,12.2854,13.6117,77.2696,23.4988,Valid,11.26978021843962,0.14321978156038107,0.14321978156038107,12.415751009719605,-0.13035100971960567,0.13035100971960567,13.447633716570706,0.1640662834292943,0.1640662834292943,49.76831800535713,27.501281994642866,27.501281994642866,27.501281994642866,6.984729767338036,27.501281994642866,0.1252390536860187,2.2990661350776325,4
TRN-0584,14.8001,41.6142,34.1941,23.5459,9.4725,9.6892,11.9039,71.7649,16.9156,Valid,9.66024291094038,-0.1877429109403792,0.1877429109403792,9.857191473668175,-0.16799147366817557,0.16799147366817557,12.335997269579817,-0.43209726957981687,0.43209726957981687,50.49304424719799,21.271855752802004,21.271855752802004,21.271855752802004,5.514921851747594,21.271855752802004,0.15349378285048118,2.423108932424161,4
TRN-0393,22.8787,26.2566,33.3296,26.8598,12.6389,11.2659,16.9462,36.961,18.0061,Valid,12.734112443894109,-0.0952124438941091,0.0952124438941091,11.348537129800157,-0.08263712980015647,0.08263712980015647,16.8653024816342,0.08089751836580206,0.08089751836580206,49.81679783531874,-12.85579783531874,12.85579783531874,12.85579783531874,3.2786362318447018,12.85579783531874,0.23371933153776372,1.320880419019987,4
TRN-0046,12.6004,70.012,26.6228,27.805,10.1212,11.1769,11.9567,43.7905,20.5183,Valid,10.210340655687517,-0.08914065568751717,0.08914065568751717,11.300020721685119,-0.1231207216851189,0.1231207216851189,12.287550798806878,-0.3308507988068783,0.3308507988068783,50.02587098999236,-6.2353709899923615,6.2353709899923615,6.2353709899923615,1.694620791542969,6.2353709899923615,0.3711097320775103,1.7480252537012622,4
TRN-0055,13.7835,22.704,46.1581,56.4581,8.6208,8.5332,11.4585,31.2953,18.0216,Valid,8.533900147921885,0.08689985207811368,0.08689985207811368,8.564979516186106,-0.03177951618610564,0.03177951618610564,11.411935039439822,0.046564960560179,0.046564960560179,50.48586605374132,-19.190566053741318,19.190566053741318,19.190566053741318,4.8389525956414285,19.190566053741318,0.17126359284822154,1.5198077580496976,4
TRN-0040,30.7001,21.7619,23.3392,38.6122,16.4355,8.515,22.2017,59.9267,19.5066,Invalid,16.371249537922438,0.06425046207756324,0.06425046207756324,13.452607897847749,-4.937607897847748,4.937607897847748,21.790791812495023,0.41090818750497604,0.41090818750497604,48.5394565912788,11.387243408721197,11.387243408721197,11.387243408721197,4.200002489037871,11.387243408721197,0.19230760025751925,1.9205158362606127,3
TRN-0604,29.1572,28.9227,36.6761,40.8287,16.2795,7.4881,21.7575,56.1516,21.4041,Invalid,16.069566942775804,0.20993305722419464,0.20993305722419464,13.972352555031387,-6.484252555031387,6.484252555031387,21.33550751261361,0.4219924873863903,0.4219924873863903,49.0221549677102,7.1294450322898015,7.1294450322898015,7.1294450322898015,3.561405782982943,7.1294450322898015,0.21923065992739796,1.914439821733073,3
TRN-0383,19.269,79.1736,31.6065,46.7932,14.3271,14.7891,17.4732,,27.4728,Valid,14.153592002420208,0.17350799757979196,0.17350799757979196,14.705112444700873,0.08398755529912627,0.08398755529912627,17.431075887578096,0.04212411242190228,0.04212411242190228,49.07160581263108,,,0.17350799757979196,0.09987322176694018,0.17350799757979196,0.9091956965671967,0.20258457766064097,4
TRN-0631,16.4187,61.9808,30.0559,32.3224,12.0878,12.3883,,29.1391,18.9129,Invalid,11.660808142289449,0.4269918577105507,0.4269918577105507,12.087486732577158,0.300813267422841,0.300813267422841,14.482846610517123,,,49.784415541263556,-20.645315541263557,20.645315541263557,20.645315541263557,7.12437355546565,20.645315541263557,0.1230864131459407,0.9540927083591731,4
TRN-0596,14.7864,22.9753,32.572,55.831,8.9076,8.5735,11.5828,,16.1452,Valid,9.004732330877559,-0.09713233087755846,0.09713233087755846,8.494678277594586,0.0788217224054133,0.0788217224054133,11.905775540108678,-0.32297554010867735,0.32297554010867735,49.927972899291284,,,0.32297554010867735,0.16630986446388304,0.32297554010867735,0.8574050777317822,0.3106221354097675,4
TRN-0954,9.0295,82.9809,39.0311,45.0216,9.3595,11.461,11.1991,41.8283,28.6045,Valid,9.430668768262219,-0.07116876826221841,0.07116876826221841,11.709567277202863,-0.24856727720286287,0.24856727720286287,11.03163092648317,0.1674690735168305,0.1674690735168305,50.267657498685,-8.439357498684998,8.439357498684998,8.439357498684998,2.2316406544167275,8.439357498684998,0.30944034530364206,1.7586841284943087,4
TRN-0069,10.6599,55.4415,45.4533,57.3204,8.7772,10.33,10.7495,50.0292,18.0376,Invalid,8.848721946438799,-0.07152194643879817,0.07152194643879817,10.24726563122729,0.08273436877271045,0.08273436877271045,11.004519221708978,-0.25501922170897906,0.25501922170897906,50.37206694732911,-0.3428669473291066,0.3428669473291066,0.3428669473291066,0.18803562106239857,0.3428669473291066,0.8417256034004703,2.06554495071348,4
TRN-0195,14.6346,44.3665,26.2526,39.6835,10.1485,10.0617,12.6422,48.8083,15.6746,Valid,9.912663701095292,0.23583629890470803,0.23583629890470803,9.917091511346184,0.14460848865381593,0.14460848865381593,12.528990773849486,0.11320922615051465,0.11320922615051465,49.84352887433234,-1.03522887433234,1.03522887433234,1.03522887433234,0.3822207220103446,1.03522887433234,0.7234734540410949,1.897930388580853,4
TRN-0104,19.0061,71.4244,23.5275,37.0969,13.4861,13.6011,16.8051,48.3686,21.7428,Valid,13.473429055165274,0.012670944834725972,0.012670944834725972,13.615369985967137,-0.014269985967136023,0.014269985967136023,16.627480090159892,0.17761990984010723,0.17761990984010723,49.11024605300351,-0.7416460530035067,0.7416460530035067,0.7416460530035067,0.23655172341136899,0.7416460530035067,0.8087005024272047,1.512340975498407,4
TRN-0751,11.0406,64.0415,40.4972,35.006,9.1935,10.7225,11.2221,46.527,22.9613,Valid,9.235412108145432,-0.041912108145432114,0.041912108145432114,10.759513471529862,-0.03701347152986223,0.03701347152986223,11.25983263013959,-0.037732630139590384,0.037732630139590384,50.561876093233714,-4.034876093233713,4.034876093233713,4.034876093233713,1.0378835757621494,4.034876093233713,0.4907051668179863,1.922793160483584,4
TRN-0537,18.6335,82.6128,23.4196,29.3012,13.8318,14.213,16.8344,51.8193,26.1312,Valid,13.81949087917922,0.012309120820779285,0.012309120820779285,14.365823381016346,-0.15282338101634707,0.15282338101634707,16.81130594608854,0.023094053911457024,0.023094053911457024,49.190833339084584,2.6284666609154144,2.6284666609154144,2.6284666609154144,0.7041733041659994,2.6284666609154144,0.5867947805281384,1.5713784303258354,4
TRN-0348,18.6216,39.1216,29.5936,25.5068,10.9669,10.4217,13.9351,53.0223,17.3091,Valid,11.376584243795605,-0.40968424379560453,0.40968424379560453,10.836778926758406,-0.4150789267584063,0.4150789267584063,14.670694478233383,-0.7355944782333825,0.7355944782333825,49.96542783475772,3.0568721652422823,3.0568721652422823,3.0568721652422823,1.154307453507419,3.0568721652422823,0.4641862972585014,1.928806316615889,4
TRN-0730,15.3273,38.6999,49.7777,59.2633,10.4496,10.8623,13.4307,39.9543,22.7637,Valid,10.19729498466478,0.2523050153352209,0.2523050153352209,10.595861647582131,0.2664383524178682,0.2664383524178682,13.290657129171514,0.140042870828486,0.140042870828486,50.235672148488575,-10.281372148488572,10.281372148488572,10.281372148488572,2.7350395967675367,10.281372148488572,0.26773477873312046,1.5799683360523205,4
TRN-0961,25.6003,45.6984,36.3889,34.2858,15.3215,14.1184,19.8526,55.4214,20.6785,Valid,15.207862492996645,0.11363750700335551,0.11363750700335551,14.100622157467955,0.01777784253204473,0.01777784253204473,19.745896562031938,0.10670343796806137,0.10670343796806137,49.29966337680689,6.121736623193108,6.121736623193108,6.121736623193108,1.5899638526741424,6.121736623193108,0.38610577478426894,1.5777460001982544,3
TRN-0818,31.0474,62.9038,35.1896,55.5623,19.3378,17.6333,25.0756,55.3385,28.5424,Valid,19.026459661996633,0.3113403380033688,0.3113403380033688,17.58744647868891,0.045853521311087775,0.045853521311087775,24.456880727286435,0.618719272713566,0.618719272713566,48.10224667723502,7.236253322764981,7.236253322764981,7.236253322764981,2.053041613698251,7.236253322764981,0.3275422108605545,1.284836151461632,3
TRN-0794,14.4618,61.9058,19.4627,33.2112,11.0829,11.4122,13.8348,34.7131,16.3831,Valid,10.711762185823899,0.3711378141761017,0.3711378141761017,11.072953147816067,0.33924685218393336,0.33924685218393336,13.09800878292662,0.7367912170733799,0.7367912170733799,49.572979924556144,-14.859879924556147,14.859879924556147,14.859879924556147,4.076763951997391,14.859879924556147,0.19697587074273212,1.3304723446519178,4
TRN-0488,9.8739,48.5443,43.9823,34.3589,7.7772,9.2292,9.8748,83.8846,16.7146,Valid,7.816233585057701,-0.039033585057701714,0.039033585057701714,9.147148977220057,0.08205102277994314,0.08205102277994314,9.76897856666815,0.10582143333185101,0.10582143333185101,50.97391087422103,32.91068912577897,32.91068912577897,32.91068912577897,8.284398791737118,32.91068912577897,0.1077075664705371,2.7484069095670653,4
TRN-0577,26.2007,23.6865,40.4527,22.249,14.2341,12.3775,18.9363,43.5085,19.5382,Valid,14.144505209309939,0.08959479069006093,0.08959479069006093,12.467899260135127,-0.09039926013512734,0.09039926013512734,18.905171428937706,0.031128571062293275,0.031128571062293275,49.892270514320906,-6.383770514320908,6.383770514320908,6.383770514320908,1.6487232840520973,6.383770514320908,0.37754038182130134,1.3982593510362642,3
TRN-0388,15.6353,93.2888,38.4491,16.0241,12.4655,14.2449,15.0064,52.6342,35.8424,Valid,12.831163118509947,-0.36566311850994637,0.36566311850994637,14.602452446988254,-0.3575524469882545,0.3575524469882545,15.356572530142829,-0.3501725301428298,0.3501725301428298,50.16974192663597,2.4644580733640282,2.4644580733640282,2.4644580733640282,0.8844615422512647,2.4644580733640282,0.5306555626523181,1.7029467825685864,2
TRN-0490,22.4352,87.399,34.984,8.6671,21.8695,16.3441,19.4985,66.3187,33.2397,Invalid,15.683027021889952,6.1864729781100465,6.1864729781100465,16.28059320838149,0.06350679161851147,0.06350679161851147,19.321184793447404,0.17731520655259558,0.17731520655259558,49.651697302148776,16.66700269785123,16.66700269785123,16.66700269785123,5.773574418533096,16.66700269785123,0.14763254054815017,1.611683029801298,2
TRN-0774,13.1669,55.9826,37.9946,32.6052,9.6036,10.6482,12.0089,51.8564,17.6295,Valid,9.780817984336935,-0.17721798433693436,0.17721798433693436,10.710477002700541,-0.06227700270054193,0.06227700270054193,12.174541154603236,-0.16564115460323592,0.16564115460323592,50.4199104067385,1.4364895932614985,1.4364895932614985,1.4364895932614985,0.4604064337255527,1.4364895932614985,0.6847408891845004,2.009236167563472,4
TRN-0590,19.0194,19.1802,35.4244,47.6908,10.8729,9.8968,14.7725,63.4353,17.0471,Valid,10.73773624670147,0.1351637532985297,0.1351637532985297,9.658344699766333,0.23845530023366734,0.23845530023366734,14.369584071946377,0.4029159280536234,0.4029159280536234,49.861270343880086,13.574029656119912,13.574029656119912,13.574029656119912,3.587641159426433,13.574029656119912,0.21797694397811718,2.163662584461081,4
TRN-0968,16.2319,44.2376,28.252,32.7977,10.808,1.0,13.7394,58.1263,17.1679,Invalid,10.594663926079734,0.21333607392026543,0.21333607392026543,10.463746084236378,-9.463746084236378,9.463746084236378,13.472780153070666,0.26661984692933416,0.26661984692933416,49.92071746044384,8.205582539556161,8.205582539556161,9.463746084236378,4.537321136160535,9.463746084236378,0.1805927406791833,2.730906972725254,4
TRN-0601,15.4779,79.9642,26.6642,23.6025,12.3091,13.4402,14.9589,32.7272,25.3258,Valid,12.093325092221663,0.21577490777833752,0.21577490777833752,13.105001475883139,0.335198524116862,0.335198524116862,14.579393059890302,0.37950694010969777,0.37950694010969777,49.748237899941515,-17.02103789994151,17.02103789994151,17.02103789994151,4.487879567986602,17.02103789994151,0.18221974218120113,1.1121660059502605,4
TRN-0694,12.362,80.5709,36.3399,24.5401,10.7301,12.2892,12.8727,46.5269,26.5544,Valid,10.653434675727473,0.07666532427252726,0.07666532427252726,12.396577996232448,-0.10737799623244904,0.10737799623244904,12.716070383348722,0.15662961665127817,0.15662961665127817,50.345974064089496,-3.8190740640894987,3.8190740640894987,3.8190740640894987,1.0399367503114383,3.8190740640894987,0.49021127730912706,1.7373094097060697,4
TRN-0996,25.2864,105.1935,21.2535,30.031,18.4286,18.6152,22.6584,44.7668,44.5171,Valid,18.26987688635454,0.15872311364545766,0.15872311364545766,18.51938653259807,0.09581346740193197,0.09581346740193197,22.22957536904528,0.4288246309547219,0.4288246309547219,48.24378752465507,-3.4769875246550654,3.4769875246550654,3.4769875246550654,1.0400871841642942,3.4769875246550654,0.49017512965243304,1.0084595397832699,1
TRN-0550,28.8379,92.9334,31.6963,6.1701,19.1578,19.1947,24.0263,68.1967,38.0388,Valid,19.03237650991066,0.12542349008934295,0.12542349008934295,18.837853245472516,0.35684675452748493,0.35684675452748493,23.671367594440746,0.35493240555925354,0.35493240555925354,48.94478976920237,19.251910230797634,19.251910230797634,19.251910230797634,5.022278220243429,19.251910230797634,0.1660501164889022,1.5022384743727653,1
TRN-0362,26.0027,31.8043,38.6549,39.2623,14.4526,12.9979,18.9192,41.6736,20.6107,Valid,14.696379932796109,-0.24377993279610877,0.24377993279610877,13.175901472098873,-0.17800147209887385,0.17800147209887385,19.42830185770138,-0.5091018577013813,0.5091018577013813,49.383720843361445,-7.7101208433614445,7.7101208433614445,7.7101208433614445,2.160251026489452,7.7101208433614445,0.3164305593504845,1.30279928044529,3
TRN-0403,14.602,90.8334,34.272,23.6169,12.1854,13.8431,14.3235,48.328,32.9934,Valid,12.28298410207062,-0.09758410207061985,0.09758410207061985,13.96791388510523,-0.12481388510522962,0.12481388510522962,14.637019790272003,-0.3135197902720037,0.3135197902720037,49.97697117270593,-1.6489711727059273,1.6489711727059273,1.6489711727059273,0.5462222375384451,1.6489711727059273,0.6467375618604347,1.6302473476556845,2
TRN-0895,13.303,23.5239,36.4808,54.2996,8.24,8.2477,11.1047,60.4973,15.8924,Valid,8.309193989804749,-0.06919398980474867,0.06919398980474867,8.14024958677098,0.10745041322902082,0.10745041322902082,10.991588619225322,0.11311138077467753,0.11311138077467753,50.22885188553334,10.268448114466665,10.268448114466665,10.268448114466665,2.639550974568778,10.268448114466665,0.2747591686412586,2.372911987252999,4
TRN-0710,14.9713,90.0616,47.0818,58.286,13.306,15.1173,16.1489,49.4095,38.455,Valid,12.846142350886844,0.45985764911315563,0.45985764911315563,14.736045860554912,0.38125413944508857,0.38125413944508857,15.545299167879659,0.6036008321203425,0.6036008321203425,49.63650614892076,-0.22700614892075777,0.22700614892075777,0.6036008321203425,0.41792969239983613,0.6036008321203425,0.7052535858160266,1.5366176450872269,2
TRN-0081,15.3642,103.1518,32.9891,37.3924,13.7518,15.742,16.2821,60.6418,22.2325,Invalid,13.490718122170962,0.2610818778290369,0.2610818778290369,15.353226449485204,0.3887735505147969,0.3887735505147969,15.94482462156303,0.33727537843697064,0.33727537843697064,49.42428500708634,11.217514992913664,11.217514992913664,11.217514992913664,3.051161449923617,11.217514992913664,0.24684279122444122,1.76248809643956,2
TRN-0505,27.9057,79.2635,35.0412,51.9587,18.3341,18.1298,22.974,50.8913,31.4153,Valid,18.376381727256636,-0.04228172725663626,0.04228172725663626,17.85353925238398,0.2762607476160177,0.2762607476160177,23.164982075559013,-0.19098207555901325,0.19098207555901325,48.28629400265433,2.605005997345671,2.605005997345671,2.605005997345671,0.7786326369443346,2.605005997345671,0.5622296472182056,1.1877721626651285,3
TRN-0671,22.0527,73.0502,31.3211,59.7622,15.2807,15.2178,18.7654,,26.3962,Valid,15.30691903399288,-0.026219033992880725,0.026219033992880725,15.24980507984338,-0.03200507984337975,0.03200507984337975,19.140346789404738,-0.37494678940473847,0.37494678940473847,48.58719346740705,,,0.37494678940473847,0.144390301080333,0.37494678940473847,0.873827748326751,0.21603635763529216,4
TRN-0923,20.3823,81.3954,43.0469,42.3267,14.7449,15.4901,17.9001,68.6376,31.9883,Valid,14.774421087639077,-0.029521087639077237,0.029521087639077237,15.606630980052616,-0.11653098005261597,0.11653098005261597,18.326909979931266,-0.42680997993126724,0.42680997993126724,49.445603528863394,19.191996471136612,19.191996471136612,19.191996471136612,4.941214629689894,19.191996471136612,0.1683157506215519,1.8460712662904033,4
TRN-0456,16.2823,42.0499,42.1286,55.2509,10.933,11.001,14.1658,34.9553,18.4806,Valid,10.783205912504037,0.14979408749596246,0.14979408749596246,10.931318262113745,0.06968173788625442,0.06968173788625442,13.921158152435497,0.24464184756450358,0.24464184756450358,49.93176092540767,-14.976460925407672,14.976460925407672,14.976460925407672,3.860144649588598,14.976460925407672,0.205755192920986,1.3523187766571143,4
TRN-0864,17.7488,98.5119,38.5198,30.0701,14.3138,15.8699,17.2717,65.6793,41.152,Valid,14.30190663746649,0.011893362533511365,0.011893362533511365,15.898686838458675,-0.028786838458675135,0.028786838458675135,17.21189162035656,0.05980837964343877,0.05980837964343877,49.612030472478416,16.06726952752158,16.06726952752158,16.06726952752158,4.041939527039302,16.06726952752158,0.19833637326213907,1.8160823103495884,2
TRN-0728,12.9937,91.5476,34.1973,59.2556,11.6285,13.3281,13.6989,39.3368,33.532,Valid,11.971095375163037,-0.34259537516303595,0.34259537516303595,13.774162317868102,-0.4460623178681029,0.4460623178681029,14.198243259216053,-0.4993432592160527,0.4993432592160527,49.32777036712053,-9.990970367120532,9.990970367120532,9.990970367120532,2.819742829841931,9.990970367120532,0.26179772946687674,1.4210780186874759,2
TRN-0795,19.6172,75.9294,47.4861,24.8512,14.0893,15.1071,17.4548,11.4004,32.7368,Valid,13.904134045351018,0.18516595464898167,0.18516595464898167,14.871150862825141,0.23594913717485966,0.23594913717485966,17.333211227745792,0.12158877225420639,0.12158877225420639,50.116429618046,-38.716029618046,38.716029618046,38.716029618046,9.814683370531013,38.716029618046,0.09246687727584381,0.41717339940783754,4
TRN-0339,19.8769,88.9244,43.516,5.905,14.5352,15.9001,18.022,47.0218,35.8431,Valid,14.51651651963997,0.018683480360030202,0.018683480360030202,15.77476672051758,0.12533327948242068,0.12533327948242068,17.79234680361322,0.22965319638677784,0.22965319638677784,50.229831811867705,-3.2080318118677056,3.2080318118677056,3.2080318118677056,0.8954254420242336,3.2080318118677056,0.5275860383788257,1.360992568638553,2
TRN-0755,10.3894,48.2646,38.2092,52.4993,8.0078,9.087,1.0,55.6166,16.6688,Invalid,8.2553757391666,-0.24757573916660114,0.24757573916660114,9.271789667805999,-0.18478966780599926,0.18478966780599926,10.312167625690249,-9.312167625690249,9.312167625690249,50.3269515077683,5.289648492231699,5.289648492231699,9.312167625690249,3.758545381223637,9.312167625690249,0.21014825327626796,2.963805889560698,4
TRN-0926,27.2448,94.7248,46.3557,8.5644,18.461,18.9053,23.0699,55.0239,44.069,Valid,18.414096037465356,0.046903962534642574,0.046903962534642574,18.92849841957002,-0.023198419570018558,0.023198419570018558,22.937142465558054,0.1327575344419465,0.1327575344419465,49.532994682647484,5.490905317352514,5.490905317352514,5.490905317352514,1.4234413084747803,5.490905317352514,0.41263635991637077,1.2666847623777349,1
TRN-0340,15.9289,42.4987,37.1452,21.9601,10.0484,10.4299,13.1923,47.0975,17.1411,Valid,10.237033427748127,-0.18863342774812608,0.18863342774812608,10.40351252004757,0.026387479952429516,0.026387479952429516,13.12179600216326,0.07050399783673988,0.07050399783673988,50.518619394781105,-3.4211193947811083,3.4211193947811083,3.4211193947811083,0.9266610750796009,3.4211193947811083,0.5190326482091223,1.8348373504701232,4
TRN-0624,21.2688,60.1272,41.6207,7.4565,13.4904,13.7243,17.1971,63.1803,20.5506,Valid,13.611704197289331,-0.12130419728933184,0.12130419728933184,13.765335888567007,-0.04103588856700746,0.04103588856700746,17.27798997542533,-0.0808899754253325,0.0808899754253325,50.31484655446223,12.865453445537774,12.865453445537774,12.865453445537774,3.2771708767048615,12.865453445537774,0.23379940358389456,1.8473431237635016,4
TRN-0985,31.1523,68.3503,25.5586,59.5274,19.4935,17.927,24.8405,47.4029,26.3345,Valid,19.411136565959097,0.08236343404090363,0.08236343404090363,17.811474170265754,0.11552582973424563,0.11552582973424563,24.74334429267816,0.0971557073218392,0.0971557073218392,47.60784815565078,-0.20494815565077573,0.20494815565077573,0.20494815565077573,0.12499828168694105,0.20494815565077573,0.8888902465704166,1.0751355459232999,3
TRN-0860,24.0826,100.8102,38.7076,45.2535,17.6853,18.6204,21.645,52.8524,45.3171,Valid,17.65364028987541,0.03165971012459323,0.03165971012459323,18.419699457050967,0.20070054294903272,0.20070054294903272,21.681992772628597,-0.03699277262859724,0.03699277262859724,48.67865197261763,4.1737480273823735,4.1737480273823735,4.1737480273823735,1.1107752632711492,4.1737480273823735,0.4737595789569098,1.269534419331438,2
TRN-0560,16.1905,108.6933,41.8279,25.9057,14.0794,16.4719,16.642,45.5852,50.7461,Valid,14.070110251110421,0.009289748889578675,0.009289748889578675,16.29397506865245,0.17792493134755105,0.17792493134755105,16.674918467995997,-0.03291846799599796,0.03291846799599796,49.85197822755725,-4.266778227557246,4.266778227557246,4.266778227557246,1.1217278439475935,4.266778227557246,0.47131398254143847,1.35832273282162,2
TRN-0811,9.9206,20.4528,30.4694,39.4752,6.1355,6.2873,7.9233,49.787,13.4197,Valid,6.329795270436226,-0.19429527043622574,0.19429527043622574,6.391025948622435,-0.10372594862243467,0.10372594862243467,8.3361110853305,-0.4128110853305005,0.4128110853305005,50.687990626223375,-0.9009906262233756,0.9009906262233756,0.9009906262233756,0.4029557326531341,0.9009906262233756,0.7127808645172979,2.4896361406319465,4
TRN-0395,22.5343,64.3109,38.331,33.4681,14.7128,14.8326,18.3668,42.5264,26.0598,Valid,14.754418912283313,-0.04161891228331349,0.04161891228331349,14.674722497571645,0.15787750242835408,0.15787750242835408,18.68356385939323,-0.31676385939323026,0.31676385939323026,49.46420789142865,-6.937807891428648,6.937807891428648,6.937807891428648,1.8635170413833864,6.937807891428648,0.34922090057368493,1.2301644518316506,4
TRN-0839,17.7608,75.605,32.4239,44.923,9.5081,18.8042,16.0689,59.2908,26.1826,Invalid,13.21055310275467,-3.702453102754669,3.702453102754669,13.890946809020308,4.9132531909796935,4.9132531909796935,16.25578127042995,-0.18688127042995006,0.18688127042995006,49.31849360735152,9.972306392648477,9.972306392648477,9.972306392648477,4.693723489203197,9.972306392648477,0.1756319922975297,1.9207763250342136,4
TRN-0779,25.1402,21.4874,30.0153,21.5418,13.418,11.7585,17.7983,42.8532,17.9676,Valid,13.490448655126063,-0.07244865512606324,0.07244865512606324,11.574499805395622,0.1840001946043781,0.1840001946043781,17.973708206114363,-0.17540820611436203,0.17540820611436203,49.66251865890773,-6.809318658907728,6.809318658907728,6.809318658907728,1.8102939286881328,6.809318658907728,0.35583466547458537,1.4491627677854464,3
TRN-0543,31.2911,105.0903,31.7883,17.9763,21.0594,20.9426,26.2067,40.3385,49.5902,Valid,21.022698232135166,0.03670176786483381,0.03670176786483381,20.821442117783484,0.12115788221651513,0.12115788221651513,26.053548519281886,0.15315148071811535,0.15315148071811535,48.33069729446684,-7.992197294466834,7.992197294466834,7.992197294466834,2.0758021063165746,7.992197294466834,0.32511844567189974,0.7147450271420998,1
TRN-0158,12.482,83.5838,47.1746,30.2478,10.9729,13.2646,13.0821,47.6153,33.0264,Valid,10.960044498892298,0.012855501107701173,0.012855501107701173,13.089180039366786,0.17541996063321363,0.17541996063321363,13.161972758622463,-0.07987275862246257,0.07987275862246257,50.55665497643069,-2.941354976430695,2.941354976430695,2.941354976430695,0.8023757991985181,2.941354976430695,0.5548232507586269,1.7256690827120145,4
TRN-0799,30.8482,39.4561,32.0324,45.0936,17.3909,15.3215,22.5071,40.493,21.9518,Valid,17.508003112805,-0.11710311280500108,0.11710311280500108,15.33867122055221,-0.017171220552210542,0.017171220552210542,22.966130586393202,-0.45903058639320093,0.45903058639320093,48.4956264131359,-8.0026264131359,8.0026264131359,8.0026264131359,2.148982833221578,8.0026264131359,0.3175628617120616,1.05196247012147,3
TRN-0946,13.2616,50.6899,55.0,49.9586,9.9141,11.1639,12.718,51.5653,31.2415,Valid,9.763212478885064,0.1508875211149352,0.1508875211149352,10.986513521305811,0.17738647869418855,0.17738647869418855,12.453805398503695,0.264194601496305,0.264194601496305,50.68299393227472,0.8823060677252812,0.8823060677252812,0.8823060677252812,0.3686936672576775,0.8823060677252812,0.7306236771034426,1.9517594264569889,4
TRN-0927,29.9956,79.3101,32.0155,17.061,18.8294,18.2246,23.9815,35.0363,22.272,Invalid,18.966260538462386,-0.13686053846238622,0.13686053846238622,18.185495765889883,0.03910423411011621,0.03910423411011621,23.92913833791915,0.0523616620808518,0.0523616620808518,48.75793210969273,-13.721632109692735,13.721632109692735,13.721632109692735,3.487489636086522,13.721632109692735,0.22284174028134052,0.6999636938357795,3
TRN-0952,19.9942,26.8465,29.7538,57.0471,11.6796,10.6768,15.1548,40.8558,17.1858,Valid,11.73245905586179,-0.05285905586178963,0.05285905586178963,10.54431630465685,0.13248369534315074,0.13248369534315074,15.463327273300377,-0.30852727330037766,0.30852727330037766,49.28316796035845,-8.427367960358445,8.427367960358445,8.427367960358445,2.230309496215941,8.427367960358445,0.30956786065589786,1.5403924915372587,4
TRN-0608,23.0912,102.831,33.9404,27.2584,17.0564,18.1608,20.6736,35.8498,45.0975,Valid,17.06893489288059,-0.012534892880591286,0.012534892880591286,17.942129179517785,0.2186708204822132,0.2186708204822132,20.79358478218343,-0.11998478218342967,0.11998478218342967,48.97704462120017,-13.12724462120017,13.12724462120017,13.12724462120017,3.369608779186601,13.12724462120017,0.2288534398693123,0.8194143838543093,2
TRN-0212,28.1417,37.9691,30.4029,8.6425,15.5882,13.9026,20.4289,63.8414,19.7482,Valid,15.691002702548465,-0.10280270254846435,0.10280270254846435,13.913214204851707,-0.010614204851707498,0.010614204851707498,20.53287178902803,-0.10397178902803006,0.10397178902803006,49.506487313468845,14.334912686531155,14.334912686531155,14.334912686531155,3.638075345739839,14.334912686531155,0.2156066742034536,1.7559177061692597,3
TRN-0480,27.322,76.3904,41.6053,33.0416,17.5094,17.3568,22.1297,45.2954,31.3074,Valid,17.722312603353444,-0.21291260335344475,0.21291260335344475,17.45648977970805,-0.09968977970805071,0.09968977970805071,22.41892664851752,-0.2892266485175199,0.2892266485175199,49.018693342031824,-3.7232933420318233,3.7232933420318233,3.7232933420318233,1.0812805934027097,3.7232933420318233,0.48047341774570074,1.092510861623281,3
TRN-0904,27.5889,104.0795,31.2045,10.8247,19.3299,19.5557,23.7529,57.4735,46.9314,Valid,19.101665929019806,0.22823407098019288,0.22823407098019288,19.375633273808376,0.180066726191626,0.180066726191626,23.479115713475615,0.2737842865243856,0.2737842865243856,48.818000590269975,8.655499409730027,8.655499409730027,8.655499409730027,2.3343961233565578,8.655499409730027,0.2999043793853004,1.2702673270722904,1
TRN-0607,31.6984,85.383,34.2637,43.8615,20.6039,19.7762,26.059,39.3149,35.5228,Valid,20.44050694226462,0.16339305773538015,0.16339305773538015,19.59036889099376,0.18583110900624078,0.18583110900624078,25.789798684775842,0.2692013152241586,0.2692013152241586,48.023696044131164,-8.708796044131162,8.708796044131162,8.708796044131162,2.3318053815242354,8.708796044131162,0.3001375787269182,0.7390242490972451,1
TRN-0855,18.223,90.6313,43.6143,44.7851,14.0844,15.6534,17.2858,55.8555,37.0514,Valid,14.276122646670284,-0.19172264667028394,0.19172264667028394,15.682680554846547,-0.029280554846547346,0.029280554846547346,17.42689482887306,-0.14109482887306157,0.14109482887306157,49.50858476060106,6.346915239398939,6.346915239398939,6.346915239398939,1.677253317447208,6.346915239398939,0.3735171391825976,1.624084338185564,2
TRN-0879,11.3702,44.4605,35.0734,18.8139,7.6823,8.5735,9.4497,32.7382,15.8432,Valid,8.113710655555188,-0.4314106555551884,0.4314106555551884,8.900294771204365,-0.32679477120436573,0.32679477120436573,10.184592946388511,-0.734892946388511,0.734892946388511,50.91144425083344,-18.17324425083344,18.17324425083344,18.17324425083344,4.916585655995377,18.17324425083344,0.16901639867018287,1.7148731412466076,4
TRN-0667,20.5759,66.0268,39.7271,8.0398,13.5048,14.0092,16.7079,,25.1861,Valid,13.608560228954376,-0.10376022895437664,0.10376022895437664,13.97065960874959,0.0385403912504092,0.0385403912504092,17.106172666669117,-0.39827266666911854,0.39827266666911854,50.234791558297495,,,0.39827266666911854,0.18019109562463478,0.39827266666911854,0.8473204074385379,0.21729716455161496,4
TRN-0232,25.2036,28.9334,44.802,5.7853,13.8939,12.7363,18.2984,27.0032,20.0864,Valid,13.765923008602321,0.12797699139767893,0.12797699139767893,12.566911917737324,0.16938808226267632,0.16938808226267632,18.304397770705364,-0.005997770705363337,0.005997770705363337,50.44233997012606,-23.439139970126064,23.439139970126064,23.439139970126064,5.935625703622946,23.439139970126064,0.14418309792548817,0.7933565998033693,3
TRN-0299,10.8536,90.8684,43.7084,46.912,10.7011,13.351,12.6556,36.3631,34.8475,Valid,10.771843603552442,-0.07074360355244202,0.07074360355244202,13.175445994401324,0.17555400559867707,0.17555400559867707,12.690223095242334,-0.034623095242334756,0.034623095242334756,50.13730032836562,-13.774200328365616,13.774200328365616,13.774200328365616,3.5137802581897675,13.774200328365616,0.22154379318435097,1.4047737784319985,2
TRN-0629,14.2988,42.785,24.3751,19.3489,9.2957,9.3953,11.7582,36.5274,14.9091,Valid,9.420576820153375,-0.12487682015337498,0.12487682015337498,9.433104903601558,-0.03780490360155753,0.03780490360155753,11.885130692943468,-0.1269306929434677,0.1269306929434677,50.27410807502983,-13.74670807502983,13.74670807502983,13.74670807502983,3.5090801229320574,13.74670807502983,0.22177472405385953,1.6263401687513734,4
TRN-0858,12.0426,90.9269,41.1424,58.8622,11.5075,13.5628,13.7263,25.9471,35.2273,Valid,11.48458472299329,0.022915277006710255,0.022915277006710255,13.611488726899838,-0.048688726899838386,0.048688726899838386,13.626000331124697,0.10029966887530328,0.10029966887530328,49.67410413949326,-23.72700413949326,23.72700413949326,23.72700413949326,5.974726953068778,23.72700413949326,0.14337478825031488,0.8921078701971805,2
TRN-0994,31.479,66.1376,36.8939,37.3446,19.2898,18.0916,25.1163,49.7064,29.066,Valid,19.199131055303788,0.0906689446962119,0.0906689446962119,17.910111282031288,0.1814887179687119,0.1814887179687119,24.624861602904407,0.49143839709559245,0.49143839709559245,48.48920908196144,1.2171909180385612,1.2171909180385612,1.2171909180385612,0.49519674444976935,1.2171909180385612,0.6688083048013851,1.1270457578481508,3
TRN-0306,12.0896,66.764,43.546,58.8661,10.5087,11.768,12.7788,48.0543,25.4666,Valid,10.176705170795188,0.3319948292048114,0.3319948292048114,11.654533801745503,0.113466198254498,0.113466198254498,12.493218742055396,0.28558125794460487,0.28558125794460487,50.01692276569209,-1.962622765692089,1.962622765692089,1.962622765692089,0.6734162627740008,1.962622765692089,0.597579946033459,1.8070351236387896,4
TRN-0654,30.356,29.8437,35.6745,25.3967,16.4481,14.2943,21.8471,51.0801,21.3468,Valid,16.5126092722332,-0.0645092722331988,0.0645092722331988,14.30128198778446,-0.006981987784460131,0.006981987784460131,21.900070887178536,-0.052970887178535264,0.052970887178535264,49.20757955157078,1.8725204484292206,1.8725204484292206,1.8725204484292206,0.4992456489063537,1.8725204484292206,0.6670021025103287,1.4193470721032697,3
TRN-0917,20.7858,80.9429,23.3754,28.3602,14.7805,15.0026,17.928,50.4003,26.1378,Valid,14.750777514679397,0.029722485320602843,0.029722485320602843,14.959007236633537,0.043592763366461895,0.043592763366461895,18.110427398272584,-0.18242739827258347,0.18242739827258347,49.03109002090611,1.3692099790938883,1.3692099790938883,1.3692099790938883,0.40623815651338413,1.3692099790938883,0.7111171001641657,1.452218008419813,4
TRN-0231,8.9741,73.6868,34.6765,46.3911,9.1534,10.9602,11.1196,54.2336,23.0156,Valid,8.901153428163084,0.2522465718369151,0.2522465718369151,10.774157420578945,0.18604257942105562,0.18604257942105562,10.507770192795192,0.6118298072048081,0.6118298072048081,50.19075642875464,4.042843571245363,4.042843571245363,4.042843571245363,1.2732406324270356,4.042843571245363,0.4399006360062927,2.1098334745966976,4
TRN-0460,13.0325,36.4353,31.118,31.2438,8.8575,9.0498,11.462,46.7658,15.5132,Valid,8.611492226906183,0.24600777309381705,0.24600777309381705,8.773763851913532,0.27603614808646704,0.27603614808646704,11.020166318807316,0.4418336811926835,0.4418336811926835,50.43347852759306,-3.6676785275930612,3.6676785275930612,3.6676785275930612,1.1578890324915072,3.6676785275930612,0.4634158591766862,1.9916322476060333,4
TRN-0492,26.974,109.1412,35.2551,20.336,19.3928,19.9942,23.712,49.4724,53.2122,Valid,19.203711521800297,0.18908847819970376,0.18908847819970376,19.80328322927882,0.19091677072118074,0.19091677072118074,23.529823402842958,0.18217659715704215,0.18217659715704215,48.75165220100189,0.7207477989981115,0.7207477989981115,0.7207477989981115,0.32073241126900953,0.7207477989981115,0.7571556444497052,1.0688181656022167,1
TRN-0825,14.2264,65.2297,43.697,14.8851,10.7876,12.0693,13.4388,52.6319,24.4596,Valid,10.598724330643432,0.18887566935656785,0.18887566935656785,11.892697731690486,0.1766022683095141,0.1766022683095141,13.101879598735628,0.33692040126437206,0.33692040126437206,50.81333197075916,1.8185680292408435,1.8185680292408435,1.8185680292408435,0.6302415920428244,1.8185680292408435,0.6134060159432684,1.8821729666951694,4
TRN-0279,28.1433,53.0824,26.9006,24.9433,16.5775,15.0595,21.2309,39.2582,20.5945,Valid,16.714200599539947,-0.13670059953994596,0.13670059953994596,15.223163193702792,-0.16366319370279214,0.16366319370279214,21.499044300570016,-0.26814430057001815,0.26814430057001815,48.859445182003526,-9.601245182003524,9.601245182003524,9.601245182003524,2.54243831895407,9.601245182003524,0.2822914360002906,1.050676822018159,3
TRN-0580,20.7178,87.4295,35.0108,32.2177,15.2348,16.1487,18.891,37.4758,33.0419,Valid,15.137972482143557,0.09682751785644328,0.09682751785644328,15.891159824182845,0.25754017581715694,0.25754017581715694,18.585447340672438,0.30555265932756015,0.30555265932756015,49.290121659270966,-11.814321659270966,11.814321659270966,11.814321659270966,3.1185605030680317,11.814321659270966,0.24280328023712938,1.0138308296013439,2
TRN-0992,20.0663,24.483,20.4949,24.4851,11.0659,9.547,14.6624,45.0741,15.1198,Valid,11.238289446003783,-0.17238944600378403,0.17238944600378403,9.794435023776746,-0.2474350237767453,0.2474350237767453,14.762623574028828,-0.10022357402882776,0.10022357402882776,49.69548642021994,-4.621386420219942,4.621386420219942,4.621386420219942,1.2853586160073247,4.621386420219942,0.437568087999715,1.7686296257945298,4
TRN-0934,28.9521,51.5316,32.3843,17.1933,17.032,15.6461,22.026,46.7956,21.7565,Valid,16.93325460287816,0.09874539712183861,0.09874539712183861,15.480620717683442,0.16547928231655895,0.16547928231655895,21.88819756234022,0.1378024376597793,0.1378024376597793,49.16568808906329,-2.3700880890632874,2.3700880890632874,2.3700880890632874,0.6930288015403661,2.3700880890632874,0.5906574058812062,1.2275696469764357,3
TRN-0639,11.2055,43.5114,28.9708,11.36,7.9908,8.2359,9.713,27.978,14.831,Valid,7.885427944481929,0.10537205551807105,0.10537205551807105,8.503877306177538,-0.2679773061775368,0.2679773061775368,9.839393348212656,-0.12639334821265713,0.12639334821265713,50.88704052074715,-22.909040520747148,22.909040520747148,22.909040520747148,5.852195807663853,22.909040520747148,0.1459386199795324,1.4827921199961276,4
TRN-0925,13.0887,88.1928,20.6398,53.3602,11.8486,13.1677,14.1438,,27.0547,Valid,11.742969950129988,0.10563004987001179,0.10563004987001179,13.038163360340695,0.12953663965930495,0.12953663965930495,13.839866538292384,0.3039334617076168,0.3039334617076168,49.00967731916644,,,0.3039334617076168,0.17970005041231119,0.3039334617076168,0.847673101014529,0.1758318984130033,2
TRN-0248,31.1702,18.7008,31.3748,17.3117,16.3683,13.5779,21.9244,29.7631,19.7809,Valid,16.1872163750732,0.18108362492680286,0.18108362492680286,13.43078334927166,0.14711665072833924,0.14711665072833924,21.698701364616756,0.22569863538324242,0.22569863538324242,49.28161908846892,-19.51851908846892,19.51851908846892,19.51851908846892,5.018104499876826,19.51851908846892,0.166165276794457,0.7930642403496398,3
TRN-0603,8.8562,61.272,41.5147,49.39,8.24,10.1728,10.0057,52.6683,17.5078,Valid,8.204136268896915,0.03586373110308472,0.03586373110308472,9.92446109916103,0.24833890083897003,0.24833890083897003,9.947738381729163,0.05796161827083601,0.05796161827083601,50.510496450852344,2.1578035491476584,2.1578035491476584,2.1578035491476584,0.6249919498401373,2.1578035491476584,0.6153876639809678,2.1916404684163298,4
TRN-0331,11.7783,61.7532,36.1857,44.4969,9.8411,11.0247,12.0563,42.2089,17.8132,Valid,9.570113519427675,0.27098648057232566,0.27098648057232566,10.763510276488555,0.2611897235114444,0.2611897235114444,11.726908986567862,0.3293910134321383,0.3293910134321383,50.15851035707092,-7.949610357070917,7.949610357070917,7.949610357070917,2.2027943936467063,7.949610357070917,0.31222734808817953,1.723271766236698,4
TRN-0880,14.3554,80.7277,36.6894,42.2005,11.6525,12.9311,14.0514,43.5984,27.8627,Valid,11.829949466181763,-0.17744946618176272,0.17744946618176272,13.261192260558536,-0.33009226055853524,0.33009226055853524,14.304742106983287,-0.25334210698328796,0.25334210698328796,49.78443282299091,-6.18603282299091,6.18603282299091,6.18603282299091,1.736729164178624,6.18603282299091,0.3653996943099521,1.5539128607534844,4
TRN-0957,13.6601,20.7979,28.9273,8.7786,7.6502,7.3796,9.8889,49.1654,13.8318,Valid,7.780958043206788,-0.13075804320678852,0.13075804320678852,7.4021240057861615,-0.02252400578616154,0.02252400578616154,10.270576519654103,-0.38167651965410343,0.38167651965410343,50.96472233502626,-1.799322335026261,1.799322335026261,1.799322335026261,0.5835702259183286,1.799322335026261,0.6314844669550981,2.2561266149542933,4
TRN-0049,16.6379,22.9675,37.3504,24.5539,9.2704,8.9039,12.3042,61.3833,18.2907,Invalid,9.530691886990596,-0.26029188699059524,0.26029188699059524,9.020235678128639,-0.11633567812863888,0.11633567812863888,12.662680884489129,-0.3584808844891292,0.3584808844891292,50.616129685831744,10.767170314168254,10.767170314168254,10.767170314168254,2.8755696909441544,10.767170314168254,0.25802658183044647,2.2851447347451344,4
TRN-0672,10.4017,94.176,42.7809,47.8004,10.658,13.2771,12.2693,48.7245,36.7346,Valid,10.746422275568948,-0.08842227556894855,0.08842227556894855,13.27771094992885,-0.0006109499288484699,0.0006109499288484699,12.563299458559548,-0.2939994585595489,0.2939994585595489,50.09055286453263,-1.3660528645326337,1.3660528645326337,1.3660528645326337,0.4372713871474949,1.3660528645326337,0.6957628245732123,1.792863539801627,2
TRN-0149,30.0603,30.6259,45.1385,20.2957,16.4249,14.5254,22.0025,63.7675,22.5606,Valid,16.3663693537192,0.058530646280800624,0.058530646280800624,14.524720108628166,0.0006798913718331079,0.0006798913718331079,21.776797723756086,0.22570227624391492,0.22570227624391492,49.67089175629683,14.096608243703166,14.096608243703166,14.096608243703166,3.5953802643999286,14.096608243703166,0.21760984781758458,1.6875242138602407,3
TRN-0043,26.7385,70.3804,36.3881,33.2994,17.2828,16.7397,21.7568,56.2922,28.2093,Invalid,17.105856985809762,0.17694301419023972,0.17694301419023972,16.58000221505688,0.1596977849431198,0.1596977849431198,21.6862511480924,0.07054885190759919,0.07054885190759919,48.94867448783046,7.343525512169542,7.343525512169542,7.343525512169542,1.9376787908026252,7.343525512169542,0.34040481319156835,1.4116875702787703,3
TRN-0475,8.4407,29.3713,26.736,15.0339,5.5953,6.0394,7.1674,56.8469,12.4217,Valid,5.816138550476385,-0.220838550476385,0.220838550476385,6.3078301362018845,-0.26843013620188483,0.26843013620188483,7.379776491458174,-0.2123764914581745,0.2123764914581745,51.13456883597831,5.712331164021691,5.712331164021691,5.712331164021691,1.6034940855395339,5.712331164021691,0.38409920174363116,2.709966973804294,4
TRN-0094,20.2004,33.8246,42.3345,56.0389,12.275,11.9758,16.3095,46.8705,19.4108,Valid,12.222305307596148,0.05269469240385227,0.05269469240385227,11.601712774900236,0.374087225099764,0.374087225099764,16.07380446665185,0.2356955333481494,0.2356955333481494,49.652250561311504,-2.7817505613115046,2.7817505613115046,2.7817505613115046,0.8610570030408176,2.7817505613115046,0.5373290545996605,1.5964481183069956,4
TRN-0699,25.3968,42.5781,45.648,32.0126,14.7369,14.0347,19.4984,26.1358,21.9877,Valid,14.923713404910462,-0.1868134049104615,0.1868134049104615,14.042409719563254,-0.007709719563253614,0.007709719563253614,19.53286887600774,-0.034468876007739624,0.034468876007739624,49.72741425406209,-23.59161425406209,23.59161425406209,23.59161425406209,5.955151563635886,23.59161425406209,0.14377831896983687,0.6505457098528825,3
TRN-0429,18.2082,87.8108,29.2494,47.7102,14.4553,15.2315,17.5997,68.9768,31.3554,Valid,14.128018574148236,0.3272814258517638,0.3272814258517638,15.003501389268559,0.2279986107314418,0.2279986107314418,17.155343131240993,0.44435686875900515,0.44435686875900515,48.97183422034966,20.004965779650334,20.004965779650334,20.004965779650334,5.251150671248136,20.004965779650334,0.15997054823833498,1.8757933498211905,2
TRN-0222,8.156,109.6769,19.718,56.7778,10.701,13.1576,11.8038,53.4784,43.3669,Valid,10.596842368759868,0.10415763124013289,0.10415763124013289,13.154862941614782,0.002737058385218205,0.002737058385218205,11.741481517851078,0.06231848214892288,0.06231848214892288,49.11998767915078,4.358412320849219,4.358412320849219,4.358412320849219,1.1319063731558732,4.358412320849219,0.46906375091871144,1.9195421537423247,2
TRN-0942,19.2054,107.1021,18.0,5.8085,15.358,16.4014,25.0,52.6974,42.6685,Invalid,15.160632707995877,0.19736729200412384,0.19736729200412384,16.267469972009472,0.13393002799052667,0.13393002799052667,17.95006096070656,7.049939039293442,7.049939039293442,49.200015084616666,3.4973849153833356,3.4973849153833356,7.049939039293442,2.719655318667857,7.049939039293442,0.2688421142091564,1.3645341853464799,2
TRN-0606,20.5377,78.2359,45.0899,11.444,14.2227,15.1222,17.7694,61.2312,31.1359,Valid,14.31191129512117,-0.08921129512117076,0.08921129512117076,15.19404717138075,-0.07184717138075136,0.07184717138075136,17.801420510565052,-0.03202051056505084,0.03202051056505084,50.218652554162745,11.012547445837257,11.012547445837257,11.012547445837257,2.8014066057260574,11.012547445837257,0.2630605204120234,1.7355029104105253,4
TRN-0657,10.1548,78.9897,19.9993,20.4257,9.6,10.9935,11.063,49.5939,20.3016,Valid,9.433710022288299,0.16628997771170084,0.16628997771170084,10.941043649236367,0.05245635076363264,0.05245635076363264,10.946442260120145,0.1165577398798554,0.1165577398798554,50.08244660788559,-0.48854660788559556,0.48854660788559556,0.48854660788559556,0.2059626690601961,0.48854660788559556,0.8292130640986571,1.9689197990804725,4
TRN-0465,14.5587,27.9441,37.8851,26.3035,8.8334,8.649,11.501,65.7546,15.6287,Valid,8.827338417199043,0.0060615828009567,0.0060615828009567,8.755497224611563,-0.10649722461156408,0.10649722461156408,11.592845802303874,-0.09184580230387418,0.09184580230387418,50.732592380389214,15.022007619610783,15.022007619610783,15.022007619610783,3.8066030573317944,15.022007619610783,0.20804713600692307,2.411094846378498,4
TRN-0197,14.2408,105.479,30.9985,30.0336,13.0315,14.9384,15.307,57.4108,43.6497,Valid,12.989249973377515,0.04225002662248478,0.04225002662248478,15.035660906717517,-0.09726090671751741,0.09726090671751741,15.18901209814173,0.11798790185827102,0.11798790185827102,49.59429301055883,7.816506989441173,7.816506989441173,7.816506989441173,2.0185014561598615,7.816506989441173,0.33129021619628446,1.7630468217878363,2
TRN-0824,8.0753,73.0359,34.8506,57.1359,8.5944,10.5842,9.8138,40.2737,23.1994,Valid,8.560598038261148,0.033801961738852526,0.033801961738852526,10.505397911095377,0.07880208890462193,0.07880208890462193,10.066409076929007,-0.2526090769290068,0.2526090769290068,50.049258617212736,-9.775558617212738,9.775558617212738,9.775558617212738,2.535192936196305,9.775558617212738,0.28286999268445906,1.8294248820563699,4
TRN-0564,15.1124,15.9033,29.8045,46.0193,8.8306,7.8828,11.7593,38.4735,15.0896,Valid,8.651053559011697,0.17954644098830386,0.17954644098830386,7.835049013288809,0.04775098671119071,0.04775098671119071,11.578734769497187,0.18056523050281292,0.18056523050281292,50.09431453457056,-11.620814534570556,11.620814534570556,11.620814534570556,3.007169298193216,11.620814534570556,0.24955272053289285,1.8277770342292563,4
TRN-0359,11.9906,47.9505,29.2309,20.6433,8.6461,9.3415,11.1253,55.158,15.3801,Valid,8.618167784692915,0.027932215307085784,0.027932215307085784,9.239602243924269,0.10189775607573104,0.10189775607573104,10.719718724009683,0.40558127599031657,0.40558127599031657,50.57121684122284,4.586783158777159,4.586783158777159,4.586783158777159,1.280548601537573,4.586783158777159,0.4384909838473901,2.207731395899939,4
TRN-0005,31.7051,81.847,21.9615,30.4523,20.2277,25.4034,25.5256,43.5755,29.9111,Invalid,20.072711758082008,0.15498824191799088,0.15498824191799088,18.7844907530312,6.618909246968801,6.618909246968801,25.259644695588168,0.26595530441183257,0.26595530441183257,47.925462575765025,-4.349962575765026,4.349962575765026,6.618909246968801,2.847453842265913,6.618909246968801,0.25991214995605033,0.8139926493198424,3
TRN-0682,22.2018,29.935,38.0634,19.593,12.7022,11.7903,0.0,45.4414,18.6498,Invalid,12.532294289339411,0.16990571066058813,0.16990571066058813,11.516014018793614,0.27428598120638625,0.27428598120638625,16.54686645148933,-16.54686645148933,16.54686645148933,50.16524079507052,-4.723840795070515,4.723840795070515,16.54686645148933,5.428724734606705,16.54686645148933,0.1555518460164989,2.5991042403731295,4
TRN-0011,10.0962,75.7603,26.4536,6.7376,9.2036,10.7256,10.7899,40.4481,20.9826,Valid,9.074159193111203,0.12944080688879644,0.12944080688879644,10.736479027293308,-0.010879027293308141,0.010879027293308141,10.606119361262307,0.18378063873769257,0.18378063873769257,50.651438633597785,-10.203338633597788,10.203338633597788,10.203338633597788,2.6318597766293963,10.203338633597788,0.275341026775011,1.756116999900516,4
TRN-0753,11.4114,83.2642,29.5597,22.0587,10.3796,12.1992,12.4018,45.845,26.0354,Valid,10.306349485843526,0.07325051415647366,0.07325051415647366,12.058188589596355,0.14101141040364418,0.14101141040364418,12.112026496576908,0.28977350342309194,0.28977350342309194,50.22045687819326,-4.375456878193262,4.375456878193262,4.375456878193262,1.219873076544118,4.375456878193262,0.4504762054039561,1.7551559133957986,4
TRN-0610,17.4596,49.3322,31.8449,47.1965,11.9265,11.6705,15.3176,17.9856,18.4186,Valid,11.641546561494097,0.2849534385059034,0.2849534385059034,11.55847844234331,0.11202155765669097,0.11202155765669097,14.794037934985335,0.5235620650146657,0.5235620650146657,49.561388694134486,-31.575788694134484,31.575788694134484,31.575788694134484,8.124081438827936,31.575788694134484,0.10960007390381846,0.4439418884700663,4
TRN-0752,27.5321,104.1348,19.8537,20.3276,18.9002,18.7125,22.945,53.9321,43.4268,Valid,19.174180805626932,-0.2739808056269304,0.2739808056269304,19.078545698211407,-0.3660456982114084,0.3660456982114084,23.463103858447138,-0.5181038584471374,0.5181038584471374,48.21453190039879,5.717568099601209,5.717568099601209,5.717568099601209,1.7189246154716713,5.717568099601209,0.3677924699749437,1.2304882249813607,1
TRN-0472,30.5658,68.7743,28.8329,18.2417,18.7264,17.2179,23.8314,49.7545,26.4916,Valid,18.668333976536125,0.05806602346387635,0.05806602346387635,17.396974208926295,-0.1790742089262949,0.1790742089262949,23.760938345686252,0.07046165431374618,0.07046165431374618,48.68255025540706,1.071949744592942,1.071949744592942,1.071949744592942,0.34488790782421486,1.071949744592942,0.7435563917128372,1.188223453176036,3
TRN-0625,9.9363,72.7565,28.4236,57.0454,9.2928,10.7725,11.2855,60.3008,21.489,Valid,9.429825012841665,-0.13702501284166502,0.13702501284166502,10.918815848519083,-0.14631584851908208,0.14631584851908208,11.183251593074857,0.1022484069251437,0.1022484069251437,49.65824614777733,10.642553852222676,10.642553852222676,10.642553852222676,2.7570357801271417,10.642553852222676,0.2661672814748011,2.226168566105309,4
TRN-0516,25.6953,78.0962,33.7458,10.1444,16.9421,16.6385,21.2893,40.3443,29.074,Valid,16.752484615796767,0.18961538420323265,0.18961538420323265,16.591680684040256,0.046819315959744756,0.046819315959744756,20.98755587969671,0.30174412030329023,0.30174412030329023,49.37827059355608,-9.033970593556084,9.033970593556084,9.033970593556084,2.393037353505588,9.033970593556084,0.29472118807263614,0.9958930512914873,3
TRN-0192,16.625,65.7594,25.9257,51.4749,12.474,12.7318,15.4054,44.6741,21.2644,Valid,12.189598812287286,0.2844011877127137,0.2844011877127137,12.510752869250494,0.22104713074950588,0.22104713074950588,15.061109896678005,0.3442901033219954,0.3442901033219954,49.15697700194922,-4.48287700194922,4.48287700194922,4.48287700194922,1.3331538559333587,4.48287700194922,0.42860439634400294,1.5102290733671229,4
TRN-0593,12.9218,79.841,18.253,11.1248,10.3988,11.397,12.3804,63.657,20.6349,Valid,10.698339332437637,-0.29953933243763764,0.29953933243763764,11.834887040305228,-0.4378870403052275,0.4378870403052275,12.614908955423102,-0.23450895542310235,0.23450895542310235,49.96363140825679,13.693368591743209,13.693368591743209,13.693368591743209,3.666325979977294,13.693368591743209,0.2143013592044133,2.177509402734694,4
TRN-0989,10.767,88.2289,31.8686,9.0143,10.0355,12.2805,11.6549,35.0607,28.7248,Valid,10.119395070709437,-0.08389507070943658,0.08389507070943658,12.219119798836067,0.06138020116393328,0.06138020116393328,11.756941352677615,-0.10204135267761494,0.10204135267761494,50.59424744734998,-15.533547447349981,15.533547447349981,15.533547447349981,3.9452160179752416,15.533547447349981,0.20221563554860397,1.4500713006383739,2
TRN-0345,13.1113,42.1604,32.3812,21.9573,9.0446,9.4425,11.199,45.4795,15.9588,Valid,8.85721799757541,0.18738200242459158,0.18738200242459158,9.247927486997376,0.19457251300262435,0.19457251300262435,11.219860522437425,-0.020860522437425644,0.020860522437425644,50.61316738031239,-5.133667380312389,5.133667380312389,5.133667380312389,1.3841206045442576,5.133667380312389,0.41944186803886857,1.9389125137496332,4
TRN-0972,9.2753,83.9534,36.9842,8.8285,8.9458,11.4295,10.3373,47.968,27.14,Valid,9.171169029981666,-0.22536902998166575,0.22536902998166575,11.502615288909302,-0.07311528890930141,0.07311528890930141,10.635244683263013,-0.2979446832630117,0.2979446832630117,50.961043846964614,-2.9930438469646106,2.9930438469646106,2.9930438469646106,0.8973682122796474,2.9930438469646106,0.5270458277566068,1.9838272794934055,4
TRN-0611,24.2081,49.7246,37.6504,49.9756,15.0106,13.9152,19.7526,44.456,21.0417,Valid,14.948357976755332,0.06224202324466788,0.06224202324466788,14.135086580553276,-0.21988658055327548,0.21988658055327548,19.30699708872292,0.4456029112770814,0.4456029112770814,49.08157449828173,-4.625574498281729,4.625574498281729,4.625574498281729,1.3383265033391885,4.625574498281729,0.4276562740797639,1.3116866327858956,4
TRN-0387,22.1857,108.7758,46.1122,9.3895,16.6736,18.3914,20.4109,42.2442,54.9288,Valid,16.76712518944848,-0.09352518944847787,0.09352518944847787,18.370381687054085,0.02101831294591605,0.02101831294591605,20.356587221944693,0.05431277805530854,0.05431277805530854,49.816730072486735,-7.572530072486735,7.572530072486735,7.572530072486735,1.9353465882341094,7.572530072486735,0.34067527289906685,1.0466869981970963,2
TRN-0739,25.8255,92.7611,21.4121,43.8191,18.0762,17.7884,22.3099,,34.6014,Valid,18.006201747985603,0.06999825201439691,0.06999825201439691,17.773739320512234,0.014660679487764838,0.014660679487764838,22.189052688782652,0.12084731121734649,0.12084731121734649,48.03108576183578,,,0.12084731121734649,0.06850208090650274,0.12084731121734649,0.935889613945921,0.23316905181700653,1
TRN-0385,21.4684,24.2074,51.1547,9.6704,4.2763,11.1726,15.5607,34.8294,24.3642,Invalid,11.764227312838631,-7.487927312838631,7.487927312838631,11.110668216436883,0.06193178356311613,0.06193178356311613,15.784024507027798,-0.22332450702779738,0.22332450702779738,50.97313446555721,-16.14373446555721,16.14373446555721,16.14373446555721,5.979229517246688,16.14373446555721,0.1432822917671435,1.8562299814821117,4
TRN-0750,29.7969,106.9523,26.6934,41.0805,24.0889,26.7829,26.1942,58.5502,49.6786,Invalid,20.673657415963298,3.415242584036701,3.415242584036701,20.496875202273763,6.286024797726238,6.286024797726238,25.485373263433402,0.7088267365665963,0.7088267365665963,47.75881255544635,10.79138744455365,10.79138744455365,10.79138744455365,5.300370390720796,10.79138744455365,0.15872082718704966,1.016435789695983,1
TRN-0903,13.3298,38.8389,36.8858,41.6901,8.9888,9.1864,11.3527,45.5143,16.0267,Valid,9.018775826463674,-0.029975826463674693,0.029975826463674693,9.354278615850365,-0.16787861585036445,0.16787861585036445,11.567151485399677,-0.2144514853996764,0.2144514853996764,50.35215932885319,-4.837859328853192,4.837859328853192,4.837859328853192,1.3125413141417268,4.837859328853192,0.4324247069164853,1.946930155603031,4
TRN-0738,29.8147,87.4272,30.4699,31.5319,19.7454,18.994,24.7047,50.4352,34.8402,Valid,19.496566082187094,0.24883391781290598,0.24883391781290598,18.885720060947172,0.10827993905282796,0.10827993905282796,24.42559025815132,0.27910974184867854,0.27910974184867854,48.31275627066161,2.122443729338393,2.122443729338393,2.122443729338393,0.6896668320132013,2.122443729338393,0.5918326507057736,1.1043688872801687,1
TRN-0282,19.8436,19.3347,26.5655,38.0176,11.1156,9.505,14.7531,76.5468,16.3934,Valid,11.015669274266616,0.09993072573338502,0.09993072573338502,9.590396283305992,-0.08539628330599136,0.08539628330599136,14.652612726862387,0.10048727313761319,0.10048727313761319,49.686491638055045,26.86030836194496,26.86030836194496,26.86030836194496,6.786530661030487,26.86030836194496,0.12842690069978582,2.396049911839239,4
TRN-0291,30.2047,71.6651,36.8927,13.263,16.0347,24.0258,23.2583,42.36,28.7441,Invalid,18.60655502537596,-2.5718550253759602,2.5718550253759602,17.73281059977542,6.292989400224581,6.292989400224581,23.68458394732967,-0.42628394732967223,0.42628394732967223,49.076924855477614,-6.716924855477615,6.716924855477615,6.716924855477615,4.002013307101957,6.716924855477615,0.19991950013011367,0.9964265315554183,3
TRN-0778,16.604,61.3112,28.0844,31.8997,11.5426,11.8832,14.3926,45.6454,17.9512,Valid,11.705184708674981,-0.16258470867498076,0.16258470867498076,12.028051965406009,-0.14485196540600853,0.14485196540600853,14.540041846386423,-0.14744184638642288,0.14744184638642288,49.714845127888225,-4.069445127888223,4.069445127888223,4.069445127888223,1.1310809120889087,4.069445127888223,0.469245439873885,1.6343748382533083,4
TRN-0484,28.1256,35.4388,27.763,31.9165,15.7323,13.6462,20.7239,46.9256,20.0187,Valid,15.815475466699752,-0.08317546669975151,0.08317546669975151,13.80715111331699,-0.1609511133169903,0.1609511133169903,20.739230684547035,-0.015330684547034679,0.015330684547034679,48.929447418488465,-2.003847418488462,2.003847418488462,2.003847418488462,0.5658261707630596,2.003847418488462,0.6386404945018126,1.3719497992539065,3
TRN-0466,17.4179,59.3084,41.5584,39.7374,12.1441,12.6869,15.4975,69.6562,19.8007,Valid,12.097371076859972,0.0467289231400283,0.0467289231400283,12.637699620558656,0.049200379441343145,0.049200379441343145,15.254274661242288,0.24322533875771235,0.24322533875771235,49.96220318347225,19.69399681652775,19.69399681652775,19.69399681652775,5.008287864466709,19.69399681652775,0.1664367657738315,2.0916392583189265,4
TRN-0164,8.6726,39.93,24.607,16.2767,6.5397,7.3449,8.0776,48.1796,13.716,Valid,6.522247999185153,0.017452000814846436,0.017452000814846436,7.226382258013398,0.1185177419866017,0.1185177419866017,8.045830922389072,0.031769077610928065,0.031769077610928065,50.8963286839067,-2.7167286839067017,2.7167286839067017,2.7167286839067017,0.7211168760797695,2.7167286839067017,0.5810180667554227,2.3746112163581676,4
TRN-0643,19.421,64.6782,36.3881,37.1871,13.2121,13.4758,16.7204,51.2379,24.5014,Valid,13.319379799680963,-0.10727979968096335,0.10727979968096335,13.598800218582772,-0.12300021858277255,0.12300021858277255,16.7174263895606,0.002973610439401142,0.002973610439401142,49.595099769550096,1.6428002304499074,1.6428002304499074,1.6428002304499074,0.4690134647882611,1.6428002304499074,0.6807289544783967,1.6070707087782887,4
TRN-0822,18.6213,87.9184,42.9191,47.5586,14.297,15.3358,17.123,42.1204,35.5169,Valid,14.349710498355066,-0.05271049835506503,0.05271049835506503,15.591667055732707,-0.25586705573270585,0.25586705573270585,17.58784372951159,-0.46484372951158903,0.46484372951158903,49.41603643751273,-7.295636437512734,7.295636437512734,7.295636437512734,2.0172644302780234,7.295636437512734,0.33142603941672283,1.2522311924986922,2
TRN-0981,10.7595,105.278,24.2426,52.1488,11.62,13.9275,13.3055,59.7584,41.5242,Valid,11.557058144227586,0.06294185577241329,0.06294185577241329,13.787265903484949,0.14023409651505148,0.14023409651505148,13.193780198207453,0.11171980179254781,0.11171980179254781,49.190338657509095,10.568061342490907,10.568061342490907,10.568061342490907,2.72073927414273,10.568061342490907,0.26876379297778213,1.9526497128527889,2
TRN-0908,27.8591,102.5299,53.6441,24.494,19.5418,20.3744,24.2225,67.1528,61.5848,Valid,19.338975485945213,0.20282451405478596,0.20282451405478596,20.17241583437407,0.20198416562593025,0.20198416562593025,24.062095107289874,0.16040489271012603,0.16040489271012603,49.29632004507081,17.856479954929192,17.856479954929192,17.856479954929192,4.6054233818300085,17.856479954929192,0.17839865642290323,1.450542814868346,1
TRN-0619,26.3233,46.2621,33.3481,11.6472,15.1545,14.1351,19.8306,55.0993,20.4688,Valid,15.314299707861418,-0.15979970786141706,0.15979970786141706,14.107912579103637,0.027187420896362724,0.027187420896362724,19.84447131400475,-0.01387131400474928,0.01387131400474928,49.61992492204632,5.4793750779536765,5.4793750779536765,5.4793750779536765,1.4200583801790514,5.4793750779536765,0.4132131721243905,1.5722272426072885,3
TRN-0725,8.1896,17.9727,30.2487,21.0372,5.1127,5.1157,6.9266,53.0493,12.1006,Valid,5.14214376800741,-0.029443768007409332,0.029443768007409332,5.417513593979567,-0.301813593979567,0.301813593979567,6.792243746899188,0.13435625310081178,0.13435625310081178,51.27244583441375,1.7768541655862506,1.7768541655862506,1.7768541655862506,0.5606169451685097,1.7768541655862506,0.6407722299157937,2.7312613436719153,4
TRN-0027,13.0095,81.6662,36.1891,30.9851,10.9107,12.4719,13.212,41.6236,27.5462,Valid,11.101266105561905,-0.19056610556190456,0.19056610556190456,12.763624850196203,-0.29172485019620353,0.29172485019620353,13.29184159430821,-0.0798415943082098,0.0798415943082098,50.127306042790195,-8.503706042790192,8.503706042790192,8.503706042790192,2.2664596482141275,8.503706042790192,0.3061418501057346,1.5706259818681683,4
TRN-0977,30.4893,66.2271,30.3915,20.2387,18.5269,17.2667,23.8067,28.6405,26.2595,Valid,18.516751421684017,0.01014857831598448,0.01014857831598448,17.221321971955504,0.04537802804449598,0.04537802804449598,23.636048436332988,0.17065156366701117,0.17065156366701117,48.7279278135063,-20.0874278135063,20.0874278135063,20.0874278135063,5.078401495883448,20.0874278135063,0.16451693766481904,0.5155798607538188,3
TRN-0846,21.304,76.9652,36.8208,32.1562,14.8184,15.2216,18.4954,46.6681,28.84,Valid,14.843901615103418,-0.025501615103417308,0.025501615103417308,15.263411681780331,-0.0418116817803309,0.0418116817803309,18.47023828485935,0.025161715140651353,0.025161715140651353,49.415156886406386,-2.7470568864063836,2.7470568864063836,2.7470568864063836,0.7098829746076958,2.7470568864063836,0.5848353453717693,1.3381729292839324,4
TRN-0802,27.5341,71.2459,40.3411,26.0415,,16.6662,21.4988,30.8119,29.7294,Invalid,17.455654608219145,,,16.993126099201056,-0.32692609920105653,0.32692609920105653,22.175811804162528,-0.6770118041625288,0.6770118041625288,49.16525465314224,-18.35335465314224,18.35335465314224,18.35335465314224,6.452430852168608,18.35335465314224,0.13418440504000204,0.6152361376477614,3
TRN-0613,28.6824,17.4567,31.8156,44.5882,15.2978,12.6121,20.6883,30.8928,19.9859,Valid,15.246134538870162,0.051665461129838164,0.051665461129838164,12.711835378335264,-0.09973537833526436,0.09973537833526436,20.464595350231424,0.22370464976857818,0.22370464976857818,48.93681179494426,-18.04401179494426,18.04401179494426,18.04401179494426,4.604779321044486,18.04401179494426,0.1784191567088575,0.9198873231498795,3
TRN-0375,24.5231,33.6836,33.5914,39.5702,14.0647,12.4138,18.4652,43.0798,19.3717,Valid,14.085459355932237,-0.020759355932236545,0.020759355932236545,12.664255213109827,-0.2504552131098272,0.2504552131098272,18.50568803937074,-0.040488039370739415,0.040488039370739415,49.31424294904883,-6.234442949048834,6.234442949048834,6.234442949048834,1.6365363893654092,6.234442949048834,0.379285491386937,1.393536319943506,4
TRN-0567,30.1268,104.773,33.1834,28.274,20.8195,20.8039,25.8688,33.5798,49.668,Valid,20.569324958715793,0.25017504128420853,0.25017504128420853,20.52443020352768,0.27946979647231984,0.27946979647231984,25.46356427753439,0.405235722465612,0.405235722465612,48.262609710303735,-14.682809710303736,14.682809710303736,14.682809710303736,3.904422567631469,14.682809710303736,0.2038976018501884,0.5056155985374392,1
TRN-0661,12.8536,40.5512,40.5286,13.2647,8.3338,9.0615,10.5083,45.9673,16.2105,Valid,8.552885676015261,-0.2190856760152613,0.2190856760152613,9.208807588492563,-0.14730758849256276,0.14730758849256276,10.930225674710577,-0.42192567471057707,0.42192567471057707,51.13201587210107,-5.16471587210107,5.16471587210107,5.16471587210107,1.4882587028298677,5.16471587210107,0.4018874720955308,2.0377972718365296,4
TRN-0861,17.8071,15.9379,32.8941,21.6395,9.3956,8.4354,12.5726,70.5344,15.1523,Valid,9.664022329957604,-0.2684223299576036,0.2684223299576036,8.660635705466442,-0.22523570546644223,0.22523570546644223,12.97558853249087,-0.40298853249086974,0.40298853249086974,50.49336705309486,20.041032946905148,20.041032946905148,20.041032946905148,5.234419878705015,20.041032946905148,0.1603998478536411,2.4608759987810345,4
TRN-0638,9.6614,48.9719,44.3368,45.4107,7.8401,9.2749,9.8958,69.2487,16.9161,Valid,7.8690229221801635,-0.0289229221801639,0.0289229221801639,9.215631059439898,0.059268940560102124,0.059268940560102124,9.833342423669357,0.062457576330642084,0.062457576330642084,50.757389907558235,18.491310092441765,18.491310092441765,18.491310092441765,4.660489882878168,18.491310092441765,0.1766631547253175,2.551792788538154,4
TRN-0514,26.955,45.9404,34.6901,13.1187,15.7412,14.3547,20.4262,54.4091,20.7535,Valid,15.619500166499648,0.12169983350035096,0.12169983350035096,14.354583885800603,0.00011611419939683287,0.00011611419939683287,20.278069191714756,0.14813080828524505,0.14813080828524505,49.58022372635267,4.828876273647332,4.828876273647332,4.828876273647332,1.2747057574080811,4.828876273647332,0.4396172985201622,1.5268817942111426,3
TRN-0259,23.0657,42.911,38.0517,39.6462,13.8359,12.9469,17.9174,63.5056,20.3868,Valid,13.901307435099314,-0.06540743509931346,0.06540743509931346,13.086564545991576,-0.13966454599157707,0.13966454599157707,18.068688606200602,-0.1512886062006018,0.1512886062006018,49.50224137357169,14.003358626428309,14.003358626428309,14.003358626428309,3.5899298034299503,14.003358626428309,0.21786825568720525,1.8689823026187864,4
TRN-0933,17.3708,23.4709,18.735,59.2931,10.2461,25.0,13.3719,57.3816,14.744,Invalid,10.296284476699858,-0.05018447669985804,0.05018447669985804,9.01720796631575,15.98279203368425,15.98279203368425,13.499779903554458,-0.127879903554458,0.127879903554458,49.123797533274576,8.257802466725423,8.257802466725423,15.98279203368425,6.104664720165998,15.98279203368425,0.1407525955674704,1.7787041540895803,4
TRN-0785,29.2826,95.2054,38.905,21.6583,19.4396,19.4103,24.0824,44.8928,41.8587,Valid,19.564946766320872,-0.12534676632087383,0.12534676632087383,19.54732988503966,-0.1370298850396594,0.1370298850396594,24.405320198514872,-0.32292019851487197,0.32292019851487197,48.79077240302456,-3.8979724030245606,3.8979724030245606,3.8979724030245606,1.1208173132249915,3.8979724030245606,0.47151633182367975,0.9453268504914533,1
TRN-0571,13.3798,108.8273,47.6743,39.2389,12.902,15.7407,14.9064,41.0039,54.0826,Valid,12.892290929067144,0.009709070932855113,0.009709070932855113,15.634256404239736,0.10644359576026474,0.10644359576026474,15.139702216402927,-0.2333022164029277,0.2333022164029277,50.01906533978562,-9.015165339785618,9.015165339785618,9.015165339785618,2.3411550557204164,9.015165339785618,0.29929769296037084,1.3294329807656828,2
TRN-0101,27.1641,67.3367,30.467,27.2513,16.6269,15.7919,20.9665,17.2228,25.5682,Valid,17.062616677190054,-0.43571667719005447,0.43571667719005447,16.227812386489113,-0.4359123864891128,0.4359123864891128,21.645573735416022,-0.6790737354160221,0.6790737354160221,48.86835683460644,-31.645556834606438,31.645556834606438,31.645556834606438,8.299064908425407,31.645556834606438,0.10753769436472597,0.2931446714217369,3
TRN-0308,23.1844,42.4018,45.5385,31.0286,13.9486,13.2804,18.2066,50.251,21.1597,Valid,13.83861585438146,0.1099841456185402,0.1099841456185402,13.250444508817514,0.02995549118248597,0.02995549118248597,18.071029743675766,0.13557025632423603,0.13557025632423603,49.94980902204286,0.3011909779571411,0.3011909779571411,0.3011909779571411,0.14417521777060083,0.3011909779571411,0.8739920114232828,1.5454863918306672,4
TRN-0447,9.8677,61.8151,26.3059,40.8132,8.7661,9.7498,10.4597,49.9564,16.3916,Valid,8.597735763149341,0.1683642368506586,0.1683642368506586,9.760401626057432,-0.01060162605743109,0.01060162605743109,10.314064096207277,0.14563590379272284,0.14563590379272284,50.067246566420735,-0.11084656642073298,0.11084656642073298,0.1683642368506586,0.10886208328038638,0.1683642368506586,0.9018254073957189,2.087380485795122,4
TRN-0354,19.99,35.7008,43.5281,16.9993,12.0356,11.3939,15.8399,48.0139,18.4616,Valid,11.764176831633144,0.27142316836685687,0.27142316836685687,11.393078577699692,0.0008214223003086829,0.0008214223003086829,15.41855122494076,0.42134877505923995,0.42134877505923995,50.55412793136478,-2.5402279313647824,2.5402279313647824,2.5402279313647824,0.808455324272797,2.5402279313647824,0.5529580889160824,1.6782125890232888,4
TRN-0719,9.0559,36.9234,28.2051,39.725,6.465,6.9443,7.9157,57.0223,13.4854,Valid,6.823145628224054,-0.3581456282240545,0.3581456282240545,7.4191506100382245,-0.4748506100382244,0.4748506100382244,8.564431228430141,-0.6487312284301412,0.6487312284301412,50.50302605102002,6.519273948979979,6.519273948979979,6.519273948979979,2.0002503539180996,6.519273948979979,0.33330551855250207,2.5811878233517564,4
TRN-0517,14.5943,18.3444,38.0527,7.3834,8.2053,8.0438,10.9748,48.0008,14.8727,Valid,8.09075231662897,0.11454768337102905,0.11454768337102905,7.797148864370933,0.24665113562906615,0.24665113562906615,10.841411760521025,0.13338823947897538,0.13338823947897538,51.25696714576373,-3.256167145763733,3.256167145763733,3.256167145763733,0.9376885510607009,3.256167145763733,0.5160788091835474,2.1246733454977713,4
TRN-0956,26.9366,106.6938,40.8469,10.7934,19.0883,19.8202,23.5776,47.948,52.2691,Valid,18.94540501789342,0.14289498210657925,0.14289498210657925,19.68018656733563,0.14001343266436805,0.14001343266436805,23.29804301917519,0.27955698082481106,0.27955698082481106,49.18847978360895,-1.2404797836089472,1.2404797836089472,1.2404797836089472,0.4507362948011764,1.2404797836089472,0.6893051504836378,1.0453180511026754,1
TRN-0200,21.7524,47.4856,43.3585,56.2893,13.7971,13.4394,17.6142,20.2815,20.8623,Valid,13.726902371717559,0.07019762828244147,0.07019762828244147,13.33244415961931,0.10695584038068873,0.10695584038068873,17.771106681565104,-0.15690668156510412,0.15690668156510412,49.39194024168373,-29.110440241683726,29.110440241683726,29.110440241683726,7.36112509797799,29.110440241683726,0.11960112882916137,0.42019743217798133,4
TRN-0463,11.7153,40.6516,40.7035,20.2729,8.0814,25.0,10.1953,47.6679,15.7596,Invalid,8.094431122607682,-0.013031122607682022,0.013031122607682022,8.889097124788037,16.110902875211963,16.110902875211963,10.31061644941767,-0.11531644941767105,0.11531644941767105,51.08672790146296,-3.4188279014629543,3.4188279014629543,16.110902875211963,4.914519587175068,16.110902875211963,0.16907543973112896,1.741125150421179,4
TRN-0356,29.124,78.6573,36.577,47.4556,19.0017,18.243,23.8741,45.6223,32.4715,Valid,18.877404773667262,0.12429522633273749,0.12429522633273749,18.23413197285018,0.008868027149819824,0.008868027149819824,23.871906610894378,0.0021933891056207244,0.0021933891056207244,48.334553400543854,-2.712253400543851,2.712253400543851,2.712253400543851,0.7119025107830073,2.712253400543851,0.5841454134807068,1.0260074044553023,3
TRN-0464,26.9782,71.2716,36.2753,47.2463,17.4268,16.95,22.1196,59.2423,28.6182,Valid,17.43525205175388,-0.008452051753881307,0.008452051753881307,16.853960657043785,0.09603934295621386,0.09603934295621386,22.10785973543284,0.011740264567158931,0.011740264567158931,48.60543441125894,10.63686558874106,10.63686558874106,10.63686558874106,2.6882743120045784,10.63686558874106,0.27112950811310443,1.4616471546173735,3
TRN-0052,23.8697,58.5274,22.4135,38.1949,15.3019,14.3016,19.6015,73.5974,19.7674,Valid,15.111007118228615,0.19089288177138464,0.19089288177138464,14.17676479347034,0.12483520652966007,0.12483520652966007,19.15281887348701,0.44868112651299086,0.44868112651299086,48.74178977364157,24.855610226358422,24.855610226358422,24.855610226358422,6.405004860293115,24.855610226358422,0.13504380062762264,1.9314209066204222,4
TRN-0737,25.7107,30.5152,20.798,16.0054,17.9853,20.3833,18.9732,50.4902,17.8267,Invalid,14.184730210642794,3.800569789357205,3.800569789357205,12.195537974636997,8.187762025363002,8.187762025363002,18.59172787251402,0.3814721274859778,0.3814721274859778,49.31062580303734,1.1795741969626619,1.1795741969626619,8.187762025363002,3.3873445347922115,8.187762025363002,0.22792830425554006,1.205760365843028,3
TRN-0549,19.3856,40.9572,26.762,34.7739,11.8918,11.2905,15.3304,44.0042,17.3213,Valid,11.950981313252463,-0.059181313252462786,0.059181313252462786,11.245224568768586,0.04527543123141342,0.04527543123141342,15.37213517418111,-0.04173517418111139,0.04173517418111139,49.57168248392705,-5.567482483927051,5.567482483927051,5.567482483927051,1.4284186006480097,5.567482483927051,0.4117906195139321,1.5857931716808693,4
TRN-0431,8.7941,46.5597,28.1436,40.9888,7.2282,8.1459,8.883,59.0783,14.773,Valid,7.244116653658708,-0.015916653658707425,0.015916653658707425,8.155050968842119,-0.009150968842119411,0.009150968842119411,8.889285475312665,-0.006285475312665767,0.006285475312665767,50.39214778831688,8.686152211683115,8.686152211683115,8.686152211683115,2.179376327374152,8.686152211683115,0.3145270949494363,2.488741884605157,4
TRN-0565,28.6246,31.4712,26.8085,33.8995,16.1176,13.8494,21.1833,47.6235,20.1548,Valid,15.858491291200494,0.25910870879950565,0.25910870879950565,13.629457389116396,0.2199426108836029,0.2199426108836029,20.88793663131264,0.295363368687358,0.295363368687358,48.84965882749896,-1.2261588274989634,1.2261588274989634,1.2261588274989634,0.5001433789673575,1.2261588274989634,0.6666029487717118,1.3677346147522464,3
TRN-0660,30.2971,62.8955,39.7843,12.227,18.4755,17.1061,23.7531,51.6632,28.9021,Valid,18.158614682956213,0.31688531704378775,0.31688531704378775,17.104381004630447,0.0017189953695542215,0.0017189953695542215,23.32959702278216,0.42350297721784,0.42350297721784,49.28821272654444,2.3749872734555666,2.3749872734555666,2.3749872734555666,0.7792736407716871,2.3749872734555666,0.5620270975105836,1.2453240123195082,3
TRN-0834,29.9178,27.4687,35.7858,58.4409,16.4282,13.9856,21.5831,,21.1305,Valid,16.562229462685075,-0.1340294626850742,0.1340294626850742,14.233873088559466,-0.24827308855946661,0.24827308855946661,22.02909344302961,-0.4459934430296073,0.4459934430296073,48.54857896653691,,,0.4459934430296073,0.2760986647580494,0.4459934430296073,0.7836384659093752,0.4383431867996823,3
TRN-0887,30.0954,88.0704,42.4991,11.1092,19.2774,19.2312,24.2806,35.2746,38.4158,Valid,19.441901065977774,-0.16450106597777392,0.16450106597777392,19.247997458459487,-0.01679745845948588,0.01679745845948588,24.454494345103544,-0.17389434510354462,0.17389434510354462,49.15280002910548,-13.878200029105479,13.878200029105479,13.878200029105479,3.5583482246615707,13.878200029105479,0.21937771111689122,0.6544063540648621,1
TRN-0336,27.8382,99.9421,33.3912,50.5934,19.2433,19.334,23.8428,53.5263,44.1841,Valid,19.466990981624264,-0.22369098162426226,0.22369098162426226,19.520266034504594,-0.18626603450459456,0.18626603450459456,24.09970257734377,-0.2569025773437694,0.2569025773437694,48.03973692907744,5.486563070922557,5.486563070922557,5.486563070922557,1.5383556660987958,5.486563070922557,0.3939558247709637,1.1827185034745353,1
TRN-0023,22.4988,39.379,38.3371,24.9876,13.1943,12.3976,17.2618,37.9205,19.4098,Valid,13.260652383041283,-0.06635238304128244,0.06635238304128244,12.474835005631626,-0.07723500563162489,0.07723500563162489,17.295083088809736,-0.03328308880973552,0.03328308880973552,49.925929837451115,-12.005429837451118,12.005429837451118,12.005429837451118,3.04557507873344,12.005429837451118,0.24718364646271077,1.263912851423919,4
TRN-0305,18.9752,39.1127,26.3426,46.8886,11.9802,1.0,15.6456,31.5284,17.5207,Invalid,11.794719731152844,0.18548026884715618,0.18548026884715618,11.036792150528546,-10.036792150528546,10.036792150528546,15.203860683866322,0.44173931613367756,0.44173931613367756,49.34738855906153,-17.818988559061527,17.818988559061527,17.818988559061527,7.120750073642727,17.818988559061527,0.12314133435108042,2.0300081922737285,4
TRN-0536,22.9458,45.7975,30.2669,21.8424,13.6546,12.8831,17.8131,49.1447,18.926,Valid,13.781425509353838,-0.12682550935383752,0.12682550935383752,12.888894049384485,-0.0057940493844839125,0.0057940493844839125,17.75609507230615,0.057004927693849794,0.057004927693849794,49.601254020743404,-0.456554020743404,0.456554020743404,0.456554020743404,0.1615446267938938,0.456554020743404,0.8609225826821731,1.5513723970148738,4
TRN-0261,18.2851,75.3805,29.9432,58.338,13.6212,14.0408,16.7649,51.2372,25.316,Valid,13.605592577518198,0.015607422481801692,0.015607422481801692,14.088342211394913,-0.047542211394912215,0.047542211394912215,16.7706077814865,-0.005707781486499641,0.005707781486499641,48.889934933535045,2.3472650664649564,2.3472650664649564,2.3472650664649564,0.6040306204570425,2.3472650664649564,0.6234294952019471,1.572835965493444,4
TRN-0271,23.8412,94.0763,38.9754,13.1617,16.5737,17.2782,20.4146,30.579,39.3592,Valid,16.786284407985505,-0.21258440798550637,0.21258440798550637,17.499480118244634,-0.22128011824463556,0.22128011824463556,20.682306321546623,-0.26770632154662266,0.26770632154662266,49.49127459506251,-18.912274595062506,18.912274595062506,18.912274595062506,4.903461360709818,18.912274595062506,0.1693921479109609,0.6602727733243257,2
TRN-0827,12.4842,86.4182,28.5048,20.0729,11.1338,12.8196,13.3905,38.961,27.8574,Valid,10.971209768394747,0.16259023160525388,0.16259023160525388,12.646086861293266,0.17351313870673302,0.17351313870673302,12.919681413579362,0.4708185864206378,0.4708185864206378,50.09467037795975,-11.133670377959753,11.133670377959753,11.133670377959753,2.9851480836730944,11.133670377959753,0.2509317041685197,1.4587364854752523,2
TRN-0148,11.8673,90.6809,39.2761,29.6365,7.3021,8.4665,12.8879,42.136,33.6087,Invalid,11.038127029164162,-3.7360270291641617,3.7360270291641617,13.220780293332233,-4.754280293332233,4.754280293332233,13.009909938378271,-0.12200993837827134,0.12200993837827134,50.271966232644694,-8.13596623264469,8.13596623264469,8.13596623264469,4.18707087337984,8.13596623264469,0.19278703229832886,1.9682243355020175,2
TRN-0916,15.83,22.3854,29.3857,34.8222,9.3427,8.7621,12.3496,43.3537,15.4539,Valid,9.220703643916591,0.1219963560834092,0.1219963560834092,8.524216270653904,0.23788372934609647,0.23788372934609647,12.179944251930468,0.1696557480695322,0.1696557480695322,50.19036456152984,-6.836664561529837,6.836664561529837,6.836664561529837,1.8415500987572186,6.836664561529837,0.35192059448023116,1.8746766955514664,4
TRN-0691,16.0726,89.5872,44.0183,27.2199,13.0883,14.6408,15.8388,43.9082,35.129,Valid,12.977324420355625,0.11097557964437499,0.11097557964437499,14.71341341507061,-0.07261341507060948,0.07261341507060948,15.702975873356875,0.1358241266431257,0.1358241266431257,50.11850704060963,-6.210307040609628,6.210307040609628,6.210307040609628,1.6324300404919345,6.210307040609628,0.37987714188716876,1.409294008629096,2
TRN-0915,15.1802,54.6068,48.181,36.2376,10.7723,11.6684,13.9383,46.0319,21.2765,Valid,10.72985377374562,0.04244622625437877,0.04244622625437877,11.646994738842105,0.021405261157894984,0.021405261157894984,13.592046384195887,0.3462536158041125,0.3462536158041125,50.527955156605344,-4.496055156605344,4.496055156605344,4.496055156605344,1.2265400649554326,4.496055156605344,0.4491273324650533,1.7114038500228246,4
TRN-0497,22.7015,51.4484,30.3053,42.1301,14.3641,13.524,18.3201,67.2977,19.733,Valid,14.216177219528761,0.14792278047123908,0.14792278047123908,13.458289749337894,0.06571025066210545,0.06571025066210545,18.201639122261504,0.1184608777384959,0.1184608777384959,49.116011256834106,18.1816887431659,18.1816887431659,18.1816887431659,4.628445663009435,18.1816887431659,0.1776689444782375,1.8950091951134893,4
TRN-0178,19.3405,100.3808,33.8958,5.6278,14.7691,16.3752,17.6476,40.5108,41.2567,Valid,14.874452313036919,-0.10535231303691894,0.10535231303691894,16.251073852486144,0.12412614751385576,0.12412614751385576,17.891129124333673,-0.2435291243336728,0.2435291243336728,49.82274571368568,-9.311945713685674,9.311945713685674,9.311945713685674,2.4462383246425303,9.311945713685674,0.29017145820979384,1.1530082951542138,2
TRN-0327,28.9693,67.2789,26.4722,52.5104,18.1773,16.9927,23.2303,39.4128,25.7542,Valid,18.220751800237405,-0.043451800237406246,0.043451800237406246,16.934970438853966,0.05772956114603289,0.05772956114603289,23.171893407333243,0.058406592666756296,0.058406592666756296,48.00627483485857,-8.593474834858576,8.593474834858576,8.593474834858576,2.1882656972271928,8.593474834858576,0.31365014555395787,0.9168543203909004,3
TRN-0856,26.9065,91.7012,35.2636,56.763,15.1083,23.7716,23.0638,67.0168,38.1997,Invalid,18.639819566588184,-3.531519566588184,3.531519566588184,18.611429817055246,5.1601701829447535,5.1601701829447535,23.209415405986974,-0.1456154059869732,0.1456154059869732,48.14434744124291,18.872452558757097,18.872452558757097,18.872452558757097,6.927439428569252,18.872452558757097,0.12614413632681398,1.6100583946065983,1
TRN-0343,26.2971,15.0966,35.2021,44.2695,13.6448,11.4401,18.4805,59.6871,18.4245,Valid,13.970093077119596,-0.3252930771195963,0.3252930771195963,11.792348393026886,-0.35224839302688693,0.35224839302688693,18.834770790870486,-0.35427079087048696,0.35427079087048696,49.30684425293092,10.380255747069079,10.380255747069079,10.380255747069079,2.853017002021512,10.380255747069079,0.259536877069409,1.869087191462796,3
TRN-0198,28.1497,26.9731,19.1549,29.9116,15.5631,13.0973,20.497,43.7674,18.5978,Valid,15.324057524858336,0.2390424751416642,0.2390424751416642,12.80459208129931,0.2927079187006907,0.2927079187006907,20.20353746573684,0.2934625342631598,0.2934625342631598,48.761370595118144,-4.993970595118142,4.993970595118142,4.993970595118142,1.4547958808059143,4.993970595118142,0.4073658456978093,1.32021104367788,3
TRN-0290,12.3628,100.7801,22.3968,23.5885,11.9041,13.7706,13.9312,40.4923,23.8671,Invalid,11.73881465776241,0.16528534223759017,0.16528534223759017,13.657213823475097,0.11338617652490335,0.11338617652490335,13.533386427992063,0.3978135720079372,0.3978135720079372,49.65760552848565,-9.165305528485646,9.165305528485646,9.165305528485646,2.4604476548140193,9.165305528485646,0.2889799528129966,1.4276568374036682,2
TRN-0711,27.3457,27.5273,34.5953,58.9132,15.4514,13.3857,20.4983,58.755,20.0657,Valid,15.332923665963134,0.11847633403686508,0.11847633403686508,13.315282076617953,0.07041792338204722,0.07041792338204722,20.35591216434133,0.14238783565867053,0.14238783565867053,48.73129089442315,10.023709105576856,10.023709105576856,10.023709105576856,2.5887477996636097,10.023709105576856,0.27864872535588453,1.6789384889172438,3
TRN-0284,17.8121,90.2115,37.616,39.5063,13.504,15.1535,16.1926,46.9822,34.353,Valid,13.984600081247603,-0.48060008124760323,0.48060008124760323,15.26793660574903,-0.11443660574903092,0.11443660574903092,16.984062026349402,-0.7914620263494037,0.7914620263494037,49.45665510653913,-2.474455106539132,2.474455106539132,2.474455106539132,0.9652384549712925,2.474455106539132,0.5088441036101177,1.4582313812323633,2
TRN-0105,14.8368,102.3667,39.5969,23.2679,13.1569,15.4076,15.6953,41.709,43.6185,Valid,13.035779533136997,0.12112046686300282,0.12112046686300282,15.195119362827963,0.21248063717203713,0.21248063717203713,15.41557853850891,0.27972146149108923,0.27972146149108923,50.02463713098263,-8.31563713098263,8.31563713098263,8.31563713098263,2.2322399241271897,8.31563713098263,0.3093829738737704,1.3284859956235306,2
TRN-0439,11.5518,50.4478,26.6414,37.17,8.8784,9.5543,11.0339,50.6061,15.9175,Valid,8.737158157250958,0.14124184274904117,0.14124184274904117,9.35795337262781,0.19634662737218989,0.19634662737218989,10.792187291906885,0.24171270809311451,0.24171270809311451,50.12879873173018,0.47730126826981945,0.47730126826981945,0.47730126826981945,0.26415061162104125,0.47730126826981945,0.7910449837283894,2.084489677760496,4
TRN-0602,21.0839,80.5436,36.3989,38.7211,7.1164,15.438,18.6809,61.7175,30.5097,Invalid,15.012770128782664,-7.896370128782665,7.896370128782665,15.533453747384028,-0.09545374738402757,0.09545374738402757,18.604030145835658,0.07686985416434311,0.07686985416434311,49.23677411341955,12.480725886580451,12.480725886580451,12.480725886580451,5.137354904227871,12.480725886580451,0.16293664218621687,2.1214023819061234,4
TRN-0269,15.8232,102.5936,42.3858,16.5509,13.2755,15.4911,15.8473,56.8715,45.2513,Valid,13.4468373153264,-0.17133731532640084,0.17133731532640084,15.587405726919744,-0.09630572691974493,0.09630572691974493,15.992405457669097,-0.14510545766909644,0.14510545766909644,50.177894329176354,6.6936056708236435,6.6936056708236435,6.6936056708236435,1.7765885426847214,6.6936056708236435,0.3601541908809745,1.7183154549066348,2
TRN-0184,29.5853,85.7903,34.6521,19.6015,19.3913,18.8309,24.4083,51.7121,34.5505,Valid,19.160476084825124,0.23082391517487721,0.23082391517487721,18.699499260643734,0.13140073935626617,0.13140073935626617,24.054258161972044,0.35404183802795686,0.35404183802795686,48.76153770968942,2.950562290310579,2.950562290310579,2.950562290310579,0.9167071957174198,2.950562290310579,0.5217280981854414,1.150269050985704,1
TRN-0288,15.735,21.5399,39.4762,5.9551,8.9844,8.6774,11.8477,,15.9873,Valid,8.800582707088543,0.1838172929114581,0.1838172929114581,8.496124903943644,0.18127509605635694,0.18127509605635694,11.73339416078667,0.11430583921332982,0.11430583921332982,51.199215513924855,,,0.1838172929114581,0.15979940939371495,0.1838172929114581,0.8622180627965227,0.3222992707779486,4
TRN-0668,30.0372,108.2607,39.2159,13.5037,20.5937,21.0821,25.4809,54.9198,54.4579,Valid,20.552274832586715,0.041425167413283503,0.041425167413283503,20.856337804716098,0.2257621952839024,0.2257621952839024,25.412098218737558,0.06880178126244019,0.06880178126244019,48.77043900827168,6.149360991728322,6.149360991728322,6.149360991728322,1.621337533921987,6.149360991728322,0.38148463792216114,1.1247402654105367,1
TRN-0014,11.1932,77.4751,43.4873,15.9647,9.6759,11.9007,11.5401,72.2076,27.0328,Valid,9.829047376052232,-0.15314737605223172,0.15314737605223172,11.885240446386836,0.01545955361316409,0.01545955361316409,11.751775818466296,-0.21167581846629524,0.21167581846629524,50.926744455624124,21.280855544375875,21.280855544375875,21.280855544375875,5.4152845731268915,21.280855544375875,0.15587773053574572,2.3748242808832223,4
TRN-0813,30.5251,48.7172,37.482,41.8758,17.608,15.9534,22.6584,26.8364,23.0728,Valid,17.833376752027746,-0.22537675202774565,0.22537675202774565,16.159651621011818,-0.20625162101181793,0.20625162101181793,23.226005571129726,-0.5676055711297252,0.5676055711297252,48.686758093486446,-21.850358093486445,21.850358093486445,21.850358093486445,5.712398009413933,21.850358093486445,0.14897805502557068,0.5241267844535221,3
TRN-0636,14.2258,57.1339,34.1337,56.3507,10.6019,11.1591,13.4864,44.2794,18.3368,Valid,10.629196353710938,-0.027296353710937638,0.027296353710937638,11.253499708113802,-0.0943997081138015,0.0943997081138015,13.253402637889936,0.23299736211006383,0.23299736211006383,49.6511108165659,-5.371710816565894,5.371710816565894,5.371710816565894,1.4316010601251743,5.371710816565894,0.4112516713364658,1.693893533302719,4
TRN-0028,23.694,44.5709,39.7788,43.8321,14.2709,13.5117,18.3143,52.1311,20.5491,Valid,14.346934010932767,-0.07603401093276752,0.07603401093276752,13.535689914428032,-0.023989914428032222,0.023989914428032222,18.645841486411182,-0.331541486411183,0.331541486411183,49.39494223646379,2.7361577635362124,2.7361577635362124,2.7361577635362124,0.7919307938270488,2.7361577635362124,0.5580572661873217,1.5726425977755436,4
TRN-0123,14.9187,52.9423,41.4921,16.5583,10.2995,11.0211,12.8863,38.7669,18.1844,Valid,10.269988833539555,0.029511166460444826,0.029511166460444826,11.033275770010597,-0.012175770010596665,0.012175770010596665,12.945982503833587,-0.059682503833586864,0.059682503833586864,50.76927890540944,-12.002378905409444,12.002378905409444,12.002378905409444,3.025937086428518,12.002378905409444,0.24838937582283932,1.5604167191969067,4
TRN-0088,21.3183,62.0168,39.4007,45.0831,14.2689,14.0302,18.1343,40.939,26.3719,Valid,14.182212497016652,0.08668750298334871,0.08668750298334871,14.192936127806684,-0.16273612780668323,0.16273612780668323,17.979778409829223,0.15452159017077705,0.15452159017077705,49.381878616057314,-8.442878616057314,8.442878616057314,8.442878616057314,2.2117059592545307,8.442878616057314,0.3113610064827074,1.231912488652028,4
TRN-0714,12.6513,81.3865,47.8621,12.0248,10.6411,12.7964,12.6118,35.1179,32.4503,Valid,10.705337412482859,-0.06423741248285886,0.06423741248285886,12.827733442124249,-0.03133344212424838,0.03133344212424838,12.879727578887653,-0.26792757888765273,0.26792757888765273,50.99113955425757,-15.873239554257573,15.873239554257573,15.873239554257573,4.059184496938084,15.873239554257573,0.19766031474148044,1.3757341158656704,4
TRN-0583,19.3493,72.3037,40.4559,57.2611,13.905,14.4979,17.3418,64.2767,27.6727,Valid,13.94916631565501,-0.04416631565501028,0.04416631565501028,14.522553556213374,-0.024653556213374728,0.024653556213374728,17.41657127256962,-0.07477127256962035,0.07477127256962035,49.218732924500834,15.057967075499171,15.057967075499171,15.057967075499171,3.800389554984294,15.057967075499171,0.20831642693699506,1.8313412367625803,4
TRN-0421,30.2288,73.786,34.6741,38.9915,19.161,18.1341,24.232,66.364,30.0385,Valid,19.03675547945152,0.1242445205484799,0.1242445205484799,18.069728545892367,0.06437145410763279,0.06437145410763279,24.190731743209366,0.04126825679063373,0.04126825679063373,48.40625886062452,17.957741139375486,17.957741139375486,17.957741139375486,4.546906342705558,17.957741139375486,0.18028067146203883,1.5084672792814262,3
TRN-0511,18.3138,67.2527,31.9498,12.166,12.4674,13.1687,15.4053,43.7563,22.7241,Valid,12.626843473747112,-0.1594434737471122,0.1594434737471122,13.078711715753547,0.08998828424645211,0.08998828424645211,15.672506963330836,-0.2672069633308354,0.2672069633308354,50.06459658479085,-6.308296584790845,6.308296584790845,6.308296584790845,1.7062338265288113,6.308296584790845,0.3695172199080314,1.475930844383353,4
TRN-0449,21.696,104.8557,37.7763,13.4195,16.5054,17.709,20.0948,50.7071,47.5433,Valid,16.351465429590768,0.15393457040923408,0.15393457040923408,17.636049497151866,0.07295050284813343,0.07295050284813343,19.81145590155935,0.2833440984406508,0.2833440984406508,49.522703572978,1.1843964270219942,1.1843964270219942,1.1843964270219942,0.4236563996800031,1.1843964270219942,0.7024166787890471,1.302719176844289,2
TRN-0038,27.7592,101.5552,34.2606,17.1922,19.2427,19.2265,23.8862,59.3814,45.698,Valid,19.123812673702773,0.11888732629722654,0.11888732629722654,19.372506774093672,-0.1460067740936708,0.1460067740936708,23.60324927272842,0.28295072727157944,0.28295072727157944,48.79669244125581,10.584707558744192,10.584707558744192,10.584707558744192,2.783138096601667,10.584707558744192,0.2643308212561112,1.3194001092849132,1
TRN-0891,31.2092,24.7295,37.9771,7.605,16.1873,13.7588,21.489,46.4701,20.3503,Valid,16.43299833351382,-0.2456983335138183,0.2456983335138183,14.084222542696235,-0.3254225426962343,0.3254225426962343,21.943873136973053,-0.45487313697305254,0.45487313697305254,49.65834288649294,-3.1882428864929366,3.1882428864929366,3.1882428864929366,1.0535592249190104,3.1882428864929366,0.4869594155675927,1.3364473648192885,3
TRN-0313,28.2726,86.4153,41.69,52.7211,18.8426,18.6702,23.9336,60.1178,37.4216,Valid,18.96580595348086,-0.12320595348085916,0.12320595348085916,18.80652451859737,-0.1363245185973696,0.1363245185973696,23.846627554477728,0.0869724455222709,0.0869724455222709,48.39148139072429,11.726318609275715,11.726318609275715,11.726318609275715,3.0182053817190537,11.726318609275715,0.2488673188656633,1.3638089622408696,1
TRN-0255,17.4922,39.68,34.5857,26.5506,10.8434,10.4393,14.1841,51.656,17.2442,Valid,10.883756219762112,-0.04035621976211168,0.04035621976211168,10.662255644203636,-0.2229556442036369,0.2229556442036369,14.040820416403413,0.14327958359658766,0.14327958359658766,50.215005788746865,1.440994211253134,1.440994211253134,1.440994211253134,0.46189641470386755,1.440994211253134,0.6840429937045623,1.892348780182097,4
TRN-0647,21.852,64.5289,34.5926,11.2937,14.1639,13.9786,17.7505,39.2504,23.9903,Valid,14.170733473681212,-0.006833473681211899,0.006833473681211899,14.148331236860537,-0.16973123686053704,0.16973123686053704,17.852089997889838,-0.10158999788983891,0.10158999788983891,49.88220253768896,-10.631802537688962,10.631802537688962,10.631802537688962,2.7274893115301375,10.631802537688962,0.26827709388910337,1.187257644276529,4
TRN-0423,18.2339,55.7219,24.4936,48.8595,12.3715,12.2858,15.7123,45.9793,18.5143,Valid,12.375995982266979,-0.004495982266979226,0.004495982266979226,12.14733445867091,0.13846554132909006,0.13846554132909006,15.551590322432235,0.1607096775677661,0.1607096775677661,49.126230616172634,-3.1469306161726323,3.1469306161726323,3.1469306161726323,0.8626504543341169,3.1469306161726323,0.5368693829124758,1.5608066526352264,4
TRN-0398,23.6081,38.436,51.5397,28.3981,20.9822,13.0628,17.4497,57.6559,26.8098,Invalid,13.80055729686406,7.181642703135939,7.181642703135939,13.230082252567202,-0.16728225256720286,0.16728225256720286,18.17921481417371,-0.7295148141737116,0.7295148141737116,50.222832332116134,7.4330676678838685,7.4330676678838685,7.4330676678838685,3.8778768594401805,7.4330676678838685,0.20500722523667134,1.6341855622651413,4
TRN-0289,12.2869,55.9791,39.0557,27.4659,9.2859,10.2734,11.2989,58.2312,17.4577,Valid,9.298208658431482,-0.012308658431482655,0.012308658431482655,10.395940923885382,-0.1225409238853814,0.1225409238853814,11.533368103405001,-0.23446810340500157,0.23446810340500157,50.65114985189796,7.580050148102039,7.580050148102039,7.580050148102039,1.9873419584559762,7.580050148102039,0.3347457418356134,2.1975803192836323,4
TRN-0579,25.8539,97.7032,34.2355,28.4083,18.1987,18.5238,22.5244,42.8963,41.4578,Valid,18.12799904288105,0.07070095711894808,0.07070095711894808,18.48171743832991,0.04208256167009239,0.04208256167009239,22.35587344200611,0.16852655799388927,0.16852655799388927,48.76480374008676,-5.868503740086766,5.868503740086766,5.868503740086766,1.5374534542174239,5.868503740086766,0.39409589891705427,0.9671751160429217,1
TRN-0275,17.8668,47.0833,25.1341,36.193,11.1437,10.8196,14.0121,38.2814,17.1723,Valid,11.573571125739068,-0.4298711257390675,0.4298711257390675,11.199787739260112,-0.38018773926011207,0.38018773926011207,14.691915921882622,-0.6798159218826214,0.6798159218826214,49.55569288070678,-11.274292880706781,11.274292880706781,11.274292880706781,3.1910419168971456,11.274292880706781,0.2386041513849506,1.4792872952848517,4
TRN-0885,9.8693,34.1735,47.1174,41.4493,7.4965,8.2213,9.6744,50.7342,17.5958,Valid,7.109012398266008,0.38748760173399255,0.38748760173399255,8.087089909014127,0.13421009098587255,0.13421009098587255,9.207810721797044,0.4665892782029566,0.4665892782029566,51.084309103926344,-0.35010910392634287,0.35010910392634287,0.4665892782029566,0.33459901871229114,0.4665892782029566,0.7492887271600617,2.2718887156683016,4
TRN-0201,13.0583,62.9442,42.9019,15.9798,9.9293,11.3912,12.1505,38.707,23.7241,Valid,9.922878144994476,0.0064218550055237245,0.0064218550055237245,11.278720256418147,0.11247974358185253,0.11247974358185253,12.239073574852384,-0.0885735748523846,0.0885735748523846,50.89311213813462,-12.186112138134618,12.186112138134618,12.186112138134618,3.0983968278935947,12.186112138134618,0.24399784647353398,1.5948174818823013,4
TRN-0171,15.6952,76.0224,22.3138,52.257,12.0119,20.1057,14.6344,67.6222,22.1384,Invalid,12.313411691072767,-0.30151169107276665,0.30151169107276665,12.95108125027711,7.154618749722889,7.154618749722889,14.933613736136447,-0.29921373613644775,0.29921373613644775,48.98645048292817,18.635749517071837,18.635749517071837,18.635749517071837,6.5977734235009855,18.635749517071837,0.13161750742748643,1.9448540160791454,4
TRN-0689,31.6492,35.4878,43.8532,18.733,17.3536,15.3904,23.1375,33.0242,22.6997,Valid,17.37830371609561,-0.024703716095608286,0.024703716095608286,15.432248006581949,-0.04184800658194909,0.04184800658194909,23.007749054786718,0.12975094521328145,0.12975094521328145,49.461841450330695,-16.437641450330695,16.437641450330695,16.437641450330695,4.158486029555384,16.437641450330695,0.19385532775906175,0.7933705967691176,3
TRN-0769,8.373,78.0065,31.6603,24.9763,8.6715,10.7605,10.2026,45.9541,23.1383,Valid,8.592922276184328,0.07857772381567152,0.07857772381567152,10.653463368225701,0.10703663177429945,0.10703663177429945,9.952003022647128,0.25059697735287223,0.25059697735287223,50.56529540644692,-4.6111954064469245,4.6111954064469245,4.6111954064469245,1.261851684847442,4.6111954064469245,0.442115637687114,1.9729181886085148,4
TRN-0575,29.1671,81.9158,28.8445,36.8917,18.8973,18.0038,23.9664,39.8755,31.127,Valid,18.942206291861574,-0.044906291861572356,0.044906291861572356,18.187871516621463,-0.18407151662146504,0.18407151662146504,23.800048278915696,0.16635172108430396,0.16635172108430396,48.256733406612256,-8.381233406612253,8.381233406612253,8.381233406612253,2.1941407340448986,8.381233406612253,0.31307324356170446,0.8684153267560719,3
TRN-0428,20.4699,69.9818,34.8688,27.8474,14.2195,14.1737,17.3693,40.4876,25.319,Valid,14.003703442285511,0.2157965577144889,0.2157965577144889,14.283182806800728,-0.10948280680072742,0.10948280680072742,17.492311736567352,-0.12301173656735287,0.12301173656735287,49.59402621263768,-9.106426212637679,9.106426212637679,9.106426212637679,2.388679328430062,9.106426212637679,0.2951002154763605,1.2203528017461769,4
TRN-0272,30.9147,51.0044,42.4644,18.3643,17.8293,16.553,23.1521,40.4619,23.6436,Valid,17.875473153710324,-0.046173153710324044,0.046173153710324044,16.447193117154008,0.10580688284599304,0.10580688284599304,23.273965835268264,-0.12186583526826311,0.12186583526826311,49.319706195058636,-8.857806195058636,8.857806195058636,8.857806195058636,2.282913016720804,8.857806195058636,0.3046075223153088,0.9759099166356621,3
TRN-0763,20.5583,61.5323,30.8158,8.7893,13.3374,13.3175,16.9269,36.3166,19.1371,Valid,13.34850647773074,-0.011106477730740139,0.011106477730740139,13.304436211476247,0.013063788523753672,0.013063788523753672,16.77981325220217,0.14708674779782882,0.14708674779782882,49.95593803617949,-13.639338036179488,13.639338036179488,13.639338036179488,3.4526487625579527,13.639338036179488,0.22458542169527002,1.1514167235305217,4
TRN-0727,15.8896,19.4607,45.5969,8.0754,8.3908,8.3681,11.4267,74.0864,16.6021,Valid,8.793718120740857,-0.402918120740857,0.402918120740857,8.587154398278122,-0.21905439827812145,0.21905439827812145,11.837461017051798,-0.41076101705179724,0.41076101705179724,51.375766065525525,22.710633934474473,22.710633934474473,22.710633934474473,5.935841867636312,22.710633934474473,0.14417860428250986,2.5703330059711336,4
TRN-0042,19.2353,48.7693,27.1839,20.7282,12.089,11.6227,15.3121,57.8987,17.8278,Valid,12.144266563303795,-0.055266563303794314,0.055266563303794314,11.749685677025512,-0.12698567702551244,0.12698567702551244,15.439883530281628,-0.12778353028162925,0.12778353028162925,49.82509452018162,8.073605479818376,8.073605479818376,8.073605479818376,2.095910312607328,8.073605479818376,0.3230067731380162,1.9098137543650835,4
TRN-0773,18.149,40.6311,31.4089,53.4559,3.9127,10.9356,14.7335,61.6319,17.8539,Invalid,11.56614140246888,-7.6534414024688795,7.6534414024688795,11.098102682030866,-0.1625026820308655,0.1625026820308655,14.907494095389108,-0.1739940953891086,0.1739940953891086,49.439526365207435,12.192373634792567,12.192373634792567,12.192373634792567,5.045577953670355,12.192373634792567,0.16541015725268848,2.531162520032618,4
TRN-0764,30.7478,51.1431,43.5796,43.3897,17.9541,16.5559,23.4592,46.5817,23.6919,Valid,18.100731213853013,-0.1466312138530128,0.1466312138530128,16.650562891832912,-0.0946628918329111,0.0946628918329111,23.58648814436913,-0.12728814436913183,0.12728814436913183,48.820632254906116,-2.2389322549061177,2.2389322549061177,2.2389322549061177,0.6518786262402934,2.2389322549061177,0.6053713536302717,1.148752942823852,3
TRN-0620,24.1614,59.8066,29.9794,21.2834,15.3065,14.6956,19.4732,54.2948,20.9953,Valid,15.132119781164334,0.17438021883566535,0.17438021883566535,14.48394422575445,0.21165577424554982,0.21165577424554982,19.22374889543545,0.24945110456454955,0.24945110456454955,49.33977990900989,4.955020090990111,4.955020090990111,4.955020090990111,1.3976267971589689,4.955020090990111,0.4170790888660965,1.5264198352242757,4
TRN-0914,14.1881,60.8325,37.1535,41.5068,11.1654,11.9085,13.8926,32.8292,19.2031,Valid,10.643688629039001,0.5217113709609986,0.5217113709609986,11.524206535407366,0.38429346459263414,0.38429346459263414,13.209260450128422,0.6833395498715777,0.6833395498715777,50.04775850496372,-17.218558504963717,17.218558504963717,17.218558504963717,4.701975722597232,17.218558504963717,0.17537780738647255,1.241554283972059,4
TRN-0982,12.4416,18.6756,38.7164,37.5457,7.2086,7.2314,9.6382,80.5135,14.96,Valid,7.432198693802139,-0.22359869380213926,0.22359869380213926,7.359515287040275,-0.1281152870402753,0.1281152870402753,9.951374357290888,-0.3131743572908885,0.3131743572908885,50.80850636991258,29.704993630087415,29.704993630087415,29.704993630087415,7.592470492055179,29.704993630087415,0.11638096411557373,2.8034680367684865,4
TRN-0113,31.1611,31.5237,42.6012,33.9683,17.1963,15.0119,22.7454,,22.1831,Valid,17.103473893512238,0.09282610648776313,0.09282610648776313,15.017095495880989,-0.005195495880988332,0.005195495880988332,22.724646440366463,0.020753559633536867,0.020753559633536867,49.169659201650596,,,0.09282610648776313,0.03959172066742944,0.09282610648776313,0.9619160869788275,0.42218321155490535,3
TRN-0258,14.7553,71.7787,35.4516,36.6047,11.449,12.6512,14.0301,53.4391,24.268,Valid,11.460217026413455,-0.01121702641345479,0.01121702641345479,12.552804447939138,0.09839555206086104,0.09839555206086104,14.018692406544648,0.011407593455350806,0.011407593455350806,49.925129992508616,3.5139700074913875,3.5139700074913875,3.5139700074913875,0.9087475448552635,3.5139700074913875,0.5239037518059142,1.8342407685358786,4
TRN-0002,18.4463,56.7764,23.0633,12.8259,11.8108,11.7818,14.6466,34.3554,17.3604,Valid,12.107710071589398,-0.296910071589398,0.296910071589398,11.956883997030792,-0.17508399703079114,0.17508399703079114,15.14740662694535,-0.5008066269453497,0.5008066269453497,49.839910808560305,-15.484510808560302,15.484510808560302,15.484510808560302,4.11432787603146,15.484510808560302,0.19552911433123937,1.2438163478736173,4
TRN-0283,28.9197,27.591,41.9035,37.8014,15.9737,14.1276,21.1828,66.5722,21.6272,Valid,15.853288730981053,0.1204112690189465,0.1204112690189465,13.918677013783594,0.2089229862164057,0.2089229862164057,21.12892243135372,0.053877568646282015,0.053877568646282015,49.30866879580741,17.26353120419259,17.26353120419259,17.26353120419259,4.411685757018556,17.26353120419259,0.18478530441333813,1.7799500646295312,3
TRN-0677,21.058,68.7623,28.9605,26.7195,14.1566,14.0598,17.9396,38.7286,23.3267,Valid,14.197552456294265,-0.04095245629426536,0.04095245629426536,14.184379508652503,-0.12457950865250389,0.12457950865250389,17.726046931349536,0.2135530686504623,0.2135530686504623,49.37090556226119,-10.642305562261193,10.642305562261193,10.642305562261193,2.755347648964606,10.642305562261193,0.2662869309252132,1.1624623724622027,4
TRN-0486,17.1442,103.7046,38.9918,21.6489,14.2967,16.3271,17.2076,33.04,45.6002,Valid,14.198860252739005,0.09783974726099487,0.09783974726099487,16.073407042706528,0.25369295729347385,0.25369295729347385,16.946239785133127,0.26136021486687255,0.26136021486687255,49.813237103491126,-16.773237103491127,16.773237103491127,16.773237103491127,4.346532505728117,16.773237103491127,0.1870371121710435,0.9270664649967899,2
TRN-0554,10.2715,99.3761,29.1666,35.7966,10.8652,13.1476,12.3766,44.9502,36.6035,Valid,10.809889814449509,0.05531018555049094,0.05531018555049094,13.135732792726722,0.011867207273278169,0.011867207273278169,12.382169662346026,-0.005569662346026405,0.005569662346026405,49.832770066499606,-4.8825700664996035,4.8825700664996035,4.8825700664996035,1.2388292804173497,4.8825700664996035,0.4466620160576003,1.676181502647418,2
TRN-0341,21.6849,99.1059,37.2354,56.2871,16.3468,17.5527,19.8958,75.1837,42.9304,Valid,16.535506861006645,-0.18870686100664358,0.18870686100664358,17.49298397614635,0.059716023853653155,0.059716023853653155,20.200905665185772,-0.30510566518577065,0.30510566518577065,48.62172310254642,26.561976897453583,26.561976897453583,26.561976897453583,6.778876361874913,26.561976897453583,0.12855327086841292,1.8246964778153099,2
TRN-0757,12.9334,15.2952,32.5392,39.5942,7.6572,7.2149,10.2342,59.5475,14.0025,Valid,7.497700479061642,0.15949952093835762,0.15949952093835762,7.062571726639018,0.15232827336098165,0.15232827336098165,10.063723576199354,0.1704764238006451,0.1704764238006451,50.53820738790023,9.00929261209977,9.00929261209977,9.00929261209977,2.3728992075499384,9.00929261209977,0.296480842878906,2.4727809157859824,4
TRN-0910,22.2869,17.8971,31.6443,8.5715,11.595,10.1133,15.6096,37.8492,16.575,Valid,11.769290030935194,-0.17429003093519313,0.17429003093519313,10.224541618217389,-0.1112416182173881,0.1112416182173881,15.75601786346987,-0.1464178634698694,0.1464178634698694,50.306160746102414,-12.45696074610241,12.45696074610241,12.45696074610241,3.2222275646812153,12.45696074610241,0.23684180558266557,1.4759587766675704,4
TRN-0106,19.2836,88.3661,34.5776,29.6362,14.6148,15.6203,17.6864,63.2426,32.9814,Valid,14.469050099105688,0.1457499008943124,0.1457499008943124,15.438745771925989,0.18155422807401145,0.18155422807401145,17.65422289709135,0.032177102908647726,0.032177102908647726,49.45301530115022,13.789584698849787,13.789584698849787,13.789584698849787,3.5372664826816895,13.789584698849787,0.22039701741497972,1.7497657068187638,2
TRN-0712,17.6549,68.982,18.0,22.2576,12.4869,12.6826,15.3412,36.2488,19.2082,Valid,12.505686299332954,-0.018786299332953504,0.018786299332953504,12.637287952148414,0.04531204785158671,0.04531204785158671,15.326958816094251,0.014241183905749466,0.014241183905749466,49.39383990949337,-13.14503990949337,13.14503990949337,13.14503990949337,3.305844860145915,13.14503990949337,0.23224245937326046,1.2382512974934454,4
TRN-0153,22.4912,79.1664,32.2276,32.3848,14.9495,15.17,18.2547,47.7372,28.3823,Valid,15.532470477433527,-0.5829704774335269,0.5829704774335269,15.715696900133802,-0.5456969001338017,0.5456969001338017,19.29883055914265,-1.0441305591426513,1.0441305591426513,49.11620481446103,-1.3790048144610267,1.3790048144610267,1.3790048144610267,0.8879506877927517,1.3790048144610267,0.529674851396211,1.3645701281762088,4
TRN-0911,25.7853,107.8744,42.3302,30.393,18.8495,19.658,23.141,55.7069,53.2861,Valid,18.69122132640349,0.15827867359650938,0.15827867359650938,19.596992135675137,0.06100786432486416,0.06100786432486416,22.940410584975798,0.2005894150242007,0.2005894150242007,48.90082748007757,6.806072519922431,6.806072519922431,6.806072519922431,1.8064871182170013,6.806072519922431,0.3563173311963439,1.2562655808712404,1
TRN-0174,27.0115,19.8225,30.4787,8.767,14.3092,12.2228,19.1565,43.2094,18.0087,Valid,14.147524258177297,0.1616757418227035,0.1616757418227035,11.986156357402093,0.23664364259790638,0.23664364259790638,18.907124786597883,0.24937521340211788,0.24937521340211788,49.80729862176952,-6.597898621769517,6.597898621769517,6.597898621769517,1.811398304898061,6.597898621769517,0.3556948861560401,1.3942550299815721,3
TRN-0798,21.3849,49.8346,40.9968,7.0434,13.0234,12.6558,16.9012,45.477,19.6213,Valid,13.09358293084511,-0.07018293084511029,0.07018293084511029,12.908690636497456,-0.25289063649745636,0.25289063649745636,16.83172069480103,0.06947930519896772,0.06947930519896772,50.40338264602192,-4.926382646021921,4.926382646021921,4.926382646021921,1.3297338796408638,4.926382646021921,0.4292335741600467,1.4908995764582753,4
TRN-0857,25.8889,64.2977,19.4549,21.4721,15.9859,15.0523,29.8671,25.7966,21.1871,Invalid,16.198136119864117,-0.21223611986411584,0.21223611986411584,15.12721157886652,-0.07491157886651933,0.07491157886651933,20.44529237198763,9.42180762801237,9.42180762801237,48.75910518545648,-22.962505185456475,22.962505185456475,22.962505185456475,8.16786512804987,22.962505185456475,0.10907664827446187,0.6834818228980805,3
TRN-0912,15.3119,79.2943,26.7302,8.6535,11.6835,12.8236,13.7694,48.9846,24.2523,Valid,11.799646752578557,-0.11614675257855644,0.11614675257855644,12.865254895306737,-0.041654895306736606,0.041654895306736606,14.199934647992308,-0.43053464799230845,0.43053464799230845,50.102782145427,-1.1181821454269993,1.1181821454269993,1.1181821454269993,0.4266296103261502,1.1181821454269993,0.7009527860363028,1.709860769639269,4
TRN-0380,15.1884,71.8888,38.7611,15.9947,11.6315,12.6786,14.3525,73.3601,25.6345,Valid,11.435075893763507,0.19642410623649376,0.19642410623649376,12.641898664368567,0.03670133563143274,0.03670133563143274,14.014225028934886,0.33827497106511295,0.33827497106511295,50.45505037452673,22.905049625473275,22.905049625473275,22.905049625473275,5.869112509601578,22.905049625473275,0.14557921399630736,2.204145336919986,4
TRN-0218,8.8571,87.1286,18.0,17.6708,9.0364,10.8602,10.0128,70.0394,23.7821,Valid,9.223767360009791,-0.18736736000979093,0.18736736000979093,11.09533256764327,-0.2351325676432694,0.2351325676432694,10.437770650915333,-0.42497065091533237,0.42497065091533237,50.10334433250598,19.936055667494017,19.936055667494017,19.936055667494017,5.195881561515602,19.936055667494017,0.16139753319548375,2.441369004382642,2
TRN-0254,13.266,83.9721,38.084,37.6982,2.2307,13.2155,13.7599,62.2599,29.6875,Invalid,11.433972239060463,-9.203272239060462,9.203272239060462,13.165927775344118,0.049572224655882735,0.049572224655882735,13.701978815734082,0.05792118426591841,0.05792118426591841,49.99717694188024,12.26272305811976,12.26272305811976,12.26272305811976,5.3933721765255065,12.26272305811976,0.15641197984245184,2.6252016595448975,4
TRN-0441,27.9046,55.7218,18.2324,29.9988,16.6567,15.1526,21.3154,66.3078,20.3549,Valid,16.792985270987682,-0.13628527098768117,0.13628527098768117,15.130310467983493,0.022289532016506186,0.022289532016506186,21.452862882118154,-0.13746288211815383,0.13746288211815383,48.436795262361365,17.871004737638636,17.871004737638636,17.871004737638636,4.541760605690245,17.871004737638636,0.1804480689716561,1.71327512585766,3
TRN-0932,29.9543,57.0808,34.5208,8.0607,17.8131,16.3751,22.8791,57.4385,22.5047,Valid,17.616208062001974,0.19689193799802496,0.19689193799802496,16.288455990242383,0.08664400975761666,0.08664400975761666,22.69138459537326,0.18771540462673997,0.18771540462673997,49.289985026481524,8.148514973518473,8.148514973518473,8.148514973518473,2.1549415814752138,8.148514973518473,0.31696307971966053,1.4344560941171212,3
TRN-0509,22.5729,70.2702,32.0218,35.5626,15.1305,15.0361,18.9293,63.9696,25.2925,Valid,15.117991317495171,0.012508682504828172,0.012508682504828172,15.009670688305752,0.02642931169424756,0.02642931169424756,18.961560243141832,-0.03226024314183107,0.03226024314183107,49.12817256546961,14.841427434530388,14.841427434530388,14.841427434530388,3.7281564179678237,14.841427434530388,0.21149892507782198,1.7311552220066344,4
TRN-0673,17.8631,28.0256,37.8335,24.0583,10.3804,9.9369,13.4418,45.0497,16.9981,Valid,10.393702567267825,-0.013302567267825083,0.013302567267825083,9.884337527243796,0.05256247275620396,0.05256247275620396,13.705209750999025,-0.2634097509990241,0.2634097509990241,50.476793986837265,-5.427093986837264,5.427093986837264,5.427093986837264,1.4390921944650792,5.427093986837264,0.40998860242726964,1.7821757051620097,4
TRN-0645,23.6417,78.9457,29.811,36.3288,15.8612,15.8629,19.7284,46.3918,27.7197,Valid,16.116708746435627,-0.25550874643562693,0.25550874643562693,16.05117205896233,-0.18827205896232968,0.18827205896232968,20.069372091017485,-0.34097209101748405,0.34097209101748405,48.84141301034155,-2.449613010341544,2.449613010341544,2.449613010341544,0.8085914766892461,2.449613010341544,0.5529164617266528,1.2481294268017957,4
TRN-0263,23.5221,42.8011,25.1528,20.0814,13.8833,12.4467,17.9983,60.1067,18.5921,Valid,13.86511839795407,0.01818160204592978,0.01818160204592978,12.655256546996,-0.20855654699600024,0.20855654699600024,17.893772708138897,0.10452729186110332,0.10452729186110332,49.44038657009047,10.666313429909529,10.666313429909529,10.666313429909529,2.7493947177031406,10.666313429909529,0.26670971591185116,1.8254409631096995,4
TRN-0071,30.2423,98.8025,43.3388,15.5553,20.1578,20.141,25.167,47.3509,46.5089,Valid,20.158763422471875,-0.0009634224718730877,0.0009634224718730877,20.274219122169058,-0.1332191221690593,0.1332191221690593,25.16030377126747,0.0066962287325331715,0.0066962287325331715,48.954014616433646,-1.6031146164336434,1.6031146164336434,1.6031146164336434,0.43599834745177724,1.6031146164336434,0.6963796314769655,0.9647468983769609,1
TRN-0013,25.5181,41.4926,31.1854,32.5279,15.1001,13.589,19.881,38.7659,20.3992,Valid,14.908146526661728,0.1919534733382715,0.1919534733382715,13.533809875523701,0.05519012447629912,0.05519012447629912,19.395480279393098,0.4855197206069022,0.4855197206069022,49.209051395931354,-10.443151395931352,10.443151395931352,10.443151395931352,2.793953678588206,10.443151395931352,0.2635772823594717,1.1531047205712557,3
TRN-0260,9.4712,109.8657,19.471,23.7437,10.8498,13.3049,11.9584,71.8086,43.5279,Valid,10.848068531492432,0.0017314685075682235,0.0017314685075682235,13.33580960131289,-0.030909601312890445,0.030909601312890445,12.072460327525127,-0.11406032752512729,0.11406032752512729,49.71746481125838,22.091135188741617,22.091135188741617,22.091135188741617,5.559459146521801,22.091135188741617,0.15245159359369698,2.2593705401710538,2
TRN-0045,10.8096,60.4465,51.1121,18.1745,8.4859,10.3638,10.0525,49.4543,23.4447,Valid,8.741355575064816,-0.25545557506481487,0.25545557506481487,10.570625972738968,-0.20682597273896874,0.20682597273896874,10.788369609276689,-0.7358696092766888,0.7358696092766888,51.36602307249974,-1.9117230724997398,1.9117230724997398,1.9117230724997398,0.777468557395053,1.9117230724997398,0.5625978562824974,2.0913838206740625,4
TRN-0504,9.4822,31.9074,19.7147,20.1489,6.807,7.0154,8.5534,57.7914,12.6076,Valid,6.507637725113448,0.2993622748865521,0.2993622748865521,6.702150794388482,0.3132492056115179,0.3132492056115179,8.179896959035243,0.3735030409647564,0.3735030409647564,50.65229947394687,7.139100526053134,7.139100526053134,7.139100526053134,2.0313037618789904,7.139100526053134,0.32989105630909715,2.5439019729255987,4
TRN-0876,31.8671,88.8569,30.5366,41.2199,20.6748,19.8194,26.0335,56.0319,36.1658,Valid,20.676929667617756,-0.0021296676177549045,0.0021296676177549045,19.801633494193,0.01776650580700334,0.01776650580700334,25.984301947692867,0.049198052307133366,0.049198052307133366,47.89788962069395,8.134010379306048,8.134010379306048,8.134010379306048,2.050776151259485,8.134010379306048,0.32778543898973356,1.181873575999407,1
TRN-0372,19.0343,99.0386,36.3031,15.1434,14.7003,15.9507,17.6891,28.0867,41.0583,Valid,14.769159068797855,-0.0688590687978543,0.0688590687978543,16.18957063260811,-0.23887063260811026,0.23887063260811026,17.807025515823998,-0.11792551582399824,0.11792551582399824,49.740003350038435,-21.653303350038435,21.653303350038435,21.653303350038435,5.519739641817099,21.653303350038435,0.1533803579495841,0.700612507333811,2
TRN-0009,31.2031,56.1702,38.3074,25.3805,18.4606,16.8161,,45.1049,23.3409,Invalid,18.376583611100514,0.08401638889948515,0.08401638889948515,16.912092566861098,-0.09599256686109925,0.09599256686109925,23.779229692157877,,,48.93641533343829,-3.83151533343829,3.83151533343829,3.83151533343829,1.3371747630662913,3.83151533343829,0.4278670195326066,1.055793469229226,3
TRN-0835,27.2126,65.3667,41.2269,58.2999,17.458,16.772,22.0848,54.2976,29.4849,Valid,17.35970570585203,0.0982942941479692,0.0982942941479692,16.686830206564657,0.08516979343534103,0.08516979343534103,22.204316111744838,-0.11951611174483645,0.11951611174483645,48.57820437796585,5.719395622034156,5.719395622034156,5.719395622034156,1.5055939553405757,5.719395622034156,0.39910696538381213,1.3570119237944667,3
TRN-0083,11.6948,29.2545,30.4575,44.9411,7.7985,7.861,10.2782,33.2364,14.7517,Valid,7.733276760744299,0.06522323925570106,0.06522323925570106,7.797670029213711,0.0633299707862891,0.0633299707862891,10.009281075498304,0.26891892450169586,0.26891892450169586,50.30878275814088,-17.072382758140876,17.072382758140876,17.072382758140876,4.367463723171141,17.072382758140876,0.18630773333092823,1.7195281587531313,4
TRN-0365,21.4091,106.9215,33.4044,41.3117,16.4731,17.6444,20.1669,52.7348,48.6475,Valid,16.6517484964098,-0.17864849640980296,0.17864849640980296,17.810299519681145,-0.16589951968114391,0.16589951968114391,20.12223411092868,0.04466588907131808,0.04466588907131808,48.757803653444164,3.9769963465558362,3.9769963465558362,3.9769963465558362,1.0915525629295253,3.9769963465558362,0.47811373126542595,1.3553338633314909,2
TRN-0695,26.8977,53.7919,36.2464,6.1602,16.2587,15.1159,21.0038,,21.5556,Valid,15.945150352226513,0.31354964777348826,0.31354964777348826,14.991353813108306,0.12454618689169372,0.12454618689169372,20.53504741110995,0.4687525888900481,0.4687525888900481,49.70818597735938,,,0.4687525888900481,0.3022828078517434,0.4687525888900481,0.7678823631631967,0.3372323301786631,3
TRN-0407,17.9833,30.1194,35.4344,48.3623,10.9072,10.3113,14.3367,43.036,17.5448,Valid,10.851489319548163,0.05571068045183658,0.05571068045183658,10.2342530457714,0.07704695422859942,0.07704695422859942,14.247451224736505,0.08924877526349562,0.08924877526349562,49.82270639312309,-6.78670639312309,6.78670639312309,6.78670639312309,1.7521782007667555,6.78670639312309,0.36334856504618795,1.6655647626885641,4
TRN-0816,18.5243,67.6262,18.4807,35.1027,13.309,13.2316,27.0815,57.4387,19.8088,Invalid,13.001534241870885,0.3074657581291138,0.3074657581291138,12.947947755319799,0.28365224468020145,0.28365224468020145,16.035849242138134,11.045650757861864,11.045650757861864,49.062509602551344,8.376190397448653,8.376190397448653,11.045650757861864,5.0032397895299585,11.045650757861864,0.16657672108051808,1.5921759640931943,4
TRN-0545,13.0916,55.2408,37.3928,30.0299,9.4873,10.4214,11.8915,40.6875,17.7183,Valid,9.672344994714996,-0.18504499471499614,0.18504499471499614,10.580253005576534,-0.1588530055765336,0.1588530055765336,12.040718016712159,-0.14921801671215817,0.14921801671215817,50.47055464369881,-9.783054643698812,9.783054643698812,9.783054643698812,2.569042665175625,9.783054643698812,0.2801871800965966,1.7216814871038884,4
TRN-0491,14.7563,30.7739,25.3571,45.6422,9.1825,8.7127,11.9573,61.1466,15.6403,Valid,9.290128427263891,-0.10762842726389188,0.10762842726389188,8.828086815544879,-0.11538681554487873,0.11538681554487873,12.022448302769236,-0.06514830276923611,0.06514830276923611,49.817367641196505,11.329232358803495,11.329232358803495,11.329232358803495,2.9043489760953753,11.329232358803495,0.2561246461631794,2.3048085948944133,4
TRN-0165,17.3457,64.932,40.8922,31.1934,12.3965,13.0648,15.3959,33.2196,25.6903,Valid,12.271018812377179,0.125481187622821,0.125481187622821,12.995623680914681,0.06917631908531874,0.06917631908531874,15.340049009443513,0.055850990556486124,0.055850990556486124,50.07271762239075,-16.853117622390748,16.853117622390748,16.853117622390748,4.2759065299138435,16.853117622390748,0.18954088635386235,1.1244054147018152,4
TRN-0829,8.6911,18.8487,44.6416,43.601,5.6547,6.384,7.4265,34.5325,18.1979,Invalid,5.718691825668728,-0.06399182566872774,0.06399182566872774,6.3185020831655505,0.06549791683444983,0.06549791683444983,7.692410857494941,-0.2659108574949407,0.2659108574949407,51.224535699707495,-16.692035699707496,16.692035699707496,16.692035699707496,4.271859074926404,16.692035699707496,0.189686405836628,2.1391858251845357,4
TRN-0965,23.7163,15.6778,47.902,40.2774,12.5306,11.3406,16.9444,35.9469,21.424,Valid,12.73186169778708,-0.20126169778708025,0.20126169778708025,11.321512715290881,0.019087284709119245,0.019087284709119245,17.274290968736434,-0.3298909687364322,0.3298909687364322,50.07075069823932,-14.123850698239323,14.123850698239323,14.123850698239323,3.6685226623679887,14.123850698239323,0.21420052387467162,1.2822035331295707,4
TRN-0930,12.9705,95.971,30.5851,47.6831,12.1861,13.7774,14.3621,57.4774,35.4494,Valid,12.062103042353375,0.1239969576466251,0.1239969576466251,13.927064282368802,-0.1496642823688017,0.1496642823688017,14.173319604873662,0.18878039512633826,0.18878039512633826,49.41023729267538,8.06716270732462,8.06716270732462,8.06716270732462,2.1324010856165962,8.06716270732462,0.3192439194941587,1.8523473298989483,2
TRN-0949,10.0241,35.5307,34.6749,46.0995,7.1086,7.7959,8.8038,42.2024,15.0201,Valid,7.29614995862274,-0.18754995862274004,0.18754995862274004,7.897279158650052,-0.10137915865005276,0.10137915865005276,9.302737776907517,-0.49893777690751584,0.49893777690751584,50.51601563819156,-8.313615638191564,8.313615638191564,8.313615638191564,2.275370633092968,8.313615638191564,0.3053089595102369,2.129777332191992,4
TRN-0446,27.5543,78.7111,47.544,31.2291,18.1674,17.9768,23.2678,56.1777,36.2413,Valid,17.94887144125625,0.2185285587437491,0.2185285587437491,17.908313847898448,0.06848615210155273,0.06848615210155273,22.725294436064004,0.5425055639359968,0.5425055639359968,49.220626741955925,6.957073258044076,6.957073258044076,6.957073258044076,1.9466483832063437,6.957073258044076,0.339368621549568,1.321947778410091,3
TRN-0333,23.6659,83.0057,25.2352,48.7404,16.4982,16.3492,20.4081,37.4559,28.5206,Valid,16.493065857582355,0.0051341424176456485,0.0051341424176456485,16.363535313172854,-0.014335313172853859,0.014335313172853859,20.43007554145893,-0.02197554145892866,0.02197554145892866,48.360635833306645,-10.904735833306646,10.904735833306646,10.904735833306646,2.7365452075890184,10.904735833306646,0.26762689715863053,0.9307183305655825,4
TRN-0056,20.2038,105.4205,45.8627,19.0142,15.9943,17.8119,19.4455,50.8786,51.0559,Valid,15.742754263352055,0.2515457366479463,0.2515457366479463,17.47447951849466,0.3374204815053403,0.3374204815053403,19.05584650660838,0.38965349339162003,0.38965349339162003,49.81367868606391,1.0649213139360896,1.0649213139360896,1.0649213139360896,0.5108852563702491,1.0649213139360896,0.661863629804953,1.3400244347612806,2
TRN-0221,10.0402,19.6325,30.7168,12.1244,6.0946,6.2903,8.1025,68.7331,12.8904,Valid,6.018530870595593,0.07606912940440669,0.07606912940440669,6.137222867905191,0.15307713209480944,0.15307713209480944,7.938117307606028,0.1643826923939713,0.1643826923939713,51.297935820838966,17.435164179161028,17.435164179161028,17.435164179161028,4.457173283263554,17.435164179161028,0.18324505162166482,2.808254691128299,4
TRN-0627,11.916,67.3207,42.1577,50.8565,10.1217,11.6624,12.2225,46.2937,24.863,Valid,10.027226876134279,0.09447312386572193,0.09447312386572193,11.528929551511316,0.1334704484886835,0.1334704484886835,12.263297327303611,-0.0407973273036113,0.0407973273036113,50.154702916698355,-3.8610029166983537,3.8610029166983537,3.8610029166983537,1.0324359540890926,3.8610029166983537,0.49202042405719254,1.8018354592271961,4
TRN-0649,29.9515,24.049,37.3554,42.2616,16.174,3.8193,21.58,44.283,21.0209,Invalid,16.200275786602155,-0.026275786602155904,0.026275786602155904,13.867490818328514,-10.048190818328514,10.048190818328514,21.64169360921512,-0.06169360921512279,0.06169360921512279,48.99466508706245,-4.71166508706245,4.71166508706245,10.048190818328514,3.7119563253020607,10.048190818328514,0.2122260757448542,1.885181688387835,3
TRN-0758,28.164,17.0954,24.7318,26.3672,14.91,12.0903,19.8602,43.4537,18.4735,Valid,14.75142831164798,0.15857168835202096,0.15857168835202096,12.119658334244265,-0.02935833424426626,0.02935833424426626,19.73474432993372,0.12545567006628033,0.12545567006628033,49.14145832571272,-5.687758325712721,5.687758325712721,5.687758325712721,1.5002860045938222,5.687758325712721,0.3999542444995018,1.389078842937725,3
TRN-0823,15.4117,91.4093,29.4443,39.8646,12.9836,14.5008,15.509,31.7263,32.5492,Valid,12.88969034421699,0.09390965578300836,0.09390965578300836,14.280990245334598,0.21980975466540187,0.21980975466540187,15.394227366909519,0.11477263309048169,0.11477263309048169,49.368697113369436,-17.642397113369437,17.642397113369437,17.642397113369437,4.517722289227082,17.642397113369437,0.18123420273478083,1.0033600223983647,2
TRN-0265,29.1382,24.8276,29.5091,55.8176,16.0754,13.6475,21.5425,55.5081,19.6328,Valid,16.00189465774652,0.07350534225347971,0.07350534225347971,13.516910761426853,0.13058923857314753,0.13058923857314753,21.27662259090186,0.2658774090981417,0.2658774090981417,48.486231236247036,7.021868763752963,7.021868763752963,7.021868763752963,1.872960188419433,7.021868763752963,0.3480730446704007,1.5682012603497084,3
TRN-0508,18.5872,24.0757,43.6181,36.0944,10.8484,9.9679,1.0,68.1033,17.6239,Invalid,10.674277439471878,0.17412256052812225,0.17412256052812225,10.08747999298548,-0.11957999298548039,0.11957999298548039,14.241535069457697,-13.241535069457697,13.241535069457697,50.39102070416854,17.712279295831465,17.712279295831465,17.712279295831465,7.811879229700692,17.712279295831465,0.11348317128876112,2.985034192752551,4
TRN-0618,18.5828,33.833,44.6905,28.3275,8.0392,6.6552,14.4279,52.7081,18.4418,Invalid,11.120320990570185,-3.081120990570186,3.081120990570186,10.881859473779071,-4.226659473779072,4.226659473779072,14.608182974315792,-0.18028297431579254,0.18028297431579254,50.49425230460755,2.2138476953924524,2.2138476953924524,4.226659473779072,2.425477783514376,4.226659473779072,0.29193007901340057,2.2511378406372984,4
TRN-0588,15.6295,19.4763,27.2332,41.9181,8.9486,8.2676,11.985,70.159,14.962,Valid,9.044754616015561,-0.09615461601556063,0.09615461601556063,8.199736345746205,0.06786365425379515,0.06786365425379515,11.994549276297217,-0.009549276297217801,0.009549276297217801,50.00829129967261,20.1507087003274,20.1507087003274,20.1507087003274,5.081069061723493,20.1507087003274,0.16444476947225797,2.4915962360799453,4
TRN-0136,18.1556,100.6376,28.4831,53.8012,14.7216,15.9798,17.5126,49.0068,39.9339,Valid,14.881855872910036,-0.16025587291003518,0.16025587291003518,16.10110638807847,-0.12130638807847127,0.12130638807847127,17.842344678950067,-0.32974467895006754,0.32974467895006754,48.67587479645101,0.33092520354898625,0.33092520354898625,0.33092520354898625,0.23555803587189006,0.33092520354898625,0.8093508932539417,1.410611140574387,2
TRN-0166,29.5716,82.2388,22.4663,23.6958,19.115,18.1846,23.8408,44.7835,29.6963,Valid,18.98941264007648,0.125587359923518,0.125587359923518,18.038395329636387,0.14620467036361262,0.14620467036361262,23.791835161999334,0.048964838000667754,0.048964838000667754,48.283343412078835,-3.499843412078839,3.499843412078839,3.499843412078839,0.9551500700916593,3.499843412078839,0.5114696898704656,1.0044528177482823,3
TRN-0410,19.3576,55.501,32.4643,47.3989,,12.8351,16.3875,35.6131,19.4256,Invalid,12.89775774389894,,,12.759811796518017,0.07528820348198373,0.07528820348198373,16.340858851914035,0.04664114808596409,0.04664114808596409,49.33774336459744,-13.72464336459744,13.72464336459744,13.72464336459744,4.615524238721796,13.72464336459744,0.17807776397874114,1.0539558974657954,4
TRN-0503,12.742,61.7987,39.8282,57.112,9.9839,11.3075,12.0489,69.2968,18.5584,Valid,10.19031138816339,-0.20641138816339044,0.20641138816339044,11.324901658442297,-0.017401658442297574,0.017401658442297574,12.59978940391798,-0.5508894039179797,0.5508894039179797,49.91936624442957,19.377433755570436,19.377433755570436,19.377433755570436,5.0380340515235265,19.377433755570436,0.1656168202210914,2.3115570055829693,4
TRN-0587,31.1799,52.9067,38.1,36.6261,18.0144,16.465,23.3782,48.7188,23.4365,Valid,18.318131944725625,-0.3037319447256266,0.3037319447256266,16.716530204079312,-0.25153020407931237,0.25153020407931237,23.780886844800413,-0.4026868448004137,0.4026868448004137,48.71870827731419,9.172268580925902e-05,9.172268580925902e-05,0.4026868448004137,0.23951017907279049,0.4026868448004137,0.8067703007877234,1.2105414667631982,3
TRN-0975,21.1463,103.6017,31.7853,34.3651,16.2591,17.3119,19.9779,72.0292,44.8108,Valid,16.2576618937896,0.001438106210400747,0.001438106210400747,17.326624037045754,-0.014724037045752425,0.014724037045752425,19.657518495937843,0.3203815040621585,0.3203815040621585,48.9143705812835,23.114829418716504,23.114829418716504,23.114829418716504,5.862843266508704,23.114829418716504,0.14571220136704716,1.7764270118987269,2
TRN-0143,31.0604,20.7146,49.4232,47.9427,13.4898,20.8227,22.3117,38.437,25.9811,Invalid,16.63328601802369,-3.1434860180236885,3.1434860180236885,14.40276131375682,6.4199386862431815,6.4199386862431815,22.430583179238162,-0.11888317923816416,0.11888317923816416,49.22769693462195,-10.790696934621955,10.790696934621955,10.790696934621955,5.118251204531747,10.790696934621955,0.16344539747882644,1.0497317308295155,3
TRN-0226,16.165,84.7277,19.8908,13.1586,12.7716,13.5427,15.1689,45.6281,25.3231,Valid,12.55354638040161,0.21805361959838976,0.21805361959838976,13.440866063564266,0.10183393643573346,0.10183393643573346,15.013041116660162,0.15585888333983888,0.15585888333983888,49.62608965339042,-3.9979896533904196,3.9979896533904196,3.9979896533904196,1.1184340231910954,3.9979896533904196,0.4720467992171187,1.5087128725146464,4
TRN-0322,19.8459,44.1289,43.3522,13.0739,11.9391,11.8223,15.5497,85.2779,18.7618,Valid,12.113437649571082,-0.17433764957108266,0.17433764957108266,12.019210760107875,-0.19691076010787434,0.19691076010787434,15.67574628425371,-0.1260462842537109,0.1260462842537109,50.5560576861027,34.721842313897305,34.721842313897305,34.721842313897305,8.804784251957493,34.721842313897305,0.10199102543233965,2.3583326430639486,4
TRN-0717,28.2051,24.1533,26.3389,43.9544,15.3975,13.0615,20.2903,40.4418,19.068,Valid,15.371252864211808,0.02624713578819282,0.02624713578819282,12.934283021098624,0.12721697890137662,0.12721697890137662,20.410214352922726,-0.11991435292272712,0.11991435292272712,48.72940730965798,-8.287607309657979,8.287607309657979,8.287607309657979,2.140246444317569,8.287607309657979,0.3184463441745311,1.2279381113415524,3
TRN-0921,12.3228,83.6693,38.3193,59.0536,11.4682,12.9508,13.5388,25.1946,29.9729,Valid,11.216997660567415,0.2512023394325844,0.2512023394325844,13.003885312223568,-0.05308531222356905,0.05308531222356905,13.4196442037268,0.1191557962731995,0.1191557962731995,49.624063740789026,-24.429463740789025,24.429463740789025,24.429463740789025,6.213226797179594,24.429463740789025,0.13863421019716235,0.8694137550346432,4
TRN-0659,21.4314,77.2592,34.8314,8.8744,14.3967,14.8306,17.5491,35.5696,27.4947,Valid,14.642971884686173,-0.24627188468617334,0.24627188468617334,15.07000273845331,-0.23940273845330928,0.23940273845330928,18.171019004383858,-0.6219190043838587,0.6219190043838587,49.84399418810872,-14.274394188108715,14.274394188108715,14.274394188108715,3.845496953908014,14.274394188108715,0.2063771806096122,1.0284841869748687,4
TRN-0276,30.1002,30.3395,35.0458,22.7598,16.1821,13.8584,21.6219,65.4609,20.5299,Valid,16.38491685759922,-0.2028168575992204,0.2028168575992204,14.212257317892485,-0.3538573178924853,0.3538573178924853,21.708819117236168,-0.08691911723616741,0.08691911723616741,49.26170676321118,16.199193236788815,16.199193236788815,16.199193236788815,4.210696632379172,16.199193236788815,0.19191291885734024,1.762330206771767,3
TRN-0573,12.713,94.2479,33.3957,5.1753,11.3106,13.3547,13.2436,56.797,33.8011,Valid,11.343822554550384,-0.03322255455038281,0.03322255455038281,13.418892092438027,-0.06419209243802726,0.06419209243802726,13.273520368488112,-0.029920368488111748,0.029920368488111748,50.488842806284616,6.308157193715381,6.308157193715381,6.308157193715381,1.6088730522979757,6.308157193715381,0.38330726714324764,1.9211635510929936,2
TRN-0877,21.4959,97.0943,19.1262,42.5876,16.2871,16.5927,20.0402,45.6363,35.4263,Valid,16.146293317801813,0.14080668219818548,0.14080668219818548,16.560450650183995,0.03224934981600569,0.03224934981600569,19.545660632924292,0.49453936707570634,0.49453936707570634,48.32738483583343,-2.691084835833429,2.691084835833429,2.691084835833429,0.8396700587308317,2.691084835833429,0.5435757326451729,1.1911643634493734,2
TRN-0468,11.3447,90.8143,31.9713,16.691,10.7875,12.9436,6.04,44.117,31.1116,Invalid,10.630863258112079,0.15663674188792065,0.15663674188792065,12.707086680538369,0.2365133194616309,0.2365133194616309,12.383621625748109,-6.343621625748109,6.343621625748109,50.34749385027488,-6.230493850274883,6.230493850274883,6.343621625748109,3.241816384343136,6.343621625748109,0.23574806389335365,2.06133217049448,2
TRN-0181,18.6267,109.8992,25.7139,51.4145,15.5329,16.8204,6.878,45.3994,48.7663,Invalid,15.58749296463619,-0.0545929646361909,0.0545929646361909,16.940852358366193,-0.12045235836619383,0.12045235836619383,18.53399344518678,-11.65599344518678,11.65599344518678,48.48742164008593,-3.088021640085927,3.088021640085927,11.65599344518678,3.729765102068773,11.65599344518678,0.2114269902246531,1.8206812323749033,2
TRN-0353,19.5255,108.769,34.6151,11.8696,15.5531,16.9552,18.7414,46.8337,49.4057,Valid,15.501334410078755,0.05176558992124569,0.05176558992124569,17.10307302113427,-0.14787302113427003,0.14787302113427003,18.533405863128667,0.2079941368713314,0.2079941368713314,49.6021316837255,-2.7684316837255025,2.7684316837255025,2.7684316837255025,0.7940161079130874,2.7684316837255025,0.5574085960483728,1.2756730392000932,2
TRN-0147,8.861,75.9485,36.5575,14.8645,8.6741,10.6902,10.3391,58.0673,23.809,Valid,8.600983949099072,0.07311605090092677,0.07311605090092677,10.718014398038179,-0.027814398038177757,0.027814398038177757,10.063148089216874,0.2759519107831263,0.2759519107831263,50.93794190684393,7.129358093156071,7.129358093156071,7.129358093156071,1.8765601132195755,7.129358093156071,0.34763744216725406,2.2510098467894886,4
TRN-0144,21.5592,95.6797,38.3352,5.2788,16.0257,17.0131,19.5681,40.2086,40.0378,Valid,15.683556538401717,0.34214346159828324,0.34214346159828324,16.758572237460164,0.254527762539837,0.254527762539837,19.146294178121614,0.42180582187838667,0.42180582187838667,49.83422764621665,-9.62562764621665,9.62562764621665,9.62562764621665,2.661026173058289,9.62562764621665,0.2731474599550967,1.0421918570963438,2
TRN-0019,8.2185,21.3276,46.7842,33.5716,6.2229,6.6093,8.3971,71.8081,15.9881,Valid,5.512569544471434,0.7103304555285659,0.7103304555285659,6.3483473193031825,0.26095268069681765,0.26095268069681765,7.372568169888735,1.0245318301112647,1.0245318301112647,51.53729063264872,20.270809367351276,20.270809367351276,20.270809367351276,5.566656083421981,20.270809367351276,0.15228450939049107,2.819733647013504,4
TRN-0626,8.6911,18.8487,44.6416,43.601,5.6547,6.384,7.4265,34.5325,14.4551,Invalid,5.718691825668728,-0.06399182566872774,0.06399182566872774,6.3185020831655505,0.06549791683444983,0.06549791683444983,7.692410857494941,-0.2659108574949407,0.2659108574949407,51.224535699707495,-16.692035699707496,16.692035699707496,16.692035699707496,4.271859074926404,16.692035699707496,0.189686405836628,2.1391858251845357,4
TRN-0476,13.8624,81.0334,36.4075,9.6282,11.1898,12.5515,13.5137,34.8156,27.4893,Valid,11.223794882220034,-0.03399488222003377,0.03399488222003377,12.829562847118787,-0.27806284711878604,0.27806284711878604,13.474752023540791,0.03894797645920889,0.03894797645920889,50.534825918447076,-15.719225918447073,15.719225918447073,15.719225918447073,4.017557906061276,15.719225918447073,0.19930014136797242,1.3112579546955598,4
TRN-0796,29.2093,62.3251,41.0718,47.5542,18.2781,17.4134,23.4021,46.8724,29.0277,Valid,18.024233070984884,0.2538669290151141,0.2538669290151141,17.022571131028094,0.39082886897190505,0.39082886897190505,23.176425390532785,0.22567460946721596,0.22567460946721596,48.66000630786017,-1.7876063078601732,1.7876063078601732,1.7876063078601732,0.6644941788286021,1.7876063078601732,0.6007831164082269,1.1120166423129525,3
TRN-0870,10.7956,108.3219,24.6777,48.043,11.5524,13.9552,13.1178,55.7297,44.2781,Valid,11.694436229161994,-0.14203622916199343,0.14203622916199343,14.036892996774187,-0.08169299677418707,0.08169299677418707,13.306717079255764,-0.18891707925576284,0.18891707925576284,49.25975990956657,6.4699400904334325,6.4699400904334325,6.4699400904334325,1.720646598906344,6.4699400904334325,0.36755968246738985,1.872809472806675,2
TRN-0854,8.6289,26.2498,23.3529,56.0306,6.2386,6.4568,8.0669,52.8494,13.2914,Valid,6.214985677794654,0.023614322205346205,0.023614322205346205,6.349762783491303,0.10703721650869724,0.10703721650869724,7.964683858966552,0.10221614103344834,0.10221614103344834,50.128241388199044,2.721158611800959,2.721158611800959,2.721158611800959,0.7385065728871127,2.721158611800959,0.5752063383570155,2.5327916443762915,4
TRN-0134,22.2438,41.4757,24.1234,53.4966,13.6413,12.3822,17.6506,70.0693,18.4064,Valid,13.571629738093897,0.06967026190610248,0.06967026190610248,12.353037794385836,0.029162205614163383,0.029162205614163383,17.521714115883263,0.12888588411673751,0.12888588411673751,48.79868059181261,21.270619408187386,21.270619408187386,21.270619408187386,5.374584439956097,21.270619408187386,0.15687297100215167,2.0286743569563224,4
TRN-0527,14.7369,57.4826,37.9908,20.1469,10.8502,11.6163,13.5462,51.1441,18.5575,Valid,10.47085990990553,0.3793400900944697,0.3793400900944697,11.274220838609402,0.3420791613905987,0.3420791613905987,13.068028729393344,0.47817127060665676,0.47817127060665676,50.534475932314855,0.6096240676851465,0.6096240676851465,0.6096240676851465,0.4523036474442179,0.6096240676851465,0.6885612397653978,1.8492593352397815,4
TRN-0770,15.7032,98.3867,38.3044,32.4798,13.1948,15.1165,15.3287,46.7966,40.2031,Valid,13.339848289962639,-0.14504828996263797,0.14504828996263797,15.194322172289766,-0.07782217228976585,0.07782217228976585,15.913951845021526,-0.585251845021526,0.585251845021526,49.74001937265624,-2.943419372656244,2.943419372656244,2.943419372656244,0.9378854199825435,2.943419372656244,0.5160263809658097,1.486202937216597,2
TRN-0251,30.3515,109.3207,33.6619,8.9928,20.9797,21.2055,25.9842,48.8242,53.6774,Valid,20.700772930239847,0.27892706976015447,0.27892706976015447,20.83871741608337,0.3667825839166312,0.3667825839166312,25.530533176502335,0.4536668234976666,0.4536668234976666,48.63465613241346,0.1895438675865364,0.1895438675865364,0.4536668234976666,0.3222300861902472,0.4536668234976666,0.7562980228965358,0.9520004677177324,1
TRN-0132,9.7487,72.7897,36.5709,25.4378,9.0643,10.8287,10.8578,77.4383,23.3231,Valid,8.978553965271093,0.0857460347289063,0.0857460347289063,10.847674334289255,-0.01897433428925588,0.01897433428925588,10.653082367021753,0.2047176329782463,0.2047176329782463,50.65825402951161,26.780045970488388,26.780045970488388,26.780045970488388,6.772370993121199,26.780045970488388,0.1286608682067586,2.527943192819538,4
TRN-0215,23.5742,80.0256,28.2073,5.4162,15.6847,15.9431,19.5115,52.9688,27.4716,Invalid,15.775658744788021,-0.09095874478802202,0.09095874478802202,15.804246654480218,0.1388533455197809,0.1388533455197809,19.5647328129265,-0.05323281292649895,0.05323281292649895,49.46140715732234,3.5073928426776604,3.5073928426776604,3.5073928426776604,0.9476094364779906,3.5073928426776604,0.5134499665437932,1.432514306758338,4
TRN-0780,12.6266,68.5622,35.0442,17.9569,9.9021,11.2444,12.2991,43.9458,22.3588,Valid,10.03798585086903,-0.1358858508690286,0.1358858508690286,11.371509974902898,-0.127109974902897,0.127109974902897,12.174788285898437,0.12431171410156239,0.12431171410156239,50.552091393588114,-6.606291393588116,6.606291393588116,6.606291393588116,1.7483997333654009,6.606291393588116,0.3638480923499091,1.7595589383011867,4
TRN-0425,14.8763,108.8282,36.4889,20.9661,13.3401,15.6721,15.4704,25.5252,48.8125,Valid,13.379896939175268,-0.039796939175268164,0.039796939175268164,15.637907834718426,0.034192165281574205,0.034192165281574205,15.68632506977185,-0.21592506977185089,0.21592506977185089,49.892403118518196,-24.367203118518194,24.367203118518194,24.367203118518194,6.164279323186722,24.367203118518194,0.13958138074873286,0.6962134526647302,2
TRN-0273,14.7494,46.7725,41.9781,18.1946,9.8595,10.6273,12.2165,33.6728,17.7087,Valid,9.868059899315746,-0.008559899315745412,0.008559899315745412,10.480756648343439,0.14654335165656107,0.14654335165656107,12.563736299508907,-0.3472362995089071,0.3472362995089071,50.83286386298621,-17.160063862986206,17.160063862986206,17.160063862986206,4.415600853366855,17.160063862986206,0.18465171770890473,1.4350518122927907,4
TRN-0970,21.6393,46.0109,37.6075,53.7777,13.5387,12.9017,17.5589,27.2276,20.1454,Valid,13.553412806752018,-0.014712806752017471,0.014712806752017471,12.962717620603394,-0.06101762060339411,0.06101762060339411,17.516794458906,0.042105541094002774,0.042105541094002774,49.271855795672636,-22.044255795672637,22.044255795672637,22.044255795672637,5.540522941030513,22.044255795672637,0.15289297339310942,0.8045214352883894,4
TRN-0318,25.1775,66.3148,37.9414,36.4763,16.4199,15.8983,20.8264,62.0508,27.6115,Valid,16.17077573997957,0.24912426002042665,0.24912426002042665,15.772043402343147,0.1262565976568535,0.1262565976568535,20.541705720835026,0.2846942791649738,0.2846942791649738,49.120310488651654,12.930489511348348,12.930489511348348,12.930489511348348,3.3976411620476505,12.930489511348348,0.22739463342988525,1.6025807966009766,3
TRN-0767,27.0091,89.3887,31.1747,24.0991,18.2747,18.1538,23.0462,65.1731,35.2858,Valid,18.16909118114778,0.10560881885221818,0.10560881885221818,18.041008543227896,0.11279145677210423,0.11279145677210423,22.59046395250358,0.45573604749641916,0.45573604749641916,48.73705329178852,16.436046708211485,16.436046708211485,16.436046708211485,4.277545757833057,16.436046708211485,0.18948201415701166,1.5088685050619408,1
TRN-0437,25.3163,24.303,33.4231,57.0072,14.28,12.2727,18.7394,78.7804,19.2354,Valid,14.155152209680049,0.12484779031995075,0.12484779031995075,12.286107114116543,-0.013407114116542829,0.013407114116542829,18.835207367237967,-0.0958073672379669,0.0958073672379669,48.95311288454104,29.827287115458958,29.827287115458958,29.827287115458958,7.515337346783355,29.827287115458958,0.11743515955686092,2.144155346541628,3
TRN-0502,31.4814,15.7485,22.313,54.752,16.6856,13.4554,22.2083,63.0366,19.7031,Valid,16.604551710330085,0.08104828966991562,0.08104828966991562,13.317514468438675,0.13788553156132366,0.13788553156132366,22.247749389447534,-0.03944938944753318,0.03944938944753318,48.1412867723657,14.895313227634297,14.895313227634297,14.895313227634297,3.7884241095782674,14.895313227634297,0.20883697373415686,1.7187952015644197,3
TRN-0413,23.8614,99.6453,27.3515,52.786,17.422,17.7966,21.1059,58.3409,40.8523,Valid,17.556429372250307,-0.13442937225030605,0.13442937225030605,17.945237293580185,-0.14863729358018318,0.14863729358018318,21.467462067083286,-0.36156206708328753,0.36156206708328753,48.14678825482965,10.194111745170346,10.194111745170346,10.194111745170346,2.7096851195210307,10.194111745170346,0.26956465785675987,1.4274187584332294,2
TRN-0735,26.086,76.1449,37.1549,29.5568,16.9605,16.7213,21.3601,54.0255,29.7533,Valid,17.06714969087532,-0.10664969087531873,0.10664969087531873,16.83604671232507,-0.11474671232507205,0.11474671232507205,21.496130721417675,-0.1360307214176757,0.1360307214176757,49.05519847022249,4.970301529777508,4.970301529777508,4.970301529777508,1.3319321635988937,4.970301529777508,0.42882894091425466,1.3681149938056676,3
TRN-0249,15.2693,100.304,34.0973,32.5533,12.9218,14.867,15.5072,30.5176,40.5863,Valid,13.232135583629757,-0.3103355836297581,0.3103355836297581,15.072935219495415,-0.20593521949541405,0.20593521949541405,15.678347497495649,-0.1711474974956495,0.1711474974956495,49.60959403708033,-19.091994037080326,19.091994037080326,19.091994037080326,4.9448530844252865,19.091994037080326,0.16821273558801061,0.9535256627365892,2
TRN-0941,26.4406,81.4135,28.2367,48.9851,17.6256,17.3812,22.0976,32.9076,29.618,Valid,17.74610915439322,-0.12050915439322196,0.12050915439322196,17.286146044576427,0.0950539554235732,0.0950539554235732,22.192004421864944,-0.0944044218649438,0.0944044218649438,48.22380928618392,-15.31620928618392,15.31620928618392,15.31620928618392,3.9065442044664147,15.31620928618392,0.20380943456897882,0.6899699195796475,3
TRN-0644,22.3928,21.7817,18.0,17.6499,12.3418,10.3495,16.293,43.2368,15.8306,Valid,12.123199834675063,0.2186001653249363,0.2186001653249363,10.231604220995422,0.11789577900457893,0.11789577900457893,16.00059035919452,0.2924096408054808,0.2924096408054808,49.574990628262825,-6.338190628262822,6.338190628262822,6.338190628262822,1.7417740533494546,6.338190628262822,0.3647273555522791,1.599943761421941,4
TRN-0004,15.8587,26.0792,30.945,29.2205,9.2522,8.8999,12.1474,35.7616,15.4348,Valid,9.374248872447588,-0.12204887244758744,0.12204887244758744,8.849634596498564,0.05026540350143627,0.05026540350143627,12.30945078340605,-0.16205078340605006,0.16205078340605006,50.325853980610944,-14.564253980610943,14.564253980610943,14.564253980610943,3.724654759991504,14.564253980610943,0.2116556766153636,1.6264751107837374,4
TRN-0102,15.3713,82.2769,40.7093,24.3331,12.0642,13.5868,14.6883,31.9827,29.6686,Valid,12.197875056311055,-0.13367505631105558,0.13367505631105558,13.720084362332235,-0.13328436233223506,0.13328436233223506,14.801875063842196,-0.1135750638421964,0.1135750638421964,50.20976818853285,-18.227068188532847,18.227068188532847,18.227068188532847,4.6519006677545836,18.227068188532847,0.17693163039917423,1.1016558714328302,4
TRN-0310,17.7259,93.4655,30.4254,9.3407,13.8355,15.1421,16.6845,43.4387,34.339,Valid,13.755672099539057,0.07982790046094301,0.07982790046094301,15.026591227164984,0.1155087728350157,0.1155087728350157,16.52048296526615,0.164017034733849,0.164017034733849,49.84211340116509,-6.403413401165096,6.403413401165096,6.403413401165096,1.690691777298726,6.403413401165096,0.3716516356265573,1.3289751252625677,2
TRN-0653,11.3197,81.8708,23.3696,20.6582,9.9817,11.3997,11.2124,36.3911,23.001,Valid,10.16018137466145,-0.17848137466144998,0.17848137466144998,11.698193263457163,-0.2984932634571642,0.2984932634571642,11.888225154444662,-0.6758251544446612,0.6758251544446612,50.05760594713088,-13.66650594713088,13.66650594713088,13.66650594713088,3.7048264349235387,13.66650594713088,0.21254769199923773,1.5313139360561885,4
TRN-0115,28.8054,58.7016,35.5128,57.6561,17.5856,16.3149,22.4877,65.3874,23.0506,Valid,17.741932381219797,-0.15633238121979787,0.15633238121979787,16.48377826071733,-0.16887826071732803,0.16887826071732803,22.83167543008657,-0.3439754300865694,0.3439754300865694,48.31844504996717,17.068954950032833,17.068954950032833,17.068954950032833,4.434535255514132,17.068954950032833,0.18400837477047435,1.6118987344266882,3
TRN-0772,29.2843,55.6198,36.0893,55.5212,17.8595,16.5567,22.9917,15.8876,23.1953,Valid,17.777553371138357,0.08194662886164394,0.08194662886164394,16.388135363629893,0.16856463637010677,0.16856463637010677,22.96314971632207,0.02855028367793011,0.02855028367793011,48.37543683786845,-32.48783683786845,32.48783683786845,32.48783683786845,8.191724596694533,32.48783683786845,0.10879351197702479,0.38769616814338226,3
TRN-0831,18.7826,102.8008,35.3483,23.859,14.421,15.9943,16.9964,53.0225,43.4195,Valid,14.957706956516887,-0.5367069565168876,0.5367069565168876,16.46558478419852,-0.4712847841985184,0.4712847841985184,17.95752467224743,-0.9611246722474291,0.9611246722474291,49.496369242792525,3.5261307572074756,3.5261307572074756,3.5261307572074756,1.3738117925425777,3.5261307572074756,0.42126338875792047,1.5373840634429055,2
TRN-0705,8.2692,25.6949,31.0763,11.3228,5.3401,6.1135,6.6989,39.6231,12.5064,Valid,5.492828866966207,-0.15272886696620702,0.15272886696620702,6.043809794698209,0.06969020530179115,0.06969020530179115,7.078957289252546,-0.3800572892525462,0.3800572892525462,51.42448498386325,-11.801384983863251,11.801384983863251,11.801384983863251,3.100965336345949,11.801384983863251,0.2438450262276594,2.373526282010896,4
TRN-0991,31.3945,56.8214,40.6793,37.536,18.3479,16.9601,23.7599,53.2477,24.1357,Valid,18.65174755560155,-0.30384755560154986,0.30384755560154986,17.213209538779935,-0.2531095387799347,0.2531095387799347,24.15830625503565,-0.39840625503565263,0.39840625503565263,48.726946065292374,4.520753934707628,4.520753934707628,4.520753934707628,1.3690293210311912,4.520753934707628,0.4221138130805067,1.2923436130533557,3
TRN-0862,16.9245,33.0504,36.7006,42.7713,10.4439,10.0715,13.4578,57.3797,17.5038,Valid,10.43985415885703,0.004045841142970019,0.004045841142970019,10.109576669160216,-0.03807666916021546,0.03807666916021546,13.630138394968293,-0.17233839496829262,0.17233839496829262,50.055563788299864,7.324136211700136,7.324136211700136,7.324136211700136,1.8846492792429035,7.324136211700136,0.34666259333351507,2.071447290037956,4
TRN-0229,14.9486,51.2987,47.6404,16.062,10.0847,11.0032,13.0154,40.751,20.6136,Valid,10.196282672394801,-0.11158267239480146,0.11158267239480146,11.096687168149456,-0.09348716814945668,0.09348716814945668,12.949004433409675,0.06639556659032486,0.06639556659032486,51.01119607220137,-10.260196072201374,10.260196072201374,10.260196072201374,2.6329153698339893,10.260196072201374,0.27526102267713887,1.6387186100365057,4
TRN-0696,19.9703,69.0999,46.7115,35.8717,14.0227,14.7328,17.7988,55.6225,30.0941,Valid,13.826276495216254,0.1964235047837466,0.1964235047837466,14.48308212361678,0.24971787638321885,0.24971787638321885,17.392942841443542,0.4058571585564579,0.4058571585564579,49.88810367405651,5.734396325943493,5.734396325943493,5.734396325943493,1.646598716416729,5.734396325943493,0.3778434538628944,1.628541262383922,4
TRN-0371,8.4715,19.0963,37.7212,24.6285,5.5421,6.063,7.3369,59.883,13.5288,Valid,5.392569281875657,0.1495307181243426,0.1495307181243426,5.880135209091392,0.1828647909086074,0.1828647909086074,7.176438405394306,0.1604615946056942,0.1604615946056942,51.41750637016461,8.465493629835393,8.465493629835393,8.465493629835393,2.2395876833685096,8.465493629835393,0.3086812575358986,2.7575450643602593,4
TRN-0819,17.2999,23.0813,37.999,20.686,10.0065,9.4349,13.3861,60.0238,16.4621,Valid,9.810321601927605,0.19617839807239612,0.19617839807239612,9.246565878675725,0.18833412132427618,0.18833412132427618,13.043711478983733,0.34238852101626804,0.34238852101626804,50.662349185140364,9.361450814859637,9.361450814859637,9.361450814859637,2.5220879638181444,9.361450814859637,0.2839224943479103,2.179350346478575,4
TRN-0107,16.1498,53.7524,24.6296,36.9404,11.0133,10.8826,13.8872,35.324,16.8455,Valid,11.12446097271213,-0.11116097271213121,0.11116097271213121,11.162098801701246,-0.2794988017012461,0.2794988017012461,13.912336022697575,-0.0251360226975752,0.0251360226975752,49.60620023615859,-14.282200236158594,14.282200236158594,14.282200236158594,3.6744990083173867,14.282200236158594,0.21392666855222114,1.374905529880684,4
TRN-0017,15.8688,16.7878,29.9819,37.0965,8.8732,8.0324,11.9012,45.7346,15.0326,Valid,8.958107611378578,-0.08490761137857739,0.08490761137857739,8.101186065909713,-0.06878606590971259,0.06878606590971259,11.972520209748978,-0.07132020974897912,0.07132020974897912,50.21846290709527,-4.483862907095272,4.483862907095272,4.483862907095272,1.1772191985331353,4.483862907095272,0.4593014799216051,2.0231538322844314,4
TRN-0196,28.5086,20.9697,30.8619,45.7868,15.5239,12.9922,20.4713,56.8221,19.7101,Valid,15.369378646122653,0.154521353877346,0.154521353877346,12.929511403284705,0.06268859671529547,0.06268859671529547,20.53297869650753,-0.06167869650753133,0.06167869650753133,48.854599119971155,7.967500880028844,7.967500880028844,7.967500880028844,2.061597381782254,7.967500880028844,0.3266268797949742,1.6569356600548493,3
TRN-0548,11.0253,69.5239,28.2345,57.4589,9.5924,11.0881,11.7175,55.009,21.1399,Valid,9.779523837289554,-0.18712383728955473,0.18712383728955473,11.018618568569275,0.0694814314307255,0.0694814314307255,11.735084984887006,-0.017584984887006883,0.017584984887006883,49.5779169833531,5.431083016646902,5.431083016646902,5.431083016646902,1.4263183175635472,5.431083016646902,0.4121470759880249,2.0783955159675926,4
TRN-0525,9.5113,33.9672,37.9995,40.471,6.9494,7.6298,8.9024,47.3362,15.1242,Valid,6.901295418894595,0.04810458110540505,0.04810458110540505,7.6456301090483345,-0.01583010904833415,0.01583010904833415,8.841878512110188,0.06052148788981171,0.06052148788981171,50.820843556309484,-3.4846435563094857,3.4846435563094857,3.4846435563094857,0.9022749335882592,3.4846435563094857,0.5256863675923549,2.281165310887765,4
TRN-0687,29.9997,106.7406,47.4892,50.5266,20.7767,21.1299,26.0691,55.6824,57.2566,Valid,20.90014101555659,-0.12344101555658682,0.12344101555658682,21.29520898050368,-0.16530898050368137,0.16530898050368137,26.003526951292738,0.065573048707261,0.065573048707261,48.26420092823149,7.4181990717685125,7.4181990717685125,7.4181990717685125,1.9431305291340104,7.4181990717685125,0.339774260808691,1.1291031872224506,1
TRN-0637,28.1778,101.9614,46.7242,5.1181,19.2773,19.9162,23.9894,55.4093,50.626,Valid,19.22180285788875,0.055497142111249786,0.055497142111249786,19.847534576161735,0.06866542383826513,0.06866542383826513,23.848831468459746,0.14056853154025362,0.14056853154025362,49.45778476444396,5.951515235556045,5.951515235556045,5.951515235556045,1.5540615832614533,5.951515235556045,0.3915332373164756,1.2186969400358743,1
TRN-0790,11.0441,36.6588,49.2146,45.1862,7.7952,8.7153,10.2325,51.3039,20.4399,Valid,7.858118537237154,-0.06291853723715324,0.06291853723715324,8.803253002302624,-0.08795300230262448,0.08795300230262448,10.177591524108148,0.05490847589185144,0.05490847589185144,50.94087781914378,0.36302218085621973,0.36302218085621973,0.36302218085621973,0.14220054907196222,0.36302218085621973,0.8755029935964397,2.2298734582034863,4
TRN-0337,24.7539,95.1678,30.4097,7.7587,17.2067,17.6076,21.1211,62.9772,37.6123,Valid,17.20945036646864,-0.0027503664686392426,0.0027503664686392426,17.587475292860866,0.020124707139135722,0.020124707139135722,21.14085655532691,-0.019756555326910785,0.019756555326910785,49.21430108148396,13.762898918516044,13.762898918516044,13.762898918516044,3.4513826368626823,13.762898918516044,0.22464930148193152,1.5396344745184365,2
TRN-0776,20.4738,40.3826,41.5696,36.864,12.6427,12.2225,16.7908,53.4398,19.2865,Valid,12.487672518626542,0.15502748137345712,0.15502748137345712,12.064525805960326,0.1579741940396744,0.1579741940396744,16.258550392301174,0.5322496076988266,0.5322496076988266,49.95197676356312,3.4878232364368813,3.4878232364368813,3.4878232364368813,1.0832686298872098,3.4878232364368813,0.4800149081369986,1.7337162172393659,4
TRN-0882,16.6046,62.6201,20.6738,56.6195,12.4968,12.4027,15.5819,36.5569,19.8233,Valid,12.06012043688444,0.4366795631155611,0.4366795631155611,12.113176924511288,0.28952307548871126,0.28952307548871126,14.913398759051343,0.6685012409486557,0.6685012409486557,48.895153272600844,-12.338253272600845,12.338253272600845,12.338253272600845,3.4332392880384432,12.338253272600845,0.22556869481377934,1.254139172780722,4
TRN-0235,14.5684,107.6301,39.9672,6.4811,13.4309,15.8185,15.7473,46.4148,49.1812,Valid,12.999071217879637,0.4318287821203626,0.4318287821203626,15.417436688527923,0.4010633114720772,0.4010633114720772,15.236446875631383,0.5108531243686159,0.5108531243686159,50.375239118606935,-3.960439118606935,3.960439118606935,3.960439118606935,1.3260460841419976,3.960439118606935,0.42991409620711246,1.4433144874268609,2
TRN-0112,8.0142,60.8575,28.5069,33.4378,7.7383,9.1334,9.0903,64.7652,15.6204,Valid,7.569575217620049,0.16872478237995114,0.16872478237995114,9.045643799792705,0.08775620020729491,0.08775620020729491,8.971574325233128,0.11872567476687124,0.11872567476687124,50.48735738297938,14.27784261702061,14.27784261702061,14.27784261702061,3.6632623185936817,14.27784261702061,0.2144421505118275,2.514212930978612,4
TRN-0296,14.8834,47.7957,30.2891,13.1237,9.9603,10.1437,12.5896,65.077,16.4399,Valid,9.912712640975336,0.047587359024664266,0.047587359024664266,10.196543440591688,-0.052843440591686885,0.052843440591686885,12.48188166667515,0.10771833332485059,0.10771833332485059,50.510982643037,14.566017356962995,14.566017356962995,14.566017356962995,3.693541622476049,14.566017356962995,0.21305872631687797,2.254938701434295,4
TRN-0809,27.2252,27.563,26.0366,22.9568,15.0208,12.9747,19.8833,80.3398,18.8413,Valid,14.839390774403213,0.18140922559678607,0.18140922559678607,12.695793407298073,0.27890659270192764,0.27890659270192764,19.602423031400875,0.2808769685991237,0.2808769685991237,49.23460254962657,31.105197450373424,31.105197450373424,31.105197450373424,7.961597559317815,31.105197450373424,0.11158724695913738,2.1015696313734105,3
TRN-0853,19.4248,90.8578,42.6535,7.9696,14.7149,16.0781,17.7581,53.2609,36.753,Valid,14.429155490533308,0.28574450946669216,0.28574450946669216,15.772485781874321,0.3056142181256778,0.3056142181256778,17.617123654934034,0.14097634506596535,0.14097634506596535,50.17438829039049,3.0865117096095105,3.0865117096095105,3.0865117096095105,0.9547116955669614,3.0865117096095105,0.5115843949099365,1.5143984935376995,2
TRN-0529,31.0312,81.3554,30.7886,32.5102,19.8275,25.595,25.174,47.8984,31.6224,Invalid,19.7582179279201,0.06928207207990056,0.06928207207990056,18.809788603169217,6.785211396830782,6.785211396830782,24.935197238100685,0.23880276189931493,0.23880276189931493,48.25700163472599,-0.3586016347259857,0.3586016347259857,6.785211396830782,1.8629744663839958,6.785211396830782,0.349287082976686,0.9475813903952355,3
TRN-0874,21.7457,52.85,38.0608,53.9387,14.0088,13.5919,1.0,63.0673,20.8285,Invalid,13.984632821187132,0.024167178812868784,0.024167178812868784,13.595675894340097,-0.0037758943400962863,0.0037758943400962863,17.931106266269072,-16.931106266269072,16.931106266269072,49.200080231046186,13.867219768953817,13.867219768953817,16.931106266269072,7.7065672770939635,16.931106266269072,0.11485582872952602,2.708350696709562,4
TRN-0293,23.6339,86.7762,33.2134,26.0206,16.5715,16.8931,20.2296,47.5054,33.6492,Valid,16.427897240258854,0.143602759741146,0.143602759741146,16.733764269559202,0.15933573044079807,0.15933573044079807,20.325598914656368,-0.09599891465636645,0.09599891465636645,49.10376196625743,-1.5983619662574284,1.5983619662574284,1.5983619662574284,0.49932484277393474,1.5983619662574284,0.6669668716686354,1.2226881439499193,2
TRN-0386,24.1553,87.6288,31.6699,9.5358,16.7324,16.8579,20.8384,37.0967,33.0113,Valid,16.528302152086162,0.204097847913836,0.204097847913836,16.796298925593078,0.06160107440692286,0.06160107440692286,20.42381769431739,0.414582305682611,0.414582305682611,49.356167615645056,-12.259467615645057,12.259467615645057,12.259467615645057,3.234937210912107,12.259467615645057,0.2361310097876571,0.889995175111969,2
TRN-0001,28.6557,37.7881,19.8451,49.0661,16.5184,14.4007,21.5919,60.3044,20.1476,Valid,16.392058585942863,0.12634141405713706,0.12634141405713706,14.082807381166345,0.31789261883365505,0.31789261883365505,21.38035653034986,0.21154346965013815,0.21154346965013815,48.19911739692957,12.105282603070428,12.105282603070428,12.105282603070428,3.1902650264028396,12.105282603070428,0.23864838946916364,1.6275679995575074,3
TRN-0483,28.1686,30.8848,47.1226,31.0161,15.6773,13.958,20.8884,49.9856,22.8391,Valid,15.600943407229476,0.07635659277052476,0.07635659277052476,14.047502673998904,-0.08950267399890421,0.08950267399890421,20.756798628212028,0.1316013717879727,0.1316013717879727,49.67450593500814,0.3110940649918561,0.3110940649918561,0.3110940649918561,0.15213867588731445,0.3110940649918561,0.8679510730163229,1.433801077591396,3
TRN-0127,31.9221,26.6474,39.91,58.3026,17.1866,14.5966,22.8735,43.6359,22.4999,Valid,17.484497784551827,-0.2978977845518287,0.2978977845518287,14.988129742597737,-0.39152974259773643,0.39152974259773643,23.336097720468004,-0.46259772046800407,0.46259772046800407,48.52178111225351,-4.885881112253507,4.885881112253507,4.885881112253507,1.5094765899677691,4.885881112253507,0.39848947146896624,1.1817487046842978,3
TRN-0207,16.4512,87.7723,18.0,18.5651,13.0139,13.8086,15.8387,34.7912,26.7392,Valid,12.920588482874148,0.0933115171258514,0.0933115171258514,13.783809698172258,0.024790301827742667,0.024790301827742667,15.413243025862986,0.42545697413701333,0.42545697413701333,49.38113242099413,-14.589932420994124,14.589932420994124,14.589932420994124,3.783372803521183,14.589932420994124,0.2090575083890326,1.1246798680583856,2
TRN-0471,27.1316,40.1931,50.0495,59.2364,15.9906,14.7284,21.0562,65.685,26.8539,Valid,15.95444357026744,0.036156429732560724,0.036156429732560724,14.81324204784133,-0.0848420478413292,0.0848420478413292,21.029362630676513,0.026837369323487792,0.026837369323487792,49.14850125916495,16.53649874083505,16.53649874083505,16.53649874083505,4.171083646933107,16.53649874083505,0.1933830640301255,1.7352799551575921,3
TRN-0059,30.7887,106.5889,44.7605,54.8665,21.3848,21.588,35.7555,55.686,55.6198,Invalid,21.318659378658,0.06614062134199727,0.06614062134199727,21.504914538640726,0.08308546135927486,0.08308546135927486,26.54547330336664,9.210026696633356,9.210026696633356,48.00207698588314,7.683923014116857,7.683923014116857,9.210026696633356,4.260793948362871,9.210026696633356,0.1900853768110789,1.0207601361580914,1
TRN-0063,27.5392,38.1989,35.1752,12.4804,15.2211,13.532,20.2284,69.7442,19.9811,Valid,15.466106823913632,-0.2450068239136325,0.2450068239136325,13.909842637100564,-0.37784263710056365,0.37784263710056365,20.270964453354335,-0.04256445335433412,0.04256445335433412,49.642038213891695,20.10216178610831,20.10216178610831,20.10216178610831,5.19189392511921,20.10216178610831,0.16150147468502496,1.8938504826333367,3
TRN-0698,13.6327,45.7725,28.7424,15.8314,9.2535,9.6527,11.532,46.4299,16.0087,Valid,9.22969267122023,0.023807328779771098,0.023807328779771098,9.565972411139013,0.08672758886098642,0.08672758886098642,11.595354063010596,-0.0633540630105962,0.0633540630105962,50.533511360100086,-4.103611360100082,4.103611360100082,4.103611360100082,1.069375085187859,4.103611360100082,0.48323767264706363,1.9345544200757299,4
TRN-0960,24.9995,20.1043,45.4578,57.462,14.2425,12.5571,19.3371,44.5012,20.9081,Valid,13.793153755566975,0.4493462444330252,0.4493462444330252,12.209327983113726,0.34777201688627457,0.34777201688627457,18.57193038446714,0.7651696155328587,0.7651696155328587,49.440232140634066,-4.939032140634069,4.939032140634069,4.939032140634069,1.6253300043715568,4.939032140634069,0.38090449518150266,1.4097451905901657,4
TRN-0899,14.9915,18.5185,35.0207,17.393,8.2577,7.9147,10.9201,35.7485,14.8891,Valid,8.405612111772195,-0.14791211177219488,0.14791211177219488,7.93769674124829,-0.02299674124829032,0.02299674124829032,11.232337669689517,-0.3122376696895177,0.3122376696895177,50.891474613496825,-15.142974613496825,15.142974613496825,15.142974613496825,3.906530284051707,15.142974613496825,0.20381001280078143,1.771695694406076,4
TRN-0100,21.3697,98.1157,35.5882,6.5734,15.6299,16.7153,19.2324,,40.8155,Valid,15.738449591314096,-0.10854959131409636,0.10854959131409636,16.82286665073446,-0.10756665073446214,0.10756665073446214,19.131721618801684,0.10067838119831407,0.10067838119831407,49.7000983800684,,,0.10854959131409636,0.10559820774895752,0.10854959131409636,0.9044877180436466,0.2095385150500323,2
TRN-0292,17.4334,47.8325,29.7571,5.9921,17.1563,11.1729,14.0808,78.7172,16.7479,Invalid,11.055428950261666,6.100871049738336,6.100871049738336,11.003613925527711,0.16928607447228927,0.16928607447228927,14.018410318439894,0.062389681560105714,0.062389681560105714,50.4156779508175,28.301522049182502,28.301522049182502,28.301522049182502,8.658517213738309,28.301522049182502,0.10353556119127649,2.2305238689497098,4
TRN-0789,8.159,75.9748,31.6705,28.6888,8.5246,10.3218,9.8852,59.4848,22.5855,Valid,8.421859723910616,0.10274027608938319,0.10274027608938319,10.439090301839103,-0.1172903018391036,0.1172903018391036,9.772473090120425,0.11272690987957468,0.11272690987957468,50.52546340778185,8.95933659221815,8.95933659221815,8.95933659221815,2.323023520006553,8.95933659221815,0.3009307619941336,2.3106894814617323,4
TRN-0883,20.0684,50.751,37.9395,44.2971,20.5106,12.7888,16.5123,50.9035,19.4832,Invalid,12.948117010754371,7.562482989245629,7.562482989245629,12.751341500184536,0.03745849981546456,0.03745849981546456,16.582962935407377,-0.07066293540737689,0.07066293540737689,49.584934609277326,1.318565390722675,1.318565390722675,7.562482989245629,2.2472924537977863,7.562482989245629,0.3079488571565139,1.513760975995291,4
TRN-0987,8.9208,80.0837,21.4928,31.7022,9.0013,10.7514,10.3396,80.3354,21.0958,Valid,9.036462304136029,-0.035162304136028055,0.035162304136028055,10.751177817385663,0.00022218261433692987,0.00022218261433692987,10.397662512946727,-0.058062512946726486,0.058062512946726486,49.98725515500624,30.34814484499377,30.34814484499377,30.34814484499377,7.6103979611727155,30.34814484499377,0.11613865056056043,2.583919583974099,4
TRN-0845,20.8759,61.2433,21.7204,5.906,13.325,12.9631,16.6578,58.0203,18.2318,Valid,13.43848126726184,-0.11348126726184127,0.11348126726184127,13.074056596633364,-0.11095659663336299,0.11095659663336299,16.81809276398284,-0.16029276398283798,0.16029276398283798,49.674308579013584,8.345991420986415,8.345991420986415,8.345991420986415,2.1826805122161144,8.345991420986415,0.3142005602389841,1.7850402273076622,4
TRN-0519,12.9126,55.1864,41.4512,58.3725,10.086,11.2424,12.5973,57.737,18.5291,Valid,9.924482483334666,0.16151751666533443,0.16151751666533443,10.885562524192533,0.35683747580746683,0.35683747580746683,12.423762303345146,0.1735376966548543,0.1735376966548543,50.00483822029855,7.73216177970145,7.73216177970145,7.73216177970145,2.1060136172072763,7.73216177970145,0.3219560901021208,2.079405437803845,4
TRN-0170,22.0985,55.2047,44.9647,31.4216,13.6698,13.7222,17.7092,52.3794,21.3338,Valid,14.027202670068613,-0.3574026700686126,0.3574026700686126,13.946200552490263,-0.22400055249026174,0.22400055249026174,17.997134239271396,-0.2879342392713973,0.2879342392713973,49.881182681014785,2.498217318985212,2.498217318985212,2.498217318985212,0.8418886952038709,2.498217318985212,0.5429209716113244,1.5884015533751108,4
TRN-0803,14.8867,75.4868,18.0,7.5017,11.0816,11.7859,13.2672,44.839,19.2982,Valid,11.359312978163471,-0.2777129781634713,0.2777129781634713,12.105928933061142,-0.3200289330611419,0.3200289330611419,13.614567249236089,-0.34736724923608797,0.34736724923608797,49.90207993499436,-5.063079934994363,5.063079934994363,5.063079934994363,1.502047273863766,5.063079934994363,0.39967270420744616,1.6675727217243514,4
TRN-0414,14.0512,70.4544,45.052,55.2408,11.3593,12.7422,13.8951,60.6659,27.6443,Valid,11.282588222883867,0.07671177711613275,0.07671177711613275,12.663273824231968,0.07892617576803218,0.07892617576803218,13.908248037952172,-0.013148037952172231,0.013148037952172231,49.929964505387176,10.735935494612825,10.735935494612825,10.735935494612825,2.7261803713622905,10.735935494612825,0.26837133480857245,1.9989998230331394,4
TRN-0347,31.3892,61.6279,30.734,59.4728,19.219,17.6853,24.8014,77.0681,23.7916,Valid,19.160458738493436,0.05854126150656569,0.05854126150656569,17.488182211394992,0.19711778860500928,0.19711778860500928,24.62582137320017,0.1755786267998296,0.1755786267998296,47.842157188718,29.225942811282003,29.225942811282003,29.225942811282003,7.414295122048352,29.225942811282003,0.11884536797142468,1.711642482473642,3
TRN-0022,10.984,63.6764,34.8429,45.5198,9.0669,10.3063,11.1205,29.858,21.5988,Valid,9.304684853868698,-0.23778485386869797,0.23778485386869797,10.61775922820246,-0.31145922820246064,0.31145922820246064,11.30669858055232,-0.18619858055232008,0.18619858055232008,50.14063406043457,-20.28263406043457,20.28263406043457,20.28263406043457,5.254519180764513,20.28263406043457,0.1598843925645722,1.377995066919363,4
TRN-0534,9.9767,102.2508,27.3341,52.6467,10.9906,13.3539,12.5827,12.1712,38.8217,Valid,11.02381726634021,-0.03321726634020905,0.03321726634020905,13.362891055701127,-0.008991055701127237,0.008991055701127237,12.580846005052468,0.001853994947532911,0.001853994947532911,49.3924992769881,-37.2212992769881,37.2212992769881,37.2212992769881,9.316340398494242,37.2212992769881,0.09693359867671278,0.19253564879047066,2
TRN-0690,19.3418,107.1489,26.47,17.3647,15.2982,16.7083,,58.3653,45.6354,Invalid,15.377354043249913,-0.07915404324991293,0.07915404324991293,16.68832565596943,0.01997434403057241,0.01997434403057241,18.32606195721182,,,49.22944406715594,9.13585593284406,9.13585593284406,9.13585593284406,3.0783281067081814,9.13585593284406,0.24519851611623988,1.4296634249854183,2
TRN-0021,25.4376,105.8126,24.01,17.6411,17.9464,18.4169,21.6122,51.5824,45.8638,Valid,18.23387151290475,-0.28747151290474804,0.28747151290474804,18.606653694547433,-0.1897536945474343,0.1897536945474343,22.192361723389045,-0.5801617233890433,0.5801617233890433,48.593260700010234,2.989139299989766,2.989139299989766,2.989139299989766,1.011631557707748,2.989139299989766,0.49710892442923243,1.2280625210733243,1
TRN-0280,27.7531,100.6147,29.6118,29.7973,19.0287,19.2137,23.3513,64.087,43.5179,Valid,19.21175311961093,-0.1830531196109284,0.1830531196109284,19.24942670961307,-0.03572670961306912,0.03572670961306912,23.699890755685757,-0.34859075568575904,0.34859075568575904,48.36625263930639,15.720747360693615,15.720747360693615,15.720747360693615,4.072029486400843,15.720747360693615,0.19715973707984275,1.4340558465839714,1
TRN-0366,24.3028,79.2742,39.3552,10.3422,16.3572,16.5962,20.5079,46.8445,30.8484,Valid,16.158220349035062,0.19897965096493664,0.19897965096493664,16.39127601954609,0.20492398045390914,0.20492398045390914,20.21120178222798,0.2966982177720183,0.2966982177720183,49.68553445342121,-2.8410344534212157,2.8410344534212157,2.8410344534212157,0.88540907565302,2.8410344534212157,0.5303888757688543,1.2157736777838657,4
TRN-0775,29.5407,41.2186,43.8119,6.1275,16.6176,15.0835,21.8808,48.6293,22.324,Valid,16.53174252045283,0.08585747954716894,0.08585747954716894,15.080392643537499,0.0031073564625021532,0.0031073564625021532,21.71935630167612,0.16144369832387895,0.16144369832387895,49.86920166318659,-1.2399016631865862,1.2399016631865862,1.2399016631865862,0.37257754938003407,1.2399016631865862,0.7285562848173351,1.312802779811692,3
TRN-0274,30.8093,80.8853,32.2866,32.2677,19.4915,18.5482,24.6741,53.8304,31.928,Valid,19.62480004598471,-0.13330004598471135,0.13330004598471135,18.739033508257286,-0.19083350825728473,0.19083350825728473,24.781785038776626,-0.10768503877662639,0.10768503877662639,48.34037200503675,5.490027994963249,5.490027994963249,5.490027994963249,1.480461646995468,5.490027994963249,0.4031507607510398,1.2109461608741883,3
TRN-0404,23.7474,48.4547,23.1116,46.5521,14.4691,13.4609,18.3451,48.0412,19.5522,Valid,14.596088720835471,-0.12698872083547208,0.12698872083547208,13.373508649834495,0.0873913501655057,0.0873913501655057,18.718742272793197,-0.37364227279319806,0.37364227279319806,48.702723506773154,-0.6615235067731504,0.6615235067731504,0.6615235067731504,0.31238646264183156,0.6615235067731504,0.7619706759143201,1.4665666627861091,4
TRN-0139,20.8691,25.8051,33.1449,7.2908,11.1923,10.2307,14.7645,59.8275,16.6329,Valid,11.511173339693393,-0.3188733396933934,0.3188733396933934,10.442297189062746,-0.21159718906274527,0.21159718906274527,15.222955929294256,-0.4584559292942565,0.4584559292942565,50.43091244461119,9.396587555388813,9.396587555388813,9.396587555388813,2.596378503359802,9.396587555388813,0.2780574956350623,2.066209627158412,4
TRN-0325,26.5393,44.1499,20.0222,45.7095,15.6498,13.8113,20.1295,60.542,19.3421,Valid,15.686337744946067,-0.03653774494606665,0.03653774494606665,13.867701721787318,-0.05640172178731895,0.05640172178731895,20.268681666807602,-0.1391816668076018,0.1391816668076018,48.40399629117192,12.13800370882808,12.13800370882808,12.13800370882808,3.092531210592267,12.13800370882808,0.24434755620477752,1.6972516049737845,3
TRN-0155,25.4113,48.2705,35.1281,17.6202,15.2911,14.2782,19.8332,46.3663,20.6212,Valid,15.0599302361798,0.2311697638201995,0.2311697638201995,14.070882295388213,0.20731770461178733,0.20731770461178733,19.46823959007958,0.3649604099204211,0.3649604099204211,49.612336951439104,-3.246036951439102,3.246036951439102,3.246036951439102,1.0123712074478775,3.246036951439102,0.49692621137638743,1.3402313320282466,3
TRN-0756,18.5486,32.1192,32.1721,47.2999,11.1649,10.5368,14.573,52.4955,17.5281,Valid,11.21653641255741,-0.051636412557410694,0.051636412557410694,10.485953655186474,0.050846344813525235,0.050846344813525235,14.657472028067325,-0.08447202806732435,0.08447202806732435,49.65809618503859,2.8374038149614123,2.8374038149614123,2.8374038149614123,0.7560896500999181,2.8374038149614123,0.5694470096917329,1.8906651598553752,4
TRN-0679,30.3557,91.8033,35.0595,45.8747,19.865,19.5118,24.6688,53.0942,39.1206,Valid,20.174388816156668,-0.3093888161566696,0.3093888161566696,19.71343091726937,-0.20163091726936955,0.20163091726936955,25.2765441023148,-0.6077441023148005,0.6077441023148005,48.060355870740246,5.033844129259755,5.033844129259755,5.033844129259755,1.5381519912501487,5.033844129259755,0.3939874378868293,1.1467456332533832,1
TRN-0837,22.8665,30.6578,36.9534,24.3963,15.1315,16.2079,16.7916,45.8619,18.3588,Invalid,12.947064095519812,2.184435904480189,2.184435904480189,11.812691730747607,4.395208269252391,4.395208269252391,17.077803576866433,-0.28620357686643416,0.28620357686643416,49.951589509886304,-4.0896895098863055,4.0896895098863055,4.395208269252391,2.73888431512133,4.395208269252391,0.2674594653692967,1.30777481798101,4
TRN-0160,30.0586,32.3412,37.7249,9.3042,16.3571,14.3251,21.5508,54.612,21.2713,Valid,16.319825382966357,0.03727461703364199,0.03727461703364199,14.338585397883845,-0.013485397883844286,0.013485397883844286,21.596664672982914,-0.04586467298291552,0.04586467298291552,49.634587333761296,4.977412666238706,4.977412666238706,4.977412666238706,1.268509338534777,4.977412666238706,0.4408181103834013,1.5082366013434036,3
TRN-0058,31.3506,109.6014,35.8066,50.6344,21.7,21.5969,27.0793,57.1371,55.8411,Valid,21.692554404640237,0.0074455953597620805,0.0074455953597620805,21.632158580946758,-0.03525858094675627,0.03525858094675627,26.885231445233902,0.19406855476609763,0.19406855476609763,47.69688019964542,9.440219800354576,9.440219800354576,9.440219800354576,2.419248132856798,9.440219800354576,0.29246195688187604,1.114870020658231,1
TRN-0357,13.0874,48.0294,42.0912,28.1127,9.6031,10.4584,12.469,52.8484,17.6333,Invalid,9.25605571686743,0.3470442831325702,0.3470442831325702,10.100926748659695,0.35747325134030383,0.35747325134030383,11.707107965858487,0.7618920341415123,0.7618920341415123,50.75660297646627,2.0917970235337293,2.0917970235337293,2.0917970235337293,0.8895516480370289,2.0917970235337293,0.5292260738354813,2.026040613762598,4
TRN-0964,17.1665,43.9713,47.3783,13.5215,10.8962,11.3229,14.2006,,19.9834,Valid,10.82755722993079,0.06864277006921071,0.06864277006921071,11.211904202018268,0.11099579798173309,0.11099579798173309,13.983478384682604,0.21712161531739582,0.21712161531739582,50.934616510877916,,,0.21712161531739582,0.1322533944561132,0.21712161531739582,0.8831945259747778,0.27219312169530085,4
TRN-0594,31.7607,60.7084,33.7976,47.1394,19.2807,17.6694,24.8962,49.0986,24.0277,Valid,19.146518033976253,0.1341819660237462,0.1341819660237462,17.53139841301114,0.13800158698886023,0.13800158698886023,24.66025340595599,0.23594659404400886,0.23594659404400886,48.19772519802261,0.9008748019773876,0.9008748019773876,0.9008748019773876,0.3522512372585007,0.9008748019773876,0.739507550407097,1.1331458649668926,3
TRN-0520,20.2427,35.2642,36.7994,8.5725,11.3985,11.1055,14.7262,66.0157,17.8961,Valid,11.752454459845346,-0.3539544598453457,0.3539544598453457,11.156150493142565,-0.05065049314256598,0.05065049314256598,15.346587636548652,-0.6203876365486511,0.6203876365486511,50.48540421136166,15.530295788638334,15.530295788638334,15.530295788638334,4.138822094543724,15.530295788638334,0.1945971239326957,2.1273553226402897,4
TRN-0495,22.6527,78.1419,34.0494,41.5444,15.8485,16.0008,20.0946,47.2861,28.8206,Valid,15.664524852535303,0.18397514746469668,0.18397514746469668,15.821115223295019,0.17968477670498295,0.17968477670498295,19.52136615460138,0.5732338453986188,0.5732338453986188,48.97447276273423,-1.6883727627342324,1.6883727627342324,1.6883727627342324,0.6563166330756327,1.6883727627342324,0.6037492952921018,1.2672614059210296,4
TRN-0328,8.935,70.4062,39.5264,32.159,8.5375,10.6639,10.031,45.449,23.2713,Valid,8.53948464347399,-0.0019846434739907437,0.0019846434739907437,10.516002857154637,0.1478971428453626,0.1478971428453626,10.14991399530312,-0.11891399530311908,0.11891399530311908,50.714197947997945,-5.265197947997947,5.265197947997947,5.265197947997947,1.383498432405105,5.265197947997947,0.41955135627714046,1.977010620041606,4
TRN-0152,30.236,74.725,22.1657,13.3417,19.1212,17.8014,23.953,34.737,26.2554,Valid,18.771023385511466,0.3501766144885359,0.3501766144885359,17.532625183237023,0.26877481676297776,0.26877481676297776,23.683115436334102,0.2698845636658973,0.2698845636658973,48.52206143247745,-13.785061432477448,13.785061432477448,13.785061432477448,3.668474356848715,13.785061432477448,0.21420274024489103,0.7085088331417269,3
TRN-0962,19.9277,91.0498,37.7678,56.4853,15.2122,16.215,18.7176,44.0866,36.8685,Valid,15.249138782657692,-0.03693878265769257,0.03693878265769257,16.220490516053104,-0.005490516053104244,0.005490516053104244,18.672417657898553,0.045182342101448114,0.045182342101448114,48.88459941212903,-4.79799941212903,4.79799941212903,4.79799941212903,1.2214027632353188,4.79799941212903,0.450166001659046,1.2256800914853894,2
TRN-0990,26.8625,67.5097,36.0548,44.896,17.1685,16.3352,21.811,34.2837,28.0254,Valid,17.14383315009878,0.02466684990122303,0.02466684990122303,16.4676405245758,-0.1324405245757987,0.1324405245757987,21.806965498440398,0.004034501559601722,0.004034501559601722,48.701052055282034,-14.41735205528203,14.41735205528203,14.41735205528203,3.6446234828296635,14.41735205528203,0.21530270509478752,0.8012862723949213,3
TRN-0740,28.0295,103.8628,36.1283,6.1492,19.0844,19.44,23.6415,48.6006,48.3109,Valid,19.25298551515107,-0.16858551515107223,0.16858551515107223,19.627280486204832,-0.1872804862048305,0.1872804862048305,23.737698415693853,-0.09619841569385201,0.09619841569385201,49.055981729442635,-0.4553817294426352,0.4553817294426352,0.4553817294426352,0.2268615366230975,0.4553817294426352,0.8150879053169051,1.065888669990053,1
TRN-0812,8.5155,86.0259,29.6979,10.0395,8.8374,11.0558,10.0591,57.7836,26.1854,Valid,8.924551371889821,-0.0871513718898207,0.0871513718898207,11.192859410712106,-0.1370594107121068,0.1370594107121068,10.177596828876037,-0.11849682887603663,0.11849682887603663,50.725594236697575,7.058005763302425,7.058005763302425,7.058005763302425,1.8501783436950974,7.058005763302425,0.3508552376071863,2.231523364313416,2
TRN-0079,21.2508,94.7546,38.0479,17.6921,15.5653,16.2966,18.7659,23.5672,38.6996,Valid,15.63080094550299,-0.0655009455029898,0.0655009455029898,16.67019940262916,-0.37359940262915714,0.37359940262915714,19.095918071580087,-0.33001807158008845,0.33001807158008845,49.58864239240654,-26.02144239240654,26.02144239240654,26.02144239240654,6.697640203029694,26.02144239240654,0.12990994299868844,0.43139810963104813,2
TRN-0008,16.3568,100.6456,27.8161,43.0531,13.7975,15.3252,16.3612,64.6641,40.05,Valid,13.889386088628914,-0.09188608862891456,0.09188608862891456,15.366618559916828,-0.041418559916827746,0.041418559916827746,16.49508500109326,-0.13388500109325818,0.13388500109325818,49.05418780800119,15.609912191998816,15.609912191998816,15.609912191998816,3.9692754604094542,15.609912191998816,0.20123658025542476,1.847208538617664,2
TRN-0865,9.9448,45.6114,22.4851,47.8265,7.713,8.1738,9.3757,51.8502,14.7227,Valid,7.818049582180839,-0.10504958218083882,0.10504958218083882,8.349812106425967,-0.17601210642596676,0.17601210642596676,9.632125196250218,-0.256425196250218,0.256425196250218,49.94762062613799,1.902579373862011,1.902579373862011,1.902579373862011,0.6100165646797586,1.902579373862011,0.6211116220403022,2.289489389172269,4
TRN-0909,10.9793,47.4117,37.106,33.0558,8.1981,9.362,10.0748,55.9068,16.3132,Valid,8.260143702973458,-0.06204370297345818,0.06204370297345818,9.202139588474484,0.159860411525516,0.159860411525516,10.328543068687715,-0.2537430686877151,0.2537430686877151,50.67235331420137,5.2344466857986305,5.2344466857986305,5.2344466857986305,1.42752346724633,5.2344466857986305,0.41194246461162065,2.2843048277423956,4
TRN-0693,16.6508,72.2498,37.118,36.5301,12.4433,13.3031,15.5018,77.6366,25.539,Valid,12.398871389413596,0.04442861058640446,0.04442861058640446,13.300979473880853,0.002120526119147925,0.002120526119147925,15.29080369308371,0.21099630691628946,0.21099630691628946,49.80655443445461,27.83004556554539,27.83004556554539,27.83004556554539,7.0218977522918085,27.83004556554539,0.12465878160991344,2.1934941410528035,4
TRN-0427,21.5946,80.6941,19.9261,48.8104,15.272,15.2728,18.9574,48.5895,25.4469,Valid,15.3631927575297,-0.09119275752969891,0.09119275752969891,15.281786073512487,-0.008986073512486925,0.008986073512486925,18.90997157295357,0.047428427046430244,0.047428427046430244,48.38755973474974,0.20194026525025777,0.20194026525025777,0.20194026525025777,0.08738688083471846,0.20194026525025777,0.9196358882244036,1.358626118774119,4
TRN-0595,8.7473,59.1484,29.0356,9.764,7.646,9.0648,9.2381,55.1136,15.0574,Valid,7.54809763757757,0.09790236242243022,0.09790236242243022,8.96898276615694,0.09581723384306073,0.09581723384306073,8.990191500707155,0.2479084992928442,0.2479084992928442,50.97955414526463,4.134045854735369,4.134045854735369,4.134045854735369,1.143918487573426,4.134045854735369,0.46643564379718583,2.3422705481471464,4
TRN-0086,8.299,38.1623,29.2119,41.8582,6.5322,7.5852,7.9413,57.9677,14.3793,Valid,6.554325102865661,-0.022125102865661717,0.022125102865661717,7.312944305502409,0.27225569449759135,0.27225569449759135,8.180286105756325,-0.23898610575632517,0.23898610575632517,50.54715800565439,7.420541994345612,7.420541994345612,7.420541994345612,1.9884772243662976,7.420541994345612,0.3346185782667454,2.5709253091853146,4
TRN-0338,23.8341,19.4216,36.1564,8.3279,12.4987,11.0045,16.7929,39.7972,17.556,Valid,12.600602807870635,-0.10190280787063521,0.10190280787063521,11.03127238919761,-0.02677238919761038,0.02677238919761038,16.884907659341074,-0.0920076593410748,0.0920076593410748,50.31164805214459,-10.514448052144594,10.514448052144594,10.514448052144594,2.6837827271384787,10.514448052144594,0.2714600925382993,1.4379572633629711,4
TRN-0745,16.5307,105.1387,45.288,58.565,14.3957,16.4442,17.1558,35.4316,18.6752,Invalid,14.42889980433728,-0.03319980433728098,0.03319980433728098,16.499555406475956,-0.05535540647595738,0.05535540647595738,17.284421161660703,-0.12862116166070336,0.12862116166070336,49.26056750246716,-13.828967502467158,13.828967502467158,13.828967502467158,3.511535968735275,13.828967502467158,0.22165400141547165,1.0085854349425503,2
TRN-0256,17.645,28.3906,40.9344,39.962,10.5166,10.0301,14.1336,18.6089,17.3983,Valid,10.50159715316297,0.015002846837029793,0.015002846837029793,10.074882656109628,-0.044782656109628505,0.044782656109628505,13.873008555608658,0.2605914443913413,0.2605914443913413,50.25085558693935,-31.641955586939353,31.641955586939353,31.641955586939353,7.990583133569338,31.641955586939353,0.11122749049126378,0.6439423793621376,4
TRN-0412,30.6871,101.6972,34.5462,27.1574,20.6696,20.5741,25.6762,43.8239,46.3496,Valid,20.65755511847665,0.012044881523348039,0.012044881523348039,20.49130313641536,0.08279686358464033,0.08279686358464033,25.673770854986124,0.002429145013877587,0.002429145013877587,48.317222556949,-4.493322556948996,4.493322556948996,4.493322556948996,1.1476483617677156,4.493322556948996,0.4656255734420631,0.8397686047368412,1
TRN-0073,25.9467,99.2373,38.3006,24.3131,18.2167,18.773,22.4057,42.8541,44.0862,Valid,18.214449473619865,0.0022505263801342323,0.0022505263801342323,18.739110894541454,0.03388910545854529,0.03388910545854529,22.474199128805218,-0.06849912880521813,0.06849912880521813,48.97264895246718,-6.1185489524671794,6.1185489524671794,6.1185489524671794,1.5557969282777693,6.1185489524671794,0.39126739254431014,0.9638146049361201,1
TRN-0836,11.3923,89.2344,39.1595,59.9745,10.9529,13.1016,13.2032,58.1531,32.8614,Valid,11.088955833224936,-0.13605583322493686,0.13605583322493686,13.189031049079135,-0.0874310490791359,0.0874310490791359,13.114801426686036,0.08839857331396495,0.08839857331396495,49.657927929372285,8.495172070627717,8.495172070627717,8.495172070627717,2.2017643815614387,8.495172070627717,0.3123277920632996,1.9788191781982007,2
TRN-0907,9.433,32.4186,50.2549,16.8465,11.9059,7.6211,8.2026,50.3169,20.0939,Invalid,6.51546197595418,5.390438024045821,5.390438024045821,7.67769431983609,-0.056594319836089646,0.056594319836089646,8.481037229416165,-0.27843722941616456,0.27843722941616456,51.796171004474175,-1.4792710044741781,1.4792710044741781,5.390438024045821,1.8011851444430633,5.390438024045821,0.3569917547163138,2.1882225656640255,4
TRN-0010,28.6079,69.1926,27.2581,40.2768,17.9159,16.5888,22.8275,53.0851,25.8781,Valid,18.008907827139893,-0.09300782713989264,0.09300782713989264,16.893080963800593,-0.30428096380059344,0.30428096380059344,22.84502332752513,-0.017523327525129417,0.017523327525129417,48.31598739549875,4.769112604501245,4.769112604501245,4.769112604501245,1.2959811807417152,4.769112604501245,0.43554363963773896,1.3221220507576075,3
TRN-0569,27.6118,92.0571,36.6811,42.2679,18.5669,18.6258,22.8757,40.0431,38.7324,Valid,18.82887491404079,-0.2619749140407883,0.2619749140407883,18.807163521798202,-0.18136352179820037,0.18136352179820037,23.469354652335497,-0.5936546523354984,0.5936546523354984,48.445369138773565,-8.402269138773562,8.402269138773562,8.402269138773562,2.3598155567370123,8.402269138773562,0.29763538596481187,0.8580908854263954,1
TRN-0528,8.5617,24.5077,44.9333,6.3482,5.669,6.6036,7.5,61.0969,14.2798,Valid,5.528226523982645,0.14077347601735468,0.14077347601735468,6.445230832722578,0.15836916727742256,0.15836916727742256,7.294274240564197,0.2057257594358033,0.2057257594358033,52.00677465601386,9.090125343986138,9.090125343986138,9.090125343986138,2.3987484366791794,9.090125343986138,0.29422595365047716,2.741595908669692,4
TRN-0983,29.4688,17.7436,33.5759,43.7144,15.3535,13.0609,20.5369,47.1622,20.0059,Valid,15.632112872460622,-0.27861287246062183,0.27861287246062183,13.05701010680051,0.003889893199490402,0.003889893199490402,20.996002714944673,-0.4591027149446738,0.4591027149446738,48.942738278898595,-1.7805382788985966,1.7805382788985966,1.7805382788985966,0.6305359398758457,1.7805382788985966,0.6132952825781585,1.4192089897011386,3
TRN-0760,31.1008,93.8091,38.0847,57.8627,20.76,20.5065,25.8765,55.4406,42.5878,Valid,20.789432335022237,-0.029432335022235634,0.029432335022235634,20.34044315552986,0.16605684447013758,0.16605684447013758,26.08687724935818,-0.21037724935818147,0.21037724935818147,47.8120709311133,7.6285290688867065,7.6285290688867065,7.6285290688867065,2.0085988744343153,7.6285290688867065,0.33238063355588493,1.1399269918889665,1
TRN-0547,8.4849,99.8539,44.2752,43.2362,9.9363,12.819,11.4051,50.535,40.8455,Valid,10.086431195730775,-0.1501311957307756,0.1501311957307756,13.105450119775599,-0.28645011977559776,0.28645011977559776,11.543672806002128,-0.13857280600212896,0.13857280600212896,50.35746678028345,0.177533219716544,0.177533219716544,0.28645011977559776,0.18817183530626158,0.28645011977559776,0.8416291064012987,1.9173972057999815,2
TRN-0376,17.5322,81.2201,46.1176,40.8133,13.0548,14.5056,15.8591,79.6941,32.7707,Valid,13.380960963682954,-0.32616096368295366,0.32616096368295366,14.69147466838407,-0.18587466838406996,0.18587466838406996,16.480270072768455,-0.6211700727684555,0.6211700727684555,49.84970438447595,29.844395615524057,29.844395615524057,29.844395615524057,7.744400330089884,29.844395615524057,0.11435889966736243,2.1651313371938317,4
TRN-0600,14.0661,84.1703,25.8325,46.2828,11.8873,13.3135,14.1282,36.08,26.6367,Valid,11.914190309136849,-0.02689030913684931,0.02689030913684931,13.14063791065669,0.17286208934330993,0.17286208934330993,14.223888112551345,-0.09568811255134513,0.09568811255134513,49.30231434581632,-13.222314345816322,13.222314345816322,13.222314345816322,3.3794387142119566,13.222314345816322,0.22833976343928394,1.2832785034791585,4
TRN-0029,21.3349,46.1014,34.2588,5.2606,12.5252,12.1878,16.1059,63.5447,18.5534,Valid,12.833012179535247,-0.3078121795352473,0.3078121795352473,12.34379187169059,-0.15599187169059014,0.15599187169059014,16.506989668421713,-0.4010896684217151,0.4010896684217151,50.25136311920842,13.293336880791578,13.293336880791578,13.293336880791578,3.5395576501097827,13.293336880791578,0.22028578048255787,1.9683828582444998,4
TRN-0039,15.0679,82.3924,27.7559,53.5868,10.1403,19.8333,15.3618,57.5077,27.3712,Invalid,12.386782642585615,-2.2464826425856153,2.2464826425856153,13.460139575236768,6.373160424763233,6.373160424763233,14.926189571514765,0.43561042848523535,0.43561042848523535,49.13631745923627,8.371382540763733,8.371382540763733,8.371382540763733,4.356659009149454,8.371382540763733,0.18668352760404341,1.8423163664586673,4
TRN-0033,20.2632,93.7754,33.5299,33.6812,15.3049,16.2077,18.5165,72.5603,37.2946,Valid,15.28501646915409,0.019883530845909547,0.019883530845909547,16.237482474238192,-0.02978247423819269,0.02978247423819269,18.609298496436068,-0.09279849643606752,0.09279849643606752,49.17846038496958,23.381839615030415,23.381839615030415,23.381839615030415,5.881076029137646,23.381839615030415,0.1453261082664309,1.868200066824679,2
TRN-0833,9.3932,15.4321,32.6449,7.6237,5.4199,5.5241,7.3907,47.3802,12.4673,Valid,5.425014838988168,-0.005114838988167669,0.005114838988167669,5.5803649524471135,-0.056264952447113714,0.056264952447113714,7.261660550374421,0.12903944962557912,0.12903944962557912,51.569837835281305,-4.189637835281303,4.189637835281303,4.189637835281303,1.095014269085541,4.189637835281303,0.4773237179126675,2.5540797876403754,4
TRN-0390,19.3037,86.3268,39.0552,48.9097,14.7924,15.7134,17.9805,22.1999,33.9185,Valid,14.600536788249855,0.19186321175014598,0.19186321175014598,15.580491995502387,0.13290800449761342,0.13290800449761342,17.92829456200824,0.05220543799175914,0.05220543799175914,49.205413171957986,-27.005513171957986,27.005513171957986,27.005513171957986,6.845622456549377,27.005513171957986,0.1274596127379567,0.4191763488905337,2
TRN-0044,29.26,109.6202,29.7864,22.7548,20.2331,20.4709,24.7869,35.2815,52.5159,Valid,20.35015156509093,-0.11705156509092873,0.11705156509092873,20.480114116916113,-0.009214116916112403,0.009214116916112403,25.01145530288148,-0.2245553028814804,0.2245553028814804,48.29175902644407,-13.010259026444068,13.010259026444068,13.010259026444068,3.3402700028331473,13.010259026444068,0.2304004127271441,0.5973220455910366,1
TRN-0452,19.0424,94.3785,41.6341,21.8384,14.7669,16.189,17.6107,47.4642,39.034,Valid,14.60246252331844,0.1644374766815595,0.1644374766815595,16.024732985868617,0.1642670141313829,0.1642670141313829,17.752651442583847,-0.14195144258384573,0.14195144258384573,49.82941636194542,-2.3652163619454214,2.3652163619454214,2.3652163619454214,0.7089680738355524,2.3652163619454214,0.5851484385870548,1.3619499735709903,2
TRN-0228,10.1831,25.6679,37.4147,15.7114,6.1981,6.7544,8.0825,60.7987,13.6425,Valid,6.472153796805258,-0.27405379680525765,0.27405379680525765,6.943703167078825,-0.18930316707882433,0.18930316707882433,8.465123096253508,-0.3826230962535089,0.3826230962535089,51.37520123434875,9.423498765651246,9.423498765651246,9.423498765651246,2.5673697064472094,9.423498765651246,0.28031857707170843,2.6688551690293028,4
TRN-0432,10.4138,55.6913,32.6882,40.139,10.7131,2.667,10.4162,58.3703,15.8323,Invalid,8.523081439206752,2.1900185607932485,2.1900185607932485,9.628163477759996,-6.961163477759996,6.961163477759996,10.431101642047834,-0.014901642047833619,0.014901642047833619,50.32276097258121,8.047539027418793,8.047539027418793,8.047539027418793,4.303405677004967,8.047539027418793,0.1885580815240854,2.711723395285483,4
TRN-0898,26.7175,47.5673,35.3142,45.1466,16.3394,14.9931,21.1996,33.4623,21.6868,Valid,15.975196277349998,0.36420372265000367,0.36420372265000367,14.703869023996289,0.2892309760037115,0.2892309760037115,20.72452568045191,0.47507431954808865,0.47507431954808865,48.89973015591129,-15.437430155911294,15.437430155911294,15.437430155911294,4.141484793528274,15.437430155911294,0.19449634495831378,0.8590880991840868,3
TRN-0204,24.7316,43.7365,37.4064,31.1994,14.6743,13.4906,19.0906,60.7113,20.4819,Valid,14.646821599665113,0.027478400334887354,0.027478400334887354,13.639957652091331,-0.14935765209133045,0.14935765209133045,19.047834958593548,0.04276504140645088,0.04276504140645088,49.50435810678381,11.20694189321619,11.20694189321619,11.20694189321619,2.8566357467622145,11.20694189321619,0.2592933493497633,1.7494519613614699,4
TRN-0121,19.018,17.826,43.742,43.2296,1.7456,10.1924,14.6032,35.4098,18.3173,Invalid,10.62102498346805,-8.87542498346805,8.87542498346805,9.771064119224521,0.42133588077547834,0.42133588077547834,14.328679780320803,0.2745202196791965,0.2745202196791965,50.26651306679552,-14.856713066795521,14.856713066795521,14.856713066795521,6.106998537679562,14.856713066795521,0.14070637480762735,2.173600314054453,4
TRN-0902,28.3028,73.1395,45.6515,57.1996,18.1078,17.6794,23.3092,41.0806,32.6957,Valid,18.305983397285882,-0.19818339728588086,0.19818339728588086,17.85555892509712,-0.17615892509711983,0.17615892509711983,23.329981338672724,-0.020781338672723138,0.020781338672723138,48.57340364440736,-7.49280364440736,7.49280364440736,7.49280364440736,1.971981826365771,7.49280364440736,0.33647581258019676,0.9343937493062282,3
TRN-0183,30.8671,51.742,18.0,17.4126,18.049,15.8019,23.282,26.729,21.0361,Valid,17.848111238553024,0.20088876144697565,0.20088876144697565,15.702259465230403,0.09964053476959656,0.09964053476959656,22.975215239494215,0.30678476050578496,0.30678476050578496,48.47823579165482,-21.74923579165482,21.74923579165482,21.74923579165482,5.589137462094294,21.74923579165482,0.15176493217097942,0.5211947159820057,3
TRN-0634,13.8956,58.478,45.3235,55.4579,10.3178,11.3468,12.8722,68.3149,19.5508,Valid,10.549606089001287,-0.23180608900128696,0.23180608900128696,11.60383675194745,-0.25703675194744946,0.25703675194744946,13.223239883954873,-0.35103988395487384,0.35103988395487384,50.07923055781035,18.235669442189646,18.235669442189646,18.235669442189646,4.768888041773314,18.235669442189646,0.17334363100113265,2.2555612573982704,4
TRN-0378,21.3745,17.0531,38.5025,54.46,11.9475,10.3384,16.2741,42.3971,17.8967,Valid,11.836891184385166,0.11060881561483349,0.11060881561483349,10.448610416461461,-0.11021041646146124,0.11021041646146124,15.938175826243189,0.33592417375681194,0.33592417375681194,49.62746473801416,-7.23036473801416,7.23036473801416,7.23036473801416,1.9467770359618166,7.23036473801416,0.3393538051220777,1.5839838215628665,4
TRN-0814,30.3615,58.1783,33.7793,29.3668,18.1696,16.7122,23.3428,41.7268,23.0081,Valid,18.12377078228803,0.045829217711968795,0.045829217711968795,16.68054586666657,0.03165413333342926,0.03165413333342926,23.342343338406486,0.00045666159351398505,0.00045666159351398505,48.744765304115,-7.017965304115002,7.017965304115002,7.017965304115002,1.7739763291884785,7.017965304115002,0.3604933428875178,1.0010701196501022,3
TRN-0396,30.3569,41.0262,28.9521,19.2467,16.9297,14.9258,22.1304,37.034,20.9096,Valid,17.048208255016206,-0.11850825501620577,0.11850825501620577,14.982765629661563,-0.056965629661561934,0.056965629661561934,22.274273479771818,-0.1438734797718162,0.1438734797718162,48.985529536502305,-11.951529536502306,11.951529536502306,11.951529536502306,3.0677192252379726,11.951529536502306,0.2458380101054043,0.9715761183758194,3
TRN-0663,31.9783,109.3958,31.4348,44.0483,21.8455,21.4674,27.2844,44.6375,54.3652,Valid,21.898918648973186,-0.05341864897318516,0.05341864897318516,21.63565533016834,-0.16825533016833916,0.16825533016833916,27.125401565432302,0.15899843456769958,0.15899843456769958,47.633435827573436,-2.995935827573433,2.995935827573433,2.995935827573433,0.8441520603206643,2.995935827573433,0.5422546337237062,0.8042741240409584,1
TRN-0193,8.8136,104.1247,23.7841,53.9583,10.6197,13.0278,11.8825,66.9895,39.5565,Valid,10.578731462095242,0.040968537904758406,0.040968537904758406,13.017244601802373,0.010555398197626076,0.010555398197626076,11.897364054858993,-0.014864054858993114,0.014864054858993114,49.325085159243514,17.664414840756493,17.664414840756493,17.664414840756493,4.432700707929468,17.664414840756493,0.18407051184329348,2.1993777966619827,2
TRN-0163,26.8467,50.4581,37.9266,8.6355,15.6853,14.5305,20.1717,54.5794,20.7763,Valid,15.768235532355611,-0.08293553235561113,0.08293553235561113,14.765753550356722,-0.23525355035672213,0.23525355035672213,20.39701125586408,-0.22531125586407796,0.22531125586407796,49.75350300246583,4.825896997534173,4.825896997534173,4.825896997534173,1.342349334027646,4.825896997534173,0.4269218025991495,1.5261529010943826,3
TRN-0951,16.8647,40.1412,23.5961,19.1775,10.2588,9.7996,13.1537,53.8028,15.8285,Valid,10.505023559859882,-0.24622355985988165,0.24622355985988165,10.069742704857202,-0.2701427048572018,0.2701427048572018,13.408336862190277,-0.25463686219027615,0.25463686219027615,50.044310124682085,3.7584898753179132,3.7584898753179132,3.7584898753179132,1.1323732505563182,3.7584898753179132,0.46896105066929933,2.0227882706119202,4
TRN-0453,31.6677,82.2572,33.8737,25.2574,20.0473,19.1506,25.5127,65.8802,33.1281,Valid,20.03239223739377,0.0149077626062315,0.0149077626062315,19.143239981109566,0.007360018890434361,0.007360018890434361,25.313104511549515,0.19959548845048403,0.19959548845048403,48.45717840008833,17.42302159991167,17.42302159991167,17.42302159991167,4.411221217464705,17.42302159991167,0.18480116776089325,1.4313285679148706,3
TRN-0247,30.139,68.3414,19.0017,23.2784,18.2733,16.743,23.1979,36.1587,22.9371,Valid,18.485259368346107,-0.21195936834610762,0.21195936834610762,16.941014725954055,-0.19801472595405656,0.19801472595405656,23.427090549326632,-0.2291905493266313,0.2291905493266313,48.27013473254158,-12.111434732541575,12.111434732541575,12.111434732541575,3.1876498440420926,12.111434732541575,0.23879742510533275,0.8229350489663669,3
TRN-0892,20.9863,19.4037,37.8768,46.298,11.6783,10.6496,15.2556,31.9236,17.6804,Valid,11.682529708550964,-0.004229708550964162,0.004229708550964162,10.42410477101533,0.2254952289846699,0.2254952289846699,15.664000251322141,-0.4084002513221421,0.4084002513221421,49.795517077194276,-17.871917077194276,17.871917077194276,17.871917077194276,4.627510566513013,17.871917077194276,0.17769846687638158,1.2242771030429391,4
TRN-0841,29.8949,91.0083,27.9446,15.6917,19.3979,18.9882,24.2031,42.8908,35.6834,Valid,19.54176388987839,-0.14386388987838927,0.14386388987838927,19.001265786859193,-0.013065786859193906,0.013065786859193906,24.37072242849806,-0.16762242849805986,0.16762242849805986,48.52720518871696,-5.636405188716964,5.636405188716964,5.636405188716964,1.4902393234881517,5.636405188716964,0.40156782947241815,0.9064312072691668,1
TRN-0233,15.3672,38.6916,36.452,59.6472,6.9692,3.8644,12.7546,41.3043,17.8643,Invalid,10.202082017272444,-3.232882017272444,3.232882017272444,10.185771919600013,-6.321371919600013,6.321371919600013,13.164884984226967,-0.41028498422696735,0.41028498422696735,49.755854895731,-8.451554895731,8.451554895731,8.451554895731,4.604023454207606,8.451554895731,0.17844322176224675,2.307809187311823,4
TRN-0896,16.8148,26.4401,32.9144,53.3421,10.6575,9.7959,13.985,46.5964,16.8823,Valid,10.142114995617693,0.515385004382308,0.515385004382308,9.479840091812493,0.3160599081875066,0.3160599081875066,13.357495577244514,0.6275044227554858,0.6275044227554858,49.77143773102845,-3.1750377310284463,3.1750377310284463,3.1750377310284463,1.1584967665884367,3.1750377310284463,0.46328538243794887,1.816527310968961,4
TRN-0572,9.7781,45.8148,36.6675,50.8468,7.8509,8.7594,9.9697,30.3101,16.5207,Valid,7.804568391543425,0.046331608456575246,0.046331608456575246,8.789081960830421,-0.029681960830421517,0.029681960830421517,9.749859520159692,0.21984047984030752,0.21984047984030752,50.39191368114323,-20.08181368114323,20.08181368114323,20.08181368114323,5.094416932567634,20.08181368114323,0.1640846058063656,1.5791277715259622,4
TRN-0377,25.8767,71.6325,26.5204,14.8354,16.5446,15.9533,20.6098,49.2504,24.5441,Valid,16.528394508048137,0.016205491951861717,0.016205491951861717,15.914794876950497,0.03850512304950371,0.03850512304950371,20.776293597502235,-0.16649359750223525,0.16649359750223525,49.07485441872065,0.17554558127935138,0.17554558127935138,0.17554558127935138,0.09918744844573801,0.17554558127935138,0.9097629357158417,1.3011998850311268,3
TRN-0402,20.3494,47.6153,20.0764,38.3104,14.6877,18.0815,16.1271,60.5635,17.3125,Invalid,12.81444967450388,1.8732503254961195,1.8732503254961195,11.959684948709254,6.121815051290744,6.121815051290744,16.303804018901197,-0.1767040189011979,0.1767040189011979,49.09829403135876,11.465205968641236,11.465205968641236,11.465205968641236,4.909243841082324,11.465205968641236,0.1692263895166733,1.6764431594272382,4
TRN-0692,21.0089,88.0631,36.4225,28.2623,24.9495,16.0915,18.8807,56.9598,33.5906,Invalid,15.268016696261812,9.681483303738188,9.681483303738188,16.05700193691645,0.03449806308355008,0.03449806308355008,18.758973222473,0.12172677752700167,0.12172677752700167,49.39337273439877,7.566427265601234,7.566427265601234,9.681483303738188,4.351033852487493,9.681483303738188,0.186879774557049,1.3986229134215722,2
TRN-0524,26.783,33.5773,29.6182,6.2275,14.7745,13.1842,19.3179,34.1612,18.9352,Valid,14.765717890775223,0.008782109224776846,0.008782109224776846,13.024980252249568,0.15921974775043246,0.15921974775043246,19.38636639545691,-0.06846639545690891,0.06846639545690891,49.70441477164512,-15.543214771645118,15.543214771645118,15.543214771645118,3.944920756019309,15.543214771645118,0.2022277098743653,1.0303318457365764,3
TRN-0686,17.2166,40.7619,36.5746,56.3485,10.9047,10.5972,13.8475,47.2079,17.7028,Valid,11.16654189871233,-0.2618418987123299,0.2618418987123299,10.976764035829225,-0.37956403582922427,0.37956403582922427,14.416068583846307,-0.5685685838463073,0.5685685838463073,49.641027985829986,-2.4331279858299837,2.4331279858299837,2.4331279858299837,0.9107756260544613,2.4331279858299837,0.5233476847644789,1.7738313758655502,4
TRN-0479,19.153,39.1288,27.4245,59.066,14.4508,18.5147,15.8739,49.9218,18.1799,Invalid,12.026756858090682,2.4240431419093174,2.4240431419093174,11.238222402194552,7.2764775978054494,7.2764775978054494,15.527897932842858,0.34600206715714243,0.34600206715714243,49.100305901795394,0.8214940982046031,0.8214940982046031,7.2764775978054494,2.717004226269128,7.2764775978054494,0.2690338614448472,1.43663647803531,4
TRN-0731,13.9035,89.1543,36.5661,28.288,11.6396,13.7202,13.5417,53.827,31.8838,Valid,11.912989905780563,-0.2733899057805633,0.2733899057805633,13.697180607581611,0.023019392418389018,0.023019392418389018,14.202720358437311,-0.6610203584373107,0.6610203584373107,50.03670501562861,3.7902949843713856,3.7902949843713856,3.7902949843713856,1.1869311602519121,3.7902949843713856,0.45726176396188445,1.8198237565263078,2
TRN-0099,20.2736,98.1302,26.7456,46.5455,15.4839,16.3896,19.0144,42.5996,38.4013,Valid,15.673310076574772,-0.18941007657477194,0.18941007657477194,16.503272498340685,-0.1136724983406836,0.1136724983406836,18.95674711573648,0.057652884263518445,0.057652884263518445,48.608227692504784,-6.008627692504781,6.008627692504781,6.008627692504781,1.5923407879209388,6.008627692504781,0.385751751721656,1.160184555075468,2
TRN-0817,10.3326,92.2829,31.1727,49.2921,10.5226,12.7387,12.1273,45.9361,32.0033,Valid,10.610261928636318,-0.08766192863631694,0.08766192863631694,12.734427322953755,0.004272677046245121,0.004272677046245121,12.311846031573944,-0.18454603157394445,0.18454603157394445,49.6770758793791,-3.7409758793791,3.7409758793791,3.7409758793791,1.0043641291589016,3.7409758793791,0.49891134322965236,1.7418315754836717,2
TRN-0277,27.884,80.7621,35.9598,51.4908,18.1225,17.7811,22.8208,31.7943,32.0756,Valid,18.444410722836007,-0.32191072283600874,0.32191072283600874,17.99859110299642,-0.21749110299642282,0.21749110299642282,23.228165745781588,-0.4073657457815898,0.4073657457815898,48.31454750668718,-16.520247506687177,16.520247506687177,16.520247506687177,4.3667537695753,16.520247506687177,0.18633237948592069,0.6192397287014823,3
TRN-0493,20.1257,27.8475,37.8216,40.1598,11.5988,10.7917,15.3087,48.7406,18.2107,Valid,11.662184277204151,-0.06338427720415041,0.06338427720415041,10.788758874659614,0.0029411253403868187,0.0029411253403868187,15.422865205253128,-0.11416520525312812,0.11416520525312812,49.91594060009519,-1.1753406000951898,1.1753406000951898,1.1753406000951898,0.3389578019732138,1.1753406000951898,0.7468495261959012,1.7560837687806918,4
TRN-0726,20.0636,36.2696,21.0752,16.9709,11.9,10.664,15.1836,52.3788,16.4284,Valid,11.799482112692425,0.10051788730757494,0.10051788730757494,10.747992198706255,-0.0839921987062553,0.0839921987062553,15.228697258491161,-0.045097258491161085,0.045097258491161085,49.75363991128185,2.6251600887181468,2.6251600887181468,2.6251600887181468,0.7136918583057845,2.6251600887181468,0.5835354793531171,1.8513901137113593,4
TRN-0330,26.031,19.3516,38.3725,38.5153,13.8593,12.1453,18.3326,50.1899,19.5005,Valid,14.013328116687994,-0.15402811668799465,0.15402811668799465,12.113692159616846,0.03160784038315434,0.03160784038315434,18.817187676197754,-0.484587676197755,0.484587676197755,49.52314745661287,0.6667525433871333,0.6667525433871333,0.6667525433871333,0.3342440441640093,0.6667525433871333,0.7494880748195994,1.60989108524811,3
TRN-0117,23.1148,32.8453,34.0878,15.1929,13.1449,11.8919,17.2516,51.8169,18.1669,Valid,13.07424656563564,0.07065343436435967,0.07065343436435967,11.913891558407698,-0.02199155840769862,0.02199155840769862,17.16560197983079,0.08599802016921032,0.08599802016921032,50.007465165496114,1.8094348345038824,1.8094348345038824,1.8094348345038824,0.49701946186128776,1.8094348345038824,0.6679939877045226,1.6970344084618365,4
TRN-0840,8.9498,57.5485,34.0731,6.2441,7.4276,8.9841,9.0359,49.734,15.7433,Valid,7.5224390716144,-0.09483907161440008,0.09483907161440008,9.03443147501863,-0.050331475018630556,0.050331475018630556,9.045853045700857,-0.009953045700857643,0.009953045700857643,51.23288846815918,-1.4988884681591799,1.4988884681591799,1.4988884681591799,0.41350301512326704,1.4988884681591799,0.707462233402306,2.250889977925462,4
TRN-0640,11.8036,103.8967,40.1589,32.5814,14.9657,18.8878,13.5683,61.162,44.2449,Invalid,11.773140848984891,3.192559151015109,3.192559151015109,14.373471587005278,4.51432841299472,4.51432841299472,13.67797987553457,-0.10967987553456915,0.10967987553456915,50.10007719731234,11.061922802687661,11.061922802687661,11.061922802687661,4.719622560558015,11.061922802687661,0.17483671158581457,1.7532516809131082,2
TRN-0576,9.2718,33.9917,26.1932,21.3669,6.3612,6.8259,8.2625,60.8207,12.9188,Valid,6.544956499549709,-0.18375649954970896,0.18375649954970896,7.023965442319326,-0.19806544231932577,0.19806544231932577,8.242162057636163,0.020337942363836348,0.020337942363836348,50.849451571403,9.971248428597,9.971248428597,9.971248428597,2.593352078207468,9.971248428597,0.2782916837080008,2.647831527133594,4
TRN-0815,19.7839,44.4744,35.2429,41.0408,12.316,11.8512,16.0196,42.8264,18.7609,Valid,12.422572711352563,-0.10657271135256252,0.10657271135256252,12.006303435353638,-0.15510343535363802,0.15510343535363802,16.004709799593986,0.014890200406014742,0.014890200406014742,49.65642815088335,-6.830028150883351,6.830028150883351,6.830028150883351,1.7766486244988915,6.830028150883351,0.36014639777493357,1.4925426353675628,4
TRN-0048,14.4827,83.324,29.2952,44.22,12.0149,13.4732,14.4046,38.866,27.2094,Valid,12.048123617020362,-0.03322361702036147,0.03322361702036147,13.306109215975942,0.16709078402405808,0.16709078402405808,14.460429032830751,-0.05582903283075069,0.05582903283075069,49.440421802664574,-10.574421802664574,10.574421802664574,10.574421802664574,2.707641309134936,10.574421802664574,0.269713253419684,1.363714046212522,4
TRN-0783,21.1949,108.7053,26.2056,47.5161,16.633,17.8845,20.0756,,48.7174,Valid,16.710719997913355,-0.0777199979133556,0.0777199979133556,17.710156561947933,0.1743434380520661,0.1743434380520661,20.085516546236864,-0.009916546236862445,0.009916546236862445,48.36845674684118,,,0.1743434380520661,0.08732666073409472,0.1743434380520661,0.9196868210008413,0.18917764927565073,2
TRN-0632,31.9735,69.2267,37.9105,34.68,19.336,18.1544,24.6004,45.4908,29.468,Valid,19.577239734391128,-0.24123973439112945,0.24123973439112945,18.353012002920963,-0.1986120029209637,0.1986120029209637,25.067532897172136,-0.46713289717213513,0.46713289717213513,48.50478109589268,-3.0139810958926816,3.0139810958926816,3.0139810958926816,0.9802414325942275,3.0139810958926816,0.5049889288953741,1.0163964780607546,3
TRN-0766,23.4755,92.6999,25.5168,7.1791,16.4879,16.7331,19.9848,48.9082,34.1003,Valid,16.445004892111903,0.04289510788809636,0.04289510788809636,16.774442972297614,-0.0413429722976133,0.0413429722976133,20.122233761682416,-0.1374337616824164,0.1374337616824164,49.199248512400665,-0.2910485124006641,0.2910485124006641,0.2910485124006641,0.12818008856719754,0.2910485124006641,0.8863833089538145,1.2699644436749342,2
TRN-0241,17.2696,76.3134,34.1474,6.8534,12.628,13.5151,15.3496,45.6354,25.6781,Valid,12.565189804589037,0.06281019541096278,0.06281019541096278,13.511358800975342,0.0037411990246578597,0.0037411990246578597,15.38245727487602,-0.03285727487601875,0.03285727487601875,50.255995861330675,-4.620595861330678,4.620595861330678,4.620595861330678,1.1800011326605793,4.620595861330678,0.45871535799596186,1.5153496906969437,4
TRN-0810,23.8527,97.2547,35.4709,33.6235,17.4008,17.9167,21.4636,64.1445,41.3538,Valid,17.20466586241686,0.19613413758314024,0.19613413758314024,17.835655178455795,0.08104482154420367,0.08104482154420367,21.13288338170046,0.33071661829954024,0.33071661829954024,48.88128962839804,15.263210371601957,15.263210371601957,15.263210371601957,3.9677764872572103,15.263210371601957,0.20129730123025646,1.5461964890158941,2
TRN-0301,31.3955,107.7199,28.1927,21.7747,19.3311,28.0601,26.6706,41.9273,51.0155,Invalid,21.25803141698943,-1.9269314169894294,1.9269314169894294,20.99801695769471,7.062083042305289,7.062083042305289,26.269378170200348,0.4012218297996526,0.4012218297996526,48.08252925771175,-6.155229257711746,6.155229257711746,7.062083042305289,3.8863663867015292,7.062083042305289,0.20465104760084016,0.7792522644792436,1
TRN-0984,28.7539,86.5251,31.709,38.5884,19.0654,18.6212,23.9913,43.3456,34.1487,Valid,19.022075187012344,0.043324812987656,0.043324812987656,18.54222108277453,0.07897891722547001,0.07897891722547001,23.820187045253718,0.17111295474628108,0.17111295474628108,48.307567732237764,-4.961967732237767,4.961967732237767,4.961967732237767,1.3138461042992935,4.961967732237767,0.43218086031820685,0.9416707911388247,1
TRN-0054,30.4531,88.0644,32.0545,34.9604,19.8072,19.2231,24.8046,80.5923,35.5919,Valid,19.881427505599827,-0.0742275055998256,0.0742275055998256,19.240538638191367,-0.017438638191368483,0.017438638191368483,24.94504332309557,-0.14044332309557106,0.14044332309557106,48.22736066271524,32.36493933728475,32.36493933728475,32.36493933728475,8.14926220104288,32.36493933728475,0.10929843063039715,1.6996572114789423,1
TRN-0866,10.0427,38.7344,30.3281,48.4402,0.0,7.9897,9.259,30.3878,14.4958,Invalid,7.503628162040357,-7.503628162040357,7.503628162040357,8.056408988593882,-0.06670898859388164,0.06670898859388164,9.458966860140102,-0.19996686014010123,0.19996686014010123,50.275243666246496,-19.887443666246497,19.887443666246497,19.887443666246497,6.914436919255209,19.887443666246497,0.12635137663010212,2.5516378813406684,4
TRN-0180,16.0409,26.3495,35.8273,56.5978,9.5647,9.0462,12.8008,33.9355,16.4986,Valid,9.807663674038373,-0.24296367403837316,0.24296367403837316,9.325532858614466,-0.279332858614465,0.279332858614465,12.937238633788319,-0.1364386337883179,0.1364386337883179,49.87374046638668,-15.93824046638668,15.93824046638668,15.93824046638668,4.149243908206959,15.93824046638668,0.19420326902871735,1.5235104038058838,4
TRN-0832,26.5757,84.5292,46.3478,32.8302,17.8573,17.963,22.2743,74.1483,37.7818,Valid,17.81690182992799,0.04039817007200952,0.04039817007200952,18.03892769973251,-0.07592769973251023,0.07592769973251023,22.38854768679893,-0.1142476867989295,0.1142476867989295,49.16965467857223,24.978645321427777,24.978645321427777,24.978645321427777,6.302304719507807,24.978645321427777,0.1369430663895114,1.7026542210873412,3
TRN-0979,9.6624,74.2431,42.9247,42.6739,9.1369,11.4155,10.8367,67.7177,25.671,Valid,9.230177305179598,-0.09327730517959765,0.09327730517959765,11.291623576777047,0.12387642322295278,0.12387642322295278,11.019882000674809,-0.18318200067480817,0.18318200067480817,50.493206381948795,17.2244936180512,17.2244936180512,17.2244936180512,4.406207336782139,17.2244936180512,0.1849725579698569,2.364349423309229,4
TRN-0070,27.0056,63.4253,35.9462,35.4084,16.9847,16.1667,21.572,53.3195,27.8043,Valid,16.874677006746445,0.1100229932535548,0.1100229932535548,16.086109843664936,0.08059015633506306,0.08059015633506306,21.545154730142144,0.02684526985785496,0.02684526985785496,48.93783552871303,4.3816644712869675,4.3816644712869675,4.3816644712869675,1.14978072268336,4.3816644712869675,0.465163720861632,1.3754827478778344,3
TRN-0169,15.1614,82.0274,25.1007,7.2104,11.8337,13.0679,14.1548,62.8403,24.6253,Valid,11.858825697212346,-0.0251256972123457,0.0251256972123457,12.98063749415726,0.0872625058427392,0.0872625058427392,14.194680182968549,-0.039880182968548894,0.039880182968548894,50.06146506450163,12.778834935498367,12.778834935498367,12.778834935498367,3.2327758303805,12.778834935498367,0.23625158526529058,2.002285843492147,4
TRN-0599,19.5873,19.6865,35.3793,12.1957,10.6163,9.7921,14.0789,51.5171,16.4383,Valid,10.618383901760433,-0.002083901760432383,0.002083901760432383,9.593248760557683,0.19885123944231609,0.19885123944231609,14.194109015319194,-0.11520901531919314,0.11520901531919314,50.585104253912846,0.9319957460871535,0.9319957460871535,0.9319957460871535,0.3120349756522738,0.9319957460871535,0.7621748036883341,1.9405974854321475,4
TRN-0998,21.6903,73.4161,34.7918,25.7828,14.9436,15.1886,18.7858,31.6359,26.9214,Valid,14.755415769978974,0.1881842300210259,0.1881842300210259,14.976530530474914,0.2120694695250851,0.2120694695250851,18.41988929376933,0.3659107062306681,0.3659107062306681,49.487739557159394,-17.851839557159394,17.851839557159394,17.851839557159394,4.654500990734043,17.851839557159394,0.17685026523802666,0.8288756577269839,4
TRN-0016,19.1531,67.5403,44.1923,16.6557,12.8284,13.5424,15.9988,42.3271,27.0879,Valid,13.116329637987082,-0.28792963798708193,0.28792963798708193,13.823486413536815,-0.28108641353681385,0.28108641353681385,16.448018770774503,-0.4492187707745039,0.4492187707745039,50.31533251605671,-7.988232516056712,7.988232516056712,7.988232516056712,2.251616834588778,7.988232516056712,0.30753931070924195,1.3931445295297078,4
TRN-0314,17.1067,61.6249,24.8072,10.2851,11.5329,11.9072,14.219,51.8342,17.309,Valid,11.703712631136153,-0.17081263113615286,0.17081263113615286,11.939121242719485,-0.03192124271948593,0.03192124271948593,14.496896951431772,-0.2778969514317726,0.2778969514317726,50.0271161169622,1.807083883037805,1.807083883037805,1.807083883037805,0.5719286770813041,1.807083883037805,0.6361611786717709,1.8013094605699151,4
TRN-0628,17.3905,47.9269,26.7059,58.6967,11.6212,11.3781,15.0085,44.1,17.744,Valid,11.659781665468476,-0.038581665468475634,0.038581665468475634,11.349054436326808,0.029045563673191666,0.029045563673191666,14.803372734662089,0.2051272653379108,0.2051272653379108,49.148937818228376,-5.048937818228374,5.048937818228374,5.048937818228374,1.3304230781769881,5.048937818228374,0.4291066327674143,1.5940938161325402,4
TRN-0586,9.8497,48.8292,49.9941,41.9037,8.1285,9.5477,10.1542,69.9002,21.5495,Valid,7.917991466895522,0.2105085331044787,0.2105085331044787,9.419754505801434,0.12794549419856693,0.12794549419856693,9.959185661634413,0.19501433836558668,0.19501433836558668,51.01764686408643,18.882553135913568,18.882553135913568,18.882553135913568,4.85400537539555,18.882553135913568,0.17082321177958107,2.52824293384347,4
TRN-0145,29.3082,105.8771,43.4125,9.8873,19.8704,20.2378,24.6602,46.3785,52.9031,Valid,20.03324684387352,-0.16284684387352044,0.16284684387352044,20.505420827475774,-0.2676208274757741,0.2676208274757741,24.812982589822944,-0.15278258982294446,0.15278258982294446,49.090216421437695,-2.7117164214376928,2.7117164214376928,2.7117164214376928,0.8237416706524829,2.7117164214376928,0.5483232719260225,0.953983978326349,1
TRN-0370,27.8564,48.3216,33.5844,18.1832,16.3613,14.9818,20.9924,31.3304,21.3731,Valid,16.24270470788951,0.11859529211049136,0.11859529211049136,14.876196895256365,0.10560310474363455,0.10560310474363455,21.04867941797667,-0.056279417976668356,0.056279417976668356,49.321245150330846,-17.990845150330845,17.990845150330845,17.990845150330845,4.567830741290409,17.990845150330845,0.17960316081164465,0.7816131630147227,3
TRN-0122,31.8857,49.6381,38.1437,28.7934,18.1299,16.4775,23.5738,47.1112,23.0595,Valid,18.384320296932003,-0.25442029693200396,0.25442029693200396,16.617814827968736,-0.14031482796873718,0.14031482796873718,23.952872513101003,-0.3790725131010042,0.3790725131010042,48.863927925126646,-1.7527279251266492,1.7527279251266492,1.7527279251266492,0.6316338907820986,1.7527279251266492,0.6128825869881052,1.1637568661149842,3
TRN-0374,23.1221,109.7203,46.3794,39.7795,17.8087,19.0765,21.4412,50.6761,57.1092,Valid,17.629591197157286,0.17910880284271613,0.17910880284271613,19.04232650025829,0.03417349974170847,0.03417349974170847,21.500925124261908,-0.05972512426190946,0.05972512426190946,49.059750445202454,1.6163495547975444,1.6163495547975444,1.6163495547975444,0.4723392454109696,1.6163495547975444,0.6791912958354058,1.2061150134666585,2
TRN-0878,13.9113,105.5919,33.6955,36.2678,10.5031,20.7532,15.6068,41.2921,45.3496,Invalid,12.914632593298677,-2.411532593298677,2.411532593298677,15.070821215396494,5.682378784603506,5.682378784603506,15.11241392119493,0.4943860788050696,0.4943860788050696,49.58040577724906,-8.288305777249064,8.288305777249064,8.288305777249064,4.219150808489079,8.288305777249064,0.19160205111787057,1.3970355023705905,2
TRN-0847,10.5879,24.4649,37.1274,49.8712,6.8628,7.1306,8.9615,28.1238,14.8242,Valid,7.00438071095965,-0.14158071095964964,0.14158071095964964,7.264032776060758,-0.13343277606075787,0.13343277606075787,9.212309815081376,-0.2508098150813769,0.2508098150813769,50.58764858718831,-22.463848587188313,22.463848587188313,22.463848587188313,5.747417972322524,22.463848587188313,0.14820483985161967,1.6649588458916567,4
TRN-0540,31.2972,94.3311,29.0551,52.1742,20.9992,20.3502,26.3378,36.4869,39.5278,Valid,20.832791179872416,0.1664088201275824,0.1664088201275824,20.11512014335473,0.23507985664527098,0.23507985664527098,26.042329263761975,0.2954707362380269,0.2954707362380269,47.596905143225904,-11.110005143225905,11.110005143225905,11.110005143225905,2.9517411390591963,11.110005143225905,0.2530530125356524,0.6196048270712865,1
TRN-0808,9.5961,62.7447,45.4544,7.0814,,10.0403,9.9205,53.4667,23.8244,Invalid,8.14567486163794,,,10.070205276206156,-0.029905276206156017,0.029905276206156017,9.869509847614822,0.05099015238517879,0.05099015238517879,51.49823755530265,1.9684624446973515,1.9684624446973515,1.9684624446973515,0.6831192910962288,1.9684624446973515,0.5941349524600197,1.779150136195511,4
TRN-0886,9.5103,41.0171,26.1524,39.0628,7.2008,7.5552,8.7786,40.1126,14.0527,Valid,7.256884275001468,-0.056084275001468065,0.056084275001468065,7.852288694645939,-0.29708869464593857,0.29708869464593857,9.02643838156979,-0.24783838156978888,0.24783838156978888,50.35943020627097,-10.246830206270971,10.246830206270971,10.246830206270971,2.7119603893720416,10.246830206270971,0.2693994264764155,2.068388197194411,4
TRN-0510,27.9197,27.1864,27.2906,49.5003,15.25,13.1347,20.14,44.8598,19.6898,Valid,15.468468421126648,-0.21846842112664788,0.21846842112664788,13.170735811786843,-0.03603581178684223,0.03603581178684223,20.474628470488923,-0.33462847048892286,0.33462847048892286,48.633631859611526,-3.7738318596115263,3.7738318596115263,3.7738318596115263,1.0907411407534848,3.7738318596115263,0.4782992884712685,1.3589015912055677,3
TRN-0418,11.9313,52.7544,42.8991,27.5887,8.9263,9.9342,11.1392,55.1761,17.4674,Valid,8.95603422067726,-0.029734220677260836,0.029734220677260836,10.123405871117333,-0.18920587111733234,0.18920587111733234,11.190866129527137,-0.05166612952713656,0.05166612952713656,50.85100337468616,4.32509662531384,4.32509662531384,4.32509662531384,1.1489257116588925,4.32509662531384,0.46534879943710866,2.1719680134648507,4
TRN-0850,13.3815,37.7292,31.756,45.366,9.0567,9.3006,11.7747,78.4565,16.029,Valid,9.01877769307814,0.037922306921858606,0.037922306921858606,9.145213282236426,0.15538671776357305,0.15538671776357305,11.544260991617112,0.23043900838288778,0.23043900838288778,50.09833754364604,28.358162456353966,28.358162456353966,28.358162456353966,7.195477622355572,28.358162456353966,0.12201851387797172,2.556431829730835,4
TRN-0532,26.879,60.1489,22.0906,13.677,16.0546,14.7739,20.373,64.638,20.069,Valid,16.35644620369707,-0.30184620369707105,0.30184620369707105,15.13540376746105,-0.3615037674610502,0.3615037674610502,20.789627741862073,-0.4166277418620723,0.4166277418620723,48.978022677774504,15.659977322225501,15.659977322225501,15.659977322225501,4.184988758811423,15.659977322225501,0.19286444899240904,1.721833494849859,3
TRN-0361,27.8914,24.7733,29.776,10.3938,14.7921,12.5916,19.7028,52.313,18.6118,Valid,14.862099822757276,-0.06999982275727668,0.06999982275727668,12.701909703477869,-0.11030970347786884,0.11030970347786884,19.740212233592594,-0.037412233592593935,0.037412233592593935,49.61231218035579,2.700687819644216,2.700687819644216,2.700687819644216,0.7296023948679888,2.700687819644216,0.578167562075054,1.598454077352873,3
TRN-0161,16.1451,82.5904,26.857,31.5841,12.7468,13.7874,15.18,73.8668,26.1738,Valid,12.653805553451207,0.09299444654879352,0.09299444654879352,13.632867687823756,0.15453231217624364,0.15453231217624364,15.272128962336888,-0.09212896233688816,0.09212896233688816,49.48928143012869,24.377518569871306,24.377518569871306,24.377518569871306,6.179293572733307,24.377518569871306,0.13928947045680973,2.1152258190443693,4
TRN-0110,24.5955,66.6176,38.2375,53.1687,16.1615,15.8666,20.7128,41.1122,27.8569,Valid,16.1057476022607,0.055752397739301074,0.055752397739301074,15.748436459494846,0.11816354050515443,0.11816354050515443,20.44972690339815,0.2630730966018504,0.2630730966018504,48.81251891778446,-7.7003189177844575,7.7003189177844575,7.7003189177844575,2.034326988157691,7.7003189177844575,0.32956237211835754,1.0759618697893325,4
TRN-0175,12.5344,101.6442,32.2129,53.5995,12.1063,14.2966,14.2216,,40.8855,Valid,12.237937262421624,-0.13163726242162532,0.13163726242162532,14.360207407656915,-0.06360740765691553,0.06360740765691553,14.284047057876755,-0.06244705787675464,0.06244705787675464,49.3151069791317,,,0.13163726242162532,0.08589724265176517,0.13163726242162532,0.9208974484160178,0.1617471020587808,2
TRN-0616,20.4904,26.5967,26.2294,14.7813,11.3379,9.9378,14.7259,55.1477,16.6078,Valid,11.45191275781114,-0.11401275781114073,0.11401275781114073,10.221125538720447,-0.2833255387204474,0.2833255387204474,15.05446996187147,-0.32856996187147125,0.32856996187147125,50.04900028975711,5.09869971024289,5.09869971024289,5.09869971024289,1.4561519921614874,5.09869971024289,0.4071409274309486,1.9839924238617639,4
TRN-0119,15.6102,75.703,26.1544,13.7047,11.7033,12.5963,13.9901,50.7214,22.7052,Valid,11.803804295165023,-0.10050429516502213,0.10050429516502213,12.688393587390292,-0.09209358739029305,0.09209358739029305,14.29054231248567,-0.30044231248566966,0.30044231248566966,49.982897875943394,0.738502124056609,0.738502124056609,0.738502124056609,0.30788557977439845,0.738502124056609,0.7645928783559899,1.7534030010176256,4
TRN-0635,28.8943,84.908,34.2153,18.1794,18.634,18.1477,23.4368,56.8268,33.4142,Valid,18.76214484503605,-0.12814484503605073,0.12814484503605073,18.35955477243582,-0.21185477243582085,0.21185477243582085,23.53426934158125,-0.09746934158124887,0.09746934158124887,48.85045279956517,7.97634720043483,7.97634720043483,7.97634720043483,2.1034540398719876,7.97634720043483,0.3222216237625508,1.3218501479853875,3
TRN-0278,15.1906,103.8022,32.8666,43.5159,13.434,15.3229,15.801,70.573,43.6644,Valid,13.5154967394557,-0.08149673945570157,0.08149673945570157,15.39672922432112,-0.07382922432111982,0.07382922432111982,15.960853943157197,-0.1598539431571968,0.1598539431571968,49.293739443894914,21.27926055610508,21.27926055610508,21.27926055610508,5.398610115759775,21.27926055610508,0.15628394009145835,1.9851831314848989,2
TRN-0225,27.9293,38.0633,39.1615,20.9747,18.3877,21.4138,20.7639,64.6651,21.316,Invalid,15.75225029734727,2.6354497026527284,2.6354497026527284,14.233328427498735,7.180471572501263,7.180471572501263,20.70064004144207,0.06325995855792854,0.06325995855792854,49.56035893554143,15.104741064458565,15.104741064458565,15.104741064458565,6.245980574542621,15.104741064458565,0.1380075463510502,1.478150617253587,3
TRN-0959,29.2834,96.4813,26.6221,29.2271,19.7453,19.3891,24.716,44.6016,39.9414,Valid,19.70834032293627,0.03695967706373082,0.03695967706373082,19.327386396588615,0.0617136034113841,0.0617136034113841,24.444908592583815,0.2710914074161863,0.2710914074161863,48.17869245278686,-3.5770924527868644,3.5770924527868644,3.5770924527868644,0.9867142851695414,3.5770924527868644,0.5033436400315924,0.9299041308950943,1
TRN-0349,26.5322,71.4206,39.4889,58.2879,23.7994,17.0447,22.0266,49.1332,29.6685,Invalid,17.36425633265185,6.43514366734815,6.43514366734815,16.909466578660954,0.13523342133904492,0.13523342133904492,22.040525764961433,-0.01392576496143505,0.01392576496143505,48.51391922617295,0.6192807738270503,0.6192807738270503,6.43514366734815,1.80089590686892,6.43514366734815,0.35702861985966666,1.145977543289995,3
TRN-0159,11.4085,75.1307,29.9009,40.9165,9.9183,11.561,11.6384,20.9754,22.5737,Valid,10.079705767876678,-0.16140576787667804,0.16140576787667804,11.53897715064132,0.022022849358679153,0.022022849358679153,12.01507477756044,-0.37667477756043866,0.37667477756043866,49.90521614551721,-28.929816145517208,28.929816145517208,28.929816145517208,7.372479885078251,28.929816145517208,0.11943892535140486,0.8176341769030232,4
TRN-0032,9.6771,40.9333,42.7255,56.3017,7.5451,8.5237,9.7694,29.2837,16.8355,Valid,7.55952862397958,-0.014428623979580557,0.014428623979580557,8.580409559419477,-0.05670955941947753,0.05670955941947753,9.602472377428604,0.1669276225713947,0.1669276225713947,50.546600741559914,-21.262900741559914,21.262900741559914,21.262900741559914,5.375241636882592,21.262900741559914,0.15685679962540003,1.5774916485159993,4
TRN-0344,9.1303,20.5699,37.6841,25.2845,5.7455,6.2235,7.4901,51.5441,13.3281,Valid,5.798334845877494,-0.0528348458774941,0.0528348458774941,6.237408527948712,-0.013908527948712113,0.013908527948712113,7.686820575352719,-0.19672057535271925,0.19672057535271925,51.32537080923534,0.21872919076466246,0.21872919076466246,0.21872919076466246,0.12054828498589698,0.21872919076466246,0.8924202672913696,2.580085077807717,4
TRN-0391,14.6069,39.0401,34.8904,19.468,9.4995,9.5566,11.9096,63.8012,16.4488,Valid,9.377954690585865,0.12154530941413455,0.12154530941413455,9.559444481559657,-0.0028444815596575523,0.0028444815596575523,12.026538853234173,-0.11693885323417419,0.11693885323417419,50.6531290914795,13.148070908520502,13.148070908520502,13.148070908520502,3.347349888182117,13.148070908520502,0.2300251936745213,2.2920102727807823,4
TRN-0651,16.53,103.9792,43.4328,46.9103,14.2198,16.2414,17.0286,37.4711,46.9167,Valid,14.223997127164363,-0.004197127164363934,0.004197127164363934,16.242070137073554,-0.0006701370735555656,0.0006701370735555656,17.018184852870895,0.010415147129105407,0.010415147129105407,49.465192946877806,-11.994092946877807,11.994092946877807,11.994092946877807,3.002343839561208,11.994092946877807,0.24985359581440503,1.094681862041545,2
TRN-0538,31.3956,65.9954,44.7277,20.6592,18.6968,17.6704,24.1282,24.3526,31.1325,Valid,18.96450607904591,-0.2677060790459116,0.2677060790459116,17.97747321294404,-0.3070732129440401,0.3070732129440401,24.388991680040867,-0.2607916800408674,0.2607916800408674,49.141430181698546,-24.788830181698547,24.788830181698547,24.788830181698547,6.4061002884323415,24.788830181698547,0.13502382644776084,0.31501965160303047,3
TRN-0264,8.8333,97.192,40.8705,59.4113,10.141,12.7958,11.5139,62.4186,38.2856,Valid,10.293756636557418,-0.15275663655741845,0.15275663655741845,13.029198405033965,-0.2333984050339648,0.2333984050339648,11.857400391942573,-0.3435003919425732,0.3435003919425732,49.87821326272624,12.540386737273757,12.540386737273757,12.540386737273757,3.3175105427019282,12.540386737273757,0.23161495266996918,2.1586850906592323,2
TRN-0804,25.5109,94.6061,39.9882,26.6325,17.7896,18.352,22.0215,48.7888,41.155,Valid,17.779095092854728,0.010504907145271858,0.010504907145271858,18.26926202707279,0.08273797292720886,0.08273797292720886,22.019986636918986,0.0015133630810133525,0.0015133630810133525,49.07101785123374,-0.28221785123373877,0.28221785123373877,0.28221785123373877,0.09424352359680821,0.28221785123373877,0.9138733549118689,1.1593693391629925,1
TRN-0875,11.8252,52.265,18.0,26.9784,8.6729,9.2711,10.5035,55.0555,14.5475,Valid,8.83625531540802,-0.16335531540801895,0.16335531540801895,9.243136179390243,0.02796382060975766,0.02796382060975766,10.79395887741451,-0.29045887741451004,0.29045887741451004,50.00544712216019,5.050052877839811,5.050052877839811,5.050052877839811,1.3829577228180243,5.050052877839811,0.4196465553813627,2.22184006714007,4
TRN-0179,13.3176,109.6532,40.8517,50.3689,12.994,15.6239,15.2389,55.4972,51.3991,Valid,13.030293042635398,-0.03629304263539801,0.03629304263539801,15.559490253966962,0.06440974603303928,0.06440974603303928,15.237744097977746,0.0011559020222531302,0.0011559020222531302,49.530777151103585,5.966422848896414,5.966422848896414,5.966422848896414,1.5170703848967761,5.966422848896414,0.39728726141323595,1.7111815483295898,2
TRN-0664,27.1883,36.0978,23.5129,49.3863,15.2966,13.4176,19.7864,44.9089,19.4155,Valid,15.602206727210065,-0.30560672721006554,0.30560672721006554,13.55204011187368,-0.13444011187367977,0.13444011187367977,20.392941120447688,-0.6065411204476874,0.6065411204476874,48.473583030044836,-3.564683030044833,3.564683030044833,3.564683030044833,1.1528177473940664,3.564683030044833,0.4645075047390685,1.34852607131991,3
TRN-0848,23.3547,85.3049,34.0201,57.2993,16.2814,16.6584,20.1503,56.7314,32.1656,Valid,16.583901555085824,-0.3025015550858221,0.3025015550858221,16.805201845494352,-0.14680184549435182,0.14680184549435182,20.58233705626565,-0.43203705626564926,0.43203705626564926,48.48372366545969,8.247676334540309,8.247676334540309,8.247676334540309,2.282254197846533,8.247676334540309,0.3046686635837328,1.473299318148334,2
TRN-0319,20.7606,77.2405,28.7917,13.6383,14.1857,14.6874,17.3806,53.6133,25.6472,Valid,14.367492956561307,-0.18179295656130634,0.18179295656130634,14.683816170559966,0.003583829440033881,0.003583829440033881,17.739635398307282,-0.35903539830728093,0.35903539830728093,49.58853338214703,4.0247666178529755,4.0247666178529755,4.0247666178529755,1.1422947005403992,4.0247666178529755,0.46678918626263116,1.5792037092518212,4
TRN-0897,11.6323,73.824,34.9155,48.3119,10.4622,11.8497,12.5183,54.2381,24.3359,Valid,10.20967210841238,0.25252789158761857,0.25252789158761857,11.72911508250654,0.1205849174934599,0.1205849174934599,12.273588651238715,0.2447113487612853,0.2447113487612853,49.911842134926815,4.326257865073188,4.326257865073188,4.326257865073188,1.236020505728888,4.326257865073188,0.44722309005570793,1.9659465978595763,4
TRN-0617,15.1971,52.9502,39.526,51.7112,11.2222,11.7197,14.243,74.3364,19.2716,Valid,10.817725973310678,0.4044740266893232,0.4044740266893232,11.36738626316536,0.35231373683464007,0.35231373683464007,13.666920917597636,0.576079082402364,0.576079082402364,49.89929268535936,24.437107314640635,24.437107314640635,24.437107314640635,6.44249354014174,24.437107314640635,0.13436356976414054,2.2637532870390547,4
TRN-0066,25.2849,50.1209,35.0471,10.259,14.9101,14.074,19.4972,36.2356,20.1216,Valid,15.014047638475661,-0.10394763847566146,0.10394763847566146,14.118740784480176,-0.04474078448017593,0.04474078448017593,19.358591435489824,0.13860856451017511,0.13860856451017511,49.76331152410912,-13.527711524109122,13.527711524109122,13.527711524109122,3.4537521278937837,13.527711524109122,0.22452978326679088,1.0463834033665522,3
TRN-0329,15.2564,63.7462,31.7923,10.5219,10.7028,11.4641,13.1068,58.1291,21.3423,Valid,10.943813140385618,-0.24101314038561839,0.24101314038561839,11.704794141096352,-0.2406941410963519,0.2406941410963519,13.486780736069942,-0.37998073606994254,0.37998073606994254,50.41347784255188,7.715622157448124,7.715622157448124,7.715622157448124,2.144327543750009,7.715622157448124,0.3180330248951651,2.031043167424031,4
TRN-0512,13.4272,55.4707,35.9373,17.5331,9.7561,10.4939,12.1206,55.9888,20.0655,Invalid,9.696393954739511,0.05970604526048895,0.05970604526048895,10.562558759133646,-0.06865875913364583,0.06865875913364583,12.052537258160445,0.06806274183955452,0.06806274183955452,50.66187346338258,5.326926536617421,5.326926536617421,5.326926536617421,1.3808385207127776,5.326926536617421,0.42002008590680023,2.0929376646117266,4
TRN-0559,26.2772,84.5838,38.358,28.6853,17.5264,17.5087,21.6766,74.9606,34.3654,Valid,17.61626407797963,-0.08986407797963025,0.08986407797963025,17.649251922281998,-0.14055192228199687,0.14055192228199687,22.036710187024283,-0.3601101870242829,0.3601101870242829,49.007350222384225,25.953249777615774,25.953249777615774,25.953249777615774,6.635943991225421,25.953249777615774,0.13095957764346033,1.7452989747125323,3
TRN-0843,23.3537,79.7753,25.0997,53.661,16.2534,16.1519,19.9649,35.1917,27.2341,Valid,16.222725737819488,0.03067426218051139,0.03067426218051139,16.019145600890937,0.13275439910906428,0.13275439910906428,20.14531132376574,-0.18041132376573898,0.18041132376573898,48.31107376844916,-13.119373768449165,13.119373768449165,13.119373768449165,3.36580343837612,13.119373768449165,0.2290529141119451,0.8697751557354713,4
TRN-0080,29.3998,97.6878,34.4117,41.896,19.8876,19.9085,24.822,54.2529,43.3474,Valid,19.99169566797803,-0.10409566797802938,0.10409566797802938,19.8274471688254,0.08105283117459905,0.08105283117459905,24.874910655660567,-0.052910655660568295,0.052910655660568295,48.14891021770071,6.103989782299287,6.103989782299287,6.103989782299287,1.585512234278121,6.103989782299287,0.3867705542995435,1.156389310634449,1
TRN-0401,26.451,76.411,34.296,47.7037,17.666,17.209,13.7836,54.1006,30.3139,Invalid,17.468190351970726,0.19780964802927414,0.19780964802927414,17.048268966999544,0.16073103300045588,0.16073103300045588,22.00307683742014,-8.219476837420139,8.219476837420139,48.5182419901173,5.582358009882697,5.582358009882697,8.219476837420139,3.5400938820831414,8.219476837420139,0.2202597624569754,1.569377118787566,3
TRN-0384,16.7072,31.9859,25.408,37.7306,10.1169,9.5467,13.0626,50.9706,15.7683,Valid,10.201287997619733,-0.08438799761973392,0.08438799761973392,9.539682695376776,0.007017304623223808,0.007017304623223808,13.222449943694128,-0.15984994369412853,0.15984994369412853,49.80181351897902,1.1687864810209803,1.1687864810209803,1.1687864810209803,0.35501043173951663,1.1687864810209803,0.7380016984195714,1.9797115398860936,4
TRN-0047,29.1083,58.7199,37.1572,10.9987,17.5282,16.4304,22.4226,49.4021,23.1457,Valid,17.338435177677717,0.18976482232228165,0.18976482232228165,16.244414847503876,0.1859851524961229,0.1859851524961229,22.301282940346766,0.12131705965323292,0.12131705965323292,49.37737736194468,0.024722638055315826,0.024722638055315826,0.18976482232228165,0.13044741813173832,0.18976482232228165,0.8846054968683768,1.2467634317464358,3
TRN-0938,26.2329,96.5506,33.0648,48.832,18.6651,18.7209,22.8946,34.729,41.4065,Valid,18.486751563396673,0.17834843660332567,0.17834843660332567,18.65187119657289,0.06902880342710915,0.06902880342710915,22.858345694813124,0.03625430518687622,0.03625430518687622,48.251039110743996,-13.522039110743997,13.522039110743997,13.522039110743997,3.451417663990327,13.522039110743997,0.22464753377097912,0.6763061095695132,1
TRN-0724,16.1649,103.2809,29.1169,27.8213,14.339,15.9315,17.0601,64.6338,42.3237,Valid,13.764076614937217,0.5749233850627835,0.5749233850627835,15.435456474185385,0.4960435258146152,0.4960435258146152,16.271887800520584,0.788212199479414,0.788212199479414,49.424735872802245,15.209064127197749,15.209064127197749,15.209064127197749,4.26706080938864,15.209064127197749,0.18985920918503166,1.7968133453800155,2
TRN-0089,31.414,88.8354,24.8395,59.5524,28.5205,19.4702,25.3351,33.2402,34.707,Invalid,20.66707140724541,7.8534285927545895,7.8534285927545895,19.61728822494745,-0.14708822494745277,0.14708822494745277,25.915473353838866,-0.5803733538388656,0.5803733538388656,47.33525879676322,-14.095058796763219,14.095058796763219,14.095058796763219,5.668987242076032,14.095058796763219,0.1499478052215772,0.5168625952507948,1
TRN-0114,24.4427,39.5791,50.9417,13.3518,14.191,13.5804,18.7265,56.7296,26.4238,Valid,14.085905083675975,0.10509491632402579,0.10509491632402579,13.468115930365679,0.11228406963432036,0.11228406963432036,18.529272410532585,0.19722758946741692,0.19722758946741692,50.44485562531634,6.284744374683655,6.284744374683655,6.284744374683655,1.6748377375273544,6.284744374683655,0.37385445328897204,1.6720034207925523,4
TRN-0748,25.3016,95.0191,43.6434,59.1909,18.1013,18.3361,22.5789,47.7604,42.7271,Valid,18.091821985095223,0.009478014904775733,0.009478014904775733,18.626835533648254,-0.290735533648256,0.290735533648256,22.46917940875856,0.10972059124144096,0.10972059124144096,48.49584816953801,-0.7354481695380102,0.7354481695380102,0.7354481695380102,0.2863455773331207,0.7354481695380102,0.7773960727359296,1.1110696955160833,1
TRN-0459,13.0534,103.6735,32.3023,13.9118,12.2147,14.3912,14.2445,41.7232,41.8715,Valid,12.129698987309194,0.08500101269080673,0.08500101269080673,14.37593770976505,0.01526229023494885,0.01526229023494885,14.086380689413547,0.15811931058645357,0.15811931058645357,50.12405260755979,-8.400852607559791,8.400852607559791,8.400852607559791,2.164808805268,8.400852607559791,0.3159748539423438,1.429439225399292,2
TRN-0223,28.7214,66.8864,52.6266,35.0011,18.1509,17.5824,23.3627,63.4231,40.5369,Valid,17.908883563737884,0.24201643626211577,0.24201643626211577,17.50348598659553,0.07891401340447146,0.07891401340447146,23.02011727399894,0.34258272600105855,0.34258272600105855,49.337583592283096,14.085516407716902,14.085516407716902,14.085516407716902,3.687257395846137,14.085516407716902,0.213344375089408,1.4966053467237852,3
TRN-0851,19.5142,22.8595,42.4082,21.103,11.1408,10.0973,14.9382,77.6634,17.5099,Valid,10.873606536622177,0.2671934633778239,0.2671934633778239,10.13817299266628,-0.040872992666280084,0.040872992666280084,14.528857894422496,0.4093421055775046,0.4093421055775046,50.60755409398916,27.055845906010838,27.055845906010838,27.055845906010838,6.943313616908112,27.055845906010838,0.12589204559057107,2.374077804464416,4
TRN-0582,26.0201,21.9729,49.4476,50.2003,14.1856,12.9194,19.0732,59.4491,24.3289,Valid,14.306494971343877,-0.12089497134387628,0.12089497134387628,12.786518298519983,0.13288170148001655,0.13288170148001655,19.257388606663604,-0.1841886066636036,0.1841886066636036,49.626670704237895,9.822429295762106,9.822429295762106,9.822429295762106,2.5650986438124006,9.822429295762106,0.2804971474591885,1.7620324434942698,3
TRN-0007,29.2042,18.0618,43.0245,8.0414,15.1344,12.9107,20.4836,61.0351,20.2753,Valid,15.113230871019566,0.021169128980433882,0.021169128980433882,12.99036266159612,-0.07966266159611912,0.07966266159611912,20.38016285801061,0.10343714198938869,0.10343714198938869,50.082051380972125,10.953048619027875,10.953048619027875,10.953048619027875,2.789329387898454,10.953048619027875,0.2638989376836928,1.756944626986422,3
TRN-0947,31.0368,95.4489,32.3525,9.5897,20.0135,19.7332,24.8781,55.2816,40.6902,Valid,20.269708513406215,-0.2562085134062144,0.2562085134062144,19.86191287875299,-0.12871287875298876,0.12871287875298876,25.285286253541166,-0.4071862535411661,0.4071862535411661,48.66365467479334,6.617945325206655,6.617945325206655,6.617945325206655,1.852513242726756,6.617945325206655,0.35056804821143844,1.1858712509519922,1
TRN-0556,31.1222,48.7828,21.2304,44.2287,18.461,16.124,23.7059,52.5012,21.8063,Valid,18.129359231210103,0.3316407687898959,0.3316407687898959,15.871696716195205,0.2523032838047943,0.2523032838047943,23.462537817966325,0.24336218203367466,0.24336218203367466,48.008965331319885,4.492234668680112,4.492234668680112,4.492234668680112,1.3298852258271192,4.492234668680112,0.42920569172886863,1.313349484900283,3
TRN-0006,18.8185,104.2809,38.6618,41.1927,15.2872,16.8364,18.3224,27.0816,46.7583,Valid,15.266488239124985,0.020711760875014917,0.020711760875014917,16.85759396560072,-0.021193965600719622,0.021193965600719622,18.370611739747414,-0.04821173974741555,0.04821173974741555,49.210960285954755,-22.129360285954753,22.129360285954753,22.129360285954753,5.554869438044475,22.129360285954753,0.15255833994129586,0.6085261978824584,2
TRN-0036,16.9204,43.4907,39.3973,33.6326,10.7918,10.9189,13.9573,28.7296,18.2157,Valid,10.909756523162045,-0.11795652316204475,0.11795652316204475,11.002282721066255,-0.0833827210662541,0.0833827210662541,14.027881884905943,-0.07058188490594297,0.07058188490594297,50.238616504353054,-21.509016504353053,21.509016504353053,21.509016504353053,5.445234408371824,21.509016504353053,0.1551533949953912,1.1141898988844934,4
TRN-0655,21.322,83.0772,45.3964,35.2913,15.2434,15.9841,19.0301,67.443,34.4756,Valid,15.238963940320053,0.004436059679946425,0.004436059679946425,16.089432009637108,-0.10533200963710776,0.10533200963710776,18.93489058711524,0.09520941288475981,0.09520941288475981,49.57891028647903,17.86408971352097,17.86408971352097,17.86408971352097,4.517266798930695,17.86408971352097,0.18124916492960075,1.773978459250519,4
TRN-0419,8.5951,98.1424,45.6516,9.1583,9.5852,12.6494,10.9585,63.7497,39.859,Valid,9.64337167865136,-0.05817167865135886,0.05817167865135886,12.751485336691553,-0.10208533669155351,0.10208533669155351,11.00120740231576,-0.042707402315759424,0.042707402315759424,51.1659824910286,12.583717508971397,12.583717508971397,12.583717508971397,3.196670481657517,12.583717508971397,0.23828413604802254,2.2349046097679826,2
TRN-0800,19.7012,86.7513,31.5115,52.1103,14.9638,15.6935,18.3355,37.307,31.5476,Valid,14.842491168402992,0.121308831597009,0.121308831597009,15.539876784178409,0.15362321582159133,0.15362321582159133,18.169407123624218,0.16609287637578163,0.16609287637578163,48.828980317791775,-11.521980317791773,11.521980317791773,11.521980317791773,2.9907513103965386,11.521980317791773,0.2505793827329811,1.0356079455071991,2
TRN-0298,18.1743,69.2155,40.5882,54.384,13.1973,13.8308,16.659,68.1312,26.9194,Valid,13.179954057874538,0.0173459421254627,0.0173459421254627,13.833856849529036,-0.0030568495290363984,0.0030568495290363984,16.457032922405716,0.20196707759428278,0.20196707759428278,49.42803993441564,18.70316006558437,18.70316006558437,18.70316006558437,4.731382483708288,18.70316006558437,0.17447797330618658,1.9651123420361993,4
TRN-0146,11.0542,26.6928,44.529,46.8693,7.4141,7.7295,9.7895,38.8963,15.9725,Valid,7.326254132670355,0.08784586732964517,0.08784586732964517,7.825569644988288,-0.09606964498828852,0.09606964498828852,9.664221589314934,0.12527841068506618,0.12527841068506618,50.84675007401261,-11.950450074012615,11.950450074012615,11.950450074012615,3.064910999253904,11.950450074012615,0.24600784621939953,1.9728952658835797,4
TRN-0074,30.0968,32.2241,35.629,38.7023,16.5086,5.949,22.018,41.9803,21.1645,Invalid,16.67687724614086,-0.16827724614086037,0.16827724614086037,14.525742915590536,-8.576742915590536,8.576742915590536,22.061811123947024,-0.043811123947023134,0.043811123947023134,48.910338958395315,-6.930038958395315,6.930038958395315,8.576742915590536,3.9297175610184336,8.576742915590536,0.20285137791817212,1.667036411841685,3
TRN-0358,21.9169,69.2729,27.4127,57.3516,23.2412,14.8395,18.8472,57.6618,24.2571,Invalid,14.999158807523493,8.242041192476506,8.242041192476506,14.736688967090421,0.10281103290957816,0.10281103290957816,18.78111631603594,0.0660836839640595,0.0660836839640595,48.55668941117915,9.10511058882085,9.10511058882085,9.10511058882085,4.379011624542748,9.10511058882085,0.18590775960351388,1.4948039850688204,4
TRN-0521,30.8301,49.2877,22.913,21.7955,17.7515,15.7744,22.803,47.6397,21.1624,Valid,17.75354577045345,-0.002045770453449336,0.002045770453449336,15.675867464823598,0.09853253517640148,0.09853253517640148,22.95838747343188,-0.15538747343187964,0.15538747343187964,48.58411118861953,-0.944411188619533,0.944411188619533,0.944411188619533,0.30009424192031586,0.944411188619533,0.7691750088231611,1.2259581350684206,3
TRN-0598,21.3932,55.3268,23.3942,48.6738,14.2356,13.521,18.1062,32.255,19.6008,Valid,13.86922721813411,0.3663727818658895,0.3663727818658895,13.169605574425779,0.35139442557422207,0.35139442557422207,17.56687279801377,0.5393272019862323,0.5393272019862323,48.80669558269347,-16.55169558269347,16.55169558269347,16.55169558269347,4.452197498029953,16.55169558269347,0.18341228474598192,0.9592687150591979,4
TRN-0242,30.3616,64.6342,31.7954,28.9432,18.6656,17.155,23.9571,62.4181,26.6204,Valid,18.47243430080804,0.1931656991919617,0.1931656991919617,17.16124146210079,-0.006241462100788908,0.006241462100788908,23.630601397498836,0.32649860250116447,0.32649860250116447,48.61423252649732,13.803867473502685,13.803867473502685,13.803867473502685,3.58244330932415,13.803867473502685,0.21822419449581512,1.4816576407183748,3
TRN-0285,17.7964,18.2136,35.4373,55.6627,10.1469,9.1725,13.6656,68.1464,16.6974,Valid,10.190847951575442,-0.043947951575441735,0.043947951575441735,9.221852677953018,-0.0493526779530189,0.0493526779530189,13.65589192415213,0.009708075847870035,0.009708075847870035,49.80840203816535,18.337997961834652,18.337997961834652,18.337997961834652,4.610251666802746,18.337997961834652,0.17824512328337222,2.332564432979497,4
TRN-0786,11.544,102.3093,38.2807,43.7299,11.7398,14.1771,13.633,64.3894,42.5382,Valid,11.690103175701562,0.04969682429843836,0.04969682429843836,14.184070014411885,-0.006970014411885828,0.006970014411885828,13.587563195085817,0.045436804914182005,0.045436804914182005,49.829278312343746,14.560121687656249,14.560121687656249,14.560121687656249,3.665556332820189,14.560121687656249,0.2143367111367681,2.0261664159114345,2
TRN-0976,24.2635,37.3892,33.5862,45.49,14.1304,12.7538,18.4596,45.4709,19.2066,Valid,14.235301106352011,-0.10490110635201155,0.10490110635201155,12.939258520677964,-0.18545852067796353,0.18545852067796353,18.614703181901326,-0.1551031819013282,0.1551031819013282,49.16695119555372,-3.6960511955537214,3.6960511955537214,3.6960511955537214,1.0353785011212562,3.6960511955537214,0.4913091100496132,1.441048006083594,4
TRN-0467,28.4198,43.3529,39.5156,49.0356,16.6095,14.8325,21.9299,57.9675,22.49,Valid,16.61276521170906,-0.003265211709059912,0.003265211709059912,15.102640012799222,-0.2701400127992226,0.2701400127992226,21.733566192914893,0.19633380708510728,0.19633380708510728,48.85137648178527,9.116123518214728,9.116123518214728,9.116123518214728,2.3964656374520295,9.116123518214728,0.29442370591747924,1.5496754788779252,3
TRN-0186,22.8272,95.3947,34.7263,28.3226,16.8659,17.4628,20.8694,32.5902,39.037,Valid,16.545209508370647,0.32069049162935315,0.32069049162935315,17.254114905384547,0.20868509461545415,0.20868509461545415,20.2817815401582,0.5876184598417993,0.5876184598417993,49.086225618477656,-16.496025618477653,16.496025618477653,16.496025618477653,4.403254916141065,16.496025618477653,0.18507362978798475,0.716464168248312,2
TRN-0592,22.821,20.5096,25.9169,35.7305,12.4104,10.5864,16.6569,55.5549,16.7186,Valid,12.483869672374622,-0.07346967237462287,0.07346967237462287,10.679460901762285,-0.09306090176228565,0.09306090176228565,16.59892259842197,0.057977401578028775,0.057977401578028775,49.42871421569382,6.12618578430618,6.12618578430618,6.12618578430618,1.5876734400052794,6.12618578430618,0.38644752639187724,1.8892613107381853,4
TRN-1000,26.6318,52.237,18.0,19.3886,15.6335,14.2114,19.7274,53.1397,19.2422,Valid,15.862802571969072,-0.22930257196907178,0.22930257196907178,14.296456313588413,-0.0850563135884137,0.0850563135884137,20.28210785198457,-0.5547078519845705,0.5547078519845705,48.817143620884906,4.322556379115092,4.322556379115092,4.322556379115092,1.297905779164287,4.322556379115092,0.4351788524434995,1.5160170122217416,3
TRN-0852,27.0525,96.1578,35.4219,5.1608,18.2324,18.3623,22.7426,,40.6205,Valid,18.345296493501998,-0.11289649350199937,0.11289649350199937,18.604614731841245,-0.24231473184124397,0.24231473184124397,22.699322237204356,0.043277762795643326,0.043277762795643326,49.22627314547756,,,0.24231473184124397,0.13282966271296223,0.24231473184124397,0.8827452466288229,0.22802846033011603,1
TRN-0955,26.4383,82.8779,55.0,30.3299,17.6575,18.2482,22.4962,52.7821,49.6297,Valid,17.642090972214383,0.015409027785615592,0.015409027785615592,18.10685419076448,0.14134580923552065,0.14134580923552065,22.280072416113224,0.21612758388677733,0.21612758388677733,49.559077501929075,3.2230224980709252,3.2230224980709252,3.2230224980709252,0.8989762297447097,3.2230224980709252,0.5265995352319053,1.2636561866253466,3
TRN-0125,19.6803,26.1334,47.9709,25.1259,11.2459,10.6531,14.9109,48.4915,20.6012,Valid,11.189527011972094,0.056372988027906246,0.056372988027906246,10.68576114302619,-0.032661143026189166,0.032661143026189166,14.928294668728523,-0.01739466872852269,0.01739466872852269,50.663268192404395,-2.171768192404393,2.171768192404393,2.171768192404393,0.5695492480467528,2.171768192404393,0.6371255959279161,1.774338158886884,4
TRN-0570,28.9539,53.4652,32.5587,57.3032,9.9563,16.426,22.727,59.2031,22.9629,Invalid,17.515982844152266,-7.559682844152265,7.559682844152265,15.993284913329669,0.43271508667032954,0.43271508667032954,22.629254006552994,0.09774599344700619,0.09774599344700619,48.26588761121082,10.937212388789177,10.937212388789177,10.937212388789177,4.7568390782646945,10.937212388789177,0.17370643618918627,1.8186941407653636,3
TRN-0189,28.0795,87.7125,35.8628,8.9414,18.1591,18.0504,22.5456,39.2104,35.0691,Valid,18.418174414184943,-0.25907441418494415,0.25907441418494415,18.28959638122766,-0.23919638122766074,0.23919638122766074,23.015188332261264,-0.46958833226126373,0.46958833226126373,49.15616909744565,-9.945769097445648,9.945769097445648,9.945769097445648,2.7284070562798792,9.945769097445648,0.26821105767291875,0.863977272008096,1
TRN-0470,13.4852,26.4721,36.3935,26.4129,8.1837,8.2053,10.4649,77.6793,15.044,Valid,8.229244977605166,-0.04554497760516618,0.04554497760516618,8.21255722364194,-0.007257223641941479,0.007257223641941479,10.80755883163746,-0.34265883163745947,0.34265883163745947,50.792143325538376,26.88715667446162,26.88715667446162,26.88715667446162,6.820654426836548,26.88715667446162,0.12786653717475402,2.659272782513964,4
TRN-0003,31.005,101.7031,29.9077,29.4333,20.8706,20.494,25.705,51.6998,45.8035,Valid,20.831216886137955,0.03938311386204418,0.03938311386204418,20.472724187969,0.02127581203099993,0.02127581203099993,25.86207506757567,-0.15707506757567202,0.15707506757567202,48.075013745471296,3.6247862545287077,3.6247862545287077,3.6247862545287077,0.960630061999356,3.6247862545287077,0.51004012403046,1.050970687409152,1
TRN-0442,30.6434,53.8376,32.1864,19.2467,17.7871,16.0427,22.9994,67.4393,22.3594,Valid,17.897644301873694,-0.1105443018736949,0.1105443018736949,16.27236794063124,-0.2296679406312414,0.2296679406312414,23.130323346605095,-0.13092334660509408,0.13092334660509408,48.933471587390024,18.50582841260998,18.50582841260998,18.50582841260998,4.744241000430002,18.50582841260998,0.17408740335322664,1.6543720558719046,3
TRN-0716,8.1937,31.9047,40.42,53.7509,6.1854,7.2116,7.7697,55.6906,14.421,Valid,6.3146168920081385,-0.1292168920081389,0.1292168920081389,7.205800642238498,0.0057993577615018665,0.0057993577615018665,8.126190393901197,-0.35649039390119697,0.35649039390119697,50.75599472056765,4.934605279432354,4.934605279432354,4.934605279432354,1.356527980775798,4.934605279432354,0.4243531195716113,2.576472201614055,4
TRN-0678,22.2523,57.734,28.2572,33.8496,14.4608,13.6746,18.2936,45.7141,19.8362,Valid,14.246337639786251,0.21446236021374965,0.21446236021374965,13.700031616757434,-0.025431616757433773,0.025431616757433773,18.063246762120382,0.23035323787961914,0.23035323787961914,49.19952884141004,-3.485428841410041,3.485428841410041,3.485428841410041,0.9889190140652109,3.485428841410041,0.502785680527067,1.3908577458940514,4
TRN-0978,29.6916,34.0954,36.4183,7.569,16.4078,14.5572,21.9698,77.4425,20.8658,Valid,16.21787837434764,0.18992162565236015,0.18992162565236015,14.303879873036104,0.25332012696389583,0.25332012696389583,21.40173306355068,0.5680669364493198,0.5680669364493198,49.64152390304205,27.800976096957946,27.800976096957946,27.800976096957946,7.2030711965058805,27.800976096957946,0.12190556147140993,1.9293321983712812,3
TRN-0350,21.452,28.3591,30.3015,6.641,11.9595,10.8367,15.791,59.1218,17.1638,Valid,11.92074044007442,0.038759559925580334,0.038759559925580334,10.764035037668382,0.07266496233161845,0.07266496233161845,15.68329202766442,0.10770797233558049,0.10770797233558049,50.26426619316994,8.857533806830062,8.857533806830062,8.857533806830062,2.2691665753557104,8.857533806830062,0.3058883592957304,1.976689157932572,4
TRN-0924,16.0857,15.5071,28.7113,49.5399,8.8379,7.913,11.7744,40.6311,14.9855,Valid,9.137241257033075,-0.2993412570330758,0.2993412570330758,8.133091576612657,-0.22009157661265633,0.22009157661265633,12.23444928008885,-0.4600492800888496,0.4600492800888496,49.89345589931892,-9.26235589931892,9.26235589931892,9.26235589931892,2.5604595032633752,9.26235589931892,0.28086262435605286,1.8924108875471326,4
TRN-0918,22.5775,45.7229,27.6436,22.427,,12.7552,17.5525,48.2208,18.8499,Invalid,13.60353834337134,,,12.676234461503974,0.07896553849602661,0.07896553849602661,17.491724603954808,0.06077539604519089,0.06077539604519089,49.530812010846724,-1.3100120108467266,1.3100120108467266,1.3100120108467266,0.48325098179598136,1.3100120108467266,0.6741947332400609,1.354880831208734,4
TRN-0552,31.7367,93.174,36.9449,26.5721,21.0587,20.5685,26.6096,49.686,40.9406,Valid,20.688022336942627,0.37067766305737493,0.37067766305737493,20.202876468542748,0.3656235314572527,0.3656235314572527,25.95366062334853,0.655939376651471,0.655939376651471,48.41092367652928,1.2750763234707208,1.2750763234707208,1.2750763234707208,0.6668292236592048,1.2750763234707208,0.5999414851898812,0.9876797404133076,1
TRN-0999,17.3189,39.7274,22.4561,25.1758,10.7576,10.0099,13.8466,61.3193,15.8237,Valid,10.769963445837904,-0.012363445837904052,0.012363445837904052,10.206427612909414,-0.19652761290941356,0.19652761290941356,13.765364485735812,0.08123551426418807,0.08123551426418807,49.834888440776204,11.484411559223794,11.484411559223794,11.484411559223794,2.943634533058825,11.484411559223794,0.2535731928547557,2.139374966643539,4
TRN-0444,22.1475,17.4918,48.452,25.6791,11.9534,10.9397,16.1779,39.0296,21.4587,Valid,11.905758574921856,0.04764142507814384,0.04764142507814384,10.825879524518312,0.11382047548168828,0.11382047548168828,16.118105988857884,0.05979401114211669,0.05979401114211669,50.536002419321704,-11.506402419321702,11.506402419321702,11.506402419321702,2.9319145827559128,11.506402419321702,0.25432902443651034,1.4386514630353862,4
TRN-0118,17.225,17.998,31.2125,18.4846,13.2507,2.3372,12.8889,33.3767,15.7524,Invalid,9.458228485217715,3.792471514782285,3.792471514782285,8.553377803511177,-6.216177803511177,6.216177803511177,12.628951146849557,0.25994885315044236,0.25994885315044236,50.53482655968272,-17.15812655968272,17.15812655968272,17.15812655968272,6.8566811827816565,17.15812655968272,0.12728020607372414,2.007290124380917,4
TRN-0950,13.3577,103.8261,34.66,27.5427,12.3709,14.5408,24.5374,70.1512,42.9187,Invalid,12.449061491107432,-0.07816149110743176,0.07816149110743176,14.685933607670632,-0.14513360767063155,0.14513360767063155,14.537614569053792,9.99978543094621,9.99978543094621,49.8766251152556,20.274574884744403,20.274574884744403,20.274574884744403,7.624413853617169,20.274574884744403,0.1159499088254664,1.9006624488056532,2
TRN-0642,26.0234,20.5917,25.5081,18.3233,14.0169,19.2132,18.5738,72.7639,17.9536,Invalid,13.821226661138365,0.19567333886163496,0.19567333886163496,11.63221580807735,7.580984191922651,7.580984191922651,18.398030208822192,0.17576979117780667,0.17576979117780667,49.50414765105032,23.25975234894969,23.25975234894969,23.25975234894969,7.803044917727945,23.25975234894969,0.11359705753473524,1.8864259025443486,3
TRN-0953,25.3769,64.1776,55.0,36.5896,16.4129,16.417,21.1623,46.4387,43.8394,Valid,16.173653608872122,0.23924639112787816,0.23924639112787816,16.206556412675504,0.21044358732449808,0.21044358732449808,20.769050103086037,0.39324989691396084,0.39324989691396084,49.7216226693385,-3.282922669338504,3.282922669338504,3.282922669338504,1.0314656361762102,3.282922669338504,0.49225543479154354,1.195878481272803,3
TRN-0821,22.0135,69.1617,44.4028,12.3592,14.6651,15.0965,18.624,64.6883,28.3474,Valid,14.530333909441838,0.1347660905581627,0.1347660905581627,14.9203144133558,0.17618558664420014,0.17618558664420014,18.318367472494813,0.30563252750518544,0.30563252750518544,50.137893620115555,14.550406379884443,14.550406379884443,14.550406379884443,3.7917476461479978,14.550406379884443,0.20869212526329145,1.7695748463350618,4
TRN-0487,21.9062,62.304,32.0312,24.7918,14.2662,14.1283,18.2479,36.3827,23.6253,Valid,14.23022733253262,0.03597266746738015,0.03597266746738015,14.011552105435733,0.11674789456426637,0.11674789456426637,17.96348579776781,0.2844142022321918,0.2844142022321918,49.51379019742581,-13.131090197425813,13.131090197425813,13.131090197425813,3.392056240422413,13.131090197425813,0.22768378756093147,1.072176451614535,4
TRN-0871,29.6718,78.684,39.5392,15.528,18.6499,18.1576,23.9128,45.0982,32.4221,Valid,18.768322829792748,-0.11842282979274898,0.11842282979274898,18.2480884202637,-0.09048842026369996,0.09048842026369996,23.75239648262383,0.16040351737617087,0.16040351737617087,49.0923230705947,-3.9941230705947035,3.9941230705947035,3.9941230705947035,1.0908594595068308,3.9941230705947035,0.47827222219702376,1.0183697488171732,3
TRN-0683,21.9239,53.253,38.5191,9.8962,17.3202,7.0374,17.6327,39.7699,20.5016,Invalid,13.571739366830283,3.7484606331697172,3.7484606331697172,13.330192539912924,-6.292792539912924,6.292792539912924,17.366616977405133,0.2660830225948665,0.2660830225948665,50.16693316675887,-10.397033166758867,10.397033166758867,10.397033166758867,5.1760923406090935,10.397033166758867,0.1619146775744902,1.6013896241009078,4
TRN-0555,28.8941,48.0674,24.3217,27.9187,16.9022,14.9453,22.1869,31.0964,20.6918,Valid,16.829941375410428,0.07225862458957266,0.07225862458957266,15.000164853804327,-0.05486485380432704,0.05486485380432704,21.756244187266265,0.4306558127337361,0.4306558127337361,48.68907650572352,-17.59267650572352,17.59267650572352,17.59267650572352,4.537613949212789,17.59267650572352,0.18058319145598026,0.7588836196142313,3
TRN-0085,11.2378,16.8026,28.0457,14.052,6.7369,6.2907,9.02,61.471,12.9026,Valid,6.457150838642983,0.27974916135701733,0.27974916135701733,6.2422442158240825,0.04845578417591767,0.04845578417591767,8.575238818310384,0.444761181689616,0.444761181689616,51.082754999329566,10.38824500067043,10.38824500067043,10.38824500067043,2.7903027819732453,10.38824500067043,0.2638311653506996,2.6427777080661277,4
TRN-0685,31.8763,87.9656,35.5841,42.6868,20.5022,19.7731,25.75,52.2359,37.7807,Valid,20.656517951435966,-0.15431795143596716,0.15431795143596716,19.90324728283938,-0.13014728283938126,0.13014728283938126,26.029433941416116,-0.27943394141611577,0.27943394141611577,48.051573540994575,4.184326459005426,4.184326459005426,4.184326459005426,1.1870564086742226,4.184326459005426,0.4572355774793173,1.098003031255211,1
TRN-0888,29.1316,87.2646,32.8035,33.0805,21.8279,24.0598,24.2703,61.1365,35.2834,Invalid,19.18077567555769,2.6471243244423093,2.6471243244423093,18.723592693948078,5.3362073060519215,5.3362073060519215,24.026534772941204,0.24376522705879466,0.24376522705879466,48.4248451698335,12.711654830166495,12.711654830166495,12.711654830166495,5.23468792192988,12.711654830166495,0.16039295190423272,1.1975699827273854,1
TRN-0609,28.7022,49.8082,35.574,32.2327,16.4982,15.1114,21.3608,42.7087,21.5634,Valid,16.90046731211608,-0.4022673121160807,0.4022673121160807,15.478436631322824,-0.36703663132282394,0.36703663132282394,21.919557184463528,-0.5587571844635271,0.5587571844635271,48.987560215896806,-6.278860215896806,6.278860215896806,6.278860215896806,1.9017303359498094,6.278860215896806,0.34462196145896334,1.1537436477794427,3
TRN-0182,28.9134,69.877,35.6098,49.2626,18.3843,17.4357,23.2013,41.1466,28.8087,Valid,18.311521131033437,0.07277886896656227,0.07277886896656227,17.400786195831053,0.03491380416894785,0.03491380416894785,23.31966711182973,-0.11836711182973048,0.11836711182973048,48.375538161294536,-7.228938161294536,7.228938161294536,7.228938161294536,1.8637494865649442,7.228938161294536,0.34919255496733265,0.9468458670508747,3
TRN-0211,29.5815,96.4859,33.6394,22.865,19.5361,19.4533,24.3634,21.8384,41.8311,Valid,19.786307344526936,-0.2502073445269346,0.2502073445269346,19.6011307543721,-0.14783075437210158,0.14783075437210158,24.619622630656732,-0.25622263065673323,0.25622263065673323,48.53800931023734,-26.699609310237342,26.699609310237342,26.699609310237342,6.838467509948278,26.699609310237342,0.12757595776608616,0.23054483066568815,1
TRN-0574,26.7868,108.7878,45.2297,26.2494,19.1576,20.2134,23.4315,52.4351,56.3026,Valid,19.178055824624714,-0.02045582462471529,0.02045582462471529,20.078255739514418,0.13514426048558192,0.13514426048558192,23.603424015302267,-0.17192401530226675,0.17192401530226675,48.99235403367696,3.442745966323038,3.442745966323038,3.442745966323038,0.9425675166839005,3.442745966323038,0.514782622179882,1.1550913399476077,1
TRN-0648,12.2535,84.2097,34.1778,23.3351,10.7455,12.535,12.8661,49.7019,27.754,Valid,10.784881489982975,-0.03938148998297564,0.03938148998297564,12.588319502659095,-0.05331950265909491,0.05331950265909491,12.78027114812579,0.08582885187420963,0.08582885187420963,50.26701044903681,-0.5651104490368084,0.5651104490368084,0.5651104490368084,0.18591007338827215,0.5651104490368084,0.8432342573352909,1.8151223072634666,4
TRN-0665,10.6599,55.4415,45.4533,57.3204,8.7772,10.33,10.7495,50.0292,15.8353,Invalid,8.848721946438799,-0.07152194643879817,0.07152194643879817,10.24726563122729,0.08273436877271045,0.08273436877271045,11.004519221708978,-0.25501922170897906,0.25501922170897906,50.37206694732911,-0.3428669473291066,0.3428669473291066,0.3428669473291066,0.18803562106239857,0.3428669473291066,0.8417256034004703,2.06554495071348,4
TRN-0966,10.2322,24.649,29.244,29.8759,6.378,6.8095,8.3687,35.6748,13.3057,Valid,6.595880672466803,-0.2178806724668032,0.2178806724668032,6.733661402728201,0.0758385972717992,0.0758385972717992,8.57710346021883,-0.20840346021882894,0.20840346021882894,50.782529581226186,-15.107729581226188,15.107729581226188,15.107729581226188,3.902463077795905,15.107729581226188,0.2039790986961577,2.0476161188054594,4
TRN-0064,29.9458,73.9712,26.1227,21.0852,18.5312,17.6543,23.3809,46.6224,26.9808,Valid,18.68707141421641,-0.15587141421640993,0.15587141421640993,17.561046810706166,0.09325318929383286,0.09325318929383286,23.62833960801419,-0.24743960801419007,0.24743960801419007,48.52494222666252,-1.9025422266625185,1.9025422266625185,1.9025422266625185,0.5997766095467378,1.9025422266625185,0.6250872740809283,1.0911918804273595,3
TRN-0499,16.3503,36.5196,38.889,45.5942,10.4687,9.9585,24.1552,37.4683,17.1232,Invalid,10.391785362570284,0.07691463742971649,0.07691463742971649,10.299490394521415,-0.34099039452141433,0.34099039452141433,13.499591804153024,10.655608195846977,10.655608195846977,50.08496932582281,-12.616669325822812,12.616669325822812,12.616669325822812,5.92254563840523,12.616669325822812,0.14445553012350718,1.3411116097185716,4
TRN-0334,14.8769,107.2819,28.9216,39.1291,13.3181,15.2609,15.5173,60.8696,45.5134,Valid,13.499371776188728,-0.18127177618872814,0.18127177618872814,15.419788789563077,-0.15888878956307728,0.15888878956307728,15.81198530465122,-0.2946853046512192,0.2946853046512192,49.24289478029757,11.62670521970243,11.62670521970243,11.62670521970243,3.0653877725263636,11.62670521970243,0.24597899535142437,1.8120735164187542,2
TRN-0352,10.5874,42.421,34.8628,33.0266,7.567,8.2445,9.545,51.1579,15.1699,Valid,7.792790203797594,-0.22579020379759385,0.22579020379759385,8.571123824098494,-0.326623824098494,0.326623824098494,9.801043747497229,-0.2560437474972286,0.2560437474972286,50.684429678377455,0.47347032162254266,0.47347032162254266,0.47347032162254266,0.32048202425396477,0.47347032162254266,0.7572992147053057,2.2788325968274745,4
TRN-0448,30.1259,65.5198,38.2584,11.9638,18.4846,17.4073,23.6323,39.9026,28.5721,Valid,18.215949628234988,0.2686503717650126,0.2686503717650126,17.21676135924269,0.19053864075731042,0.19053864075731042,23.32566267859537,0.3066373214046294,0.3066373214046294,49.22758597978636,-9.324985979786362,9.324985979786362,9.324985979786362,2.5227030784283286,9.324985979786362,0.28387291739789633,0.9049990928002942,3
TRN-0701,8.0832,102.2184,27.279,41.7623,9.837,12.5588,11.2025,50.148,38.0511,Valid,9.982827226471738,-0.14582722647173796,0.14582722647173796,12.610644843124456,-0.051844843124456474,0.051844843124456474,11.175168064295036,0.027331935704964394,0.027331935704964394,49.80441115553151,0.343588844468492,0.343588844468492,0.343588844468492,0.1421482124424127,0.343588844468492,0.8755431117486603,1.9253856347632627,2
TRN-0077,28.6141,92.9727,24.1137,57.8035,1.0,18.8709,24.1812,38.1393,36.4665,Invalid,19.527756857032106,-18.527756857032106,18.527756857032106,18.96189671367447,-0.09099671367447115,0.09099671367447115,24.265502937366445,-0.08430293736644501,0.08430293736644501,47.55977389834896,-9.420473898348959,9.420473898348959,18.527756857032106,7.030882601605495,18.527756857032106,0.12451931495052423,1.807453428240216,1
TRN-0900,14.0411,33.1688,32.8892,5.0829,8.7505,8.8766,11.533,55.739,15.1575,Valid,8.608760023509724,0.14173997649027648,0.14173997649027648,8.678768254797044,0.1978317452029561,0.1978317452029561,11.115640164819778,0.41735983518022124,0.41735983518022124,51.015861089138845,4.723138910861152,4.723138910861152,4.723138910861152,1.3700176169336515,4.723138910861152,0.42193779187760144,2.213850458320308,4
TRN-0034,11.1801,81.6207,24.0033,51.6781,10.9195,12.251,12.6476,57.4131,23.8279,Valid,10.447404715624987,0.4720952843750119,0.4720952843750119,11.91377809083807,0.3372219091619293,0.3372219091619293,12.289621161237132,0.3579788387628682,0.3579788387628682,49.411134613931516,8.001965386068484,8.001965386068484,8.001965386068484,2.2923153545920734,8.001965386068484,0.3037376108595474,1.9947648449167896,4
TRN-0239,16.2927,22.5266,18.0,56.5085,9.3918,8.2446,12.2663,53.6154,14.4998,Valid,9.691895841470705,-0.30009584147070534,0.30009584147070534,8.516959950377132,-0.27235995037713145,0.27235995037713145,12.700116646000605,-0.4338166460006061,0.4338166460006061,49.26842383639825,4.346976163601752,4.346976163601752,4.346976163601752,1.3383121503625488,4.346976163601752,0.42765889911017774,2.1729794269843654,4
TRN-0535,26.1926,94.0394,24.7273,10.6431,17.7601,8.933,21.8885,29.1698,35.5601,Invalid,17.86505281494494,-0.10495281494493724,0.10495281494493724,17.832040553594958,-8.899040553594958,8.899040553594958,21.998152647811366,-0.10965264781136597,0.10965264781136597,48.83171831695212,-19.66191831695212,19.66191831695212,19.66191831695212,7.193891083325846,19.66191831695212,0.12204213966609216,1.0411022612571548,1
TRN-0373,22.3964,35.4825,35.1415,9.346,13.1843,12.0804,17.3384,57.9593,18.6685,Valid,12.806708389848291,0.3775916101517094,0.3775916101517094,11.873020533539213,0.20737946646078598,0.20737946646078598,16.748146257173094,0.5902537428269063,0.5902537428269063,50.21052873679563,7.748771263204368,7.748771263204368,7.748771263204368,2.2309990206609425,7.748771263204368,0.3095017960715559,1.8248920770021095,4
TRN-0539,9.3981,58.666,37.814,54.2995,7.9371,9.6094,9.7017,51.1548,16.8214,Valid,8.37377880724991,-0.43667880724990926,0.43667880724990926,9.814227512209177,-0.20482751220917628,0.20482751220917628,10.205882368710652,-0.5041823687106515,0.5041823687106515,50.25101415083461,0.903785849165395,0.903785849165395,0.903785849165395,0.512368634333783,0.903785849165395,0.6612144534725242,2.204899197786208,4
TRN-0141,16.714,29.6168,30.5975,6.9082,9.8028,9.156,12.851,54.5636,15.9219,Valid,9.716051772854895,0.08674822714510455,0.08674822714510455,9.24398478017873,-0.08798478017872924,0.08798478017872924,12.677620633813978,0.17337936618602257,0.17337936618602257,50.68899874452925,3.8746012554707505,3.8746012554707505,3.8746012554707505,1.0556784072451517,3.8746012554707505,0.4864574130250832,2.1028501354119973,4
