Test_ID,Actual_Validity,Actual_Binary,Supervised_Prediction,Supervised_Binary,Supervised_Probability_Invalid,IsolationForest_Score,IsolationForest_Flag,LOF_Score,LOF_Flag,Agreement_Group
TRN-0889,Valid,0,Valid,0,0.04,0.3981144501003096,0,1.0080784358880703,0,Group 4 (Both Valid/Normal)
TRN-0820,Valid,0,Valid,0,0.01,0.38596581168635613,0,0.9942095584408648,0,Group 4 (Both Valid/Normal)
TRN-0411,Valid,0,Valid,0,0.05,0.4186627972852236,0,1.062214228670721,0,Group 4 (Both Valid/Normal)
TRN-0754,Valid,0,Valid,0,0.07,0.3805669103771818,0,0.9828309189335093,0,Group 4 (Both Valid/Normal)
TRN-0707,Valid,0,Valid,0,0.1,0.39313370124835223,0,0.9906424616352499,0,Group 4 (Both Valid/Normal)
TRN-0140,Valid,0,Valid,0,0.32,0.5963988835729646,1,1.0112043974884648,0,Group 3 (Supervised Valid / Anomaly Anomalous)
TRN-0881,Valid,0,Valid,0,0.06,0.37799689901263656,0,0.9789377005967982,0,Group 4 (Both Valid/Normal)
TRN-0381,Valid,0,Valid,0,0.06,0.37913262363750866,0,0.9747176642454836,0,Group 4 (Both Valid/Normal)
TRN-0095,Valid,0,Valid,0,0.02,0.4379281427768868,0,1.0686809219031912,0,Group 4 (Both Valid/Normal)
TRN-0135,Invalid,1,Invalid,1,0.68,0.4507230348020907,0,1.3936945993787209,0,Group 2 (Supervised Invalid / Anomaly Normal)
TRN-0633,Valid,0,Valid,0,0.09,0.42692720348421115,0,1.064230488927533,0,Group 4 (Both Valid/Normal)
TRN-0138,Valid,0,Valid,0,0.06,0.3946839516214831,0,0.9993889674374596,0,Group 4 (Both Valid/Normal)
TRN-0591,Valid,0,Valid,0,0.18,0.49487924275046785,0,1.184878176408168,0,Group 4 (Both Valid/Normal)
TRN-0262,Valid,0,Valid,0,0.16,0.4016070642423365,0,1.02492697362387,0,Group 4 (Both Valid/Normal)
TRN-0729,Valid,0,Valid,0,0.11,0.4097882510462803,0,1.060681143316779,0,Group 4 (Both Valid/Normal)
TRN-0307,Valid,0,Valid,0,0.19,0.48264355218969307,0,1.0695926932568784,0,Group 4 (Both Valid/Normal)
TRN-0091,Valid,0,Valid,0,0.05,0.3800746499584354,0,0.986337453024101,0,Group 4 (Both Valid/Normal)
TRN-0542,Valid,0,Valid,0,0.21,0.4185607843351643,0,1.1848787944208259,0,Group 4 (Both Valid/Normal)
TRN-0937,Valid,0,Valid,0,0.18,0.39555901993893533,0,1.0120552589986682,0,Group 4 (Both Valid/Normal)
TRN-0092,Valid,0,Valid,0,0.17,0.44016701737139535,0,1.1068663924068392,0,Group 4 (Both Valid/Normal)
TRN-0268,Valid,0,Valid,0,0.26,0.45307367355257255,0,1.2086891931009995,0,Group 4 (Both Valid/Normal)
TRN-0782,Valid,0,Valid,0,0.03,0.4163314394914707,0,1.0463341515276878,0,Group 4 (Both Valid/Normal)
TRN-0919,Valid,0,Valid,0,0.01,0.3758129373749768,0,0.9938273557110378,0,Group 4 (Both Valid/Normal)
TRN-0053,Valid,0,Valid,0,0.07,0.44816444486088847,0,1.0434295273166971,0,Group 4 (Both Valid/Normal)
TRN-0408,Valid,0,Valid,0,0.12,0.4576920118925874,0,1.1156304718630186,0,Group 4 (Both Valid/Normal)
TRN-0501,Valid,0,Valid,0,0.06,0.37926360945019416,0,0.9820135707290838,0,Group 4 (Both Valid/Normal)
TRN-0311,Valid,0,Valid,0,0.01,0.38639360525676975,0,0.9845813600383673,0,Group 4 (Both Valid/Normal)
TRN-0562,Valid,0,Valid,0,0.04,0.43879628897290823,0,1.1480071309019502,0,Group 4 (Both Valid/Normal)
TRN-0126,Valid,0,Valid,0,0.02,0.3786861465117697,0,0.9520759989914591,0,Group 4 (Both Valid/Normal)
TRN-0676,Valid,0,Valid,0,0.05,0.4592457554867751,0,1.0603554092250287,0,Group 4 (Both Valid/Normal)
TRN-0360,Valid,0,Valid,0,0.11,0.4229109739279169,0,1.0317015629055677,0,Group 4 (Both Valid/Normal)
TRN-0367,Valid,0,Valid,0,0.06,0.4037400619090457,0,1.0146021547376864,0,Group 4 (Both Valid/Normal)
TRN-0405,Valid,0,Valid,0,0.29,0.59399535585435,1,0.9858474953188004,0,Group 3 (Supervised Valid / Anomaly Anomalous)
TRN-0868,Valid,0,Valid,0,0.04,0.466422202426526,0,1.1199965132797627,0,Group 4 (Both Valid/Normal)
TRN-0020,Valid,0,Valid,0,0.2,0.4375996327878274,0,1.0213401121995145,0,Group 4 (Both Valid/Normal)
TRN-0316,Valid,0,Valid,0,0.08,0.3820682222037146,0,1.0046698513563341,0,Group 4 (Both Valid/Normal)
TRN-0067,Valid,0,Valid,0,0.08,0.43366413502270507,0,1.0707731437460102,0,Group 4 (Both Valid/Normal)
TRN-0317,Valid,0,Valid,0,0.06,0.39668827904468673,0,1.0189169265031102,0,Group 4 (Both Valid/Normal)
TRN-0087,Invalid,1,Invalid,1,0.83,0.44860605622519817,0,1.3362401633217842,0,Group 2 (Supervised Invalid / Anomaly Normal)
TRN-0801,Valid,0,Valid,0,0.1,0.4119862219904853,0,1.0804250582252535,0,Group 4 (Both Valid/Normal)
TRN-0012,Valid,0,Valid,0,0.05,0.40648385856193303,0,0.9852740058603574,0,Group 4 (Both Valid/Normal)
TRN-0578,Valid,0,Valid,0,0.05,0.40972053937183434,0,1.008494684889384,0,Group 4 (Both Valid/Normal)
TRN-0859,Valid,0,Valid,0,0.33,0.43128557791031363,0,1.1489198230369504,0,Group 4 (Both Valid/Normal)
TRN-0533,Invalid,1,Invalid,1,0.86,0.5295215093299227,1,1.1792130563081935,0,Group 1 (Both Invalid/Anomalous)
TRN-0967,Valid,0,Valid,0,0.07,0.3823287511349769,0,0.9910658166595004,0,Group 4 (Both Valid/Normal)
TRN-0788,Valid,0,Valid,0,0.22,0.3939657045100439,0,1.065469882277704,0,Group 4 (Both Valid/Normal)
TRN-0700,Valid,0,Valid,0,0.07,0.3806343801400849,0,0.9905997040213312,0,Group 4 (Both Valid/Normal)
TRN-0151,Valid,0,Valid,0,0.06,0.3929143099905123,0,1.0020647447795972,0,Group 4 (Both Valid/Normal)
TRN-0236,Valid,0,Valid,0,0.06,0.3959901447312433,0,1.0505715647636347,0,Group 4 (Both Valid/Normal)
TRN-0130,Valid,0,Valid,0,0.16,0.408937043434434,0,1.021464086187628,0,Group 4 (Both Valid/Normal)
TRN-0558,Valid,0,Valid,0,0.17,0.43316854328414994,0,1.0335058777011574,0,Group 4 (Both Valid/Normal)
TRN-0335,Valid,0,Valid,0,0.06,0.40873294263700827,0,1.0112080674363908,0,Group 4 (Both Valid/Normal)
TRN-0747,Valid,0,Valid,0,0.21,0.4833981879189075,0,1.0227555485979412,0,Group 4 (Both Valid/Normal)
TRN-0065,Valid,0,Valid,0,0.17,0.4443642169839093,0,1.016409776992588,0,Group 4 (Both Valid/Normal)
TRN-0257,Valid,0,Valid,0,0.16,0.6036643510029045,1,0.9911474228987798,0,Group 3 (Supervised Valid / Anomaly Anomalous)
TRN-0443,Valid,0,Valid,0,0.08,0.41123871416913305,0,1.059448443146958,0,Group 4 (Both Valid/Normal)
TRN-0507,Valid,0,Valid,0,0.05,0.4356732774541824,0,1.0468701331433654,0,Group 4 (Both Valid/Normal)
TRN-0943,Valid,0,Valid,0,0.04,0.4151230984739849,0,1.0159558202005265,0,Group 4 (Both Valid/Normal)
TRN-0438,Valid,0,Valid,0,0.09,0.46592773474730714,0,1.0749779885293902,0,Group 4 (Both Valid/Normal)
TRN-0323,Invalid,1,Invalid,1,0.67,0.44160577522995775,0,1.1421370521980236,0,Group 2 (Supervised Invalid / Anomaly Normal)
TRN-0541,Valid,0,Valid,0,0.02,0.4202750081975011,0,0.9662679184154227,0,Group 4 (Both Valid/Normal)
TRN-0513,Valid,0,Valid,0,0.39,0.48976644471717107,0,1.1320137190060866,0,Group 4 (Both Valid/Normal)
TRN-0830,Valid,0,Valid,0,0.28,0.45282272617846125,0,0.9827695822619221,0,Group 4 (Both Valid/Normal)
TRN-0124,Invalid,1,Invalid,1,0.82,0.45091557570419183,0,1.4629776972754807,0,Group 2 (Supervised Invalid / Anomaly Normal)
TRN-0434,Valid,0,Valid,0,0.23,0.5960467644962968,1,0.9738764497103748,0,Group 3 (Supervised Valid / Anomaly Anomalous)
TRN-0742,Valid,0,Valid,0,0.05,0.41249749186759155,0,1.0456548132828363,0,Group 4 (Both Valid/Normal)
TRN-0351,Valid,0,Valid,0,0.07,0.43646106736461415,0,1.101797671178879,0,Group 4 (Both Valid/Normal)
TRN-0736,Valid,0,Valid,0,0.07,0.38812326711473744,0,1.0158748941182405,0,Group 4 (Both Valid/Normal)
TRN-0518,Invalid,1,Valid,0,0.23,0.41493431132536046,0,1.2952249255329351,0,Group 4 (Both Valid/Normal)
TRN-0097,Invalid,1,Invalid,1,0.61,0.47062814445416246,0,1.250303633591773,0,Group 2 (Supervised Invalid / Anomaly Normal)
TRN-0220,Valid,0,Valid,0,0.11,0.39140331237881326,0,0.9791470412972634,0,Group 4 (Both Valid/Normal)
TRN-0713,Valid,0,Valid,0,0.26,0.4480763689292179,0,1.048403423078823,0,Group 4 (Both Valid/Normal)
TRN-0890,Valid,0,Valid,0,0.06,0.41434126156024675,0,1.026254592426662,0,Group 4 (Both Valid/Normal)
TRN-0531,Valid,0,Valid,0,0.09,0.41217503701757874,0,1.0277899028390707,0,Group 4 (Both Valid/Normal)
TRN-0369,Valid,0,Valid,0,0.08,0.3888361706543816,0,1.0359569307008478,0,Group 4 (Both Valid/Normal)
TRN-0781,Valid,0,Valid,0,0.04,0.3942293733231441,0,1.0021145304320833,0,Group 4 (Both Valid/Normal)
TRN-0928,Valid,0,Valid,0,0.05,0.39936170354237466,0,0.9858237334955053,0,Group 4 (Both Valid/Normal)
TRN-0194,Valid,0,Valid,0,0.21,0.4594509979414144,0,1.0885185223554026,0,Group 4 (Both Valid/Normal)
TRN-0743,Invalid,1,Invalid,1,1.0,0.494295918477819,0,0.9864085007809388,0,Group 2 (Supervised Invalid / Anomaly Normal)
TRN-0294,Valid,0,Valid,0,0.05,0.3944964360295029,0,0.9667949474825395,0,Group 4 (Both Valid/Normal)
TRN-0304,Invalid,1,Valid,0,0.43,0.42574044538535816,0,1.1237721961364138,0,Group 4 (Both Valid/Normal)
TRN-0382,Valid,0,Valid,0,0.06,0.3957145439648266,0,0.9940211760386377,0,Group 4 (Both Valid/Normal)
TRN-0417,Valid,0,Valid,0,0.09,0.395848569127394,0,0.9893115478675348,0,Group 4 (Both Valid/Normal)
TRN-0297,Valid,0,Valid,0,0.13,0.4685562459336094,0,1.174741243302767,0,Group 4 (Both Valid/Normal)
TRN-0622,Invalid,1,Valid,0,0.47,0.42305274464177317,0,1.173421919276836,0,Group 4 (Both Valid/Normal)
TRN-0563,Valid,0,Valid,0,0.04,0.40239813750684783,0,1.0527882010971998,0,Group 4 (Both Valid/Normal)
TRN-0920,Valid,0,Valid,0,0.38,0.6041905190534267,1,0.9838847663006209,0,Group 3 (Supervised Valid / Anomaly Anomalous)
TRN-0568,Valid,0,Valid,0,0.11,0.4321180621544325,0,1.0671533461837788,0,Group 4 (Both Valid/Normal)
TRN-0227,Valid,0,Valid,0,0.13,0.40475822679229334,0,1.0006165897682568,0,Group 4 (Both Valid/Normal)
TRN-0581,Valid,0,Valid,0,0.12,0.4214893170301872,0,1.0824332400105052,0,Group 4 (Both Valid/Normal)
TRN-0320,Valid,0,Valid,0,0.28,0.46017726869472353,0,1.1548742868382358,0,Group 4 (Both Valid/Normal)
TRN-0167,Invalid,1,Valid,0,0.35,0.5273391511464409,1,1.3454471236951857,0,Group 3 (Supervised Valid / Anomaly Anomalous)
TRN-0450,Valid,0,Valid,0,0.07,0.4425156662359624,0,1.0819425470192379,0,Group 4 (Both Valid/Normal)
TRN-0287,Valid,0,Valid,0,0.22,0.4403234102645196,0,1.0117176718261098,0,Group 4 (Both Valid/Normal)
TRN-0650,Valid,0,Valid,0,0.06,0.41380218567773336,0,1.0275229800434278,0,Group 4 (Both Valid/Normal)
TRN-0901,Valid,0,Valid,0,0.09,0.38736301755643565,0,0.9996854792111476,0,Group 4 (Both Valid/Normal)
TRN-0031,Valid,0,Valid,0,0.16,0.4591583040796519,0,1.1413730979146066,0,Group 4 (Both Valid/Normal)
TRN-0199,Valid,0,Valid,0,0.08,0.41336668837989754,0,1.017105903450838,0,Group 4 (Both Valid/Normal)
TRN-0630,Valid,0,Valid,0,0.02,0.3721150318738782,0,0.9672719501115669,0,Group 4 (Both Valid/Normal)
TRN-0605,Valid,0,Valid,0,0.06,0.413514729205509,0,1.0631914526065287,0,Group 4 (Both Valid/Normal)
TRN-0704,Invalid,1,Valid,0,0.35,0.4444565250646566,0,1.3608005955862974,0,Group 4 (Both Valid/Normal)
TRN-0614,Valid,0,Valid,0,0.06,0.4083278113859077,0,1.0218999769861183,0,Group 4 (Both Valid/Normal)
TRN-0315,Valid,0,Valid,0,0.05,0.3931358860514623,0,1.010843856284233,0,Group 4 (Both Valid/Normal)
TRN-0018,Invalid,1,Valid,0,0.35,0.44439069511062596,0,1.1906367890257386,0,Group 4 (Both Valid/Normal)
TRN-0669,Valid,0,Valid,0,0.02,0.4077574274864929,0,1.037930199542158,0,Group 4 (Both Valid/Normal)
TRN-0168,Invalid,1,Invalid,1,0.93,0.49537102532138694,0,0.9790744866077254,0,Group 2 (Supervised Invalid / Anomaly Normal)
TRN-0397,Valid,0,Valid,0,0.0,0.3843653802790119,0,0.9729612164142555,0,Group 4 (Both Valid/Normal)
TRN-0324,Valid,0,Valid,0,0.33,0.5665964588422094,1,0.9734516514305739,0,Group 3 (Supervised Valid / Anomaly Anomalous)
TRN-0154,Invalid,1,Invalid,1,1.0,0.4865920816491763,0,0.9790744866077257,0,Group 2 (Supervised Invalid / Anomaly Normal)
TRN-0666,Valid,0,Valid,0,0.09,0.444392288365815,0,1.121843962385416,0,Group 4 (Both Valid/Normal)
TRN-0826,Valid,0,Valid,0,0.02,0.38493587979950084,0,0.9693992710515381,0,Group 4 (Both Valid/Normal)
TRN-0131,Valid,0,Valid,0,0.02,0.378579803254945,0,0.963725019372886,0,Group 4 (Both Valid/Normal)
TRN-0206,Valid,0,Valid,0,0.05,0.39470648802417974,0,1.000151259475536,0,Group 4 (Both Valid/Normal)
TRN-0641,Valid,0,Valid,0,0.07,0.4048731120821157,0,1.0079946970861997,0,Group 4 (Both Valid/Normal)
TRN-0478,Valid,0,Valid,0,0.04,0.38582362106222545,0,0.9714797031176599,0,Group 4 (Both Valid/Normal)
TRN-0026,Valid,0,Valid,0,0.02,0.3914061430080842,0,1.022111783850424,0,Group 4 (Both Valid/Normal)
TRN-0363,Valid,0,Valid,0,0.03,0.400020780076486,0,1.0094198235980005,0,Group 4 (Both Valid/Normal)
TRN-0430,Valid,0,Valid,0,0.07,0.36582842059567094,0,0.974730420121402,0,Group 4 (Both Valid/Normal)
TRN-0936,Valid,0,Valid,0,0.2,0.42880111264565796,0,1.0514877832437466,0,Group 4 (Both Valid/Normal)
TRN-0129,Valid,0,Valid,0,0.33,0.5972542991331976,1,0.9765570046210599,0,Group 3 (Supervised Valid / Anomaly Anomalous)
TRN-0688,Valid,0,Valid,0,0.07,0.38106352090224294,0,1.0007850344205864,0,Group 4 (Both Valid/Normal)
TRN-0157,Valid,0,Valid,0,0.08,0.39625839926640877,0,1.0147460829823527,0,Group 4 (Both Valid/Normal)
TRN-0422,Valid,0,Valid,0,0.11,0.40851129592498436,0,1.0412547586140293,0,Group 4 (Both Valid/Normal)
TRN-0561,Invalid,1,Valid,0,0.28,0.4029820165580927,0,1.0742061696293224,0,Group 4 (Both Valid/Normal)
TRN-0281,Valid,0,Valid,0,0.0,0.39601294049720354,0,1.016485225014287,0,Group 4 (Both Valid/Normal)
TRN-0108,Invalid,1,Valid,0,0.36,0.4381687976020473,0,1.3003373961542795,0,Group 4 (Both Valid/Normal)
TRN-0332,Valid,0,Valid,0,0.16,0.39186408433621106,0,1.0271752844420838,0,Group 4 (Both Valid/Normal)
TRN-0185,Invalid,1,Invalid,1,1.0,0.482568848340409,0,0.9864085007809388,0,Group 2 (Supervised Invalid / Anomaly Normal)
TRN-0746,Valid,0,Valid,0,0.03,0.39692141117882374,0,0.9855167951749897,0,Group 4 (Both Valid/Normal)
TRN-0656,Valid,0,Valid,0,0.05,0.445192841450121,0,1.111536827860308,0,Group 4 (Both Valid/Normal)
TRN-0270,Valid,0,Valid,0,0.02,0.37988836420841576,0,0.9867215474516218,0,Group 4 (Both Valid/Normal)
TRN-0462,Valid,0,Valid,0,0.11,0.4269940813024396,0,0.9958580089351591,0,Group 4 (Both Valid/Normal)
TRN-0245,Valid,0,Valid,0,0.08,0.4033883238733295,0,0.9945864459344318,0,Group 4 (Both Valid/Normal)
TRN-0986,Valid,0,Valid,0,0.12,0.39315859234906164,0,1.0197656215274806,0,Group 4 (Both Valid/Normal)
TRN-0905,Valid,0,Valid,0,0.07,0.3769144299987072,0,1.011570355502864,0,Group 4 (Both Valid/Normal)
TRN-0355,Valid,0,Valid,0,0.08,0.42426754646014575,0,1.0513724154097888,0,Group 4 (Both Valid/Normal)
TRN-0684,Valid,0,Valid,0,0.01,0.37894962583280345,0,0.9771318260008746,0,Group 4 (Both Valid/Normal)
TRN-0433,Valid,0,Valid,0,0.06,0.3797153455607579,0,0.9681252279717333,0,Group 4 (Both Valid/Normal)
TRN-0205,Valid,0,Valid,0,0.11,0.40471023388907845,0,1.048240733619431,0,Group 4 (Both Valid/Normal)
TRN-0806,Valid,0,Valid,0,0.11,0.41652660983206075,0,1.0378301586089325,0,Group 4 (Both Valid/Normal)
TRN-0177,Valid,0,Valid,0,0.04,0.4168719839761828,0,1.0155025051040139,0,Group 4 (Both Valid/Normal)
TRN-0744,Valid,0,Valid,0,0.23,0.4779990109552866,0,1.1823301249497633,0,Group 4 (Both Valid/Normal)
TRN-0295,Valid,0,Valid,0,0.08,0.4030228068750369,0,1.0061189496548533,0,Group 4 (Both Valid/Normal)
TRN-0948,Valid,0,Valid,0,0.18,0.4020678991451747,0,1.0423866339845838,0,Group 4 (Both Valid/Normal)
TRN-0844,Valid,0,Valid,0,0.07,0.38365050503517345,0,0.9806307237478908,0,Group 4 (Both Valid/Normal)
TRN-0035,Valid,0,Valid,0,0.02,0.3836542400373774,0,0.9990536110034233,0,Group 4 (Both Valid/Normal)
TRN-0971,Valid,0,Valid,0,0.2,0.3985497134137893,0,1.0124972991275951,0,Group 4 (Both Valid/Normal)
TRN-0455,Valid,0,Valid,0,0.04,0.404375230061643,0,0.9815740051250341,0,Group 4 (Both Valid/Normal)
TRN-0792,Valid,0,Valid,0,0.05,0.4184673271978892,0,1.0499304129371747,0,Group 4 (Both Valid/Normal)
TRN-0662,Valid,0,Valid,0,0.01,0.40832284012637104,0,0.9947861849098798,0,Group 4 (Both Valid/Normal)
TRN-0266,Valid,0,Valid,0,0.04,0.3903247668537969,0,0.997343931204103,0,Group 4 (Both Valid/Normal)
TRN-0326,Valid,0,Valid,0,0.13,0.4521205512719903,0,1.045258575299665,0,Group 4 (Both Valid/Normal)
TRN-0173,Valid,0,Valid,0,0.03,0.4118761684177754,0,0.9767777403089457,0,Group 4 (Both Valid/Normal)
TRN-0473,Valid,0,Valid,0,0.03,0.3787852651384077,0,0.9907975320273696,0,Group 4 (Both Valid/Normal)
TRN-0759,Valid,0,Valid,0,0.02,0.380635794992511,0,0.9677157578916422,0,Group 4 (Both Valid/Normal)
TRN-0090,Valid,0,Valid,0,0.03,0.38579716305570844,0,1.0053238646231502,0,Group 4 (Both Valid/Normal)
TRN-0346,Invalid,1,Invalid,1,1.0,0.47438900114425453,0,0.9864085007809388,0,Group 2 (Supervised Invalid / Anomaly Normal)
TRN-0250,Valid,0,Valid,0,0.16,0.3888747236040758,0,1.0745447284693495,0,Group 4 (Both Valid/Normal)
TRN-0585,Valid,0,Valid,0,0.06,0.4347345998495486,0,1.079943085310142,0,Group 4 (Both Valid/Normal)
TRN-0057,Valid,0,Valid,0,0.02,0.4987359111412745,0,1.267160145752563,0,Group 4 (Both Valid/Normal)
TRN-0187,Valid,0,Valid,0,0.11,0.4373989078895421,0,0.9954187344524259,0,Group 4 (Both Valid/Normal)
TRN-0557,Invalid,1,Valid,0,0.46,0.45519210989398495,0,1.3363285957639766,0,Group 4 (Both Valid/Normal)
TRN-0098,Valid,0,Valid,0,0.15,0.37327820371525383,0,0.9851624938416641,0,Group 4 (Both Valid/Normal)
TRN-0734,Invalid,1,Valid,0,0.18,0.4210881038083946,0,1.1667579318958672,0,Group 4 (Both Valid/Normal)
TRN-0718,Invalid,1,Valid,0,0.21,0.5995444826390931,1,2.368254545274831,1,Group 3 (Supervised Valid / Anomaly Anomalous)
TRN-0389,Valid,0,Valid,0,0.1,0.40720939371448817,0,1.0503436578370535,0,Group 4 (Both Valid/Normal)
TRN-0680,Valid,0,Valid,0,0.04,0.38189155583749845,0,1.0001586721544147,0,Group 4 (Both Valid/Normal)
TRN-0709,Valid,0,Valid,0,0.35,0.5009364753899007,1,1.2258680478636568,0,Group 3 (Supervised Valid / Anomaly Anomalous)
TRN-0406,Invalid,1,Valid,0,0.45,0.4265348984660602,0,1.3461744440784322,0,Group 4 (Both Valid/Normal)
TRN-0496,Valid,0,Valid,0,0.08,0.4115587494589586,0,1.046239128856437,0,Group 4 (Both Valid/Normal)
TRN-0500,Valid,0,Valid,0,0.01,0.38720001464291115,0,1.0068842618981968,0,Group 4 (Both Valid/Normal)
TRN-0238,Valid,0,Valid,0,0.03,0.4079506892262098,0,1.0120529237930929,0,Group 4 (Both Valid/Normal)
TRN-0494,Valid,0,Valid,0,0.12,0.3837850050799643,0,0.9859069896629282,0,Group 4 (Both Valid/Normal)
TRN-0597,Valid,0,Valid,0,0.01,0.40468036248468175,0,0.9714067439636935,0,Group 4 (Both Valid/Normal)
TRN-0749,Valid,0,Valid,0,0.04,0.36643162183271744,0,0.9725121969678142,0,Group 4 (Both Valid/Normal)
TRN-0973,Valid,0,Valid,0,0.07,0.38694426474907107,0,1.0014142567912498,0,Group 4 (Both Valid/Normal)
TRN-0995,Valid,0,Valid,0,0.19,0.5997460870254705,1,0.9874233353574329,0,Group 3 (Supervised Valid / Anomaly Anomalous)
TRN-0420,Valid,0,Valid,0,0.14,0.3996460153235058,0,1.0200897396184136,0,Group 4 (Both Valid/Normal)
TRN-0621,Valid,0,Valid,0,0.15,0.4300968774075628,0,1.0271177144079222,0,Group 4 (Both Valid/Normal)
TRN-0128,Valid,0,Valid,0,0.22,0.42674276129160604,0,0.9736997899117792,0,Group 4 (Both Valid/Normal)
TRN-0436,Valid,0,Valid,0,0.17,0.45907312572241127,0,1.1403308320678023,0,Group 4 (Both Valid/Normal)
TRN-0733,Valid,0,Valid,0,0.01,0.4112513036316236,0,0.9949398386362992,0,Group 4 (Both Valid/Normal)
TRN-0451,Valid,0,Valid,0,0.01,0.41483578770858764,0,1.0522021663684291,0,Group 4 (Both Valid/Normal)
TRN-0061,Valid,0,Valid,0,0.12,0.41154836845042175,0,0.9910610111850693,0,Group 4 (Both Valid/Normal)
TRN-0051,Valid,0,Valid,0,0.18,0.5110138762591918,1,1.1463928580620761,0,Group 3 (Supervised Valid / Anomaly Anomalous)
TRN-0093,Valid,0,Valid,0,0.33,0.39894751247314053,0,1.0569491980988222,0,Group 4 (Both Valid/Normal)
TRN-0457,Valid,0,Valid,0,0.06,0.3924527659715932,0,1.0131682082444893,0,Group 4 (Both Valid/Normal)
TRN-0939,Valid,0,Valid,0,0.08,0.37286538206503006,0,0.9725417982954958,0,Group 4 (Both Valid/Normal)
TRN-0872,Invalid,1,Invalid,1,0.62,0.6011653187169318,1,1.910041458268518,1,Group 1 (Both Invalid/Anomalous)
TRN-0652,Invalid,1,Invalid,1,0.58,0.6323339622676535,1,10.682891935132421,1,Group 1 (Both Invalid/Anomalous)
TRN-0084,Valid,0,Valid,0,0.04,0.4108198820514477,0,1.0307463727023087,0,Group 4 (Both Valid/Normal)
TRN-0461,Valid,0,Valid,0,0.09,0.40902301334411767,0,1.0079794449337651,0,Group 4 (Both Valid/Normal)
TRN-0615,Valid,0,Valid,0,0.04,0.38409779840612057,0,0.9536371010319369,0,Group 4 (Both Valid/Normal)
TRN-0828,Valid,0,Valid,0,0.29,0.6010261671356243,1,1.0232282048575476,0,Group 3 (Supervised Valid / Anomaly Anomalous)
TRN-0082,Valid,0,Valid,0,0.06,0.3823620944906733,0,0.982093048032653,0,Group 4 (Both Valid/Normal)
TRN-0969,Valid,0,Valid,0,0.33,0.613178060275066,1,1.004723272327191,0,Group 3 (Supervised Valid / Anomaly Anomalous)
TRN-0675,Valid,0,Valid,0,0.01,0.4023415004361756,0,0.9919185994450601,0,Group 4 (Both Valid/Normal)
TRN-0458,Invalid,1,Invalid,1,0.79,0.4181332935741756,0,1.2969995610930347,0,Group 2 (Supervised Invalid / Anomaly Normal)
TRN-0190,Valid,0,Valid,0,0.04,0.46453380742284167,0,1.1747450257685395,0,Group 4 (Both Valid/Normal)
TRN-0202,Invalid,1,Invalid,1,0.58,0.5025372348621456,1,2.0969866657115412,1,Group 1 (Both Invalid/Anomalous)
TRN-0068,Valid,0,Valid,0,0.07,0.41304302096667833,0,1.066863030101799,0,Group 4 (Both Valid/Normal)
TRN-0214,Valid,0,Valid,0,0.16,0.41764188964399085,0,1.0661361260482844,0,Group 4 (Both Valid/Normal)
TRN-0477,Valid,0,Valid,0,0.05,0.41086482538874514,0,1.0080445404872473,0,Group 4 (Both Valid/Normal)
TRN-0394,Valid,0,Valid,0,0.08,0.40718821647357756,0,1.024780746808831,0,Group 4 (Both Valid/Normal)
TRN-0530,Valid,0,Valid,0,0.17,0.4022606646901568,0,1.0048650746499268,0,Group 4 (Both Valid/Normal)
TRN-0037,Valid,0,Valid,0,0.37,0.4216205022085087,0,1.0914742457607198,0,Group 4 (Both Valid/Normal)
TRN-0267,Invalid,1,Invalid,1,1.0,0.5021828931306913,1,0.9895013747690647,0,Group 1 (Both Invalid/Anomalous)
TRN-0440,Valid,0,Valid,0,0.06,0.42385756199359514,0,1.0894043676515284,0,Group 4 (Both Valid/Normal)
TRN-0697,Valid,0,Valid,0,0.03,0.38044664175097465,0,0.9709173559623091,0,Group 4 (Both Valid/Normal)
TRN-0974,Valid,0,Valid,0,0.1,0.38157454904987564,0,0.9858637004340212,0,Group 4 (Both Valid/Normal)
TRN-0869,Valid,0,Valid,0,0.05,0.4007364762236069,0,0.9823392351440454,0,Group 4 (Both Valid/Normal)
TRN-0025,Invalid,1,Valid,0,0.28,0.44121901508002387,0,1.1065025221915996,0,Group 4 (Both Valid/Normal)
TRN-0523,Invalid,1,Invalid,1,0.58,0.49260125128780463,0,2.2976123653889706,1,Group 2 (Supervised Invalid / Anomaly Normal)
TRN-0172,Valid,0,Valid,0,0.03,0.3919019909383017,0,0.9805705392512648,0,Group 4 (Both Valid/Normal)
TRN-0723,Valid,0,Valid,0,0.04,0.3923662366403156,0,0.9842584087746774,0,Group 4 (Both Valid/Normal)
TRN-0041,Valid,0,Valid,0,0.02,0.3903824702386551,0,0.9912021742894306,0,Group 4 (Both Valid/Normal)
TRN-0958,Valid,0,Valid,0,0.07,0.38848347674739486,0,1.012635573490555,0,Group 4 (Both Valid/Normal)
TRN-0364,Valid,0,Valid,0,0.01,0.41321593678947915,0,1.0126961612719625,0,Group 4 (Both Valid/Normal)
TRN-0553,Valid,0,Valid,0,0.05,0.4069155486647732,0,1.0286745466095915,0,Group 4 (Both Valid/Normal)
TRN-0253,Valid,0,Valid,0,0.11,0.47097662117866335,0,1.2214310595141968,0,Group 4 (Both Valid/Normal)
TRN-0566,Valid,0,Valid,0,0.04,0.39050410709242733,0,0.9823565023783573,0,Group 4 (Both Valid/Normal)
TRN-0777,Valid,0,Valid,0,0.13,0.4504068762088208,0,1.1621693334079835,0,Group 4 (Both Valid/Normal)
TRN-0485,Valid,0,Valid,0,0.05,0.4216928270037821,0,1.026453737549875,0,Group 4 (Both Valid/Normal)
TRN-0076,Invalid,1,Valid,0,0.29,0.4728468755254156,0,1.3697668308595354,0,Group 4 (Both Valid/Normal)
TRN-0234,Valid,0,Valid,0,0.06,0.4448988448791495,0,0.9746492004246419,0,Group 4 (Both Valid/Normal)
TRN-0176,Valid,0,Valid,0,0.07,0.39671501780773427,0,1.0663863780349114,0,Group 4 (Both Valid/Normal)
TRN-0931,Valid,0,Valid,0,0.1,0.4048300095998208,0,1.0032568367395296,0,Group 4 (Both Valid/Normal)
TRN-0945,Invalid,1,Invalid,1,0.98,0.47834208041762516,0,0.9905013229245789,0,Group 2 (Supervised Invalid / Anomaly Normal)
TRN-0715,Valid,0,Valid,0,0.01,0.3843035687900525,0,0.973393444344586,0,Group 4 (Both Valid/Normal)
TRN-0103,Valid,0,Valid,0,0.03,0.38900695944299724,0,0.9819337265595867,0,Group 4 (Both Valid/Normal)
TRN-0522,Valid,0,Valid,0,0.19,0.3871145950940961,0,0.9872244468756174,0,Group 4 (Both Valid/Normal)
TRN-0612,Valid,0,Valid,0,0.25,0.4398848170530395,0,1.1338045461900363,0,Group 4 (Both Valid/Normal)
TRN-0706,Valid,0,Valid,0,0.0,0.39439792747411817,0,0.9811431078926072,0,Group 4 (Both Valid/Normal)
TRN-0409,Valid,0,Valid,0,0.13,0.4312588180339388,0,1.0586883934577063,0,Group 4 (Both Valid/Normal)
TRN-0741,Valid,0,Valid,0,0.05,0.4010524727535244,0,0.9859496071103617,0,Group 4 (Both Valid/Normal)
TRN-0162,Valid,0,Valid,0,0.19,0.5102425190858146,1,1.364496572514245,0,Group 3 (Supervised Valid / Anomaly Anomalous)
TRN-0980,Valid,0,Valid,0,0.07,0.47573050632932545,0,1.1841030478448409,0,Group 4 (Both Valid/Normal)
TRN-0072,Valid,0,Valid,0,0.15,0.43057614572799735,0,1.0763652961333725,0,Group 4 (Both Valid/Normal)
TRN-0670,Valid,0,Valid,0,0.09,0.38581431780377423,0,0.983004315415046,0,Group 4 (Both Valid/Normal)
TRN-0884,Valid,0,Valid,0,0.03,0.3757090919967178,0,0.9697359352138525,0,Group 4 (Both Valid/Normal)
TRN-0765,Invalid,1,Invalid,1,0.74,0.4315240101485965,0,1.2567512374373608,0,Group 2 (Supervised Invalid / Anomaly Normal)
TRN-0208,Valid,0,Valid,0,0.07,0.40121209847397915,0,0.9916848310244614,0,Group 4 (Both Valid/Normal)
TRN-0116,Valid,0,Valid,0,0.02,0.3788004835125355,0,0.9835525057511585,0,Group 4 (Both Valid/Normal)
TRN-0807,Valid,0,Valid,0,0.03,0.3830759101738761,0,0.9737931580926695,0,Group 4 (Both Valid/Normal)
TRN-0515,Valid,0,Valid,0,0.12,0.45217974733129956,0,1.0476513235827025,0,Group 4 (Both Valid/Normal)
TRN-0771,Valid,0,Valid,0,0.0,0.39911583463232914,0,0.9928160607515346,0,Group 4 (Both Valid/Normal)
TRN-0252,Valid,0,Valid,0,0.09,0.44101375033693846,0,0.9977438454443298,0,Group 4 (Both Valid/Normal)
TRN-0762,Valid,0,Valid,0,0.08,0.5014556511834051,1,1.256646242858024,0,Group 3 (Supervised Valid / Anomaly Anomalous)
TRN-0722,Valid,0,Valid,0,0.05,0.3904253947724681,0,0.9800058987768331,0,Group 4 (Both Valid/Normal)
TRN-0309,Valid,0,Valid,0,0.06,0.4525614739676246,0,1.0478418359401571,0,Group 4 (Both Valid/Normal)
TRN-0454,Valid,0,Valid,0,0.14,0.3759555209630342,0,1.0028473598597452,0,Group 4 (Both Valid/Normal)
TRN-0312,Valid,0,Valid,0,0.07,0.41873917642065883,0,1.0905753879208997,0,Group 4 (Both Valid/Normal)
TRN-0191,Valid,0,Valid,0,0.03,0.3852325839247112,0,0.9778908582731909,0,Group 4 (Both Valid/Normal)
TRN-0913,Valid,0,Valid,0,0.03,0.4117935410244988,0,1.0311433015739564,0,Group 4 (Both Valid/Normal)
TRN-0426,Valid,0,Valid,0,0.08,0.3982995876974947,0,1.051629818045793,0,Group 4 (Both Valid/Normal)
TRN-0286,Valid,0,Valid,0,0.03,0.4194059084126001,0,1.0808476823162292,0,Group 4 (Both Valid/Normal)
TRN-0400,Valid,0,Valid,0,0.14,0.3768190353127227,0,0.982619878992109,0,Group 4 (Both Valid/Normal)
TRN-0498,Valid,0,Valid,0,0.21,0.49516505093366253,0,1.152016884015532,0,Group 4 (Both Valid/Normal)
TRN-0379,Valid,0,Valid,0,0.15,0.4040376456229798,0,1.0269916135933888,0,Group 4 (Both Valid/Normal)
TRN-0120,Invalid,1,Invalid,1,0.74,0.6140350278740097,1,2.2020765743181747,1,Group 1 (Both Invalid/Anomalous)
TRN-0062,Valid,0,Valid,0,0.05,0.41406065747016085,0,1.063377174324761,0,Group 4 (Both Valid/Normal)
TRN-0216,Valid,0,Valid,0,0.03,0.4507181905709948,0,1.0262873825566734,0,Group 4 (Both Valid/Normal)
TRN-0246,Valid,0,Valid,0,0.12,0.4576517512628096,0,1.1142759085190705,0,Group 4 (Both Valid/Normal)
TRN-0303,Valid,0,Valid,0,0.03,0.37821693847084703,0,0.9621468886732725,0,Group 4 (Both Valid/Normal)
TRN-0213,Valid,0,Valid,0,0.17,0.4553173475710619,0,1.0830134867645422,0,Group 4 (Both Valid/Normal)
TRN-0156,Valid,0,Valid,0,0.02,0.37409192148115566,0,0.9703434831944449,0,Group 4 (Both Valid/Normal)
TRN-0703,Valid,0,Valid,0,0.06,0.38415822694064733,0,0.9684159303519653,0,Group 4 (Both Valid/Normal)
TRN-0702,Valid,0,Valid,0,0.22,0.41210210142410814,0,1.0283500189727768,0,Group 4 (Both Valid/Normal)
TRN-0784,Valid,0,Valid,0,0.28,0.41774280053739116,0,1.0462205717668371,0,Group 4 (Both Valid/Normal)
TRN-0929,Invalid,1,Valid,0,0.19,0.48253412208777674,0,1.222850374171649,0,Group 4 (Both Valid/Normal)
TRN-0997,Valid,0,Valid,0,0.06,0.39185901475868745,0,0.9920280215542521,0,Group 4 (Both Valid/Normal)
TRN-0368,Valid,0,Valid,0,0.01,0.3894214977743344,0,0.9984635408414931,0,Group 4 (Both Valid/Normal)
TRN-0015,Valid,0,Valid,0,0.06,0.41877375417687485,0,1.003965207252346,0,Group 4 (Both Valid/Normal)
TRN-0342,Valid,0,Valid,0,0.0,0.3904228417126715,0,0.9518329554876033,0,Group 4 (Both Valid/Normal)
TRN-0435,Valid,0,Valid,0,0.17,0.40248628905831524,0,1.0014954405608265,0,Group 4 (Both Valid/Normal)
TRN-0219,Valid,0,Valid,0,0.11,0.4206030099393815,0,0.9999490012141529,0,Group 4 (Both Valid/Normal)
TRN-0863,Valid,0,Valid,0,0.09,0.47325299313381936,0,1.1631698872685783,0,Group 4 (Both Valid/Normal)
TRN-0217,Invalid,1,Valid,0,0.16,0.4077961262495856,0,1.129944823327251,0,Group 4 (Both Valid/Normal)
TRN-0791,Valid,0,Valid,0,0.12,0.37170650815735706,0,0.9778031119631461,0,Group 4 (Both Valid/Normal)
TRN-0993,Valid,0,Invalid,1,0.67,0.4757472684512215,0,1.0297305704124757,0,Group 2 (Supervised Invalid / Anomaly Normal)
TRN-0481,Valid,0,Valid,0,0.13,0.49712570928230476,0,1.1413112268501364,0,Group 4 (Both Valid/Normal)
TRN-0237,Valid,0,Valid,0,0.08,0.4157737506704456,0,1.0015389375779509,0,Group 4 (Both Valid/Normal)
TRN-0424,Valid,0,Valid,0,0.11,0.4164017017173267,0,0.9911957466248872,0,Group 4 (Both Valid/Normal)
TRN-0224,Valid,0,Valid,0,0.09,0.3821110270915632,0,0.9980529015855992,0,Group 4 (Both Valid/Normal)
TRN-0024,Valid,0,Valid,0,0.36,0.5792390846498048,1,0.9841498338269211,0,Group 3 (Supervised Valid / Anomaly Anomalous)
TRN-0761,Valid,0,Valid,0,0.06,0.4504575243057517,0,1.0426691555855216,0,Group 4 (Both Valid/Normal)
TRN-0551,Invalid,1,Invalid,1,0.8,0.48355462089868745,0,1.457475596100276,0,Group 2 (Supervised Invalid / Anomaly Normal)
TRN-0768,Invalid,1,Invalid,1,0.51,0.6345693508577601,1,4.720701726406327,1,Group 1 (Both Invalid/Anomalous)
TRN-0109,Valid,0,Valid,0,0.16,0.422759772549937,0,1.1127289374490812,0,Group 4 (Both Valid/Normal)
TRN-0873,Valid,0,Valid,0,0.02,0.38456526659503504,0,0.9705368870271169,0,Group 4 (Both Valid/Normal)
TRN-0589,Invalid,1,Invalid,1,1.0,0.49942087020282355,0,0.990501322924579,0,Group 2 (Supervised Invalid / Anomaly Normal)
TRN-0203,Invalid,1,Valid,0,0.46,0.5532235960748851,1,15.532720837384904,1,Group 3 (Supervised Valid / Anomaly Anomalous)
TRN-0963,Valid,0,Valid,0,0.14,0.4370029136379872,0,1.0949494294381412,0,Group 4 (Both Valid/Normal)
TRN-0445,Valid,0,Valid,0,0.12,0.36570383644308213,0,0.9667260082867424,0,Group 4 (Both Valid/Normal)
TRN-0935,Invalid,1,Valid,0,0.09,0.4109959225143957,0,1.0941446790963245,0,Group 4 (Both Valid/Normal)
TRN-0415,Valid,0,Valid,0,0.09,0.40500881084385554,0,1.059121596194559,0,Group 4 (Both Valid/Normal)
TRN-0209,Invalid,1,Invalid,1,1.0,0.5227489520282429,1,1.0477663484799673,0,Group 1 (Both Invalid/Anomalous)
TRN-0544,Valid,0,Valid,0,0.06,0.43152531491610185,0,1.0982048811750558,0,Group 4 (Both Valid/Normal)
TRN-0111,Valid,0,Valid,0,0.12,0.41475336463504203,0,1.0620036229991918,0,Group 4 (Both Valid/Normal)
TRN-0526,Valid,0,Valid,0,0.1,0.41253105331950246,0,1.0803684662950483,0,Group 4 (Both Valid/Normal)
TRN-0940,Valid,0,Valid,0,0.12,0.4260899843771537,0,1.1098890142191098,0,Group 4 (Both Valid/Normal)
TRN-0838,Valid,0,Valid,0,0.2,0.5213464298211284,1,1.2775740873459644,0,Group 3 (Supervised Valid / Anomaly Anomalous)
TRN-0708,Valid,0,Valid,0,0.03,0.39067989492966976,0,0.9909722876586586,0,Group 4 (Both Valid/Normal)
TRN-0075,Valid,0,Valid,0,0.11,0.40138687942455936,0,0.9806651823354038,0,Group 4 (Both Valid/Normal)
TRN-0321,Invalid,1,Invalid,1,0.73,0.49224541207111283,0,1.705858753592251,1,Group 2 (Supervised Invalid / Anomaly Normal)
TRN-0867,Valid,0,Valid,0,0.17,0.5998660031572843,1,1.0241803382339973,0,Group 3 (Supervised Valid / Anomaly Anomalous)
TRN-0416,Valid,0,Valid,0,0.27,0.595804035065085,1,0.9820024537853186,0,Group 3 (Supervised Valid / Anomaly Anomalous)
TRN-0188,Valid,0,Valid,0,0.2,0.6362341099583717,1,1.0013832892247165,0,Group 3 (Supervised Valid / Anomaly Anomalous)
TRN-0050,Valid,0,Valid,0,0.07,0.4040585960663365,0,1.042083279354685,0,Group 4 (Both Valid/Normal)
TRN-0150,Valid,0,Valid,0,0.11,0.38867489831042973,0,1.0069219313285487,0,Group 4 (Both Valid/Normal)
TRN-0142,Valid,0,Valid,0,0.01,0.3862042817472694,0,0.9942660976383338,0,Group 4 (Both Valid/Normal)
TRN-0133,Valid,0,Valid,0,0.18,0.46087749178871457,0,1.1503505269886198,0,Group 4 (Both Valid/Normal)
TRN-0906,Valid,0,Valid,0,0.02,0.40016852124133223,0,1.0025040098997304,0,Group 4 (Both Valid/Normal)
TRN-0894,Valid,0,Valid,0,0.1,0.42040937290932556,0,1.0422023873055741,0,Group 4 (Both Valid/Normal)
TRN-0944,Invalid,1,Valid,0,0.32,0.5347599320260555,1,1.1409864974240427,0,Group 3 (Supervised Valid / Anomaly Anomalous)
TRN-0030,Valid,0,Valid,0,0.02,0.43097062187453383,0,1.0066342691737349,0,Group 4 (Both Valid/Normal)
TRN-0302,Valid,0,Valid,0,0.16,0.3794069231735583,0,1.009824635787946,0,Group 4 (Both Valid/Normal)
TRN-0623,Invalid,1,Invalid,1,0.98,0.5254743400744656,1,0.9895013747690647,0,Group 1 (Both Invalid/Anomalous)
TRN-0230,Valid,0,Valid,0,0.07,0.37729438736907395,0,0.9798359598868904,0,Group 4 (Both Valid/Normal)
TRN-0060,Valid,0,Valid,0,0.18,0.4529334212747115,0,1.1630456732066345,0,Group 4 (Both Valid/Normal)
TRN-0546,Valid,0,Valid,0,0.06,0.41608639020314214,0,1.010100179093248,0,Group 4 (Both Valid/Normal)
TRN-0210,Valid,0,Valid,0,0.06,0.45521861233878574,0,1.2650745343702745,0,Group 4 (Both Valid/Normal)
TRN-0893,Valid,0,Valid,0,0.09,0.5098092910368589,1,1.352629194440944,0,Group 3 (Supervised Valid / Anomaly Anomalous)
TRN-0797,Invalid,1,Invalid,1,0.9,0.5686450750464163,1,1.1636865868434016,0,Group 1 (Both Invalid/Anomalous)
TRN-0482,Valid,0,Valid,0,0.06,0.40987620392484725,0,1.0699783095259157,0,Group 4 (Both Valid/Normal)
TRN-0469,Valid,0,Valid,0,0.16,0.48158825028347796,0,1.096281966928125,0,Group 4 (Both Valid/Normal)
TRN-0078,Valid,0,Valid,0,0.26,0.5283006345863172,1,1.345653281040179,0,Group 3 (Supervised Valid / Anomaly Anomalous)
TRN-0240,Valid,0,Valid,0,0.03,0.38346090636994146,0,0.980846532760529,0,Group 4 (Both Valid/Normal)
TRN-0787,Valid,0,Valid,0,0.04,0.385858375951378,0,0.9926878194180702,0,Group 4 (Both Valid/Normal)
TRN-0658,Valid,0,Valid,0,0.14,0.43547588658289077,0,0.9879149805287243,0,Group 4 (Both Valid/Normal)
TRN-0243,Valid,0,Valid,0,0.09,0.4308593901641297,0,1.087888667584102,0,Group 4 (Both Valid/Normal)
TRN-0506,Valid,0,Valid,0,0.02,0.4028344480475884,0,1.0205066751067149,0,Group 4 (Both Valid/Normal)
TRN-0732,Valid,0,Valid,0,0.2,0.47048334800993047,0,1.0651263991333815,0,Group 4 (Both Valid/Normal)
TRN-0489,Valid,0,Valid,0,0.05,0.4084686178724088,0,1.0094033578449348,0,Group 4 (Both Valid/Normal)
TRN-0842,Valid,0,Valid,0,0.08,0.4238331372384127,0,1.011057962422195,0,Group 4 (Both Valid/Normal)
TRN-0988,Valid,0,Valid,0,0.15,0.41127795827427777,0,1.0725784624823191,0,Group 4 (Both Valid/Normal)
TRN-0721,Valid,0,Valid,0,0.18,0.40700952774946736,0,0.9967891589553028,0,Group 4 (Both Valid/Normal)
TRN-0646,Invalid,1,Valid,0,0.28,0.4506704746889884,0,1.416567470308269,0,Group 4 (Both Valid/Normal)
TRN-0681,Valid,0,Valid,0,0.07,0.39494651973808403,0,1.00996544164548,0,Group 4 (Both Valid/Normal)
TRN-0137,Invalid,1,Valid,0,0.2,0.43925146422330713,0,1.2803280888911601,0,Group 4 (Both Valid/Normal)
TRN-0474,Valid,0,Valid,0,0.05,0.37924488594433614,0,0.9984239566999704,0,Group 4 (Both Valid/Normal)
TRN-0793,Invalid,1,Valid,0,0.37,0.5784606776227973,1,2.160028440392007,1,Group 3 (Supervised Valid / Anomaly Anomalous)
TRN-0300,Valid,0,Valid,0,0.11,0.45709247743889875,0,1.1242582520259705,0,Group 4 (Both Valid/Normal)
TRN-0096,Valid,0,Valid,0,0.07,0.38308936856487324,0,0.9850675876483426,0,Group 4 (Both Valid/Normal)
TRN-0399,Valid,0,Valid,0,0.19,0.5107876141684159,1,1.2376350243224823,0,Group 3 (Supervised Valid / Anomaly Anomalous)
TRN-0392,Valid,0,Valid,0,0.02,0.40048056696500317,0,0.9959665429936004,0,Group 4 (Both Valid/Normal)
TRN-0922,Valid,0,Valid,0,0.15,0.39396347057168013,0,0.990327538009382,0,Group 4 (Both Valid/Normal)
TRN-0674,Valid,0,Valid,0,0.19,0.4680885061167851,0,1.1207151219157259,0,Group 4 (Both Valid/Normal)
TRN-0805,Invalid,1,Invalid,1,1.0,0.4865920816491763,0,0.9790744866077257,0,Group 2 (Supervised Invalid / Anomaly Normal)
TRN-0849,Valid,0,Valid,0,0.06,0.39429424764641025,0,0.9959212079953712,0,Group 4 (Both Valid/Normal)
TRN-0720,Valid,0,Valid,0,0.1,0.43035969598611223,0,1.0471346316324552,0,Group 4 (Both Valid/Normal)
TRN-0244,Valid,0,Valid,0,0.05,0.4539012715797609,0,1.1448494578916344,0,Group 4 (Both Valid/Normal)
TRN-0584,Valid,0,Valid,0,0.05,0.4152657293951361,0,1.0150492823527784,0,Group 4 (Both Valid/Normal)
TRN-0393,Valid,0,Valid,0,0.06,0.3957262768261789,0,1.039453738185343,0,Group 4 (Both Valid/Normal)
TRN-0046,Valid,0,Valid,0,0.0,0.3971399901936996,0,0.9752631344178108,0,Group 4 (Both Valid/Normal)
TRN-0055,Valid,0,Valid,0,0.15,0.44679024930512856,0,1.1126654842608537,0,Group 4 (Both Valid/Normal)
TRN-0040,Invalid,1,Valid,0,0.32,0.4667804859046144,0,1.1729277702408052,0,Group 4 (Both Valid/Normal)
TRN-0604,Invalid,1,Invalid,1,0.52,0.4349379595992053,0,1.1679686996172547,0,Group 2 (Supervised Invalid / Anomaly Normal)
TRN-0383,Valid,0,Valid,0,0.31,0.5727160781320835,1,0.9764654489747834,0,Group 3 (Supervised Valid / Anomaly Anomalous)
TRN-0631,Invalid,1,Invalid,1,0.78,0.5428172756677613,1,1.1138055693258617,0,Group 1 (Both Invalid/Anomalous)
TRN-0596,Valid,0,Valid,0,0.12,0.6120432731284882,1,1.0705846003191124,0,Group 3 (Supervised Valid / Anomaly Anomalous)
TRN-0954,Valid,0,Valid,0,0.07,0.39851033161646665,0,1.0017356117859342,0,Group 4 (Both Valid/Normal)
TRN-0069,Invalid,1,Invalid,1,0.83,0.5048681806855528,1,0.9874047318240219,0,Group 1 (Both Invalid/Anomalous)
TRN-0195,Valid,0,Valid,0,0.03,0.38108079802199435,0,0.9702751227199136,0,Group 4 (Both Valid/Normal)
TRN-0104,Valid,0,Valid,0,0.06,0.38088705519430727,0,1.0142558608046173,0,Group 4 (Both Valid/Normal)
TRN-0751,Valid,0,Valid,0,0.05,0.3901031991283864,0,0.9694130543051804,0,Group 4 (Both Valid/Normal)
TRN-0537,Valid,0,Valid,0,0.04,0.3855217813349786,0,1.0072458575446732,0,Group 4 (Both Valid/Normal)
TRN-0348,Valid,0,Valid,0,0.08,0.3794484694138293,0,0.9733551054212839,0,Group 4 (Both Valid/Normal)
TRN-0730,Valid,0,Valid,0,0.23,0.4219408940511887,0,1.1440238600296209,0,Group 4 (Both Valid/Normal)
TRN-0961,Valid,0,Valid,0,0.07,0.37754557585832155,0,0.9790186753118103,0,Group 4 (Both Valid/Normal)
TRN-0818,Valid,0,Valid,0,0.13,0.43546079960032796,0,1.0339261282907526,0,Group 4 (Both Valid/Normal)
TRN-0794,Valid,0,Valid,0,0.08,0.4156274970187206,0,1.0611410581008167,0,Group 4 (Both Valid/Normal)
TRN-0488,Valid,0,Valid,0,0.08,0.48101056735389675,0,1.1462799654162252,0,Group 4 (Both Valid/Normal)
TRN-0577,Valid,0,Valid,0,0.12,0.39393714108218,0,0.9977261873285779,0,Group 4 (Both Valid/Normal)
TRN-0388,Valid,0,Valid,0,0.02,0.3866308557308992,0,0.9916965744221269,0,Group 4 (Both Valid/Normal)
TRN-0490,Invalid,1,Valid,0,0.48,0.4607254329885221,0,1.1639152253250113,0,Group 4 (Both Valid/Normal)
TRN-0774,Valid,0,Valid,0,0.03,0.3788396233402236,0,0.9673523009461794,0,Group 4 (Both Valid/Normal)
TRN-0590,Valid,0,Valid,0,0.16,0.4055549257893831,0,1.0617627927620343,0,Group 4 (Both Valid/Normal)
TRN-0968,Invalid,1,Invalid,1,0.65,0.47340087814040094,0,1.452284308207053,0,Group 2 (Supervised Invalid / Anomaly Normal)
TRN-0601,Valid,0,Valid,0,0.0,0.4074362977273957,0,1.0350011125592926,0,Group 4 (Both Valid/Normal)
TRN-0694,Valid,0,Valid,0,0.01,0.37944957658825085,0,0.9693344696145723,0,Group 4 (Both Valid/Normal)
TRN-0996,Valid,0,Valid,0,0.12,0.4303504808590534,0,1.0483120015165859,0,Group 4 (Both Valid/Normal)
TRN-0550,Valid,0,Valid,0,0.08,0.46954626745159833,0,1.1052888744231877,0,Group 4 (Both Valid/Normal)
TRN-0362,Valid,0,Valid,0,0.02,0.3826211291761048,0,0.9897158210598823,0,Group 4 (Both Valid/Normal)
TRN-0403,Valid,0,Valid,0,0.02,0.3779829264994368,0,0.9752054331850715,0,Group 4 (Both Valid/Normal)
TRN-0895,Valid,0,Valid,0,0.11,0.4134839454815453,0,1.0404260102307803,0,Group 4 (Both Valid/Normal)
TRN-0710,Valid,0,Valid,0,0.17,0.4040849558853766,0,1.0738609509250654,0,Group 4 (Both Valid/Normal)
TRN-0081,Invalid,1,Invalid,1,0.93,0.49537102532138694,0,0.9790744866077254,0,Group 2 (Supervised Invalid / Anomaly Normal)
TRN-0505,Valid,0,Valid,0,0.12,0.3906829904680197,0,0.970014954284735,0,Group 4 (Both Valid/Normal)
TRN-0671,Valid,0,Valid,0,0.22,0.5887283179485441,1,0.9871940054625229,0,Group 3 (Supervised Valid / Anomaly Anomalous)
TRN-0923,Valid,0,Valid,0,0.04,0.41776563859283355,0,1.0287742707111849,0,Group 4 (Both Valid/Normal)
TRN-0456,Valid,0,Valid,0,0.07,0.4050845407558262,0,1.0453631408205988,0,Group 4 (Both Valid/Normal)
TRN-0864,Valid,0,Valid,0,0.09,0.4041702462242242,0,1.0215695006873184,0,Group 4 (Both Valid/Normal)
TRN-0728,Valid,0,Valid,0,0.15,0.4037992930826487,0,1.0358220748225098,0,Group 4 (Both Valid/Normal)
TRN-0795,Valid,0,Valid,0,0.1,0.48136056193623067,0,1.331812441218233,0,Group 4 (Both Valid/Normal)
TRN-0339,Valid,0,Valid,0,0.02,0.39926181502661745,0,1.0008908623717574,0,Group 4 (Both Valid/Normal)
TRN-0755,Invalid,1,Invalid,1,0.62,0.45002975803301,0,1.2838637825201955,0,Group 2 (Supervised Invalid / Anomaly Normal)
TRN-0926,Valid,0,Valid,0,0.03,0.4367296183927608,0,1.0437615078226403,0,Group 4 (Both Valid/Normal)
TRN-0340,Valid,0,Valid,0,0.07,0.37844266672190374,0,0.9650601718126515,0,Group 4 (Both Valid/Normal)
TRN-0624,Valid,0,Valid,0,0.05,0.40558769622833607,0,1.0632482367385752,0,Group 4 (Both Valid/Normal)
TRN-0985,Valid,0,Valid,0,0.33,0.4424842953990597,0,1.0973177391801259,0,Group 4 (Both Valid/Normal)
TRN-0860,Valid,0,Valid,0,0.23,0.4011165191273476,0,0.9963476666227292,0,Group 4 (Both Valid/Normal)
TRN-0560,Valid,0,Valid,0,0.2,0.4005115033810989,0,1.004635345214742,0,Group 4 (Both Valid/Normal)
TRN-0811,Valid,0,Valid,0,0.25,0.4492752376347348,0,1.0117402118692824,0,Group 4 (Both Valid/Normal)
TRN-0395,Valid,0,Valid,0,0.01,0.37570281868507666,0,0.9694909002678402,0,Group 4 (Both Valid/Normal)
TRN-0839,Invalid,1,Invalid,1,0.7,0.41485975858483903,0,1.1403401103129829,0,Group 2 (Supervised Invalid / Anomaly Normal)
TRN-0779,Valid,0,Valid,0,0.11,0.3969876719230607,0,1.015598111645054,0,Group 4 (Both Valid/Normal)
TRN-0543,Valid,0,Valid,0,0.3,0.49235480387321134,0,1.0236523668903577,0,Group 4 (Both Valid/Normal)
TRN-0158,Valid,0,Valid,0,0.0,0.40007258854083944,0,1.04099502927094,0,Group 4 (Both Valid/Normal)
TRN-0799,Valid,0,Valid,0,0.05,0.40330337870486294,0,1.0171048538613066,0,Group 4 (Both Valid/Normal)
TRN-0946,Valid,0,Valid,0,0.14,0.4157401604075522,0,1.1827036119681684,0,Group 4 (Both Valid/Normal)
TRN-0927,Invalid,1,Invalid,1,0.99,0.5227489520282429,1,1.0477663484799673,0,Group 1 (Both Invalid/Anomalous)
TRN-0952,Valid,0,Valid,0,0.14,0.40171570235229453,0,1.014360405938471,0,Group 4 (Both Valid/Normal)
TRN-0608,Valid,0,Valid,0,0.08,0.42550867440910617,0,1.0434278104844996,0,Group 4 (Both Valid/Normal)
TRN-0212,Valid,0,Valid,0,0.05,0.42251176566378856,0,1.0440464799629834,0,Group 4 (Both Valid/Normal)
TRN-0480,Valid,0,Valid,0,0.01,0.38719409697920415,0,0.9705902698019685,0,Group 4 (Both Valid/Normal)
TRN-0904,Valid,0,Valid,0,0.09,0.4418488239541165,0,1.0141040936363885,0,Group 4 (Both Valid/Normal)
TRN-0607,Valid,0,Valid,0,0.17,0.4602481122218191,0,1.0077098174799688,0,Group 4 (Both Valid/Normal)
TRN-0855,Valid,0,Valid,0,0.11,0.3898289321363448,0,1.0365899758692345,0,Group 4 (Both Valid/Normal)
TRN-0879,Valid,0,Valid,0,0.06,0.4186059467677751,0,1.0592573460378536,0,Group 4 (Both Valid/Normal)
TRN-0667,Valid,0,Valid,0,0.44,0.5886923253974269,1,0.9823745390107839,0,Group 3 (Supervised Valid / Anomaly Anomalous)
TRN-0232,Valid,0,Valid,0,0.09,0.46208823593674075,0,1.2471029172574861,0,Group 4 (Both Valid/Normal)
TRN-0299,Valid,0,Valid,0,0.05,0.41276513267610254,0,1.035713453975794,0,Group 4 (Both Valid/Normal)
TRN-0629,Valid,0,Valid,0,0.02,0.40170163902540484,0,1.0387789527775424,0,Group 4 (Both Valid/Normal)
TRN-0858,Valid,0,Valid,0,0.07,0.45707373675167134,0,1.1635282370843283,0,Group 4 (Both Valid/Normal)
TRN-0994,Valid,0,Valid,0,0.06,0.41588376610986094,0,0.9678752697068804,0,Group 4 (Both Valid/Normal)
TRN-0306,Valid,0,Valid,0,0.09,0.4049217251954618,0,1.0136886072592173,0,Group 4 (Both Valid/Normal)
TRN-0654,Valid,0,Valid,0,0.11,0.393372496181918,0,0.9732733360520758,0,Group 4 (Both Valid/Normal)
TRN-0917,Valid,0,Valid,0,0.03,0.3874085817778933,0,1.0081878879711728,0,Group 4 (Both Valid/Normal)
TRN-0231,Valid,0,Valid,0,0.1,0.3949465403548346,0,0.9901456002495111,0,Group 4 (Both Valid/Normal)
TRN-0460,Valid,0,Valid,0,0.01,0.39105246770660357,0,0.9552153453014902,0,Group 4 (Both Valid/Normal)
TRN-0492,Valid,0,Valid,0,0.09,0.4220357894003161,0,0.9782694938020912,0,Group 4 (Both Valid/Normal)
TRN-0825,Valid,0,Valid,0,0.03,0.39122618704585804,0,1.0336961217963343,0,Group 4 (Both Valid/Normal)
TRN-0279,Valid,0,Valid,0,0.05,0.3985560707817251,0,0.9822981607941399,0,Group 4 (Both Valid/Normal)
TRN-0580,Valid,0,Valid,0,0.03,0.388558763459189,0,0.9777200225242642,0,Group 4 (Both Valid/Normal)
TRN-0992,Valid,0,Valid,0,0.08,0.4056288790997123,0,1.0407734213986712,0,Group 4 (Both Valid/Normal)
TRN-0934,Valid,0,Valid,0,0.04,0.386918481575522,0,0.9800857165322794,0,Group 4 (Both Valid/Normal)
TRN-0639,Valid,0,Valid,0,0.08,0.4480863644262154,0,1.13697988983574,0,Group 4 (Both Valid/Normal)
TRN-0925,Valid,0,Valid,0,0.38,0.5957044035956274,1,1.0111166029780996,0,Group 3 (Supervised Valid / Anomaly Anomalous)
TRN-0248,Valid,0,Valid,0,0.09,0.4553969447071967,0,1.1770435426457766,0,Group 4 (Both Valid/Normal)
TRN-0603,Valid,0,Valid,0,0.12,0.40788883507895757,0,0.9944348713569345,0,Group 4 (Both Valid/Normal)
TRN-0331,Valid,0,Valid,0,0.01,0.3806720597571388,0,0.9783954585852594,0,Group 4 (Both Valid/Normal)
TRN-0880,Valid,0,Valid,0,0.03,0.37694550620802814,0,0.9798376472449115,0,Group 4 (Both Valid/Normal)
TRN-0957,Valid,0,Valid,0,0.08,0.42328109841827327,0,1.036354804795871,0,Group 4 (Both Valid/Normal)
TRN-0049,Invalid,1,Invalid,1,1.0,0.494295918477819,0,0.9864085007809388,0,Group 2 (Supervised Invalid / Anomaly Normal)
TRN-0672,Valid,0,Valid,0,0.04,0.40043715544424924,0,1.0170614141819554,0,Group 4 (Both Valid/Normal)
TRN-0149,Valid,0,Valid,0,0.15,0.4279636759529281,0,1.1526040890393356,0,Group 4 (Both Valid/Normal)
TRN-0043,Invalid,1,Invalid,1,1.0,0.47834208041762516,0,0.9905013229245789,0,Group 2 (Supervised Invalid / Anomaly Normal)
TRN-0475,Valid,0,Valid,0,0.18,0.4630316207243959,0,1.0267368062470417,0,Group 4 (Both Valid/Normal)
TRN-0094,Valid,0,Valid,0,0.13,0.3873624530468249,0,1.034454051917187,0,Group 4 (Both Valid/Normal)
TRN-0699,Valid,0,Valid,0,0.05,0.444179247310345,0,1.18550337740212,0,Group 4 (Both Valid/Normal)
TRN-0429,Valid,0,Valid,0,0.17,0.4215413362969965,0,1.0205527906790461,0,Group 4 (Both Valid/Normal)
TRN-0222,Valid,0,Valid,0,0.09,0.4576277596269677,0,1.2306608432106265,0,Group 4 (Both Valid/Normal)
TRN-0942,Invalid,1,Valid,0,0.18,0.4684438301634308,0,1.3364367403618649,0,Group 4 (Both Valid/Normal)
TRN-0606,Valid,0,Valid,0,0.09,0.4062768547531164,0,1.080087103566738,0,Group 4 (Both Valid/Normal)
TRN-0657,Valid,0,Valid,0,0.02,0.41093098922439497,0,1.0603248036494906,0,Group 4 (Both Valid/Normal)
TRN-0465,Valid,0,Valid,0,0.03,0.40222433138596125,0,1.013579270706442,0,Group 4 (Both Valid/Normal)
TRN-0197,Valid,0,Valid,0,0.15,0.3920038285838138,0,0.9895059434701471,0,Group 4 (Both Valid/Normal)
TRN-0824,Valid,0,Valid,0,0.05,0.4191952501082393,0,1.0268323677572846,0,Group 4 (Both Valid/Normal)
TRN-0564,Valid,0,Valid,0,0.09,0.419798044416911,0,1.0061105463171178,0,Group 4 (Both Valid/Normal)
TRN-0359,Valid,0,Valid,0,0.05,0.39176952656327996,0,0.964369857991078,0,Group 4 (Both Valid/Normal)
TRN-0005,Invalid,1,Invalid,1,0.68,0.5070353807670546,1,1.2835272520681273,0,Group 1 (Both Invalid/Anomalous)
TRN-0682,Invalid,1,Invalid,1,0.72,0.503598208795191,1,10.182838679729002,1,Group 1 (Both Invalid/Anomalous)
TRN-0011,Valid,0,Valid,0,0.01,0.42514173986521325,0,1.0565183158803715,0,Group 4 (Both Valid/Normal)
TRN-0753,Valid,0,Valid,0,0.05,0.3900534864915886,0,0.9653778714752803,0,Group 4 (Both Valid/Normal)
TRN-0610,Valid,0,Valid,0,0.16,0.4695495215498158,0,1.1562405282671515,0,Group 4 (Both Valid/Normal)
TRN-0752,Valid,0,Valid,0,0.18,0.4410104636741585,0,1.0738002639606823,0,Group 4 (Both Valid/Normal)
TRN-0472,Valid,0,Valid,0,0.01,0.40214510399642706,0,0.9832326569535814,0,Group 4 (Both Valid/Normal)
TRN-0625,Valid,0,Valid,0,0.11,0.41235077113152785,0,1.0531714132966312,0,Group 4 (Both Valid/Normal)
TRN-0516,Valid,0,Valid,0,0.02,0.39930920249053564,0,0.9982619028994468,0,Group 4 (Both Valid/Normal)
TRN-0192,Valid,0,Valid,0,0.12,0.3823118539774699,0,1.030103848194164,0,Group 4 (Both Valid/Normal)
TRN-0593,Valid,0,Valid,0,0.08,0.43141094995194057,0,1.1577787682802572,0,Group 4 (Both Valid/Normal)
TRN-0989,Valid,0,Valid,0,0.11,0.41918995212246685,0,1.0721324272501331,0,Group 4 (Both Valid/Normal)
TRN-0345,Valid,0,Valid,0,0.02,0.3869647545741586,0,0.9545492659747936,0,Group 4 (Both Valid/Normal)
TRN-0972,Valid,0,Valid,0,0.08,0.4195123284585837,0,1.0164019086752962,0,Group 4 (Both Valid/Normal)
TRN-0611,Valid,0,Valid,0,0.01,0.3778832522679725,0,0.9986374429752019,0,Group 4 (Both Valid/Normal)
TRN-0387,Valid,0,Valid,0,0.09,0.4444996720235286,0,1.0825815320040515,0,Group 4 (Both Valid/Normal)
TRN-0739,Valid,0,Valid,0,0.26,0.620380052399361,1,1.0257636208178145,0,Group 3 (Supervised Valid / Anomaly Anomalous)
TRN-0385,Invalid,1,Invalid,1,0.6,0.4642186300293213,0,1.461207873133715,0,Group 2 (Supervised Invalid / Anomaly Normal)
TRN-0750,Invalid,1,Invalid,1,0.73,0.5276495603355384,1,1.4172711160446734,0,Group 1 (Both Invalid/Anomalous)
TRN-0903,Valid,0,Valid,0,0.03,0.38262735083535854,0,0.9611544534382656,0,Group 4 (Both Valid/Normal)
TRN-0738,Valid,0,Valid,0,0.01,0.41508062594527134,0,0.9512591606059564,0,Group 4 (Both Valid/Normal)
TRN-0282,Valid,0,Valid,0,0.19,0.46046990207458366,0,1.1120890035885727,0,Group 4 (Both Valid/Normal)
TRN-0291,Invalid,1,Invalid,1,0.81,0.44480156972078405,0,1.235612943414537,0,Group 2 (Supervised Invalid / Anomaly Normal)
TRN-0778,Valid,0,Valid,0,0.02,0.37488443657716736,0,0.983672439786831,0,Group 4 (Both Valid/Normal)
TRN-0484,Valid,0,Valid,0,0.0,0.38509135747363815,0,0.9927661208608758,0,Group 4 (Both Valid/Normal)
TRN-0466,Valid,0,Valid,0,0.06,0.40243547443232264,0,1.0609289820893786,0,Group 4 (Both Valid/Normal)
TRN-0164,Valid,0,Valid,0,0.06,0.4379822439689898,0,1.0586740049766394,0,Group 4 (Both Valid/Normal)
TRN-0643,Valid,0,Valid,0,0.12,0.36487517219000487,0,0.9819320832192675,0,Group 4 (Both Valid/Normal)
TRN-0822,Valid,0,Valid,0,0.0,0.3921710823313158,0,1.0177982956798373,0,Group 4 (Both Valid/Normal)
TRN-0981,Valid,0,Valid,0,0.1,0.42254605428154784,0,1.0809641131414227,0,Group 4 (Both Valid/Normal)
TRN-0908,Valid,0,Valid,0,0.3,0.486040343619829,0,1.2044944239243947,0,Group 4 (Both Valid/Normal)
TRN-0619,Valid,0,Valid,0,0.01,0.387822552022006,0,0.9824912674213205,0,Group 4 (Both Valid/Normal)
TRN-0725,Valid,0,Valid,0,0.29,0.47052381373126806,0,1.0212508436125014,0,Group 4 (Both Valid/Normal)
TRN-0027,Valid,0,Valid,0,0.06,0.3823836830553659,0,0.9681461644905858,0,Group 4 (Both Valid/Normal)
TRN-0977,Valid,0,Valid,0,0.09,0.44342803849431445,0,1.0607029162910784,0,Group 4 (Both Valid/Normal)
TRN-0846,Valid,0,Valid,0,0.04,0.3692596322873667,0,0.9607880451152997,0,Group 4 (Both Valid/Normal)
TRN-0802,Invalid,1,Invalid,1,0.52,0.5654759342129965,1,1.1662223035476265,0,Group 1 (Both Invalid/Anomalous)
TRN-0613,Valid,0,Valid,0,0.07,0.44573350199494355,0,1.141743371557831,0,Group 4 (Both Valid/Normal)
TRN-0375,Valid,0,Valid,0,0.06,0.3771946249310902,0,0.9763154118036651,0,Group 4 (Both Valid/Normal)
TRN-0567,Valid,0,Valid,0,0.21,0.49160061849873254,0,1.0889258047666428,0,Group 4 (Both Valid/Normal)
TRN-0661,Valid,0,Valid,0,0.05,0.3999808895443615,0,0.9981289525239978,0,Group 4 (Both Valid/Normal)
TRN-0861,Valid,0,Valid,0,0.25,0.44066342646896034,0,1.0551403888928066,0,Group 4 (Both Valid/Normal)
TRN-0638,Valid,0,Valid,0,0.07,0.4338493571454781,0,1.0957552673410942,0,Group 4 (Both Valid/Normal)
TRN-0514,Valid,0,Valid,0,0.07,0.3882192510276093,0,0.9789926013542812,0,Group 4 (Both Valid/Normal)
TRN-0259,Valid,0,Valid,0,0.05,0.38365021796294924,0,1.003572684181084,0,Group 4 (Both Valid/Normal)
TRN-0933,Invalid,1,Invalid,1,0.77,0.4941792680488243,0,1.599483879046004,1,Group 2 (Supervised Invalid / Anomaly Normal)
TRN-0785,Valid,0,Valid,0,0.07,0.4247301311944731,0,0.9702945700674975,0,Group 4 (Both Valid/Normal)
TRN-0571,Valid,0,Valid,0,0.04,0.4240241966156092,0,1.0607273115645164,0,Group 4 (Both Valid/Normal)
TRN-0101,Valid,0,Valid,0,0.1,0.4650627481990034,0,1.140980419805834,0,Group 4 (Both Valid/Normal)
TRN-0308,Valid,0,Valid,0,0.05,0.3838670705790577,0,1.0120905834598437,0,Group 4 (Both Valid/Normal)
TRN-0447,Valid,0,Valid,0,0.0,0.39718234786643825,0,0.9904382462469841,0,Group 4 (Both Valid/Normal)
TRN-0354,Valid,0,Valid,0,0.07,0.3846630414491941,0,1.0270822638067392,0,Group 4 (Both Valid/Normal)
TRN-0719,Valid,0,Valid,0,0.12,0.4357318447169059,0,1.0128590479553385,0,Group 4 (Both Valid/Normal)
TRN-0517,Valid,0,Valid,0,0.07,0.41820670796239057,0,1.043744425251337,0,Group 4 (Both Valid/Normal)
TRN-0956,Valid,0,Valid,0,0.06,0.43557648498364,0,1.0015154633874308,0,Group 4 (Both Valid/Normal)
TRN-0200,Valid,0,Valid,0,0.16,0.4696580853423637,0,1.1953002029476063,0,Group 4 (Both Valid/Normal)
TRN-0463,Invalid,1,Invalid,1,0.75,0.462873689155755,0,2.2226553343302187,1,Group 2 (Supervised Invalid / Anomaly Normal)
TRN-0356,Valid,0,Valid,0,0.05,0.4003859251950058,0,0.9700156817777114,0,Group 4 (Both Valid/Normal)
TRN-0464,Valid,0,Valid,0,0.27,0.4001410194096381,0,1.0023536916585132,0,Group 4 (Both Valid/Normal)
TRN-0052,Valid,0,Valid,0,0.12,0.4471007380410958,0,1.053297640258897,0,Group 4 (Both Valid/Normal)
TRN-0737,Invalid,1,Valid,0,0.45,0.440057069710317,0,1.426491000502197,0,Group 4 (Both Valid/Normal)
TRN-0549,Valid,0,Valid,0,0.03,0.37876079033392945,0,0.9885579769704057,0,Group 4 (Both Valid/Normal)
TRN-0431,Valid,0,Valid,0,0.06,0.4243863718556176,0,0.9975375452339541,0,Group 4 (Both Valid/Normal)
TRN-0565,Valid,0,Valid,0,0.02,0.38982977437782335,0,1.007058089144929,0,Group 4 (Both Valid/Normal)
TRN-0660,Valid,0,Valid,0,0.07,0.40710159489451525,0,1.0086083469443685,0,Group 4 (Both Valid/Normal)
TRN-0834,Valid,0,Valid,0,0.21,0.6105619826201945,1,1.0035684840322476,0,Group 3 (Supervised Valid / Anomaly Anomalous)
TRN-0887,Valid,0,Valid,0,0.1,0.46508772142745,0,1.0795840923011109,0,Group 4 (Both Valid/Normal)
TRN-0336,Valid,0,Valid,0,0.02,0.4174218794964916,0,0.9938719487291869,0,Group 4 (Both Valid/Normal)
TRN-0023,Valid,0,Valid,0,0.17,0.38333683167314225,0,1.0091779361587225,0,Group 4 (Both Valid/Normal)
TRN-0305,Invalid,1,Invalid,1,0.76,0.5090107633918469,1,1.5669368923989428,1,Group 1 (Both Invalid/Anomalous)
TRN-0536,Valid,0,Valid,0,0.02,0.37149782044606555,0,0.9634059309916291,0,Group 4 (Both Valid/Normal)
TRN-0261,Valid,0,Valid,0,0.29,0.388194611134955,0,1.0665587726152115,0,Group 4 (Both Valid/Normal)
TRN-0271,Valid,0,Valid,0,0.04,0.4332043643360765,0,1.0693496958897728,0,Group 4 (Both Valid/Normal)
TRN-0827,Valid,0,Valid,0,0.02,0.4004582186351507,0,1.0002739687259434,0,Group 4 (Both Valid/Normal)
TRN-0148,Invalid,1,Valid,0,0.14,0.41743553000948774,0,1.1109875084293408,0,Group 4 (Both Valid/Normal)
TRN-0916,Valid,0,Valid,0,0.04,0.3936596040017045,0,0.9786041612446358,0,Group 4 (Both Valid/Normal)
TRN-0691,Valid,0,Valid,0,0.04,0.38264492448624843,0,0.9985984930151612,0,Group 4 (Both Valid/Normal)
TRN-0915,Valid,0,Valid,0,0.02,0.3931673592127083,0,1.056113128438749,0,Group 4 (Both Valid/Normal)
TRN-0497,Valid,0,Valid,0,0.04,0.40279633170142076,0,1.0382999826127521,0,Group 4 (Both Valid/Normal)
TRN-0178,Valid,0,Valid,0,0.02,0.4152170194495168,0,1.0077055761665576,0,Group 4 (Both Valid/Normal)
TRN-0327,Valid,0,Valid,0,0.05,0.413087845799687,0,1.050102577251694,0,Group 4 (Both Valid/Normal)
TRN-0856,Invalid,1,Invalid,1,0.67,0.4795416803286268,0,1.2870341152252815,0,Group 2 (Supervised Invalid / Anomaly Normal)
TRN-0343,Valid,0,Valid,0,0.15,0.4129133487273338,0,1.0710082226259712,0,Group 4 (Both Valid/Normal)
TRN-0198,Valid,0,Valid,0,0.07,0.4207858312135103,0,1.0848233195038328,0,Group 4 (Both Valid/Normal)
TRN-0290,Invalid,1,Invalid,1,1.0,0.5021828931306913,1,0.9895013747690647,0,Group 1 (Both Invalid/Anomalous)
TRN-0711,Valid,0,Valid,0,0.16,0.4065570276327978,0,1.0692312061763602,0,Group 4 (Both Valid/Normal)
TRN-0284,Valid,0,Valid,0,0.04,0.3777657893606992,0,0.9682099439292224,0,Group 4 (Both Valid/Normal)
TRN-0105,Valid,0,Valid,0,0.01,0.39148390246998555,0,0.9847789992294629,0,Group 4 (Both Valid/Normal)
TRN-0439,Valid,0,Valid,0,0.03,0.3919842179593276,0,0.9771029474691184,0,Group 4 (Both Valid/Normal)
TRN-0602,Invalid,1,Valid,0,0.39,0.4187867162734282,0,1.2122597645993265,0,Group 4 (Both Valid/Normal)
TRN-0269,Valid,0,Valid,0,0.07,0.3953780964675436,0,1.023002551182255,0,Group 4 (Both Valid/Normal)
TRN-0184,Valid,0,Valid,0,0.04,0.4147990445288294,0,0.9637266398307262,0,Group 4 (Both Valid/Normal)
TRN-0288,Valid,0,Valid,0,0.25,0.6368071524979049,1,1.0922229914074162,0,Group 3 (Supervised Valid / Anomaly Anomalous)
TRN-0668,Valid,0,Valid,0,0.27,0.4723766489476585,0,1.0072814339257807,0,Group 4 (Both Valid/Normal)
TRN-0014,Valid,0,Valid,0,0.03,0.44104339773741197,0,1.1341703474432308,0,Group 4 (Both Valid/Normal)
TRN-0813,Valid,0,Valid,0,0.07,0.44160209799290007,0,1.1291721495206728,0,Group 4 (Both Valid/Normal)
TRN-0636,Valid,0,Valid,0,0.07,0.3851136228149555,0,0.9845206510658311,0,Group 4 (Both Valid/Normal)
TRN-0028,Valid,0,Valid,0,0.11,0.3756127138305036,0,0.9866314450624196,0,Group 4 (Both Valid/Normal)
TRN-0123,Valid,0,Valid,0,0.02,0.3895491303503437,0,1.0062776942015828,0,Group 4 (Both Valid/Normal)
TRN-0088,Valid,0,Valid,0,0.02,0.37727247276499587,0,0.988131928690579,0,Group 4 (Both Valid/Normal)
TRN-0714,Valid,0,Valid,0,0.04,0.4233911286208399,0,1.111211804497096,0,Group 4 (Both Valid/Normal)
TRN-0583,Valid,0,Valid,0,0.16,0.4040883683694073,0,1.0592438165773537,0,Group 4 (Both Valid/Normal)
TRN-0421,Valid,0,Valid,0,0.23,0.43373740458079935,0,1.0285934160029204,0,Group 4 (Both Valid/Normal)
TRN-0511,Valid,0,Valid,0,0.01,0.3810016479445924,0,0.9789958097636952,0,Group 4 (Both Valid/Normal)
TRN-0449,Valid,0,Valid,0,0.18,0.40281999595400675,0,1.0099101221823426,0,Group 4 (Both Valid/Normal)
TRN-0038,Valid,0,Valid,0,0.06,0.4357291389555257,0,0.9930974381073268,0,Group 4 (Both Valid/Normal)
TRN-0891,Valid,0,Valid,0,0.11,0.41536834221291036,0,1.0761989173487154,0,Group 4 (Both Valid/Normal)
TRN-0313,Valid,0,Valid,0,0.13,0.43098216009166973,0,1.0144538301877215,0,Group 4 (Both Valid/Normal)
TRN-0255,Valid,0,Valid,0,0.19,0.3725622553994902,0,0.9732134457282842,0,Group 4 (Both Valid/Normal)
TRN-0647,Valid,0,Valid,0,0.02,0.38729764772473446,0,0.9968742977481654,0,Group 4 (Both Valid/Normal)
TRN-0423,Valid,0,Valid,0,0.03,0.3798077644771379,0,1.034726669098033,0,Group 4 (Both Valid/Normal)
TRN-0398,Invalid,1,Valid,0,0.34,0.43862996732585535,0,1.30695138005408,0,Group 4 (Both Valid/Normal)
TRN-0289,Valid,0,Valid,0,0.11,0.3909512429911152,0,0.9841036774699555,0,Group 4 (Both Valid/Normal)
TRN-0579,Valid,0,Valid,0,0.01,0.4043371049414995,0,0.9558444426549055,0,Group 4 (Both Valid/Normal)
TRN-0275,Valid,0,Valid,0,0.05,0.3940999302284179,0,0.9952935672430703,0,Group 4 (Both Valid/Normal)
TRN-0885,Valid,0,Valid,0,0.09,0.4230382152295548,0,1.0400320673887467,0,Group 4 (Both Valid/Normal)
TRN-0201,Valid,0,Valid,0,0.02,0.40219673231040565,0,1.0287228925389567,0,Group 4 (Both Valid/Normal)
TRN-0171,Invalid,1,Invalid,1,0.61,0.4576323364901623,0,1.1727890275349342,0,Group 2 (Supervised Invalid / Anomaly Normal)
TRN-0689,Valid,0,Valid,0,0.13,0.45203791030373097,0,1.1892828057884994,0,Group 4 (Both Valid/Normal)
TRN-0769,Valid,0,Valid,0,0.01,0.40749914896123557,0,0.9945833375764254,0,Group 4 (Both Valid/Normal)
TRN-0575,Valid,0,Valid,0,0.1,0.4121032949710968,0,0.9647639907358562,0,Group 4 (Both Valid/Normal)
TRN-0428,Valid,0,Valid,0,0.01,0.37311079080141696,0,0.9716630938615045,0,Group 4 (Both Valid/Normal)
TRN-0272,Valid,0,Valid,0,0.03,0.4143491380791873,0,1.0492196513172765,0,Group 4 (Both Valid/Normal)
TRN-0763,Valid,0,Valid,0,0.02,0.399045569059326,0,1.013098563451323,0,Group 4 (Both Valid/Normal)
TRN-0727,Valid,0,Valid,0,0.06,0.4641389488167919,0,1.1539504172264683,0,Group 4 (Both Valid/Normal)
TRN-0042,Valid,0,Valid,0,0.12,0.3791342297603067,0,0.9925482008637759,0,Group 4 (Both Valid/Normal)
TRN-0773,Invalid,1,Invalid,1,0.77,0.42884373435438744,0,1.2106835509981857,0,Group 2 (Supervised Invalid / Anomaly Normal)
TRN-0764,Valid,0,Valid,0,0.06,0.40392038881841347,0,1.0232108554002424,0,Group 4 (Both Valid/Normal)
TRN-0620,Valid,0,Valid,0,0.15,0.3749340046179896,0,0.9774303097736181,0,Group 4 (Both Valid/Normal)
TRN-0914,Valid,0,Valid,0,0.05,0.3963607507255478,0,1.006750098577635,0,Group 4 (Both Valid/Normal)
TRN-0982,Valid,0,Valid,0,0.08,0.488661716825615,0,1.1337129977463,0,Group 4 (Both Valid/Normal)
TRN-0113,Valid,0,Valid,0,0.22,0.6150612152875565,1,0.998477316780596,0,Group 3 (Supervised Valid / Anomaly Anomalous)
TRN-0258,Valid,0,Valid,0,0.08,0.37342013320672485,0,0.9703051781874986,0,Group 4 (Both Valid/Normal)
TRN-0002,Valid,0,Valid,0,0.05,0.40949813842177957,0,1.0767541443369972,0,Group 4 (Both Valid/Normal)
TRN-0283,Valid,0,Valid,0,0.12,0.4208331265795905,0,1.0814174227772522,0,Group 4 (Both Valid/Normal)
TRN-0677,Valid,0,Valid,0,0.02,0.3807863206100229,0,0.9828378544216472,0,Group 4 (Both Valid/Normal)
TRN-0486,Valid,0,Valid,0,0.03,0.42133516205840915,0,1.0333318294482199,0,Group 4 (Both Valid/Normal)
TRN-0554,Valid,0,Valid,0,0.06,0.40178141810921264,0,0.9852838839567708,0,Group 4 (Both Valid/Normal)
TRN-0341,Valid,0,Valid,0,0.13,0.469883959860667,0,1.107420190813329,0,Group 4 (Both Valid/Normal)
TRN-0757,Valid,0,Valid,0,0.24,0.42202229612936376,0,1.0148929450620585,0,Group 4 (Both Valid/Normal)
TRN-0910,Valid,0,Valid,0,0.14,0.42213991458939276,0,1.0779460329665862,0,Group 4 (Both Valid/Normal)
TRN-0106,Valid,0,Valid,0,0.1,0.391172893330859,0,0.9973670270560941,0,Group 4 (Both Valid/Normal)
TRN-0712,Valid,0,Valid,0,0.03,0.417958770098101,0,1.1106053821669346,0,Group 4 (Both Valid/Normal)
TRN-0153,Valid,0,Valid,0,0.03,0.3733152050566393,0,0.9620945742758289,0,Group 4 (Both Valid/Normal)
TRN-0911,Valid,0,Valid,0,0.13,0.43079226615959165,0,0.9875440518297275,0,Group 4 (Both Valid/Normal)
TRN-0174,Valid,0,Valid,0,0.05,0.4088743468902352,0,1.0598752195204715,0,Group 4 (Both Valid/Normal)
TRN-0798,Valid,0,Valid,0,0.07,0.39128342935068267,0,1.053570944349795,0,Group 4 (Both Valid/Normal)
TRN-0857,Invalid,1,Invalid,1,0.52,0.48956728897593876,0,1.2956325444998398,0,Group 2 (Supervised Invalid / Anomaly Normal)
TRN-0912,Valid,0,Valid,0,0.04,0.39544299266097827,0,0.9970129204550708,0,Group 4 (Both Valid/Normal)
TRN-0380,Valid,0,Valid,0,0.07,0.4263876327950645,0,1.0818284800339444,0,Group 4 (Both Valid/Normal)
TRN-0218,Valid,0,Valid,0,0.02,0.46746823385155334,0,1.260351169524872,0,Group 4 (Both Valid/Normal)
TRN-0254,Invalid,1,Invalid,1,0.68,0.4490427871041993,0,1.367956185273711,0,Group 2 (Supervised Invalid / Anomaly Normal)
TRN-0441,Valid,0,Valid,0,0.11,0.4470518541661509,0,1.1210916310207755,0,Group 4 (Both Valid/Normal)
TRN-0932,Valid,0,Valid,0,0.13,0.42082159529624236,0,1.0350675945792749,0,Group 4 (Both Valid/Normal)
TRN-0509,Valid,0,Valid,0,0.13,0.3910429884893884,0,0.9971841053685626,0,Group 4 (Both Valid/Normal)
TRN-0673,Valid,0,Valid,0,0.12,0.3875056002417645,0,0.9934854809536254,0,Group 4 (Both Valid/Normal)
TRN-0645,Valid,0,Valid,0,0.04,0.376550044459653,0,0.9749183196672812,0,Group 4 (Both Valid/Normal)
TRN-0263,Valid,0,Valid,0,0.1,0.3920931273046933,0,1.0238815492102717,0,Group 4 (Both Valid/Normal)
TRN-0071,Valid,0,Valid,0,0.12,0.4476604828449801,0,1.0007528011547533,0,Group 4 (Both Valid/Normal)
TRN-0013,Valid,0,Valid,0,0.0,0.38734707418372505,0,0.9736844781533893,0,Group 4 (Both Valid/Normal)
TRN-0260,Valid,0,Valid,0,0.12,0.4695233768565767,0,1.2664779933208925,0,Group 4 (Both Valid/Normal)
TRN-0045,Valid,0,Valid,0,0.21,0.41960890713955296,0,1.1339434394774164,0,Group 4 (Both Valid/Normal)
TRN-0504,Valid,0,Valid,0,0.08,0.4504776307922142,0,1.059357425650151,0,Group 4 (Both Valid/Normal)
TRN-0876,Valid,0,Valid,0,0.15,0.45378604301494363,0,1.011418283878894,0,Group 4 (Both Valid/Normal)
TRN-0372,Valid,0,Valid,0,0.09,0.4357966753292624,0,1.0574382235077562,0,Group 4 (Both Valid/Normal)
TRN-0009,Invalid,1,Valid,0,0.41,0.560403655188199,1,1.1995508939699042,0,Group 3 (Supervised Valid / Anomaly Anomalous)
TRN-0835,Valid,0,Valid,0,0.23,0.40399161590629734,0,1.0552286548078014,0,Group 4 (Both Valid/Normal)
TRN-0083,Valid,0,Valid,0,0.12,0.42463508621814405,0,1.0386830152536892,0,Group 4 (Both Valid/Normal)
TRN-0365,Valid,0,Valid,0,0.13,0.4002513102908582,0,1.0160623697251085,0,Group 4 (Both Valid/Normal)
TRN-0695,Valid,0,Valid,0,0.32,0.6090032622493226,1,0.9862322130492839,0,Group 3 (Supervised Valid / Anomaly Anomalous)
TRN-0407,Valid,0,Valid,0,0.04,0.3847544966991757,0,0.9907474262424583,0,Group 4 (Both Valid/Normal)
TRN-0816,Invalid,1,Valid,0,0.48,0.43948914644378484,0,1.335437658758884,0,Group 4 (Both Valid/Normal)
TRN-0545,Valid,0,Valid,0,0.02,0.38218775226099844,0,0.9670045535870543,0,Group 4 (Both Valid/Normal)
TRN-0491,Valid,0,Valid,0,0.02,0.4019258131780594,0,1.0343378725158887,0,Group 4 (Both Valid/Normal)
TRN-0165,Valid,0,Valid,0,0.02,0.3977168901342053,0,1.0182946497178702,0,Group 4 (Both Valid/Normal)
TRN-0829,Invalid,1,Invalid,1,1.0,0.5594326763460148,1,1.2927938521586317,0,Group 1 (Both Invalid/Anomalous)
TRN-0965,Valid,0,Valid,0,0.16,0.43797742225167635,0,1.1883013484904352,0,Group 4 (Both Valid/Normal)
TRN-0930,Valid,0,Valid,0,0.13,0.3899888505778823,0,1.0087282805074835,0,Group 4 (Both Valid/Normal)
TRN-0949,Valid,0,Valid,0,0.07,0.40996034255235897,0,0.9925010513713615,0,Group 4 (Both Valid/Normal)
TRN-0446,Valid,0,Valid,0,0.11,0.4176559228711144,0,1.0599909486621206,0,Group 4 (Both Valid/Normal)
TRN-0333,Valid,0,Valid,0,0.03,0.41084319248391044,0,1.0467593263718886,0,Group 4 (Both Valid/Normal)
TRN-0056,Valid,0,Valid,0,0.11,0.4096957068611954,0,1.0250106492060023,0,Group 4 (Both Valid/Normal)
TRN-0221,Valid,0,Valid,0,0.06,0.46682843559963655,0,1.0491668282590945,0,Group 4 (Both Valid/Normal)
TRN-0627,Valid,0,Valid,0,0.01,0.3935920420231873,0,0.9892927263152149,0,Group 4 (Both Valid/Normal)
TRN-0649,Invalid,1,Invalid,1,0.78,0.4729129934879438,0,1.590801163071123,1,Group 2 (Supervised Invalid / Anomaly Normal)
TRN-0758,Valid,0,Valid,0,0.14,0.41732281613878786,0,1.047507422575752,0,Group 4 (Both Valid/Normal)
TRN-0823,Valid,0,Valid,0,0.02,0.4115724750684598,0,1.063773624472915,0,Group 4 (Both Valid/Normal)
TRN-0265,Valid,0,Valid,0,0.19,0.4093154786630793,0,1.0373537068893737,0,Group 4 (Both Valid/Normal)
TRN-0508,Invalid,1,Invalid,1,0.75,0.477260328138157,0,1.3174516162754568,0,Group 2 (Supervised Invalid / Anomaly Normal)
TRN-0618,Invalid,1,Valid,0,0.37,0.4095055927035061,0,1.138926363925108,0,Group 4 (Both Valid/Normal)
TRN-0588,Valid,0,Valid,0,0.03,0.43680792365893667,0,1.0502001422587437,0,Group 4 (Both Valid/Normal)
TRN-0136,Valid,0,Valid,0,0.06,0.3954815747744849,0,1.0522248529254028,0,Group 4 (Both Valid/Normal)
TRN-0166,Valid,0,Valid,0,0.02,0.4250304858260588,0,1.0048347215914892,0,Group 4 (Both Valid/Normal)
TRN-0410,Invalid,1,Invalid,1,0.55,0.5356465048305014,1,1.1060522729681783,0,Group 1 (Both Invalid/Anomalous)
TRN-0503,Valid,0,Valid,0,0.03,0.42097252183724543,0,1.049011843842197,0,Group 4 (Both Valid/Normal)
TRN-0587,Valid,0,Valid,0,0.04,0.39370149064121374,0,0.9841001555682292,0,Group 4 (Both Valid/Normal)
TRN-0975,Valid,0,Valid,0,0.1,0.442142059177156,0,1.039101777608416,0,Group 4 (Both Valid/Normal)
TRN-0143,Invalid,1,Invalid,1,0.51,0.476726107607756,0,1.5763627922280268,1,Group 2 (Supervised Invalid / Anomaly Normal)
TRN-0226,Valid,0,Valid,0,0.11,0.40025350871717685,0,1.0652493227231463,0,Group 4 (Both Valid/Normal)
TRN-0322,Valid,0,Valid,0,0.11,0.4850078618608941,0,1.223429479170397,0,Group 4 (Both Valid/Normal)
TRN-0717,Valid,0,Valid,0,0.03,0.4068459751446464,0,1.0190391708083086,0,Group 4 (Both Valid/Normal)
TRN-0921,Valid,0,Valid,0,0.15,0.45442279996358,0,1.1163153246840278,0,Group 4 (Both Valid/Normal)
TRN-0659,Valid,0,Valid,0,0.05,0.40770766510772083,0,0.992173101158863,0,Group 4 (Both Valid/Normal)
TRN-0276,Valid,0,Valid,0,0.09,0.4204082339396097,0,1.082982704022374,0,Group 4 (Both Valid/Normal)
TRN-0573,Valid,0,Valid,0,0.13,0.4091030694597599,0,1.0130256673836597,0,Group 4 (Both Valid/Normal)
TRN-0877,Valid,0,Valid,0,0.12,0.4187267407291156,0,1.1194824468755589,0,Group 4 (Both Valid/Normal)
TRN-0468,Invalid,1,Invalid,1,0.61,0.42465611191711855,0,1.0954150759132992,0,Group 2 (Supervised Invalid / Anomaly Normal)
TRN-0181,Invalid,1,Invalid,1,0.55,0.4577417461410994,0,1.5779432579328474,1,Group 2 (Supervised Invalid / Anomaly Normal)
TRN-0353,Valid,0,Valid,0,0.0,0.4027062855060225,0,0.9993809283152988,0,Group 4 (Both Valid/Normal)
TRN-0147,Valid,0,Valid,0,0.05,0.41755175008359613,0,1.017611444341204,0,Group 4 (Both Valid/Normal)
TRN-0144,Valid,0,Valid,0,0.03,0.4161388041181527,0,1.017379754033654,0,Group 4 (Both Valid/Normal)
TRN-0019,Valid,0,Valid,0,0.11,0.48981446158938113,0,1.1588446393806335,0,Group 4 (Both Valid/Normal)
TRN-0626,Invalid,1,Invalid,1,1.0,0.5594326763460148,1,1.2927938521586317,0,Group 1 (Both Invalid/Anomalous)
TRN-0476,Valid,0,Valid,0,0.05,0.4084016671442093,0,1.033087335297814,0,Group 4 (Both Valid/Normal)
TRN-0796,Valid,0,Valid,0,0.05,0.39634021052699137,0,0.9845716717111139,0,Group 4 (Both Valid/Normal)
TRN-0870,Valid,0,Valid,0,0.08,0.41889943420191844,0,1.0765955116891284,0,Group 4 (Both Valid/Normal)
TRN-0854,Valid,0,Valid,0,0.11,0.4631890362840933,0,1.128634841799705,0,Group 4 (Both Valid/Normal)
TRN-0134,Valid,0,Valid,0,0.13,0.42945437318935953,0,1.0801711062746329,0,Group 4 (Both Valid/Normal)
TRN-0527,Valid,0,Valid,0,0.04,0.37529033096950454,0,0.9688550612793646,0,Group 4 (Both Valid/Normal)
TRN-0770,Valid,0,Valid,0,0.01,0.37913341955419544,0,0.9621468886732727,0,Group 4 (Both Valid/Normal)
TRN-0251,Valid,0,Valid,0,0.25,0.48456601417642964,0,1.0074480040785185,0,Group 4 (Both Valid/Normal)
TRN-0132,Valid,0,Valid,0,0.02,0.44497661357443236,0,1.0725882679751044,0,Group 4 (Both Valid/Normal)
TRN-0215,Invalid,1,Invalid,1,0.99,0.49942087020282355,0,0.990501322924579,0,Group 2 (Supervised Invalid / Anomaly Normal)
TRN-0780,Valid,0,Valid,0,0.02,0.3889289137660999,0,0.9695467026699008,0,Group 4 (Both Valid/Normal)
TRN-0425,Valid,0,Valid,0,0.08,0.4548050614918394,0,1.136808159977752,0,Group 4 (Both Valid/Normal)
TRN-0273,Valid,0,Valid,0,0.0,0.4042291879881644,0,1.038789828482851,0,Group 4 (Both Valid/Normal)
TRN-0970,Valid,0,Valid,0,0.15,0.42957787854982216,0,1.0826917923860708,0,Group 4 (Both Valid/Normal)
TRN-0318,Valid,0,Valid,0,0.18,0.39205752533310645,0,0.9985988959947928,0,Group 4 (Both Valid/Normal)
TRN-0767,Valid,0,Valid,0,0.04,0.42470135444035795,0,1.0076197432631584,0,Group 4 (Both Valid/Normal)
TRN-0437,Valid,0,Valid,0,0.14,0.4832918517472352,0,1.2086216363044449,0,Group 4 (Both Valid/Normal)
TRN-0502,Valid,0,Valid,0,0.28,0.4692501267730505,0,1.122090424147616,0,Group 4 (Both Valid/Normal)
TRN-0413,Valid,0,Valid,0,0.24,0.4217499606798843,0,1.0859771229666157,0,Group 4 (Both Valid/Normal)
TRN-0735,Valid,0,Valid,0,0.21,0.3821782793747531,0,0.9753162310105197,0,Group 4 (Both Valid/Normal)
TRN-0249,Valid,0,Valid,0,0.01,0.41577374360162095,0,1.0388799695055182,0,Group 4 (Both Valid/Normal)
TRN-0941,Valid,0,Valid,0,0.02,0.42347039234553685,0,1.0381610265382106,0,Group 4 (Both Valid/Normal)
TRN-0644,Valid,0,Valid,0,0.24,0.4205079904788112,0,1.1430205722832913,0,Group 4 (Both Valid/Normal)
TRN-0004,Valid,0,Valid,0,0.05,0.40380927849844017,0,1.0038310612305141,0,Group 4 (Both Valid/Normal)
TRN-0102,Valid,0,Valid,0,0.03,0.40441413990852687,0,1.01649683384263,0,Group 4 (Both Valid/Normal)
TRN-0310,Valid,0,Valid,0,0.04,0.39614257791729457,0,1.0051661692608553,0,Group 4 (Both Valid/Normal)
TRN-0653,Valid,0,Valid,0,0.03,0.41358967270310865,0,1.0603167197451715,0,Group 4 (Both Valid/Normal)
TRN-0115,Valid,0,Valid,0,0.32,0.4353129726623679,0,1.1311262652569636,0,Group 4 (Both Valid/Normal)
TRN-0772,Valid,0,Valid,0,0.13,0.48440118699635354,0,1.2330515081861584,0,Group 4 (Both Valid/Normal)
TRN-0831,Valid,0,Valid,0,0.12,0.3860382674126729,0,0.980291663010779,0,Group 4 (Both Valid/Normal)
TRN-0705,Valid,0,Valid,0,0.43,0.4681268344079178,0,1.1120067255355663,0,Group 4 (Both Valid/Normal)
TRN-0991,Valid,0,Valid,0,0.02,0.40637083170614313,0,0.998222909914498,0,Group 4 (Both Valid/Normal)
TRN-0862,Valid,0,Valid,0,0.19,0.38014060040165254,0,0.9912475397697899,0,Group 4 (Both Valid/Normal)
TRN-0229,Valid,0,Valid,0,0.02,0.4068876096923554,0,1.0639502919214763,0,Group 4 (Both Valid/Normal)
TRN-0696,Valid,0,Valid,0,0.07,0.3873498072270038,0,1.0415493188140716,0,Group 4 (Both Valid/Normal)
TRN-0371,Valid,0,Valid,0,0.3,0.467629569755148,0,1.02617462505394,0,Group 4 (Both Valid/Normal)
TRN-0819,Valid,0,Valid,0,0.19,0.3974495276396664,0,1.0210554922739843,0,Group 4 (Both Valid/Normal)
TRN-0107,Valid,0,Valid,0,0.05,0.39742071344425567,0,1.014826805547296,0,Group 4 (Both Valid/Normal)
TRN-0017,Valid,0,Valid,0,0.11,0.4064795870742592,0,0.9833362592169623,0,Group 4 (Both Valid/Normal)
TRN-0196,Valid,0,Valid,0,0.14,0.4061823354062107,0,1.0456774051176334,0,Group 4 (Both Valid/Normal)
TRN-0548,Valid,0,Valid,0,0.19,0.404942234712057,0,1.022135353204222,0,Group 4 (Both Valid/Normal)
TRN-0525,Valid,0,Valid,0,0.22,0.40900103675568233,0,0.9846097359465729,0,Group 4 (Both Valid/Normal)
TRN-0687,Valid,0,Valid,0,0.32,0.48192874358903565,0,1.177983884581133,0,Group 4 (Both Valid/Normal)
TRN-0637,Valid,0,Valid,0,0.11,0.46618532150538783,0,1.104214293749398,0,Group 4 (Both Valid/Normal)
TRN-0790,Valid,0,Valid,0,0.1,0.4205432785921481,0,1.0756872255642271,0,Group 4 (Both Valid/Normal)
TRN-0337,Valid,0,Valid,0,0.14,0.4321080164314657,0,1.053281086984974,0,Group 4 (Both Valid/Normal)
TRN-0776,Valid,0,Valid,0,0.09,0.3745141472496339,0,1.0003612162394093,0,Group 4 (Both Valid/Normal)
TRN-0882,Valid,0,Valid,0,0.14,0.40865342964814255,0,1.1125687566531928,0,Group 4 (Both Valid/Normal)
TRN-0235,Valid,0,Valid,0,0.04,0.4083028538460226,0,1.0072148733318567,0,Group 4 (Both Valid/Normal)
TRN-0112,Valid,0,Valid,0,0.04,0.43194542961736426,0,1.0570456470887903,0,Group 4 (Both Valid/Normal)
TRN-0296,Valid,0,Valid,0,0.1,0.3978305264539606,0,0.9923604335287226,0,Group 4 (Both Valid/Normal)
TRN-0809,Valid,0,Valid,0,0.19,0.48242352135632066,0,1.1866028581460115,0,Group 4 (Both Valid/Normal)
TRN-0853,Valid,0,Valid,0,0.01,0.4016081691423274,0,1.0123645567958364,0,Group 4 (Both Valid/Normal)
TRN-0529,Invalid,1,Invalid,1,0.79,0.4817140296674641,0,1.1746625493070568,0,Group 2 (Supervised Invalid / Anomaly Normal)
TRN-0874,Invalid,1,Invalid,1,0.74,0.45958355238072024,0,1.5844092892054136,1,Group 2 (Supervised Invalid / Anomaly Normal)
TRN-0293,Valid,0,Valid,0,0.04,0.38346144388561165,0,0.9797537649040571,0,Group 4 (Both Valid/Normal)
TRN-0386,Valid,0,Valid,0,0.02,0.4117980005705753,0,1.0207049708191647,0,Group 4 (Both Valid/Normal)
TRN-0001,Valid,0,Valid,0,0.18,0.43610047253797585,0,1.080743829666643,0,Group 4 (Both Valid/Normal)
TRN-0483,Valid,0,Valid,0,0.14,0.3991759533362035,0,1.0619181359236138,0,Group 4 (Both Valid/Normal)
TRN-0127,Valid,0,Valid,0,0.28,0.42444690518538714,0,1.117803037058572,0,Group 4 (Both Valid/Normal)
TRN-0207,Valid,0,Valid,0,0.15,0.42822334483819413,0,1.1579455420859301,0,Group 4 (Both Valid/Normal)
TRN-0471,Valid,0,Valid,0,0.09,0.4452190321434751,0,1.2333990567073105,0,Group 4 (Both Valid/Normal)
TRN-0059,Invalid,1,Valid,0,0.33,0.533253641731209,1,1.57116673749958,1,Group 3 (Supervised Valid / Anomaly Anomalous)
TRN-0063,Valid,0,Valid,0,0.04,0.429129066214383,0,1.113240712593065,0,Group 4 (Both Valid/Normal)
TRN-0698,Valid,0,Valid,0,0.0,0.3916516014995012,0,0.9730436633254115,0,Group 4 (Both Valid/Normal)
TRN-0960,Valid,0,Valid,0,0.11,0.4158502404023472,0,1.148460086863231,0,Group 4 (Both Valid/Normal)
TRN-0899,Valid,0,Valid,0,0.1,0.4169649349021046,0,1.05513626941496,0,Group 4 (Both Valid/Normal)
TRN-0100,Valid,0,Valid,0,0.19,0.6065141411878345,1,0.97655700462106,0,Group 3 (Supervised Valid / Anomaly Anomalous)
TRN-0292,Invalid,1,Valid,0,0.12,0.5062612133232132,1,1.3138638952233845,0,Group 3 (Supervised Valid / Anomaly Anomalous)
TRN-0789,Valid,0,Valid,0,0.06,0.41622647383003175,0,1.029745833468732,0,Group 4 (Both Valid/Normal)
TRN-0883,Invalid,1,Valid,0,0.21,0.397840127364651,0,1.3174741926378282,0,Group 4 (Both Valid/Normal)
TRN-0987,Valid,0,Valid,0,0.1,0.48323007849346294,0,1.2510075161473022,0,Group 4 (Both Valid/Normal)
TRN-0845,Valid,0,Valid,0,0.23,0.41457171084716776,0,1.0563152842735264,0,Group 4 (Both Valid/Normal)
TRN-0519,Valid,0,Valid,0,0.14,0.40068748273857085,0,1.0093401179054582,0,Group 4 (Both Valid/Normal)
TRN-0170,Valid,0,Valid,0,0.03,0.38011852535918156,0,1.0177133348741194,0,Group 4 (Both Valid/Normal)
TRN-0803,Valid,0,Valid,0,0.03,0.43100688884108995,0,1.0946657420779788,0,Group 4 (Both Valid/Normal)
TRN-0414,Valid,0,Valid,0,0.07,0.40048767469867463,0,1.0451314545681256,0,Group 4 (Both Valid/Normal)
TRN-0347,Valid,0,Valid,0,0.15,0.5044950813744051,1,1.3064521071315816,0,Group 3 (Supervised Valid / Anomaly Anomalous)
TRN-0022,Valid,0,Valid,0,0.02,0.41640609225758124,0,1.0434659905152526,0,Group 4 (Both Valid/Normal)
TRN-0534,Valid,0,Valid,0,0.07,0.5220335775301564,1,1.497422689108056,0,Group 3 (Supervised Valid / Anomaly Anomalous)
TRN-0690,Invalid,1,Invalid,1,0.69,0.566809051136815,1,2.030993868798702,1,Group 1 (Both Invalid/Anomalous)
TRN-0021,Valid,0,Valid,0,0.12,0.4249128139430907,0,1.0352321088974243,0,Group 4 (Both Valid/Normal)
TRN-0280,Valid,0,Valid,0,0.04,0.43568623049554034,0,1.0138925583863856,0,Group 4 (Both Valid/Normal)
TRN-0366,Valid,0,Valid,0,0.03,0.3932236786375383,0,0.9919378766606789,0,Group 4 (Both Valid/Normal)
TRN-0775,Valid,0,Valid,0,0.08,0.4260670377882122,0,1.0843326207247466,0,Group 4 (Both Valid/Normal)
TRN-0274,Valid,0,Valid,0,0.01,0.41916403962739057,0,0.9632406840903933,0,Group 4 (Both Valid/Normal)
TRN-0404,Valid,0,Valid,0,0.01,0.3868771646307617,0,1.026569874005135,0,Group 4 (Both Valid/Normal)
TRN-0139,Valid,0,Valid,0,0.09,0.40770955535467845,0,1.0210955301705504,0,Group 4 (Both Valid/Normal)
TRN-0325,Valid,0,Valid,0,0.16,0.42207682130118523,0,1.0499874641038378,0,Group 4 (Both Valid/Normal)
TRN-0155,Valid,0,Valid,0,0.03,0.37747356452602254,0,0.9577218436567024,0,Group 4 (Both Valid/Normal)
TRN-0756,Valid,0,Valid,0,0.27,0.383665064226254,0,0.9896964771568693,0,Group 4 (Both Valid/Normal)
TRN-0679,Valid,0,Valid,0,0.07,0.42750157151105017,0,0.9824353368235783,0,Group 4 (Both Valid/Normal)
TRN-0837,Invalid,1,Valid,0,0.13,0.3861285866537431,0,1.007648775520854,0,Group 4 (Both Valid/Normal)
TRN-0160,Valid,0,Valid,0,0.09,0.4103412404729682,0,1.0314781975403904,0,Group 4 (Both Valid/Normal)
TRN-0058,Valid,0,Invalid,1,0.76,0.5035524897803665,1,1.1128468991639948,0,Group 1 (Both Invalid/Anomalous)
TRN-0357,Invalid,1,Invalid,1,0.99,0.482568848340409,0,0.9864085007809388,0,Group 2 (Supervised Invalid / Anomaly Normal)
TRN-0964,Valid,0,Valid,0,0.22,0.6147520527894281,1,1.0040240903702364,0,Group 3 (Supervised Valid / Anomaly Anomalous)
TRN-0594,Valid,0,Valid,0,0.05,0.41511231933581544,0,0.9863325024145035,0,Group 4 (Both Valid/Normal)
TRN-0520,Valid,0,Valid,0,0.04,0.4138750739842359,0,1.0369699209836045,0,Group 4 (Both Valid/Normal)
TRN-0495,Valid,0,Valid,0,0.05,0.3778936478066781,0,0.9740289123663132,0,Group 4 (Both Valid/Normal)
TRN-0328,Valid,0,Valid,0,0.02,0.4039532676124168,0,0.984415863940877,0,Group 4 (Both Valid/Normal)
TRN-0152,Valid,0,Valid,0,0.06,0.4481682395751314,0,1.0796735645986142,0,Group 4 (Both Valid/Normal)
TRN-0962,Valid,0,Valid,0,0.06,0.3919383338822883,0,1.0018184920608024,0,Group 4 (Both Valid/Normal)
TRN-0990,Valid,0,Valid,0,0.07,0.41288909364982535,0,1.020084131092228,0,Group 4 (Both Valid/Normal)
TRN-0740,Valid,0,Valid,0,0.01,0.4371766619009449,0,0.9873308393307074,0,Group 4 (Both Valid/Normal)
TRN-0812,Valid,0,Valid,0,0.09,0.4333724224650746,0,1.0614209573121682,0,Group 4 (Both Valid/Normal)
TRN-0079,Valid,0,Valid,0,0.04,0.45248169905512675,0,1.1182594812682387,0,Group 4 (Both Valid/Normal)
TRN-0008,Valid,0,Valid,0,0.16,0.4063345603493859,0,1.0030054789943406,0,Group 4 (Both Valid/Normal)
TRN-0865,Valid,0,Valid,0,0.06,0.42169539550173923,0,1.0303351149708586,0,Group 4 (Both Valid/Normal)
TRN-0909,Valid,0,Valid,0,0.16,0.3912281296913405,0,0.9703445538434776,0,Group 4 (Both Valid/Normal)
TRN-0693,Valid,0,Valid,0,0.11,0.44093067126018726,0,1.051055450497079,0,Group 4 (Both Valid/Normal)
TRN-0427,Valid,0,Valid,0,0.17,0.40707805831018395,0,1.0915735386931877,0,Group 4 (Both Valid/Normal)
TRN-0595,Valid,0,Valid,0,0.03,0.42283496282165073,0,1.0312160923621454,0,Group 4 (Both Valid/Normal)
TRN-0086,Valid,0,Valid,0,0.06,0.43828024069918164,0,1.0090354229167553,0,Group 4 (Both Valid/Normal)
TRN-0338,Valid,0,Valid,0,0.04,0.4132963585129702,0,1.0608751635105702,0,Group 4 (Both Valid/Normal)
TRN-0745,Invalid,1,Invalid,1,1.0,0.5254743400744656,1,0.9895013747690647,0,Group 1 (Both Invalid/Anomalous)
TRN-0256,Valid,0,Valid,0,0.13,0.4860331736931912,0,1.1471963641202891,0,Group 4 (Both Valid/Normal)
TRN-0412,Valid,0,Valid,0,0.08,0.45578934401319593,0,0.9851250908733041,0,Group 4 (Both Valid/Normal)
TRN-0073,Valid,0,Valid,0,0.04,0.40857370350552946,0,0.9822991483327493,0,Group 4 (Both Valid/Normal)
TRN-0836,Valid,0,Valid,0,0.11,0.41716280430759484,0,1.044094051043502,0,Group 4 (Both Valid/Normal)
TRN-0907,Invalid,1,Valid,0,0.26,0.46485218120497285,0,1.2145977082802357,0,Group 4 (Both Valid/Normal)
TRN-0010,Valid,0,Valid,0,0.06,0.3935939831688826,0,0.993887678424881,0,Group 4 (Both Valid/Normal)
TRN-0569,Valid,0,Valid,0,0.03,0.40723786859304656,0,0.9893046277833448,0,Group 4 (Both Valid/Normal)
TRN-0528,Valid,0,Valid,0,0.11,0.4781376511904741,0,1.1560058940269022,0,Group 4 (Both Valid/Normal)
TRN-0983,Valid,0,Valid,0,0.11,0.3993359975946418,0,0.9854200619483994,0,Group 4 (Both Valid/Normal)
TRN-0760,Valid,0,Valid,0,0.32,0.4751746979380256,0,1.0793339902644206,0,Group 4 (Both Valid/Normal)
TRN-0547,Valid,0,Valid,0,0.12,0.4190771226655966,0,1.0621217659660906,0,Group 4 (Both Valid/Normal)
TRN-0376,Valid,0,Valid,0,0.02,0.47182106411321645,0,1.123769558889337,0,Group 4 (Both Valid/Normal)
TRN-0600,Valid,0,Valid,0,0.06,0.400143770229425,0,1.0424077906350115,0,Group 4 (Both Valid/Normal)
TRN-0029,Valid,0,Valid,0,0.17,0.4084252485375446,0,1.0212995269280127,0,Group 4 (Both Valid/Normal)
TRN-0039,Invalid,1,Invalid,1,0.62,0.42673584880878707,0,1.153089817692106,0,Group 2 (Supervised Invalid / Anomaly Normal)
TRN-0033,Valid,0,Valid,0,0.18,0.4320442493447104,0,1.005254488742097,0,Group 4 (Both Valid/Normal)
TRN-0833,Valid,0,Invalid,1,0.54,0.4727778920157688,0,1.0821349484409883,0,Group 2 (Supervised Invalid / Anomaly Normal)
TRN-0390,Valid,0,Valid,0,0.04,0.4519813151684894,0,1.1388353881995037,0,Group 4 (Both Valid/Normal)
TRN-0044,Valid,0,Valid,0,0.26,0.47909942242257886,0,1.0936219176244117,0,Group 4 (Both Valid/Normal)
TRN-0452,Valid,0,Valid,0,0.02,0.38543713541761365,0,0.989805680867246,0,Group 4 (Both Valid/Normal)
TRN-0228,Valid,0,Valid,0,0.16,0.44318396273650296,0,1.0252194828463446,0,Group 4 (Both Valid/Normal)
TRN-0432,Invalid,1,Valid,0,0.46,0.46065720291145223,0,1.2215325908435763,0,Group 4 (Both Valid/Normal)
TRN-0898,Valid,0,Valid,0,0.04,0.41363095442500103,0,1.049919373584819,0,Group 4 (Both Valid/Normal)
TRN-0204,Valid,0,Valid,0,0.11,0.3816317216604355,0,0.9961313628460605,0,Group 4 (Both Valid/Normal)
TRN-0121,Invalid,1,Invalid,1,0.62,0.4663272743004247,0,1.3900472084037325,0,Group 2 (Supervised Invalid / Anomaly Normal)
TRN-0902,Valid,0,Valid,0,0.08,0.4221277699741063,0,1.05482001878535,0,Group 4 (Both Valid/Normal)
TRN-0183,Valid,0,Valid,0,0.12,0.4740002267930015,0,1.196962827074159,0,Group 4 (Both Valid/Normal)
TRN-0634,Valid,0,Valid,0,0.01,0.41852060886232323,0,1.0715986739385905,0,Group 4 (Both Valid/Normal)
TRN-0378,Valid,0,Valid,0,0.18,0.40774481384464695,0,1.040679367096248,0,Group 4 (Both Valid/Normal)
TRN-0814,Valid,0,Valid,0,0.08,0.39635562562925103,0,0.9814191420357202,0,Group 4 (Both Valid/Normal)
TRN-0396,Valid,0,Valid,0,0.02,0.41423194174372024,0,1.0197594218573065,0,Group 4 (Both Valid/Normal)
TRN-0663,Valid,0,Invalid,1,0.62,0.5085212707003052,1,1.0660815841888551,0,Group 1 (Both Invalid/Anomalous)
TRN-0193,Valid,0,Valid,0,0.1,0.4578618947553091,0,1.1336965961979084,0,Group 4 (Both Valid/Normal)
TRN-0163,Valid,0,Valid,0,0.05,0.3954499466648501,0,0.9941982321031262,0,Group 4 (Both Valid/Normal)
TRN-0951,Valid,0,Valid,0,0.03,0.3921325497534041,0,0.9994861903091794,0,Group 4 (Both Valid/Normal)
TRN-0453,Valid,0,Valid,0,0.13,0.4663769393966196,0,1.0229823000282052,0,Group 4 (Both Valid/Normal)
TRN-0247,Valid,0,Valid,0,0.06,0.44392615662588286,0,1.1004577541051015,0,Group 4 (Both Valid/Normal)
TRN-0892,Valid,0,Valid,0,0.07,0.4184020386362793,0,1.0731371974243422,0,Group 4 (Both Valid/Normal)
TRN-0841,Valid,0,Valid,0,0.04,0.4339291290379075,0,0.9973930109259594,0,Group 4 (Both Valid/Normal)
TRN-0233,Invalid,1,Valid,0,0.5,0.45496165257746524,0,1.1674897855921218,0,Group 4 (Both Valid/Normal)
TRN-0896,Valid,0,Valid,0,0.1,0.391075117641272,0,0.9989185769289193,0,Group 4 (Both Valid/Normal)
TRN-0572,Valid,0,Valid,0,0.03,0.4242713088537939,0,1.0798286812084243,0,Group 4 (Both Valid/Normal)
TRN-0377,Valid,0,Valid,0,0.01,0.3858483809123541,0,0.999165403897484,0,Group 4 (Both Valid/Normal)
TRN-0402,Invalid,1,Invalid,1,0.58,0.4198234778616474,0,1.0975907534017613,0,Group 2 (Supervised Invalid / Anomaly Normal)
TRN-0692,Invalid,1,Invalid,1,0.61,0.44457312806308064,0,1.3867561223588147,0,Group 2 (Supervised Invalid / Anomaly Normal)
TRN-0524,Valid,0,Valid,0,0.05,0.4260282838938656,0,1.1150631196751573,0,Group 4 (Both Valid/Normal)
TRN-0686,Valid,0,Valid,0,0.19,0.38000305926398714,0,0.9875677934698068,0,Group 4 (Both Valid/Normal)
TRN-0479,Invalid,1,Valid,0,0.46,0.41376934925069503,0,1.2029380632251034,0,Group 4 (Both Valid/Normal)
TRN-0731,Valid,0,Valid,0,0.12,0.3808486217646985,0,0.9889123446529856,0,Group 4 (Both Valid/Normal)
TRN-0099,Valid,0,Valid,0,0.03,0.40167306260707536,0,1.0317563824967104,0,Group 4 (Both Valid/Normal)
TRN-0817,Valid,0,Valid,0,0.12,0.3966863883230378,0,1.0109093895971324,0,Group 4 (Both Valid/Normal)
TRN-0277,Valid,0,Valid,0,0.03,0.42967195191085017,0,1.0528407295952165,0,Group 4 (Both Valid/Normal)
TRN-0493,Valid,0,Valid,0,0.08,0.37765338412189126,0,0.9820281459580421,0,Group 4 (Both Valid/Normal)
TRN-0726,Valid,0,Valid,0,0.11,0.39283975851033553,0,1.0476748874181254,0,Group 4 (Both Valid/Normal)
TRN-0330,Valid,0,Valid,0,0.22,0.389145847733308,0,0.986012930701578,0,Group 4 (Both Valid/Normal)
TRN-0117,Valid,0,Valid,0,0.03,0.37692566187503385,0,0.9925669840089556,0,Group 4 (Both Valid/Normal)
TRN-0840,Valid,0,Valid,0,0.05,0.43097837577982795,0,1.0111802664833631,0,Group 4 (Both Valid/Normal)
TRN-0640,Invalid,1,Valid,0,0.42,0.43298033852311313,0,1.1774536773810784,0,Group 4 (Both Valid/Normal)
TRN-0576,Valid,0,Valid,0,0.1,0.4397418954680078,0,1.0147632072606472,0,Group 4 (Both Valid/Normal)
TRN-0815,Valid,0,Valid,0,0.04,0.3730575007267994,0,0.9786058544051472,0,Group 4 (Both Valid/Normal)
TRN-0048,Valid,0,Valid,0,0.1,0.38887098079805177,0,0.9987038175477319,0,Group 4 (Both Valid/Normal)
TRN-0783,Valid,0,Valid,0,0.2,0.6193018510883923,1,1.003710191078142,0,Group 3 (Supervised Valid / Anomaly Anomalous)
TRN-0632,Valid,0,Valid,0,0.07,0.41796627003924436,0,0.9609309469436486,0,Group 4 (Both Valid/Normal)
TRN-0766,Valid,0,Valid,0,0.03,0.40987951008621626,0,1.0557916278957646,0,Group 4 (Both Valid/Normal)
TRN-0241,Valid,0,Valid,0,0.06,0.3908256354280216,0,0.9970981046777716,0,Group 4 (Both Valid/Normal)
TRN-0810,Valid,0,Valid,0,0.08,0.4186794537274325,0,1.0016333495112792,0,Group 4 (Both Valid/Normal)
TRN-0301,Invalid,1,Invalid,1,0.56,0.5205557270428216,1,1.3254364769362932,0,Group 1 (Both Invalid/Anomalous)
TRN-0984,Valid,0,Valid,0,0.05,0.4092380341840539,0,0.9648049509669381,0,Group 4 (Both Valid/Normal)
TRN-0054,Valid,0,Valid,0,0.11,0.49501747237626925,0,1.2078803618711318,0,Group 4 (Both Valid/Normal)
TRN-0866,Invalid,1,Valid,0,0.46,0.5498318206844562,1,8.653229333855943,1,Group 3 (Supervised Valid / Anomaly Anomalous)
TRN-0180,Valid,0,Valid,0,0.11,0.41750050121558296,0,1.024104919446629,0,Group 4 (Both Valid/Normal)
TRN-0832,Valid,0,Valid,0,0.09,0.46083654731824936,0,1.110896249866664,0,Group 4 (Both Valid/Normal)
TRN-0979,Valid,0,Valid,0,0.06,0.4224091361611631,0,1.0563312838617707,0,Group 4 (Both Valid/Normal)
TRN-0070,Valid,0,Valid,0,0.06,0.37947877596626456,0,0.9767236895473689,0,Group 4 (Both Valid/Normal)
TRN-0169,Valid,0,Valid,0,0.04,0.4160596825809828,0,1.0312141761731095,0,Group 4 (Both Valid/Normal)
TRN-0599,Valid,0,Valid,0,0.05,0.3968546229767833,0,1.001206343803275,0,Group 4 (Both Valid/Normal)
TRN-0998,Valid,0,Valid,0,0.01,0.4050555391745412,0,1.0015801270103066,0,Group 4 (Both Valid/Normal)
TRN-0016,Valid,0,Valid,0,0.03,0.3847976763178645,0,1.0311421599005017,0,Group 4 (Both Valid/Normal)
TRN-0314,Valid,0,Valid,0,0.04,0.3906767072706454,0,1.0083548527037953,0,Group 4 (Both Valid/Normal)
TRN-0628,Valid,0,Valid,0,0.12,0.39626199932952044,0,1.0228787439388791,0,Group 4 (Both Valid/Normal)
TRN-0586,Valid,0,Valid,0,0.11,0.4479520166993147,0,1.1593754960080942,0,Group 4 (Both Valid/Normal)
TRN-0145,Valid,0,Valid,0,0.12,0.4550885115744697,0,1.0285049352060252,0,Group 4 (Both Valid/Normal)
TRN-0370,Valid,0,Valid,0,0.02,0.421552814432459,0,1.0342793383476392,0,Group 4 (Both Valid/Normal)
TRN-0122,Valid,0,Valid,0,0.02,0.3991732538984548,0,0.9794695343482053,0,Group 4 (Both Valid/Normal)
TRN-0374,Valid,0,Valid,0,0.16,0.42438686467085374,0,1.0480831746981658,0,Group 4 (Both Valid/Normal)
TRN-0878,Invalid,1,Invalid,1,0.64,0.4249933249799996,0,1.303997172517455,0,Group 2 (Supervised Invalid / Anomaly Normal)
TRN-0847,Valid,0,Valid,0,0.11,0.46665455961187446,0,1.0909623023575006,0,Group 4 (Both Valid/Normal)
TRN-0540,Valid,0,Valid,0,0.24,0.49491720780915116,0,1.1331339262706916,0,Group 4 (Both Valid/Normal)
TRN-0808,Invalid,1,Valid,0,0.28,0.5774193903031902,1,1.2908891233600666,0,Group 3 (Supervised Valid / Anomaly Anomalous)
TRN-0886,Valid,0,Valid,0,0.08,0.4186927802039142,0,1.0184955586775415,0,Group 4 (Both Valid/Normal)
TRN-0510,Valid,0,Valid,0,0.06,0.39869980343285294,0,1.0049003428801462,0,Group 4 (Both Valid/Normal)
TRN-0418,Valid,0,Valid,0,0.08,0.39184835775484217,0,0.9926764255136231,0,Group 4 (Both Valid/Normal)
TRN-0850,Valid,0,Valid,0,0.07,0.445314032380478,0,1.0704551946139145,0,Group 4 (Both Valid/Normal)
TRN-0532,Valid,0,Valid,0,0.1,0.4216419715108306,0,1.142514801714758,0,Group 4 (Both Valid/Normal)
TRN-0361,Valid,0,Valid,0,0.03,0.4021783419623773,0,1.0132360513577618,0,Group 4 (Both Valid/Normal)
TRN-0161,Valid,0,Valid,0,0.09,0.4328066287478102,0,1.0574638259515248,0,Group 4 (Both Valid/Normal)
TRN-0110,Valid,0,Valid,0,0.04,0.39077658440413143,0,1.005931191629655,0,Group 4 (Both Valid/Normal)
TRN-0175,Valid,0,Valid,0,0.18,0.5901948358180615,1,0.988120013975047,0,Group 3 (Supervised Valid / Anomaly Anomalous)
TRN-0616,Valid,0,Valid,0,0.04,0.39555834302751713,0,1.0199256419370613,0,Group 4 (Both Valid/Normal)
TRN-0119,Valid,0,Valid,0,0.01,0.3829870443994893,0,1.0029767134281826,0,Group 4 (Both Valid/Normal)
TRN-0635,Valid,0,Valid,0,0.07,0.4176241340870837,0,0.9908213589553446,0,Group 4 (Both Valid/Normal)
TRN-0278,Valid,0,Valid,0,0.21,0.4331071295141395,0,1.0296103797822986,0,Group 4 (Both Valid/Normal)
TRN-0225,Invalid,1,Invalid,1,0.54,0.4586684870496869,0,1.3501773031283686,0,Group 2 (Supervised Invalid / Anomaly Normal)
TRN-0959,Valid,0,Valid,0,0.02,0.4328073355209056,0,0.9838418043976318,0,Group 4 (Both Valid/Normal)
TRN-0349,Invalid,1,Valid,0,0.48,0.4416490348015705,0,1.169601805699453,0,Group 4 (Both Valid/Normal)
TRN-0159,Valid,0,Valid,0,0.09,0.463862233118391,0,1.152977090321674,0,Group 4 (Both Valid/Normal)
TRN-0032,Valid,0,Valid,0,0.1,0.4468666557587498,0,1.1117140414776674,0,Group 4 (Both Valid/Normal)
TRN-0344,Valid,0,Valid,0,0.33,0.4511569384681747,0,1.000752858230567,0,Group 4 (Both Valid/Normal)
TRN-0391,Valid,0,Valid,0,0.03,0.39514414066505427,0,0.9934812309602558,0,Group 4 (Both Valid/Normal)
TRN-0651,Valid,0,Valid,0,0.05,0.4103850265946274,0,1.056466643859427,0,Group 4 (Both Valid/Normal)
TRN-0538,Valid,0,Valid,0,0.15,0.48272952044267103,0,1.2108474277711896,0,Group 4 (Both Valid/Normal)
TRN-0264,Valid,0,Valid,0,0.09,0.4428268023939606,0,1.0711628330362981,0,Group 4 (Both Valid/Normal)
TRN-0804,Valid,0,Valid,0,0.04,0.39550614252797195,0,0.969686061653818,0,Group 4 (Both Valid/Normal)
TRN-0875,Valid,0,Valid,0,0.06,0.4204511749538018,0,1.03468730869605,0,Group 4 (Both Valid/Normal)
TRN-0179,Valid,0,Valid,0,0.23,0.4058546764259222,0,1.0718312504300398,0,Group 4 (Both Valid/Normal)
TRN-0664,Valid,0,Valid,0,0.04,0.40063852940349787,0,1.0490935398481969,0,Group 4 (Both Valid/Normal)
TRN-0848,Valid,0,Valid,0,0.34,0.39864785015122983,0,1.0322591874455347,0,Group 4 (Both Valid/Normal)
TRN-0319,Valid,0,Valid,0,0.07,0.38022387782430545,0,0.9942913832470814,0,Group 4 (Both Valid/Normal)
TRN-0897,Valid,0,Valid,0,0.08,0.3875342591222667,0,0.9882076141000455,0,Group 4 (Both Valid/Normal)
TRN-0617,Valid,0,Valid,0,0.14,0.43394029910451254,0,1.0533379686375006,0,Group 4 (Both Valid/Normal)
TRN-0066,Valid,0,Valid,0,0.03,0.4027843370178195,0,1.0189245386892851,0,Group 4 (Both Valid/Normal)
TRN-0329,Valid,0,Valid,0,0.09,0.3939481544228216,0,0.983021570542818,0,Group 4 (Both Valid/Normal)
TRN-0512,Invalid,1,Invalid,1,1.0,0.47438900114425453,0,0.9864085007809388,0,Group 2 (Supervised Invalid / Anomaly Normal)
TRN-0559,Valid,0,Valid,0,0.06,0.4536115427150582,0,1.0477557883916233,0,Group 4 (Both Valid/Normal)
TRN-0843,Valid,0,Valid,0,0.05,0.41911775807971396,0,1.0530876424513549,0,Group 4 (Both Valid/Normal)
TRN-0080,Valid,0,Valid,0,0.03,0.42785718307546444,0,0.9982293777309712,0,Group 4 (Both Valid/Normal)
TRN-0401,Invalid,1,Valid,0,0.24,0.4023829725068129,0,1.197893709306706,0,Group 4 (Both Valid/Normal)
TRN-0384,Valid,0,Valid,0,0.05,0.38549538819435697,0,0.978815809977554,0,Group 4 (Both Valid/Normal)
TRN-0047,Valid,0,Valid,0,0.04,0.39408762210530807,0,1.0046995457031025,0,Group 4 (Both Valid/Normal)
TRN-0938,Valid,0,Valid,0,0.06,0.4356098635674907,0,1.0242078801229553,0,Group 4 (Both Valid/Normal)
TRN-0724,Valid,0,Valid,0,0.21,0.40414918724352966,0,1.0140964868471174,0,Group 4 (Both Valid/Normal)
TRN-0089,Invalid,1,Valid,0,0.45,0.5366492697079343,1,1.6576927654113116,1,Group 3 (Supervised Valid / Anomaly Anomalous)
TRN-0114,Valid,0,Valid,0,0.04,0.40706024762148996,0,1.1160943655393738,0,Group 4 (Both Valid/Normal)
TRN-0748,Valid,0,Valid,0,0.21,0.41642878728602567,0,1.0397734574334359,0,Group 4 (Both Valid/Normal)
TRN-0459,Valid,0,Valid,0,0.07,0.40000403100269316,0,1.0075624402774024,0,Group 4 (Both Valid/Normal)
TRN-0223,Valid,0,Valid,0,0.13,0.43759200879894955,0,1.1835730903319917,0,Group 4 (Both Valid/Normal)
TRN-0851,Valid,0,Valid,0,0.18,0.47365370118800065,0,1.1450049836970508,0,Group 4 (Both Valid/Normal)
TRN-0582,Valid,0,Valid,0,0.16,0.4268125829104831,0,1.1859639143249487,0,Group 4 (Both Valid/Normal)
TRN-0007,Valid,0,Valid,0,0.17,0.4437153577879384,0,1.1422374526776626,0,Group 4 (Both Valid/Normal)
TRN-0947,Valid,0,Valid,0,0.08,0.44969193978481714,0,1.0112415058152506,0,Group 4 (Both Valid/Normal)
TRN-0556,Valid,0,Valid,0,0.09,0.4285289538395615,0,1.1014977789679103,0,Group 4 (Both Valid/Normal)
TRN-0006,Valid,0,Valid,0,0.15,0.44445480866202963,0,1.0938981966291497,0,Group 4 (Both Valid/Normal)
TRN-0036,Valid,0,Valid,0,0.06,0.42129842247659444,0,1.0333027545610203,0,Group 4 (Both Valid/Normal)
TRN-0655,Valid,0,Valid,0,0.08,0.41465119747641876,0,1.0366800083804244,0,Group 4 (Both Valid/Normal)
TRN-0419,Valid,0,Valid,0,0.01,0.45656995436812803,0,1.2659446467124034,0,Group 4 (Both Valid/Normal)
TRN-0800,Valid,0,Valid,0,0.08,0.4003191839742768,0,1.0218605561568435,0,Group 4 (Both Valid/Normal)
TRN-0298,Valid,0,Valid,0,0.03,0.4093280198482572,0,1.0248618814052048,0,Group 4 (Both Valid/Normal)
TRN-0146,Valid,0,Valid,0,0.22,0.42488722940340395,0,1.0410904575903426,0,Group 4 (Both Valid/Normal)
TRN-0074,Invalid,1,Invalid,1,0.61,0.45217950175341637,0,1.4123962638668497,0,Group 2 (Supervised Invalid / Anomaly Normal)
TRN-0358,Invalid,1,Invalid,1,0.71,0.44948984822223936,0,1.3094248577081093,0,Group 2 (Supervised Invalid / Anomaly Normal)
TRN-0521,Valid,0,Valid,0,0.03,0.4079641993960963,0,1.0261231999663507,0,Group 4 (Both Valid/Normal)
TRN-0598,Valid,0,Valid,0,0.02,0.4198134495334016,0,1.1133767268760464,0,Group 4 (Both Valid/Normal)
TRN-0242,Valid,0,Valid,0,0.01,0.41487277976032616,0,1.0088791275834805,0,Group 4 (Both Valid/Normal)
TRN-0285,Valid,0,Valid,0,0.15,0.43463527597840923,0,1.087850412022264,0,Group 4 (Both Valid/Normal)
TRN-0786,Valid,0,Valid,0,0.26,0.40994944763990787,0,1.0490168674046774,0,Group 4 (Both Valid/Normal)
TRN-0976,Valid,0,Valid,0,0.12,0.3747373333015286,0,0.9719896894003733,0,Group 4 (Both Valid/Normal)
TRN-0467,Valid,0,Valid,0,0.14,0.40219901484029186,0,1.0281481906260446,0,Group 4 (Both Valid/Normal)
TRN-0186,Valid,0,Valid,0,0.03,0.41828459959343267,0,1.0284457275087782,0,Group 4 (Both Valid/Normal)
TRN-0592,Valid,0,Valid,0,0.11,0.3937816656496112,0,1.0360891891830604,0,Group 4 (Both Valid/Normal)
TRN-1000,Valid,0,Valid,0,0.09,0.40443066166068137,0,1.0893897236541892,0,Group 4 (Both Valid/Normal)
TRN-0852,Valid,0,Valid,0,0.27,0.638994035017837,1,1.0175869306616234,0,Group 3 (Supervised Valid / Anomaly Anomalous)
TRN-0955,Valid,0,Valid,0,0.07,0.4143710228476199,0,1.2051779764264363,0,Group 4 (Both Valid/Normal)
TRN-0125,Valid,0,Valid,0,0.09,0.4085606398206731,0,1.11644448606634,0,Group 4 (Both Valid/Normal)
TRN-0570,Invalid,1,Valid,0,0.46,0.43310943214553216,0,1.2877697445052427,0,Group 4 (Both Valid/Normal)
TRN-0189,Valid,0,Valid,0,0.01,0.4228034279619269,0,1.0027847389943199,0,Group 4 (Both Valid/Normal)
TRN-0470,Valid,0,Valid,0,0.09,0.44949763850242735,0,1.0708431845298976,0,Group 4 (Both Valid/Normal)
TRN-0003,Valid,0,Valid,0,0.16,0.45655093377743877,0,0.9818036793061488,0,Group 4 (Both Valid/Normal)
TRN-0442,Valid,0,Valid,0,0.06,0.43111263235030506,0,1.0654881114577397,0,Group 4 (Both Valid/Normal)
TRN-0716,Valid,0,Valid,0,0.24,0.4519364331352894,0,1.038228495673393,0,Group 4 (Both Valid/Normal)
TRN-0678,Valid,0,Valid,0,0.02,0.3722601677173045,0,0.9768446645479987,0,Group 4 (Both Valid/Normal)
TRN-0978,Valid,0,Valid,0,0.13,0.4876573321144832,0,1.2041109045124387,0,Group 4 (Both Valid/Normal)
TRN-0350,Valid,0,Valid,0,0.15,0.4072759123983245,0,1.0137368647425404,0,Group 4 (Both Valid/Normal)
TRN-0924,Valid,0,Valid,0,0.07,0.4128435363003062,0,1.0016211461172024,0,Group 4 (Both Valid/Normal)
TRN-0918,Invalid,1,Invalid,1,0.52,0.5414874130338725,1,1.156117318916428,0,Group 1 (Both Invalid/Anomalous)
TRN-0552,Valid,0,Valid,0,0.2,0.4615650309297547,0,0.9781627434635121,0,Group 4 (Both Valid/Normal)
TRN-0999,Valid,0,Valid,0,0.14,0.39497327108702956,0,1.0113631862915144,0,Group 4 (Both Valid/Normal)
TRN-0444,Valid,0,Valid,0,0.2,0.4325175583881241,0,1.1732830613223209,0,Group 4 (Both Valid/Normal)
TRN-0118,Invalid,1,Invalid,1,0.53,0.4940815001351553,0,1.3699044037013384,0,Group 2 (Supervised Invalid / Anomaly Normal)
TRN-0950,Invalid,1,Valid,0,0.28,0.4527732553958382,0,1.2065603680445727,0,Group 4 (Both Valid/Normal)
TRN-0642,Invalid,1,Valid,0,0.28,0.48265235167556875,0,1.289006313026392,0,Group 4 (Both Valid/Normal)
TRN-0953,Valid,0,Valid,0,0.03,0.40715950246390975,0,1.2301103785872642,0,Group 4 (Both Valid/Normal)
TRN-0821,Valid,0,Valid,0,0.09,0.40446459869820545,0,1.0947996850682775,0,Group 4 (Both Valid/Normal)
TRN-0487,Valid,0,Valid,0,0.02,0.3857612656133257,0,0.9856434663610756,0,Group 4 (Both Valid/Normal)
TRN-0871,Valid,0,Valid,0,0.03,0.4089278719053096,0,0.9902248840959988,0,Group 4 (Both Valid/Normal)
TRN-0683,Invalid,1,Invalid,1,0.62,0.4497925408056361,0,1.401968169577542,0,Group 2 (Supervised Invalid / Anomaly Normal)
TRN-0555,Valid,0,Valid,0,0.02,0.432818961673525,0,1.0797742706325375,0,Group 4 (Both Valid/Normal)
TRN-0085,Valid,0,Valid,0,0.04,0.4496029242926016,0,1.0335998368905914,0,Group 4 (Both Valid/Normal)
TRN-0685,Valid,0,Valid,0,0.11,0.44584164734940995,0,0.9960554062472949,0,Group 4 (Both Valid/Normal)
TRN-0888,Invalid,1,Invalid,1,0.81,0.4782292170551778,0,1.114454739133835,0,Group 2 (Supervised Invalid / Anomaly Normal)
TRN-0609,Valid,0,Valid,0,0.01,0.3840750709205368,0,0.963059009019171,0,Group 4 (Both Valid/Normal)
TRN-0182,Valid,0,Valid,0,0.02,0.3996183214182739,0,0.9918199350555911,0,Group 4 (Both Valid/Normal)
TRN-0211,Valid,0,Valid,0,0.1,0.5045571158379341,1,1.1497331685340488,0,Group 3 (Supervised Valid / Anomaly Anomalous)
TRN-0574,Valid,0,Valid,0,0.05,0.43479197004986975,0,1.0080732786711843,0,Group 4 (Both Valid/Normal)
TRN-0648,Valid,0,Valid,0,0.01,0.3832764721171233,0,0.9816894430484627,0,Group 4 (Both Valid/Normal)
TRN-0665,Invalid,1,Invalid,1,0.83,0.5048681806855528,1,0.9874047318240219,0,Group 1 (Both Invalid/Anomalous)
TRN-0966,Valid,0,Valid,0,0.13,0.44039990316357525,0,1.0426519678306962,0,Group 4 (Both Valid/Normal)
TRN-0064,Valid,0,Valid,0,0.0,0.4016965240056738,0,0.9792757380866643,0,Group 4 (Both Valid/Normal)
TRN-0499,Invalid,1,Valid,0,0.33,0.4186568783015597,0,1.3633670078452755,0,Group 4 (Both Valid/Normal)
TRN-0334,Valid,0,Valid,0,0.27,0.40857634978864055,0,1.0181457212650578,0,Group 4 (Both Valid/Normal)
TRN-0352,Valid,0,Valid,0,0.02,0.39840328356567706,0,0.9676411133460754,0,Group 4 (Both Valid/Normal)
TRN-0448,Valid,0,Valid,0,0.02,0.41507163235200234,0,1.0328035040473749,0,Group 4 (Both Valid/Normal)
TRN-0701,Valid,0,Valid,0,0.08,0.42110979777538404,0,1.0497299821596462,0,Group 4 (Both Valid/Normal)
TRN-0077,Invalid,1,Invalid,1,0.64,0.541028441323026,1,2.0960365579421416,1,Group 1 (Both Invalid/Anomalous)
TRN-0900,Valid,0,Valid,0,0.09,0.4102961058743449,0,1.0081754869719997,0,Group 4 (Both Valid/Normal)
TRN-0034,Valid,0,Valid,0,0.17,0.4094116714500753,0,1.0552322577801736,0,Group 4 (Both Valid/Normal)
TRN-0239,Valid,0,Valid,0,0.22,0.4349740192150387,0,1.234246140033585,0,Group 4 (Both Valid/Normal)
TRN-0535,Invalid,1,Valid,0,0.27,0.5036312740946377,1,1.5119898253924766,1,Group 3 (Supervised Valid / Anomaly Anomalous)
TRN-0373,Valid,0,Valid,0,0.09,0.39333911698107304,0,1.0068763848195983,0,Group 4 (Both Valid/Normal)
TRN-0539,Valid,0,Valid,0,0.1,0.4076387266694057,0,0.9994830707811845,0,Group 4 (Both Valid/Normal)
TRN-0141,Valid,0,Valid,0,0.11,0.4072726266116717,0,0.9991502770244389,0,Group 4 (Both Valid/Normal)
